AF3_alpha_abs,AF3_alpha_rel,AF3_entropy,AF3_cog,F7_alpha_abs,F7_alpha_rel,F7_entropy,F7_cog,F3_alpha_abs,F3_alpha_rel,F3_entropy,F3_cog,FC5_alpha_abs,FC5_alpha_rel,FC5_entropy,FC5_cog,T7_alpha_abs,T7_alpha_rel,T7_entropy,T7_cog,P7_alpha_abs,P7_alpha_rel,P7_entropy,P7_cog,O1_alpha_abs,O1_alpha_rel,O1_entropy,O1_cog,O2_alpha_abs,O2_alpha_rel,O2_entropy,O2_cog,P8_alpha_abs,P8_alpha_rel,P8_entropy,P8_cog,T8_alpha_abs,T8_alpha_rel,T8_entropy,T8_cog,FC6_alpha_abs,FC6_alpha_rel,FC6_entropy,FC6_cog,F4_alpha_abs,F4_alpha_rel,F4_entropy,F4_cog,F8_alpha_abs,F8_alpha_rel,F8_entropy,F8_cog,AF4_alpha_abs,AF4_alpha_rel,AF4_entropy,AF4_cog,label
1.6092942549346119,0.11620609635179038,0.584182711783726,10.409158575355393,2.2597700195898107,0.14287086872643853,0.6349062114056013,10.513087941216337,3.44457892114309,0.13033813876736242,0.7767300713894583,10.706440050025064,2.462603441093217,0.14672349289302172,0.8109929919291808,10.763345111944568,7.62078710194975,0.21472203966472234,0.9170263407149152,10.526569391735988,5.3825081384655125,0.20355511768262466,0.9399595513830491,10.651259586657014,6.264269938585301,0.2363256950502272,0.9195362216661583,10.669511162561106,13.315670904746472,0.2935396943206093,0.8759361405656574,10.986545382953212,13.897696145453352,0.2706385403085326,0.9196644393959175,10.787789540889406,10.542001628857708,0.23553119375436396,0.8997121476888028,10.681999024647238,6.60496294420779,0.24215516493861677,0.8733624925484584,10.503378051878505,5.229468860446341,0.16863480904009073,0.8981155326344858,10.707567433658353,3.5704202237804172,0.204480989078429,0.8139310034033743,10.349514694197333,2.0318443042141987,0.14650593263464837,0.7237374722569918,10.486868625419156,0
2.0459066194832056,0.13699483319073422,0.5587560491472983,10.711567772104866,2.525803909395007,0.1563701278128108,0.5753344087894295,10.667807819014685,5.40028885325234,0.19644688639933897,0.7146624028624432,11.053079802734105,3.0706848546202217,0.16498229004270143,0.8022047926331128,11.256912159282866,8.621132939452378,0.25744119772405416,0.9214493511741144,10.81730955927597,6.956279478215263,0.2127194122522659,0.924570314128373,10.955003168382856,8.27728883830192,0.2895979632109844,0.9038524746423481,10.407441122460675,11.470766397152042,0.2498720524996824,0.8876104730137713,10.88539826688189,13.785360504377195,0.28726917290911363,0.8879164180467053,10.631269331606836,12.805489167233162,0.2897429931744768,0.8752788907692074,10.77853661102585,7.059822884378189,0.273979394756411,0.8302145485778618,10.902154189725447,7.225980881370123,0.2404440434147055,0.8264948713806063,10.972098033742153,3.927235468870341,0.24501631839788274,0.8031965065077186,10.669833650496681,2.45861375637135,0.1628945049019658,0.6518974356945156,10.745482919813906,1
1.464037863863548,0.0961719571948716,0.5197092877604187,10.79312476191793,1.7544322769759981,0.10476845143465513,0.5806424836772995,10.810168941596658,2.730256932153579,0.14776073188642797,0.7489685215285256,11.700754451996527,2.0447939312633556,0.12313754032009795,0.785536954872992,11.371504732557895,6.536539708216258,0.2595359913742813,0.9286939879688637,10.446391095904085,5.981368388769765,0.243995518039077,0.9059905177786512,10.465945224517755,8.617253382125085,0.3340799495794675,0.8686061910348917,10.412910816285533,8.931475764037321,0.22987092025494302,0.8986133319898951,11.025651273258966,9.350509012570209,0.2168557037004413,0.9135070915909689,10.774755311584228,7.204581956653142,0.24476232465492226,0.9027567835619515,10.596195114238668,4.359872337946159,0.17150266106169346,0.8020434243225508,10.951440440945017,3.4344433560600964,0.19261423404081018,0.9108561973318856,11.082451425548141,2.2784754752966427,0.1731329376063279,0.8161140423016306,10.742018598819012,1.082494121625616,0.08433296767216107,0.5824840165740217,10.754824771813373,1
1.365903966415475,0.19645484840657573,0.7165323070373926,10.812038926720911,1.1554680300890783,0.1617747843065764,0.8210279641678144,11.075773474968216,3.5365507071954743,0.2134959038129807,0.7820510178289842,10.907190808079857,1.4337095922361702,0.13210017801540413,0.8389320774494409,11.254774525989028,4.5444136107357025,0.22991604987234956,0.9594561311887005,10.560310243506825,6.687605795901651,0.2603067722568828,0.9106464510414672,10.525704212562736,9.23716291953301,0.32555867813958383,0.8843239461293556,10.314408333464323,15.687579474331706,0.3115701669319522,0.8284591395554265,11.097323150837433,21.62109400865274,0.338228503990089,0.8193517254808521,11.05484938759973,13.49621236997453,0.37012298005887334,0.8327776795696621,10.681841436282296,6.932931039251162,0.27769406060458396,0.8031794318218506,10.698826977090468,6.380104152398879,0.24718040889078746,0.8713975873007858,10.71387167527728,4.239525482629373,0.3018656181836616,0.8363987100088529,10.563508871414442,1.6998351801849463,0.17683718528634912,0.7816256129070779,10.590948664770313,1
1.2712935000982912,0.19490362705398714,0.8070686232124606,10.91962103714163,1.176545501470105,0.17930253283454742,0.8921849907579599,11.020913265763884,3.531547794163288,0.1884922381364286,0.8586548991465872,11.031297341625786,1.4949093417171055,0.12858900576954965,0.8848115311287864,11.295105057823102,3.8387684635365944,0.19013226456757426,0.940721914039069,10.690264216131139,5.923633262556915,0.24895636737763344,0.9046397938186348,10.435222736863695,6.008354934081215,0.2589958983769841,0.8710176998800581,10.37638633833825,7.4981554833284045,0.2936240559120979,0.9153194531670306,10.558881842870669,9.396778999549921,0.27878499545387564,0.9360071474824028,10.608945079274928,9.388492099197403,0.3590144195112326,0.8666412020636685,10.629817151345966,6.528660037245281,0.26087077411302667,0.8400107393174835,10.88441095526404,5.72264220487186,0.23312676631951532,0.9183040018220651,10.883140000592554,4.0630697212503915,0.3088681544489284,0.8554037915481544,10.788028434220484,1.8282432635370982,0.19248965833622064,0.8577219503763786,10.951164248423732,1
0.9726040825664934,0.19711724265955785,0.8891869529455674,10.810766305603126,0.9939380691420396,0.1590272133752082,0.9241659083538442,11.117674836929629,3.2784569828451424,0.22322827385518532,0.8734318872313499,10.82639881503957,1.2436250871521672,0.12746999528708108,0.9182685820453779,10.778421834340193,3.8896116566945356,0.18545900132772364,0.947406639695516,11.020009265000084,3.725616549707832,0.1474730782738503,0.8776228366102335,11.211726342828365,4.326339288781441,0.17309837060618927,0.8662033581719738,10.867717361727735,5.600905693067965,0.21380561108589308,0.9400132969379841,10.813654518181083,7.7103942689643095,0.19068984704386469,0.9204842716577206,11.154454355810618,8.445551404883105,0.29441479474381,0.890894657416828,10.809029354166546,4.000643896064892,0.2044401875874875,0.8653492962321059,10.723231873112857,3.944642834887298,0.20557345627532542,0.9207065643674107,10.634120175072784,2.989342674834091,0.2834900150122819,0.8886235702112628,10.678813117778654,1.2755020187630768,0.21125017253123984,0.9236097299549745,10.75498644965218,1
1.006181379895957,0.25977272696165526,0.8957242970043635,10.604611984516291,0.9078919644931431,0.19033294940074577,0.9330357394906851,10.667334314780739,3.524662756748346,0.23661162677654224,0.8936030220951875,10.709290386265701,1.2451931577761204,0.14901486385753823,0.9064474152414133,10.75592813163136,4.173721509470896,0.10017748141664032,0.8550229723943321,10.8168637971745,3.7431080252410434,0.12163939866963677,0.8834787505281358,11.055377510413928,4.715058333966989,0.1735029723692942,0.8976149346757225,10.764026232741069,9.435829903581872,0.32709741478539334,0.8924398959681563,10.558414334305972,9.70602942977997,0.25467753525354614,0.903817662138884,10.622122974108507,8.229949688447586,0.3018129091062805,0.8895855550301548,10.691432334845523,3.376240798640398,0.2401094724806701,0.8931191446993988,10.730570918650647,3.9872771986359328,0.21076913980742829,0.8986275377004341,10.842008599874275,2.6621337235573415,0.31028411822983115,0.8724293246313007,10.634412749305454,1.377363658428528,0.25894023444837994,0.9131136393453358,10.738910149075657,1
0.8881532925518429,0.17492653163279676,0.8689080840968723,11.131197803712903,0.889734676796561,0.1537398925769902,0.9257099249068127,11.092237749554288,2.420318232899754,0.13997157506806487,0.8621049729953676,11.107973604322968,1.0840733989313147,0.1215030870859129,0.9508740333538427,11.119806013861146,7.094861621213374,0.23081133815027358,0.8977892385179046,10.662756013545682,3.9165308325092196,0.13117690786917044,0.8526322570974626,11.367887742812425,3.1593755193398816,0.15088767006584902,0.9345819255190374,11.00811181670423,4.312929401896588,0.1878962701978242,0.9212364895174078,10.806721702925406,8.165291436341729,0.23668170631036686,0.9172512772553579,10.7495243831736,6.112830753920383,0.22426480698836312,0.9268233954169063,10.846497573389266,3.0961052456465197,0.183085600755266,0.8917799063547335,11.022263566197879,4.208775658377165,0.16865473223740537,0.8656441490152639,10.993445947702039,2.3950056665698147,0.23363585750895857,0.8801378846753184,10.926547135043363,1.1997374100767215,0.18340996513255775,0.8636280682150569,11.036448794454195,1
0.7370478443009079,0.1785982604111852,0.8690042372503056,11.057435011063575,0.7915288020458918,0.14609905632465925,0.87108545532536,10.896666137478363,1.8754931120424032,0.1595085294660034,0.8584150279548329,11.037182039952153,1.0452265634803124,0.14061870529341178,0.9415432446915183,10.931595817253694,5.465910923165948,0.21657260436525327,0.8907988982579471,10.6441639606254,3.000752237966707,0.13735740977157943,0.8641708728248881,11.362414521882442,3.935824671225273,0.199763200297726,0.9493843426836223,10.742091221179228,3.9445502751008292,0.18369895298681327,0.9234784547924674,10.874943816151855,5.9095334838899385,0.18504474826089556,0.9336288483373725,11.113722576430199,5.808065350185043,0.2484225662907343,0.9175941462304994,10.529175040193092,2.682483844173278,0.1963402747058818,0.8876272341355909,10.860789147076623,2.403554534296174,0.1445012121288623,0.8788351628861435,11.358323394702934,1.7562707672651399,0.2055985220272657,0.8777621324630003,10.773328259811608,0.9131934106293496,0.17772410354224896,0.8917789073717602,11.044119127602881,1
1.223019661456815,0.19315838564026874,0.7069348743033582,10.721947511313655,1.6306924968681273,0.1911865345184615,0.7842874455110139,10.79823637280277,2.269110865902742,0.20540586090947238,0.8850594202441795,10.51176431005525,1.6892164663979017,0.25888514162065684,0.8946735222825722,10.601743196813853,5.447933915190389,0.20423292192463963,0.9051320549663563,10.812296943367258,3.7788544067972287,0.17053928335426222,0.8916929264851415,11.421092735746921,4.108020669259027,0.19305391873561883,0.936928642609098,11.081428950286854,4.297006461446161,0.17105663627826861,0.9067506469868166,11.268953991710264,5.95633797083144,0.1775935241902462,0.9360194278446364,10.892629086303621,5.6271216048893455,0.23795888690123296,0.9140730995874672,10.567176756904722,2.270891370247311,0.1696486364145517,0.8895799881768581,11.151373929628623,2.603411876661076,0.14580220661016216,0.8890217893284464,11.120538253691995,1.4188192723403499,0.16559244639298107,0.8763847312826031,11.133842793868139,0.9909204734977121,0.1489482676801188,0.8269690674298982,11.19029851016833,1
1.2991215474690088,0.17748631300615167,0.8212180865122071,10.983997166533678,1.8873817830295723,0.21343468034461888,0.8264955398380823,10.707175195283606,3.703204016874582,0.2510893938842562,0.8942198745702172,10.495449752610208,2.086600716807231,0.25344839698702853,0.9344203544671948,10.515677861710891,5.700608449842747,0.23579728046673806,0.9039273797050813,10.846415143244023,4.871334481402284,0.2294275437303446,0.891777170690208,10.905613254143526,5.852210420066202,0.2698739720513652,0.8692035131784699,10.643880484455842,7.849954347379081,0.25606342998375164,0.8673127931071634,10.837841593292495,8.21980405296835,0.21965848634189533,0.9147627834386376,10.746775597225227,7.419751517021851,0.23680567766440205,0.8838528168877204,10.407946785745187,3.505102950056491,0.2040902529379239,0.8809405520286876,10.698946205630385,4.6533172649841,0.26371377830013704,0.8597095738034676,10.641893102834807,2.2898695789740953,0.20082234457492565,0.8852525756798812,10.673057833428523,1.7369375546518873,0.2105703560424084,0.9029992517084019,10.861508888515425,1
3.8393039054209277,0.23596201456345628,0.9121748501529925,11.004655805359405,2.69318951452337,0.2329499107949455,0.8507313383210849,10.725417655231766,4.907342149885693,0.3537554793419269,0.8243949391920066,10.341504293675847,3.1821163160023924,0.2619027358333817,0.8741472154167802,10.491152149453447,11.389081004586547,0.24055679860363363,0.9205463768160478,11.090035555291657,13.14392702822964,0.2732173929349934,0.9464783215272784,10.772584736098075,8.289703287733598,0.2944068236566051,0.9075832050423105,10.51268523282922,12.50183049821224,0.262392306580458,0.9365420660005611,10.61153841643442,5.959833076259762,0.16047282815991182,0.9087359427145433,10.906995819553218,11.58779628507959,0.24590744187039398,0.915241280077499,10.600167678324812,3.3996400466976073,0.18575198946078345,0.9042802016203023,10.819841871852738,5.678796205642238,0.2917350529690818,0.8824691873107753,10.597530408113094,2.6437137334664387,0.1814463495922022,0.8858621986678068,10.844084033639016,5.146532086173117,0.2607267241736003,0.9310164299233622,10.823144432604417,1
3.9029130368154394,0.23632542379278362,0.9140908246816695,10.94804218018918,3.390772586019399,0.30112074911873943,0.8394278998378808,10.506680561842458,5.030472285121772,0.32077543437111317,0.8119782402219271,10.310084787307256,3.3849600997184393,0.2663738258280579,0.8972015784407157,10.466760816089154,13.078839292382387,0.27338271268621545,0.9235243100210473,10.91747969281725,13.48250665413519,0.2567956884925821,0.9558776138759706,10.77734451309778,9.389351998528046,0.28209707493714015,0.9121552372991497,10.49016918809025,16.468821875276433,0.2678226993618272,0.918250149819313,10.590493165811626,10.3357017764703,0.23266491648859633,0.8686309833534867,10.634987711686989,14.185091465228133,0.2737228735273578,0.899412831958065,10.492483727937106,4.750646894127071,0.19212736451191761,0.8599771182768183,10.488376446486166,6.234207281363313,0.2466246583877691,0.8674826012440849,10.533344045994703,3.734301800691141,0.2154793197879325,0.864336177188552,10.615509347204583,5.55526292317974,0.25622840675511654,0.9367629816739054,10.767052794468329,0
4.3324061842178585,0.2530583094735929,0.9088452616062943,11.11083280065051,4.575431832101015,0.3316965382128085,0.819088086363936,10.968329895922949,5.2122406516428965,0.2900589975939115,0.838559603183403,10.524897423910454,4.003988723410165,0.26998875431309344,0.9048876875905988,10.703134031945059,13.772098520294989,0.2937434989782796,0.9226876192002993,10.704531237592692,14.859079102531087,0.27370126622825847,0.928515106254851,10.703057756211969,9.702831534660836,0.3065784502027993,0.8864375294649038,10.52258521086628,18.594095965980156,0.3089155316444377,0.9002319760148808,10.62318101048875,10.604889652239837,0.24746628763770923,0.8962670056922958,10.616439845997482,14.341168948860101,0.289298555796228,0.8998840856228316,10.48733445449779,4.786570935540075,0.20885503238667946,0.890339109719442,10.500514589777943,6.052594226143924,0.24567699761502565,0.8838424439989048,10.584648511474146,3.736864854762213,0.23158077155069107,0.8963081684036176,10.556000780023979,6.7191018930410245,0.28949647202932544,0.9222188235092496,10.824978791908649,0
2.5618080466171453,0.053540805011111844,0.6739234578525399,10.53802297328156,2.2175827971419237,0.18952358573951744,0.8773341415167096,10.431628479368309,4.560060204538501,0.2447761791573839,0.8919883489100852,10.680265907611751,3.1154201089660436,0.16082562895112185,0.8893618463465038,10.38645639811092,14.180052668712273,0.11180692266674452,0.7312143872675426,10.423691103000472,10.78911024616152,0.0761407855555134,0.7714559733801413,10.609536217425665,5.285016663345447,0.10810856630649997,0.8459263654195868,10.881434879053073,18.965615806060125,0.14859869083210733,0.8639734532502008,10.864329361291288,10.110351765977486,0.1935277453716307,0.9036971359809396,11.197307112891444,13.625776085932234,0.12562050106599865,0.799341873573981,10.652321521671979,5.785408113096592,0.17324882387241672,0.9172384913574104,10.8276107860376,6.140924331952125,0.1892923392016221,0.9262689369372333,10.620932720815857,3.972081687759916,0.14610865251753993,0.8868392502580547,10.664419452419757,3.768960481834019,0.06683807347762152,0.7219314232134761,10.480679159742033,0
1.3776854634339892,0.263539035781471,0.8936919930381312,10.675843011969961,1.3058301812910056,0.27295327031492,0.9181760673218583,10.601652587960803,5.53219073845247,0.29711115193299326,0.8466596011743298,10.77172751488745,2.729469776178247,0.2645205093193344,0.9076838743228092,10.584014762429248,8.084905252178206,0.30794653426861684,0.9208130675523566,10.440415898563954,4.621519547499488,0.22128145327352636,0.883683977389916,10.524734536978965,3.182078262103482,0.16489604784127354,0.928429428178184,10.756350214719872,9.357712452012445,0.24945409474067445,0.8588394909989185,11.17513568758715,8.614886159684165,0.24265448928829433,0.9113151854679693,10.912216418011926,7.36842535070457,0.25734900376114245,0.9026007789703653,10.6512992962947,5.168525039387509,0.23577402846663986,0.8680175173153795,10.55321649172639,6.38668476024179,0.2519472383128234,0.8856763751928017,10.559279459217583,3.2339689801138616,0.24711399713584967,0.8777024808258816,10.522161083894558,1.6434635115579066,0.22616546359436626,0.9252986821228215,10.610652828602602,0
1.0635147704103813,0.2652076444481027,0.9050135723419903,10.557928481020975,0.78850676493857,0.2129903777578623,0.9238441288650462,10.79509555489114,4.364119710825546,0.2853865820526061,0.8684869197530325,10.669159562726236,2.0500905291358196,0.2628826378246535,0.9070031018812066,10.673960890063633,6.264172575693194,0.25547396101088393,0.9161418608551232,10.37019314093535,4.59448535142607,0.18014014363306943,0.9370309134976142,10.622836963704057,4.481004315961282,0.19153915348217626,0.9414531469903445,10.739340125435113,5.442234338648495,0.16076436773311184,0.8912621287943097,11.514688903729683,4.52497864321643,0.14650145037815454,0.9575270933075655,11.199117468001756,3.3977453705318656,0.1751623169640436,0.9456079156643511,11.124030562229972,3.627027125258938,0.22183049914821795,0.9158859333567473,10.870460239594916,6.194097659196619,0.2956915195638037,0.8894958777479358,10.53144473100142,1.6653800735022808,0.1847077784159675,0.9112366119781001,10.842862788283078,1.2499640823739466,0.2236919626455012,0.9442056315182265,10.859789523176088,0
1.577557816775643,0.2630439804572038,0.7272400997230909,10.606787689519464,0.9563032184460774,0.18140312743331452,0.7653525726009434,10.57287054080394,4.491936651017067,0.268273652721363,0.793636520898233,10.656948375068957,1.8286910433750518,0.2513327986093433,0.8744304758781711,10.506950297277962,4.799352168989233,0.2230169594894536,0.959044092723243,10.395964079411097,5.383278081046879,0.2484126772394077,0.9384112683036563,10.802116214793129,4.531968854017106,0.2283594192874235,0.904013720157096,10.705485103222491,13.777957560329883,0.3117281254155435,0.8085355458449208,11.140646283608852,14.091660141463707,0.29881986596769067,0.8553896981992418,10.845013195585,7.137388949603985,0.2569673403546411,0.8859689584637445,11.056114353115133,5.112917099393463,0.26205187631178467,0.8465405066453844,10.785209319333742,7.807461148452614,0.3113860387183411,0.8367081152510224,10.582644022265919,2.986725335946724,0.2214194517645257,0.8025324134848942,10.697506491778912,1.8171948886002385,0.23259376541817442,0.8121571346449821,10.707254645273775,0
1.4727225436984916,0.25354933488853343,0.7654500634450132,10.668064009798334,1.127061498726814,0.18022653399781183,0.7563263869468042,10.98984901632537,3.5122924735460326,0.2672345654880286,0.8551082675848602,10.625862171781648,2.223686761098191,0.2530854876793069,0.8565151172913253,10.794167965525547,5.568201250290326,0.22179909566277928,0.9422010817248537,10.712218988186022,6.378906825309597,0.21258062740576794,0.9118840606149045,11.086926625001329,3.5994030688663097,0.14763266093096467,0.8949292893896872,10.982574605055147,7.333137672024489,0.2237166003258635,0.926710310259043,10.978075610860804,7.189457964930803,0.19270061776103484,0.9365261496591201,10.866556471292874,3.4181869681539006,0.1407637355036509,0.9441475692371839,11.051877417931006,3.340740072691838,0.20888920717917914,0.9205034279065397,10.606452820183476,3.743959855135279,0.2144284999696659,0.9463256711761162,10.553325315212343,2.235550794441915,0.2077107105354466,0.8855622906253773,10.66469036907413,1.3146934470207148,0.20704579298428952,0.8808604449368432,10.725312723087152,0
1.5354092143974798,0.2480187134232538,0.7603657493422089,10.524258366786883,1.3434113393251,0.16481786845386673,0.7156224569418022,10.753956305747103,2.7698036120080323,0.21893479531378976,0.8424747321818998,10.659730466836717,2.4615985187143803,0.26980290868570067,0.8408665572950932,10.578641601928386,4.278168100147956,0.19062148278390767,0.9376209271170984,10.380731637704729,5.129213883419645,0.2135660139345548,0.9235863559328124,10.903255739595197,4.128678747440727,0.21195802892371648,0.9281921763700347,10.787542714986358,8.571330212189208,0.26578974785701676,0.9197374861420577,10.705955156155792,9.153009455832963,0.23570999766259843,0.9243639857499548,10.691839813304385,5.027678387254652,0.20587778425922765,0.9237087525008414,10.739444342432892,3.8440196962788273,0.2040630754188148,0.8572938204403487,10.477500334689935,4.084655809170416,0.2246215796464573,0.9373943862608308,10.340801481678852,3.047570207123489,0.24645582279356734,0.8009704169048979,10.456654866917635,1.90087309503485,0.2729370169113213,0.8455110354352011,10.39949083196038,1
1.371676868571344,0.23299989229514628,0.6814507942781092,10.565899097793345,1.4466382553586428,0.1690277805660892,0.718423797599854,10.770427933070067,2.800356211669442,0.20090997788583892,0.8178319116551721,11.014158272436047,2.0966243067189367,0.19312048034123075,0.8044562213034525,10.88465892040911,6.296854825250928,0.2727932184104793,0.8559165324099176,10.516536614661723,7.59317120774013,0.2810122777678995,0.8624481764441772,10.887479739445624,4.389225091502952,0.228123305175959,0.8625537912984026,11.021220828602722,12.026144594403224,0.3291456230394864,0.860986042792601,10.732597365149312,10.783369134763856,0.27017254188917034,0.8833678104703344,10.719271331378932,6.372669538735971,0.23925824220614803,0.8814784265999343,10.726595298895067,3.3636431544283103,0.18575366281610056,0.813134801886126,10.587550952723912,3.5938669717300766,0.18282635275601192,0.9249936903598397,10.6122785993474,2.533669781669112,0.19083794233307963,0.7968871818933568,10.608936292483971,1.5155446092856704,0.2152472456007881,0.7742702384793388,10.411733614756725,1
1.1246747865959243,0.07569764021646978,0.464201725714892,10.826702575419459,2.0559571504310514,0.09675482931255365,0.5406638631781842,10.913421726845364,2.370339984764758,0.11520248527935509,0.7899341120865133,11.142069492258358,1.8612952635851507,0.1008781898978172,0.7470666982382268,11.0676807261011,3.628668376405243,0.18399770588108355,0.8726902084289979,10.894929108124373,4.909417531869993,0.15682502159517725,0.8281533158841671,10.85227833133498,3.1067475200154986,0.095416192777998,0.78756960322006,11.553129391001903,7.158489927876692,0.25729477675799445,0.8733768715921889,10.853585529112548,8.908405004672812,0.2628765490730693,0.9190647714765255,10.602753697589755,10.252682117679605,0.30696365020631744,0.8607787680140537,10.945370446447296,5.442521104512071,0.23305696837244697,0.84212799907806,10.96431735862668,3.627629760148693,0.15525978834934598,0.8843723067950824,10.813695914157458,3.246353572813103,0.1898151957492968,0.8608841984837531,10.97872276830147,1.3658976213600513,0.09627343633220801,0.6447371304161025,10.91615413013611,1
0.8580530110876936,0.09635327079527987,0.6239926528379005,11.413047292764418,1.6820458319267568,0.11350217866803593,0.6461318958166762,11.018819896549507,2.4396542188817087,0.14531673873378448,0.8011967347610056,11.385767635114917,1.788025544821549,0.11901717867468457,0.802673551026184,11.105729881054359,3.0167381454526025,0.20057543467610045,0.910164997508503,10.697043322890616,4.698415615072382,0.210176763363431,0.8751418977785057,11.094277566796265,4.4355303832487145,0.16612507488981376,0.8144622473277432,10.958493608194948,13.201396093035715,0.40124587137351636,0.82204228303864,10.468627995907088,12.736361548664494,0.3583806373528267,0.8715338243538311,10.409662302200614,11.112577251389052,0.39110774044243846,0.8333680359328639,10.51177774390818,3.6955216801733943,0.22428584811363203,0.8720847087807956,11.060402856235424,3.482033945107114,0.1713607186475135,0.8432523798287382,11.396943191700872,2.8286233314082114,0.20997337857260429,0.8771219840855926,10.950172634945602,1.2532467594782033,0.13554755047577555,0.8298648103342445,11.155339159293762,1
0.904078487833634,0.10741540603239691,0.6304188172605454,10.948912899326446,2.877767128720316,0.20486935097958667,0.6882537733867706,10.720030801878519,2.307475545967055,0.14270887976667623,0.8527957024874692,11.139254188021988,1.9965159330273055,0.1518952511384791,0.7970074803012113,10.875268376619996,2.8922505112618095,0.1549746943155192,0.9121117786530177,10.989956988876031,4.7501260261599505,0.21311050976121712,0.8552350089898345,10.91270129797979,4.331958861270049,0.15111216811467132,0.7480784539994282,10.79955415233048,9.43004641800616,0.3516861731086576,0.8537230437078765,10.39064429731616,10.864174937503066,0.3432983022450622,0.8852911343183306,10.397654164654988,9.80385450451531,0.34847831277688496,0.8596155578404427,10.546558293786498,3.592353717451556,0.16833381554962673,0.9006723201239952,11.19828962061915,3.647840223237207,0.17018343371993877,0.8920147012720674,11.040970951261913,2.6395676854518375,0.1588169139357099,0.9143877312345814,11.168215418993746,0.9118074079585758,0.1005945422117924,0.8323215903641671,11.414532671520213,1
0.9095330547700704,0.10741467090928107,0.61098718420872,10.743454294936015,2.17262757464626,0.1778453735363957,0.6534877393882975,10.475281873612843,2.3517335933082797,0.15027889415786405,0.7830188885474243,10.61194567559357,1.5954560067023569,0.12862450741049994,0.8150734143469293,10.68354708068795,2.7584600976600693,0.16159515763402213,0.970706613260927,10.736473968889428,4.263814867270089,0.19044867357018896,0.9131785839660679,10.781900459256354,5.51091175609125,0.17909916389777372,0.8573246775485417,10.745159764426528,9.002440763977079,0.3413058704664249,0.8866496543323507,10.323088297096183,12.033369305686241,0.38549476281231887,0.8641676029254053,10.304475669810138,10.503096157143844,0.3905283853673149,0.8266595792228084,10.254800446357594,3.8928067745907873,0.21674363942458053,0.8711964954540855,10.755871480989038,3.999192917088579,0.1822700213533596,0.866047996618556,10.6128711759811,2.9274052833452338,0.21604240363307947,0.8683893095434432,10.81556976269443,0.8553612955041122,0.09300233938941226,0.7853606320966674,11.334250490361516,0
1.1853503260558746,0.22000658967889647,0.8564821445211726,10.995117610208816,1.5845340091061022,0.2984249409231994,0.868796946126909,10.740790611367384,3.2751563963841215,0.19602934260391752,0.8693392288253201,10.759623674403544,1.761483132019591,0.20835041120786488,0.9168415341938573,10.658002868593153,3.2336031198235795,0.20125849605589768,0.9479022156625849,10.841087150771843,4.2640998294552395,0.24544603706461174,0.8915611318220956,10.373342526806992,3.8744949628192247,0.18552055283994304,0.8648456422207862,10.519181358868975,11.563675233858486,0.3850084425263694,0.8032595619283535,10.844425112675719,11.25518467934293,0.286788319102795,0.8903661737245757,11.053641869568755,8.875365898695534,0.309842285719832,0.8400489635782104,10.897525652218285,3.4281239490973743,0.15959318028056108,0.8819689915022071,11.31802327571694,4.529774070068388,0.20683196975641452,0.8708279667500601,11.068616131676002,2.355647788701529,0.1656456161471272,0.8500661627956527,11.220367578180232,1.1737958408219802,0.14512170064519755,0.886744573316236,10.962682978640323,0
1.2191063868858787,0.24444248447864075,0.8660959734142711,11.087358546024292,1.5870478253878355,0.3087764060861082,0.893699894080153,10.748721188211139,5.457221275280309,0.2694486718465644,0.8506677630912892,11.01617275004421,2.058227673876978,0.20298562707426246,0.9312967029631927,10.878983560922245,4.59705643138873,0.22118298081450383,0.9298037016611737,11.124596603257336,4.39799527671919,0.22734269407991725,0.9303209719017984,10.764931614190052,3.0689905217820272,0.15252827320180246,0.9027952071450659,10.954073746587854,5.859917554920104,0.19377431767130113,0.8090332383036942,12.229469453939355,9.609141202632571,0.2590712310261963,0.8582870135135091,11.466429214853138,10.199036909274884,0.30523208633804505,0.7988967070489411,11.311487396247628,4.764343733257509,0.21875423502014077,0.8523883434020749,11.39601007692381,6.849402640131567,0.26415052109885906,0.8509442620529506,11.162911219616639,3.196742954218305,0.23817196152286532,0.8584773974718231,11.178167161364733,1.2593187553285672,0.18115358868875894,0.9017067549857525,11.325490519317471,0
1.3615053194935391,0.23767250353245262,0.8364608623605881,11.221527631632531,1.4028458969473703,0.24025896948147532,0.8679734540805318,11.26852921863218,4.324986638568211,0.24853169905457675,0.8392184961549842,10.985195132586957,2.307079102684235,0.2060204418968144,0.8938996626563744,11.348384739750818,5.3265641594327295,0.2644347020783914,0.9318199044351403,10.79165234260076,5.551430998126778,0.19317094054846567,0.8679869866860743,11.80484201714133,4.485129785297019,0.20984552206322318,0.8532252988638426,11.877720258443157,7.487670223515101,0.2253976933396316,0.7869763945572427,12.023435130051043,10.295713937434117,0.25786567691542567,0.8401504459873351,11.436733105485823,9.99286364360104,0.35200489011241515,0.8317704868209149,10.914144409440238,5.6618591826450455,0.2600121963214704,0.868294197637308,10.946318300894413,6.369787760654564,0.27021921601744253,0.8568757254789303,10.788693630048723,3.7305525990731665,0.28966732805508416,0.8404734411629514,10.901939947036537,1.8256905379317312,0.20979492617579895,0.9030178717885599,10.914344991376645,0
1.154702694311991,0.2418824964626962,0.874789931513299,11.343077802420867,1.1775547705384917,0.23245566495240433,0.8668690256787246,11.291037059345024,4.786532367165697,0.24089524567409829,0.8923344661380441,10.90044187575798,2.3524981712075403,0.25829669198378385,0.881788235865326,11.212014808850393,4.605423881267082,0.23331699962756722,0.9184499509686943,10.85174349550667,4.764963838264107,0.19115786546067898,0.8252505804912277,12.006925750839915,5.230012835492244,0.2262443408673697,0.8772232571054437,11.459366011100622,6.360565695999217,0.16952618241072312,0.8232810538574338,12.046616121425414,10.70329852500554,0.20214190480063607,0.891715127276921,11.229123934757347,11.001461936044498,0.3008203240598551,0.8587299294694045,11.03249499647887,6.100635705275269,0.25421209670276074,0.8708347336469459,11.211797470049536,6.90895052695047,0.23544577876945416,0.9313866771592879,10.834488630306502,3.822488412233172,0.29676565290806234,0.8636422222241158,11.010329504947006,1.7760679266910306,0.2580621560481411,0.9042642179304398,10.931973043081255,0
2.039309099654577,0.23486016573867402,0.7512303900777171,10.901059428559368,1.9691353816448616,0.24065712855512694,0.8306468002643017,10.818632953235374,5.589749574753532,0.24458796087796042,0.855246127537536,10.829437857041176,2.473468560654003,0.23325577830732305,0.8686506235322432,11.000005217810044,4.393730925862109,0.23471730293189372,0.9089714155809877,10.702615356216803,5.106993747387462,0.2193976707422854,0.8422480741569429,11.818640939130688,7.48710202596784,0.27672091840138935,0.879814781742417,11.076211265417854,5.252063641564083,0.162038763036027,0.8681803799599965,11.747624811704954,8.312089047957722,0.2050329874808705,0.9363021270446885,11.018684430704443,9.351133856458878,0.29970752662228917,0.8867467425475427,10.910162034263683,6.135488339925937,0.2835484730470831,0.8214884573996869,11.055694570842403,8.52280819747748,0.27151481963307944,0.8681861134383155,10.707224261102256,3.6169252920487778,0.309454073270778,0.842017307585576,11.002379671806095,2.3380890034023314,0.22300345391674503,0.8222594706411027,10.852866262902825,0
2.85019869988511,0.25329307716263844,0.7959490613342183,10.56414640665905,2.3244704501257734,0.24052379183600517,0.770793309921001,10.741611696924807,7.193092718275364,0.2660082978647954,0.8757526901834274,10.604205496988875,2.5504016611956497,0.21659405037003834,0.877193388742904,10.979643117371335,6.5367658528559,0.3014420543081557,0.8825315155712816,10.857252095668514,5.236670336109048,0.197230861959864,0.8798570069101559,11.628741178751266,12.251978015444305,0.3221844796263954,0.8638200193372675,10.82894136206834,6.0404010787466635,0.1549164609607701,0.8659935276674152,11.549943322491105,8.385629921555074,0.17438228562340816,0.9140101289338819,10.89985327455999,6.937401875144208,0.19464094574638074,0.8495713428107533,10.593289248759605,4.8194792034534375,0.22001108002013647,0.7905479134779362,10.599754059458986,8.697419904695753,0.28528254887313415,0.8608378557443259,10.542501233782128,3.273931470061105,0.2137818512935178,0.7703497742027667,10.735656632369976,3.149195447140654,0.23755693920679952,0.7879507016631075,10.496587412706765,0
2.3825060771326223,0.21467882938496913,0.6542456285547248,10.383905466536817,1.553180085396148,0.15540829337521397,0.7286622407356533,10.45058835618158,6.28711561288482,0.2781284383108515,0.8371843440721163,10.45333735015396,1.7833960161575997,0.20930454052763692,0.8191689066805038,10.665802607151583,5.1681736925074135,0.26074580646263407,0.9374923013590996,10.373373693476458,5.127893211594188,0.2629465260058447,0.9065120394648499,10.845613924721638,10.006738473770676,0.3063631407087639,0.87867915249096,10.569193865914919,3.5552756225727764,0.13317687022535277,0.8567069103305267,11.426734646316445,7.0065994540413605,0.21287132945022025,0.9189092929641317,10.913366820330955,7.299730175484157,0.2421652630737985,0.87298351358013,10.667452260952862,6.35148319438799,0.28157136328859533,0.8167049838063295,10.55889652021482,9.277555831252538,0.28277261490343636,0.8861184882126337,10.4739870841122,4.330025092173165,0.2611845451379208,0.7740737561588794,10.548302135986411,2.987253474796981,0.2031662194007258,0.6768827483799457,10.379618697434841,0
2.625568868865508,0.25518168176388994,0.6961600671912169,10.277324150530342,2.037130860763293,0.20000170029087608,0.7498849197960292,10.416883053464158,8.308503367651252,0.3301883123061845,0.8492511990611056,10.457790769525767,2.7592941088698,0.2475177146146695,0.8046962075895993,10.45659263548436,5.030816916096928,0.24809553034504042,0.9218531068423488,10.76570708538984,7.0930976207202905,0.31132633529704457,0.8842439725365675,10.578632703891417,8.056309365645113,0.27927909227948217,0.8434263369028268,10.655639726493106,4.461346335659362,0.18070498181160455,0.8896456430026808,11.133178671392765,6.51219719777369,0.209083946130896,0.9211377385604643,10.69848622222675,8.276916563099514,0.24497498807530982,0.80557793212887,10.557187500779376,6.29974753969324,0.2716272553028525,0.7641605583097595,10.343212859450333,9.1254361701658,0.31267337598630207,0.8450335924946851,10.489566700712187,4.5018543361170185,0.2683705093298712,0.7802269446744508,10.284782960652068,3.1564530811192153,0.23440959395830024,0.731822239264102,10.293906702991316,1
1.9597093469359586,0.27295517482967235,0.7796152036808035,10.406822027248793,0.9558296785403835,0.14112920645387927,0.7896533051722442,10.646171280724088,6.029511497190891,0.3224722691906744,0.8655269815946228,10.593118391313231,1.0827791724648694,0.14982399275637043,0.9002587208483155,10.580879335372659,3.9062086878889954,0.22656557711576705,0.9307384624348987,10.719952560329599,9.195252490625126,0.3534235607994788,0.8182672670234027,10.61955579524284,7.236892797833259,0.26995545037557295,0.8582134243839797,10.591748887330914,5.1684281516598505,0.17246064816785786,0.9055818387785767,11.305672177787086,6.858441713392825,0.1826132267908721,0.9222578056073408,11.03011246078171,8.400499568600102,0.24512087671993776,0.8588372182930881,10.631388082196795,6.425938396251803,0.3049028240599041,0.8096007733276831,10.3233062557703,7.613599962860288,0.312813313254599,0.8560699483907513,10.551086440288977,4.865490183735371,0.3167276359627796,0.7769625467068442,10.283472232143035,2.766675286263582,0.2691797058446909,0.7737204310538253,10.394859791012918,1
1.870305702041036,0.16406649472048437,0.6882835230688746,10.633470998569678,1.7796494997370518,0.1775280903328666,0.7333550983098551,10.575745529295787,3.2976003630378585,0.14739013382785937,0.7381996234931913,10.661087195018933,1.3399234127369126,0.10020534177752877,0.6767000294927504,10.564730289066766,3.2482821337807373,0.1647803717156866,0.9231720966326192,11.154406107360018,7.467273274845488,0.36079911264738823,0.8252061310035074,10.688013142366323,7.098418361336185,0.3194519039895003,0.8619195501742405,10.555421555228023,6.441651833622494,0.22893890084031612,0.9171080997743023,10.727184420376744,6.679623881659747,0.23167975159552007,0.9290712103890755,10.66228661700941,8.24841957723342,0.26864489294775695,0.8839493661850318,10.701137965578555,5.129443489603587,0.2691142002099982,0.8200902966504043,10.434141236662118,3.156725883694829,0.1414986087113387,0.772082092779932,10.539717985663406,4.001040009254943,0.2964030086946313,0.7910483204137527,10.35927125878226,2.118980486797862,0.1643156359203187,0.7203084487350394,10.508406805371013,1
1.2249750758776397,0.1478702512068813,0.6189564920024457,10.418298786007663,1.4510682952639946,0.13267042475116939,0.5958660791758692,10.261807524223416,2.7053665433281315,0.13769625981261202,0.7136521972213492,10.745435964776576,1.488775340990312,0.11542591477771112,0.627269010682597,10.3290726650548,4.498693584073465,0.1872880324574413,0.9127861506330966,10.69502416310013,6.196669491690984,0.30776560184073876,0.8573598366654932,10.434201423976806,6.172082291306012,0.290353693651738,0.8609478136892987,10.284791126354268,5.832128278750355,0.224322414385989,0.9037739984002758,10.521763038884746,8.188208860455573,0.24057063153433886,0.9194083187529521,10.608544685654726,7.160066037852414,0.2545017722863234,0.877880789003806,10.427949948133595,4.277541153172281,0.24757781437284962,0.8158507153444124,10.354307762332667,2.4767177853065845,0.1087308107583019,0.8177082605347684,10.900908291573348,3.1263165190971,0.27018307759870247,0.8191858277257594,10.437128502621865,1.368656301535154,0.16201399858765791,0.7269922823210229,10.40089801844192,1
1.52029325895845,0.173107637210445,0.6780374805942831,10.414734742303981,2.09017907103962,0.17059877854884423,0.6667893459971113,10.318766219503626,2.908360389542183,0.1487139501564347,0.7506887522562866,10.53416244165113,2.7112287221503015,0.19524075408715133,0.6895566150532708,10.354759466497244,4.921398067722604,0.213481992611056,0.9188506353906366,10.507621309594361,4.738635859790362,0.28320800858500716,0.8734456588742553,10.508749458136979,5.875540209062097,0.2915711993055244,0.8673413837870838,10.410072553000418,4.56588092838383,0.20663711673975863,0.9109936540230053,10.560703159802538,4.45473507649374,0.18186572282234373,0.9133990320735356,10.789153374087709,5.71300202533104,0.2411247242708015,0.914287407730956,10.739948143628776,3.9963661814581406,0.26470842823581353,0.8563722681536368,10.495254327937792,3.7825584363522884,0.17163665052879873,0.8303306283034677,10.745745041870824,2.4612586917716808,0.2633460529665994,0.851762391458597,10.613299051783079,1.4806126793146697,0.17410530206058406,0.7749930313563256,10.562093845632246,1
2.3994267321685587,0.15914127424140379,0.5137668395438324,10.2531126129032,3.138851630508876,0.16271813740502053,0.5482747815561578,10.301354603048818,2.636035887088304,0.10748701528187947,0.639137593356556,10.625844791469607,3.3789385236109375,0.180617644729772,0.6521851782920505,10.36257147957314,4.354877331842677,0.1835060644029197,0.9410879264156913,10.749317170688261,3.1225488579181517,0.24120095778160142,0.9093719800923008,10.961343863600991,4.150092104802368,0.22679963452285287,0.8331883597025039,10.485688475495946,6.758144740290117,0.2743754517591908,0.8830163277162077,10.576017451093902,5.2879387798563595,0.18364439324350926,0.9299355792229266,10.754034795508689,6.390375039662282,0.23275746034280512,0.8697585145453334,10.689114042410868,4.174968614127045,0.19655503770955765,0.7661701837318476,10.419814805097657,3.924945772986516,0.14252129499178492,0.8212485773493172,10.653755903776347,3.2758349525198582,0.2704901787921432,0.8033234469581204,10.427847399353297,2.4759756221597042,0.1831849986947021,0.6726422883105668,10.387337641427166,1
2.0295617727120296,0.21095038123920268,0.60870451374113,10.299860315865601,2.618983902798163,0.17857255474951075,0.5876190073141501,10.323894547281121,2.4413044051065773,0.15627183463660452,0.7959692183214928,10.530335413329624,3.1902945213657956,0.23394673475052363,0.7681824017227059,10.358012301915245,3.4313649003725746,0.19904971009185882,0.9046682322055686,10.2580947582931,2.4224595565811953,0.25236566201885896,0.9317627897514026,10.621995273219431,6.0466284269615524,0.31005943275480563,0.8036576069551793,10.41690301794076,6.580548377106545,0.26008583258103984,0.9094231304273362,10.599988663410867,5.701684005149716,0.16858188643001343,0.9377897762576268,10.554827770196976,5.492263561541215,0.23074136332882708,0.9147427633855687,10.64613937161871,4.064989515350309,0.2575235724827901,0.7993839799789709,10.348665511992117,3.8110128540727586,0.20236843655780648,0.8939518093202656,10.592598481022618,3.3347595233766785,0.35675670593861414,0.8268228983334329,10.38417010287859,2.3623191938043866,0.26056800194516777,0.7971506960688945,10.44869426552855,1
2.299904786813654,0.23328014728005256,0.6834750482322788,10.44709627298436,2.463661275597353,0.2068295626355809,0.7122663478949894,10.52884112672894,3.4786752882215515,0.19063844209119687,0.8329588794899921,10.736611266679597,2.7039471338778047,0.2238038036647295,0.8558328244843509,10.422150926261937,4.16078966727552,0.1809336548101996,0.9707901888216028,10.600135443826373,2.6886651037950804,0.17361529199783568,0.9467860124877251,10.78390556905537,4.337852360494124,0.24389346738907486,0.8994504125926585,10.502700849692491,4.633096106713155,0.2127831797963374,0.9536804442747873,10.627982070823796,5.496610906194537,0.1720222728677138,0.9640349715362087,10.752035296320503,6.989340045180448,0.2171331319794533,0.94823708832729,10.719067312888475,4.415398536755829,0.2404509209821262,0.8437529420177593,10.652071754802261,4.321092444453052,0.22474824046306113,0.8766751189307064,10.687624117741413,3.4903715508770823,0.33777965917532143,0.849041988291916,10.502797901321198,2.5363041723023816,0.2533341997524129,0.8422702566005373,10.661728624599121,1
1.8045317243681307,0.21331906149683896,0.6397074613285528,10.179176388468989,2.4647649649296572,0.21882671965604666,0.6888632640186153,10.324841630871514,1.89127160001303,0.11926344075960375,0.7541477405695873,10.663774175046594,3.165594601016067,0.24743223699429162,0.8276042524902999,10.310405595981619,3.8309812607900544,0.20196981873356507,0.9378658452104159,10.753795415571275,2.7007134400803885,0.16377015697072256,0.9572514588006863,11.048406873202728,3.4761157191956618,0.19107242940115046,0.931279035637084,10.783243636729177,5.072815748879631,0.2259041229918335,0.9493180307216998,10.599801901995336,4.2821259630675845,0.1877797054678646,0.9424930867964312,10.507463752244032,4.6320138161739575,0.2225281694742135,0.9076820129641449,10.407217140833556,1.8854484892625998,0.13852813213928744,0.7820158505539998,10.291746568906918,2.108163265966909,0.15112448961255093,0.8462896869731216,10.386245794221196,2.186280382826573,0.2699630291128565,0.8369295743331013,10.195652117512203,1.9931827955689407,0.21850021201327077,0.8564024910046871,10.299264525351344,0
4.132667118669519,0.1624575838178787,0.3923297170480592,10.31209234157218,6.0161137757185985,0.19643020025597996,0.46390131967260484,10.362175687086301,3.4358087193896143,0.19151112529045936,0.7629290210410492,10.401245370648954,5.871858406917143,0.28028634847390704,0.7171889449907158,10.341000104807733,3.5172001536330653,0.1655187074971744,0.9302786271093371,10.803394902797676,2.7192721878226207,0.15460608505703827,0.8460393157821162,10.661591651650584,5.968471729956764,0.26320606266406293,0.8603958605909279,10.60357971493991,4.689764606915018,0.16240944009274524,0.9241690675717403,11.00929468805755,3.48060743349786,0.14227569478695462,0.9652752366813614,11.154197600708116,3.3972739851387206,0.17372235441271677,0.9359638150435345,10.49316076117618,1.6204899626523848,0.18029381943459497,0.907975201711652,10.54735591348549,1.7108158674677638,0.15468929260108094,0.8521229725648797,10.535114135410828,1.2380842522572226,0.17328502318128652,0.7857716071426487,10.391952690277225,2.254213765958988,0.1181740208886519,0.48450055076357984,10.444365173214491,0
2.336578689770396,0.176371117517667,0.525518417717758,10.158863624934682,2.8694462481616547,0.17856805505169876,0.5537088059991281,10.3115847497132,2.3454580843937243,0.16097042578727935,0.7747671237305055,10.489998801644088,3.1918373591891402,0.22938772770302573,0.7724951271055616,10.427931151628822,2.926293535081455,0.14129358609998485,0.9046706916037258,10.788293948748775,3.076090062483283,0.1819466805105949,0.8952905458919549,10.669738100177332,5.753134387325891,0.29194344558092306,0.8936922779811798,10.618350518291146,5.009867388171637,0.1574421696236034,0.9375369704250681,11.12501917607147,3.0891540457373075,0.11819549193429606,0.9674827789809847,11.27961418320713,3.2349904617179837,0.13355942731533774,0.9285665171604902,10.485392355442366,1.5929046546768508,0.15593879602667546,0.9075823176381373,10.811205815851777,2.1758092289161977,0.17927649010443783,0.8801238399843492,10.523896901986818,1.5417001834411046,0.1832146896486542,0.8652924655469487,10.757027525193587,1.348540380322129,0.11660366051675077,0.6433048837075639,10.441646533606939,0
2.023995116509897,0.1615903440864475,0.4705019943446711,10.170666257864116,2.6671165680447277,0.17643722120200275,0.5016794915869063,10.299135561416644,1.4414583759680304,0.09301839979060458,0.701486130016252,10.702582953847717,3.046225480310457,0.21317634467172475,0.7064061934091757,10.395366106495208,2.2534457628574227,0.13498789339336645,0.8855434410004108,11.006126336379198,2.887472030273947,0.1727246884345153,0.8881572972133186,10.891214339280458,5.032594744705028,0.27283267287198815,0.8877553630797571,10.557378434419142,6.839584852888247,0.22910348278881812,0.9029951542563672,10.9514830231348,4.935742968487785,0.16740648380136344,0.9491838599764323,10.987709654770834,4.158598916566345,0.23162292606870943,0.9400378047888737,10.525770446613453,1.865559261603002,0.19609717852994366,0.9445022969668484,10.947084915856061,1.5561940705694548,0.1301652752589126,0.9117450598408375,10.791037779127743,1.2212162158111115,0.17734115617224133,0.8890021981234276,10.677441888060015,1.1669437537447667,0.10980663476270011,0.6248375175757362,10.367978437188311,0
1.9021054278886096,0.15470585998076203,0.5062477850073968,10.129117688306481,2.175211319384932,0.1452010620740933,0.5265795794877718,10.229612459992849,1.9107515239514106,0.13606487305247536,0.8224962024713517,10.756242689587275,2.199738564585526,0.16765798697682982,0.7928040993935003,10.368354036463671,1.5875268196751868,0.09065705882828973,0.9258825369607694,10.950859126813025,5.777348284762772,0.2378074505504312,0.8977420001325449,10.615422878211163,4.896360616619629,0.23043683920094069,0.8969795615615259,10.628121122426418,6.456658016057917,0.22186132718296192,0.8952543289078237,11.234524371736784,4.351037783125718,0.16258964909175325,0.9692635681439747,11.188480795460004,3.038163155675053,0.15299410675931144,0.9698231756116119,10.996500536835125,1.1583563610304108,0.1288702991813726,0.9471409474358662,11.081532602474683,1.7108172820918381,0.14540596981784715,0.9263934203377087,10.924780695218546,1.108395584899775,0.15647413631502272,0.8997951220914253,10.425458943731151,1.0440639418815516,0.09634771309994117,0.6640067358114197,10.447030066823988,0
2.25569194616061,0.3612746989837967,0.8246098481591613,10.534906836538335,3.204125348819573,0.4413128390859638,0.7638975682021505,10.600066010300054,4.873480419526313,0.26496839190460575,0.8702677675786404,10.821736773047139,4.653269769965542,0.3894324680694729,0.8086202608526404,10.565684815102987,2.801238146280972,0.1855239543517094,0.9419477628854156,10.858809864689958,3.7147214056932483,0.1941768051614939,0.927977426001037,10.552546742788374,4.043155227600001,0.23627399657590367,0.8737668855074306,10.426409332198515,5.653870758016251,0.2078393118010805,0.9365208398935965,10.781355803803574,4.8243788294658145,0.18016351687866816,0.9616894181809088,10.954074903765445,3.170129999100186,0.17291260638042444,0.9542734436083494,10.80586715732571,2.392891053917815,0.2122659591254739,0.9307396630116931,10.765326615267831,5.34337159681123,0.2732103772299348,0.880967004228684,10.833455728560278,2.0810158478567478,0.2648952214183504,0.9002341563832423,10.550810046915393,1.5833172453842144,0.21028169787821369,0.945069553417293,10.727992448621961,0
1.2200057502178323,0.26858839154122793,0.8794018309073613,10.402523011926686,1.6704668424687694,0.30780971123264256,0.8943897214324554,10.422698299566534,4.003412267672153,0.2505796944641759,0.8757591614419601,10.454406924514132,2.8886464415102684,0.26981157723667537,0.8840368243777739,10.536846679697009,3.0568996099231125,0.1633762247067168,0.9326095068715868,10.837499476820664,4.877637722519833,0.24292389125320826,0.9174611138225329,10.628263601820475,4.269526420404375,0.19312376142830762,0.8658792814204,10.822092562035152,6.09120124795004,0.20992150446724117,0.8822407882384564,11.029495954395776,6.264455925407024,0.18655386500398446,0.8920717375512482,10.856145453995001,3.8047948007352463,0.15490654061787393,0.9270970596399605,10.822642492889356,1.9042020526696446,0.14395406371707692,0.9260337450042205,10.750441124988416,3.985991985903377,0.20972969503603484,0.9098599446632837,10.613534339204294,1.761654945250336,0.19482455018870284,0.8776028440260573,10.49857986879614,1.0709303968925241,0.16027009760381608,0.917274976443121,10.37581769497791,0
1.1162401800374695,0.2822716551960046,0.8510959664366737,10.26096324187694,1.6936743199845412,0.34405361812564805,0.8491593310110062,10.360053449030485,3.8233750742329047,0.2680572765154743,0.8946579196594501,10.413227830291751,2.4113429325813382,0.25207868355990354,0.8786144408849045,10.571187520064662,3.3418836758698585,0.19551118130738648,0.92626349683676,10.572394430988906,3.994086119483822,0.22337633147048663,0.8588993608531584,10.16461159038419,5.503937495644029,0.24697666788482328,0.8748028910996072,10.689270442852921,7.361886778897707,0.24094244585324628,0.8910006583545721,10.917342298493294,8.897484719843439,0.25403717265581954,0.9064566210862287,10.548293181820117,4.83968651172283,0.1560820357595996,0.9099193298182866,10.791292912032217,2.096672104772134,0.1438646842047181,0.8765135609042045,10.566202923941672,3.7180013296017793,0.2038930376206026,0.8880700963142744,10.526042458469325,1.808431250211263,0.1798262003532707,0.8587302766982514,10.445916941655042,1.1117875433526088,0.1582802067515411,0.8904395945323303,10.359110106123051,0
1.9928501542700132,0.1383475348474873,0.5750081654529511,10.422235252297252,2.52362726229305,0.16295705314712006,0.6550235830826009,10.566895881517043,5.851363408417382,0.3045767049855839,0.7936179297318223,10.590266104085536,3.272201257588826,0.20499821807200103,0.7290999160035477,10.612338663095771,4.624484536709962,0.20418626707938256,0.8925373255689888,10.924609298534765,4.28387177379972,0.18133731344476048,0.857973782477401,10.524078534562555,5.75353111178151,0.24384010291189478,0.8123380055019906,10.990741594174223,9.43967963726722,0.23460152503171605,0.8557035888594018,10.902288870819183,12.289748801518027,0.22006575178205948,0.8238500899864598,10.59463589411643,6.4088432888090985,0.17477921031200203,0.905599601234318,10.51799086889887,3.8025880813906245,0.1933295653045207,0.8667112944225759,10.668299171814144,5.400021226312794,0.23089819768500958,0.8646820217219645,10.515713230759594,2.5782122357057506,0.21234817104101042,0.8431197585093767,10.475634844671301,1.761321828324317,0.13379969314468182,0.7152703625935544,10.487938438673407,0
1.725423060048192,0.16523642158212698,0.6316876002095403,10.23637263765576,1.7395834948693163,0.18160404691365936,0.7096599900877861,10.382440058518743,5.16786766471979,0.30088733083809416,0.7754239864565591,10.264014783390929,2.993593719079833,0.20533941315571058,0.7731841421099597,10.539335582287507,5.538881273507628,0.2386676301265047,0.8858697493297687,10.631938088567821,5.401919901317637,0.20672020507558433,0.8896900375445397,10.648064930223413,5.7115220030961185,0.21952646598687048,0.853361280353462,11.020843382976462,7.150095772507272,0.21093753266775153,0.8236196450405256,11.209385539872455,9.960385692018868,0.22797165943868386,0.869888816328162,10.938665064721489,7.648331418703728,0.19861312923543648,0.8618631487344766,10.5087134167571,4.20311265657001,0.1906221151216735,0.8416734763680621,10.352839375472627,5.013186257568234,0.21280260176310595,0.8528016852718293,10.31787667809767,3.1095670405605147,0.19721880508814632,0.864223044683363,10.39703628047472,1.840383158902051,0.14779726737951773,0.7510816758181766,10.339075130515864,0
1.5018788835299746,0.14674355480938378,0.5640196092346365,10.307013482570715,1.6950781073595385,0.15193425091443102,0.6518291592909461,10.449581302082846,3.961296192352415,0.2424510216314708,0.7904643354596658,10.424926726421253,2.7478553922699525,0.18115160412784917,0.7164204042256416,10.387094351715385,4.947793399032957,0.26078983133852524,0.8209542926343373,10.42294361310756,6.243658399302596,0.23834578870320813,0.8540076993165644,10.672746198435915,5.242173344872359,0.23888291092209019,0.8664663915294329,10.824636460786499,8.15647541120987,0.22697338484760982,0.8749531986470394,10.965511430149107,9.63852415751466,0.2189033940062421,0.9061243576089747,10.85479434843031,7.153302612406945,0.21698330552529713,0.8847054481447904,10.475499355847349,4.224473211499369,0.2085566729742097,0.8569550379396207,10.562592887000154,3.9980005650062767,0.20581660975161412,0.8599370153057884,10.481373734782888,3.199091190731545,0.20966258628892642,0.8812461456951953,10.58328077651691,1.5761755527603107,0.14436311316219685,0.7114879208041472,10.492088674461304,0
2.987389356332349,0.242645195448651,0.637271586895473,10.433689262150498,2.755804346314659,0.21653334599624047,0.7380244135387837,10.621045623623319,7.4110433017345265,0.3495457910611434,0.7436694617469505,10.482123837894093,3.2183056755155155,0.2212185654209746,0.7450352794109426,10.496588576390817,5.300910813826359,0.2575086913857885,0.8860845648305777,10.656108914946968,4.441071090737158,0.18637069446449372,0.876536757865706,10.92122760514804,4.378961154791297,0.20111072535538344,0.8557525368475336,11.412111993317392,8.810336753008816,0.23273141305101158,0.8938909040753187,10.873377729357795,9.654492377261635,0.2128110547516366,0.9244711016165004,10.964911390546373,14.238173422502012,0.3180114386289382,0.8608392839382781,10.539966947747375,13.85867799890022,0.39884917079829996,0.8082638837945839,10.509382981728136,10.394734846722626,0.3585906606923898,0.821447754157572,10.4779974923892,10.243384819778042,0.3777849581017898,0.8263726745757943,10.50526752974585,4.7486979891072,0.2902060486501634,0.7802283206424299,10.469890057075832,1
1.8245101429847947,0.2637488368842726,0.8227029684125282,10.340457536314254,1.875809078293894,0.24364206964761173,0.8582271704063628,10.464377584001719,4.995976084351242,0.23567246688846963,0.8519123298687794,10.272767443963621,2.926429166998236,0.1927366753639882,0.8762389921356711,10.39731594216655,5.314995519227734,0.23816381672906764,0.8999142409407491,10.697671175191365,4.557920821395242,0.18260039400492095,0.8968762551174521,10.83185833954795,3.6907972273486376,0.17418748440795118,0.9054720511680954,10.572916744188815,11.452001615220526,0.29138005363666736,0.8814275958188378,10.756753003758027,12.255829230907551,0.259578782516701,0.9145830477884235,10.869240910610792,13.307627736279871,0.2963174075174905,0.8810986001085436,10.454927007490252,10.287722959485473,0.32685262004303806,0.8635700143964787,10.275696742926813,7.817876990608323,0.23866798213442603,0.8997263083964692,10.337741251962964,7.083014499120876,0.3081054970386726,0.8853004292849914,10.310920851391698,3.148939515919043,0.26505161247019765,0.8766773990538618,10.299873668331092,1
1.3507653455079802,0.23369285169190102,0.7795759188832573,10.429123223387489,1.6512605922980612,0.2417860678001152,0.8429707604635418,10.575855547241757,3.7282855930689327,0.19801372004600212,0.7385005131356479,10.399955646070739,2.1543447425231976,0.17923561288439013,0.8713574949175388,10.49733085896824,4.223749982232128,0.1930574056151383,0.9239915036865785,10.831560825879126,4.671514647360764,0.1950675105392521,0.861969605984428,10.774966687493691,4.072667659309621,0.18029678965005472,0.8706192600418294,10.625258544035518,10.70418513630588,0.2705415571884635,0.8979757597008851,10.469100454983897,10.568677105147469,0.25170560423633725,0.92490075801043,10.474304131445667,11.069331025930955,0.3117688193869456,0.8765022472209479,10.388811390483184,8.930915234161281,0.3648841189728551,0.8485708265034216,10.353681039828592,5.991450392186137,0.23338258832672668,0.8332654635191629,10.510116033974302,6.242612251369842,0.31380227310001063,0.877077133927464,10.346912297357212,2.4879190578206227,0.2774270979163003,0.870080484282411,10.395494362955427,1
1.5898417563733338,0.2549042775828083,0.8712162949246961,10.623079161068198,1.9722093470577642,0.2539295093995405,0.8938500519035195,10.87982453423196,3.611077981198459,0.19078409839902336,0.8396914297499766,10.470361644118597,2.271443807005119,0.20000323369306014,0.8990841259096861,10.728323833062422,4.233562947302347,0.23622232218343933,0.9030516102215913,10.985911517519767,5.337319219167416,0.2248232606710702,0.8630792672498646,10.442011921602264,4.025995395413586,0.15885453862963675,0.8147858127670683,10.572971072700492,10.064865509813389,0.290044475043554,0.8806948040798339,10.366648757532703,9.844452135220505,0.2905250537305255,0.9363364777680785,10.258269267038138,10.663962220150879,0.3121875757368794,0.8852960105453995,10.287741510284159,8.694858736008973,0.3736534692648222,0.8363963885092753,10.34108353054024,6.108776749618327,0.22673370618974836,0.8761324386650785,10.61906248000392,6.105960806377008,0.34191788128036915,0.8475820213250879,10.42257037702426,2.8820716474493397,0.3077206910668858,0.8794644255302244,10.499258245681181,1
0.8138676807959844,0.18421280896059686,0.923422945777179,10.800837281027643,1.077518768805791,0.23063815046812164,0.9258300156422908,10.616221763181608,2.2254865918652733,0.15530703741491167,0.8215579168486348,10.625441887222204,2.5442207176388374,0.2283340873372244,0.930600017529786,10.633784773973188,5.659229372394899,0.23551131252942722,0.9306302889199556,10.535365352894756,5.313678643751223,0.2152507695456478,0.8783997343123537,10.608068107235885,3.133102237684606,0.14139759094634338,0.8633398246053989,10.583388424622221,6.709147672439849,0.2246473184481683,0.9269317980139359,10.744006649778148,8.180099183414288,0.24200305445150144,0.9282715068900864,10.397437320320444,6.480865573324945,0.22938789964881448,0.913858936164865,10.647588552803741,3.290959498303582,0.21794257143787726,0.8964563424976667,10.759636496887381,3.006300952145293,0.14752441922386916,0.84884838659546,11.317368183125899,1.833988270343868,0.16802895149746952,0.9214659970158506,10.786600777724747,1.0980280575771133,0.17159945809527305,0.9324710174311504,10.820535165732695,1
0.5884489874366181,0.14448587191716536,0.9169568446241406,11.101905362926823,0.7091678296900507,0.20327055471816194,0.9385024009447697,10.954952001267037,1.5232753952844669,0.12000042960871374,0.8597724074489351,10.841759362667005,1.4131586246529917,0.17233133550903765,0.8992193435653935,11.251015364524179,3.5137647157742338,0.2225864593196627,0.9529409980494554,10.782359301369004,4.888438221577766,0.2670732722398955,0.8649561357640266,10.62015928080681,2.5696066495723007,0.1613257968530382,0.8925455484825775,10.923277497973734,5.894966766059188,0.2133240296650437,0.9069614749310916,10.368305537544986,8.211511728904991,0.22141872740259902,0.9005947297508848,10.23730862411794,7.040308062916298,0.26228588020324695,0.911425136083141,10.57156514959018,3.6793437178568005,0.24346392655569662,0.8725644431691609,11.01132634476391,2.3411893544472138,0.12360534966840532,0.8703233086782757,11.172792922794068,2.1078425239603016,0.2291918032779621,0.9182346888428624,10.84207567546307,1.0976779476948153,0.1888263963499193,0.9261201736348381,11.07332386215026,1
0.9799660972295654,0.22448030156421045,0.9007629944763584,10.416054519241332,0.9260846019748717,0.2269227638216912,0.9138806672482586,10.469937544852625,2.7838710029212255,0.23006970798444215,0.8850202967463422,10.600314022734866,1.7034170864001859,0.1626440278920862,0.9233529285477478,10.861618218238124,3.5807008839415864,0.20081411511935027,0.9306800292738817,10.40830906284535,3.784440188484072,0.2147852746694618,0.877962870098837,10.663818227954733,2.1394247879339496,0.14515439288203147,0.857490369326649,10.962108310145279,4.542251624556527,0.1801547621673943,0.94827339569599,10.66587163992018,8.597010647419857,0.25113307413653224,0.9300262125830233,10.374531950536323,5.498196644577419,0.22759635976674666,0.9340984386363836,10.650853523899167,4.198457792680625,0.27651746670451965,0.8870149404416615,10.55392899120088,5.104884211378271,0.29457059201507,0.8908983804696734,10.500213839276766,2.658276148373048,0.26385870899590447,0.9073566896266553,10.522349452182567,1.8062616760182613,0.30169923706471163,0.9042857326066932,10.407114437595279,1
0.9915695375300182,0.2518088654332592,0.869207414551006,10.456865121591479,0.9138483525505937,0.23816701831016043,0.892373159738462,10.47374907319276,3.708266710740361,0.2643352309337268,0.8103055029129291,10.33726764709251,1.9746189734368387,0.19676089932709362,0.8979814150963786,10.633780280493204,3.2240108744939953,0.17609870750179007,0.9130156393134555,10.40524298510797,3.5616362079064947,0.2079776893107043,0.8542295324247985,10.850990840921021,3.482628364567302,0.18769759446997716,0.8895379504732063,10.89730136661421,4.097124600632196,0.16224012454014186,0.9511678662438319,10.638537466465129,7.175531816077447,0.19724380198635755,0.9260513158287398,10.379706193101557,5.526019789006317,0.22996120421767793,0.9202574822398357,10.780255237231184,4.700668890629285,0.2768439383998126,0.904192916512342,10.684974192481938,6.661082636649889,0.3326668040552329,0.8712255385870019,10.40493034920937,2.4350482193331975,0.2635163552454761,0.9158372196720989,10.687522490116372,1.7671335242468962,0.3074508739137474,0.8896498644320464,10.43783242244362,1
1.0861676152080078,0.2455352823332832,0.8902674317110492,10.626207633262796,0.8347208411437679,0.2009784426225355,0.9194893876915119,10.667023289138735,4.139087040377969,0.22945673528131172,0.869485817616976,10.736376143788062,1.9245027408622593,0.17342388344690496,0.8956454159603929,10.766980945374428,2.4291955497871154,0.15227214912635834,0.9231486596865552,10.814132116285203,4.394385974672175,0.23383324811288594,0.8640535072309082,11.20403145245781,5.082187575371671,0.23339076164623784,0.8397051742212768,11.400083143522343,5.738407055112678,0.20386168559657322,0.9294327899641788,10.617933244643773,9.435304632012693,0.21151356973828964,0.915723738706227,10.481143951709088,7.903599580147968,0.27986040930608436,0.9033687715712734,10.706616889966641,5.165040898450356,0.29902531360695217,0.9017903125224653,10.618728076010301,7.2362830524042066,0.28825007512063405,0.9024254400903119,10.644842407031732,3.752683479578719,0.3269773053934443,0.8859706655551391,10.600209969043036,2.1061041159229372,0.3002017760668926,0.9156198891851401,10.541851759628308,1
1.4129009810599626,0.2827757068752938,0.8894677623852896,10.732472715079481,1.531980017991518,0.2884157877241593,0.8867344748395187,10.818996909347526,4.891177145516566,0.22625237109216484,0.7908921496286144,10.476684721110974,2.233545370686084,0.20744139686739335,0.8668426326190278,10.761576438227168,5.553203660086616,0.2511790500816184,0.9021458378586711,10.670681497499649,7.805270194257793,0.2890924005002885,0.8538143403141034,10.92417681437773,4.781523508487776,0.18992890402811838,0.8607629078956415,11.273907216682845,12.713349559239177,0.3114121462589,0.8369308431208766,10.843114502581486,15.088888735778696,0.26538800845684435,0.879413058812657,10.762454828846531,14.31569472298553,0.3514524599762062,0.7895618354385157,10.979041108252602,8.28658287786063,0.38236564078256746,0.8244498163100092,10.722055225949088,7.244706444232182,0.2818477494896576,0.8936746227986164,10.675500741160045,5.940124161688264,0.43717948353074604,0.7985485991432262,10.59080288712945,2.4967718456547257,0.3312593741862079,0.8944890771881389,10.528734823835528,1
0.9682833336528058,0.2310256828895154,0.8803055430233249,10.955893574039719,1.0670018767937017,0.22423815969964814,0.8821229619659271,10.913986022713326,3.9368741123006705,0.19366000910501183,0.7684376373924494,10.806138585531048,1.5410798400863948,0.13313478304609377,0.7646038762662893,10.89474409939528,4.549932268314342,0.22903459732801865,0.8513358224451972,10.518931643752197,7.25714139754918,0.3465252144081242,0.8564831886099602,10.629457999144686,5.137823282258813,0.23072027925521166,0.9018829870270032,10.780818661195122,9.354426679535523,0.3270184945017264,0.8719320711810062,10.585050208532975,12.558064936705275,0.2788816618830006,0.8822946660374072,10.669904285131064,10.219070452764225,0.31517112541901554,0.8486006330415636,10.677325902271036,6.849288893810566,0.3706213555001939,0.8404437495900127,10.659976051708838,6.036147315418264,0.2466997866788614,0.8983519556436113,10.742595699208557,4.991122509847626,0.4123175279619329,0.8082275587969573,10.580132220128178,2.2446529546264737,0.31622034192052284,0.8668125508684574,10.804073251823072,1
0.7886925265437753,0.16551669448127015,0.8826178268908068,11.014280015516167,1.8777022357442634,0.25737827381005157,0.8844599461914561,10.642213087294358,4.69603712297462,0.21350743374001585,0.8361122269423888,10.814633024220434,1.4276830754046586,0.16780390391221275,0.8883259818022899,11.009001304615408,5.366975432869384,0.28682787614247124,0.8552226361000596,10.815219679044704,8.712623201263284,0.3092032670542004,0.8984559166735765,10.645941178022303,6.4724159404298325,0.25670905528386373,0.8737703707111091,10.721497210655453,17.468170402763405,0.3808836468679955,0.8577759106309476,10.350161542655357,19.11184587129835,0.36270615450341137,0.8751644233757044,10.363840870045179,15.701911068394642,0.46370797738560043,0.7658713249363523,10.404829144171194,6.6272862312362495,0.40385848000473323,0.824492007577988,10.469627229535568,4.320502726987961,0.15650866251945264,0.8545147816601532,10.844111670801688,5.408345925866611,0.42511827684280495,0.7994870227353377,10.458733705914868,1.7592812334047403,0.2645922927280644,0.8717419962538766,10.616108411086472,1
0.631262523232837,0.12376205865591493,0.886650605137328,11.591534302510484,1.5116596805074067,0.22195949131048598,0.8478976635749952,10.760386203881506,5.532325510162549,0.22355198766362785,0.8826745630099342,10.603091081615938,1.2273194115673074,0.10298704029116593,0.898188442262152,11.356221790226337,6.762375514523831,0.2875700887781914,0.8388728479809195,10.539358339185277,7.670264615383144,0.28603845397581457,0.8812841593173574,10.64424399111099,4.417714812927609,0.19196376950875557,0.814718425541378,10.377944241861691,13.73225836708604,0.3271762084913818,0.8625328148586522,10.381251355567732,15.199785649574144,0.28786306912590415,0.8859179379387386,10.44758599990014,11.642739676994324,0.3439319706623583,0.8263847249254391,10.70991828161935,3.612891318170818,0.2184537597612221,0.9068652253035745,11.008245542562157,5.560433308087299,0.1809766476612057,0.8886136609610388,10.853127958511442,2.876490262638062,0.24872014897522898,0.8942410760042894,10.846196221002526,1.015625696252555,0.16239205420886335,0.9020168759439403,11.21817300036358,1
0.7108774075596119,0.06827438350730575,0.5422063627600444,10.931411299728033,1.5941141409007065,0.13617481545110216,0.5966080614651408,10.440395940729525,4.280367220789271,0.1982510647908793,0.8507565052380397,10.604303083131725,1.3045702776340968,0.10186753537181503,0.8028481998476398,10.561553331653188,7.4412293600925885,0.26127729673943195,0.8185595952596725,10.659420180745288,5.25528068192774,0.20445954744480846,0.9008910064879678,11.005908713295247,7.295929884423726,0.25006802961740315,0.867643772208771,10.498593097937542,13.811908095392255,0.35353019610083225,0.8599800059213376,10.411444179702617,16.545174343559882,0.33767411336938774,0.8770144649574015,10.479483504826161,11.136780752444384,0.3496003035516683,0.8189447466820269,10.389499735777534,3.028329551495977,0.21485102556156205,0.8926646165913112,10.55080919211542,5.54409577731835,0.20228665152241135,0.8539236121504352,10.520457977466785,2.386167822670008,0.2338762321991411,0.8736299124097675,10.577342284291412,0.9648776926176109,0.10479785320693533,0.7883834647690413,10.811474340976028,1
0.925810995752783,0.08714417539192758,0.5961465135665007,10.953644905257297,1.6758555519501155,0.12502632198027772,0.6511253143737288,10.674412098582838,5.926268367930854,0.2931881220321557,0.8789213542471713,10.37824469518359,1.616777922088521,0.1365041917073413,0.8635642153096498,10.687970463322277,4.648607428663548,0.1858485938062961,0.8564340965520344,10.805490298248374,8.415008052767146,0.2860036437161621,0.877919517097205,10.712559223756886,9.604222925022928,0.31993978775811943,0.8650895598508007,10.422674736651464,16.243839069402593,0.35876302835553187,0.8442809869105073,10.39454942622294,16.599243602621353,0.3107481858329409,0.9027568712628538,10.522027179940288,11.293414901918268,0.34442733465514896,0.8559139758114135,10.342984233395851,4.426890059951998,0.2741642678844968,0.8791629965994723,10.338141418867083,8.458035995665496,0.29073696926187775,0.8734362483829933,10.474604592014973,2.932717244137637,0.2342825533042441,0.8312361244406267,10.373706897421426,1.8700734473213378,0.16172003083038575,0.8370077745277913,10.646492743650986,1
0.7794516924104153,0.07943289460844533,0.5453987658429311,10.679457905309102,1.054839096886337,0.09223812480768517,0.5967710150084857,10.724876131704447,2.849961156344064,0.18383535152277466,0.8572497876706785,10.357738654850255,1.1338129951246168,0.10550669714849177,0.8164217627404765,10.735442150901877,4.8804123861980315,0.19068015459021878,0.8924528499924498,10.747212815458889,5.1908824163652305,0.2455076135428452,0.914091754715895,10.835302544014969,8.305642435475626,0.3063421781354536,0.8390514640813282,10.406842416885738,6.805493441349064,0.2719012631757884,0.8739191104993832,10.627501275289362,10.591459157496576,0.2884484221944155,0.8820520632132818,10.79188398409233,8.499889665693303,0.2806165492448665,0.8670817702005611,10.61072977361285,4.466757366675613,0.22724910930487566,0.8558734240651537,10.653868335058279,6.191323885632984,0.2655084567551751,0.8516588058783096,10.568536922831846,3.747329485981024,0.19738100006670573,0.7708362792681571,10.669820181997537,1.5097376067640877,0.12868375154802658,0.812852028908229,10.768246657152506,0
0.6992600915423646,0.07629186501346559,0.4836785242681976,10.65404839086621,0.9230794759830191,0.08733765265813247,0.5538190174819154,10.810765111064025,2.0684958037470036,0.16544382597461818,0.8345814775654686,10.398702451324896,1.068457967075344,0.12236827352604512,0.8179258677276614,10.815062153298552,3.7052869765285332,0.18406754954473614,0.9038448385310421,10.676288728778305,5.7918629827525825,0.28816087618221575,0.8667231653573598,10.781327575645413,11.372393102943118,0.37137692974120495,0.8237452163997561,10.566660561627016,11.024330341347062,0.3147043780632023,0.8315742118093518,10.93388807469778,13.567944153603513,0.30865448046935984,0.8368934381795093,11.02564498592071,9.612806087553059,0.32669494680347594,0.8469399143810605,10.564221083378373,4.044611050391474,0.23176559406183236,0.8206278795801565,10.42010032009935,4.322538006554061,0.23841454194195721,0.8121124418101449,10.483908761158915,3.6858327359302914,0.21145570717805334,0.744373965099223,10.541574125659677,1.5618918662653007,0.13725759779654287,0.8009736453208278,10.659943189889097,0
0.7423833813099812,0.16306682972577433,0.8655856019241632,11.686587730569002,5.5292937619929585,0.3319573701276552,0.751066454015135,11.12441585059042,2.3396980448232387,0.18757459708810498,0.878940337663324,10.927979804597015,2.6436029368509515,0.2115279982328383,0.8866279336715124,11.17433897668232,3.7677476105098204,0.1745054311961929,0.9215480167870697,10.741788827552154,5.115790516544186,0.2321372029746089,0.892847497967036,10.9274369851561,9.265973912867112,0.3608154787973291,0.849627626305594,10.4645944732761,7.904512009435766,0.2788913618741202,0.8566560431513639,10.586150744803199,9.134202511034946,0.27477145165339273,0.8965260155762149,10.704076881849401,6.751991817219075,0.2612446123718833,0.8920915189419071,10.735627956249655,5.698066633599593,0.28072139573877086,0.7685391345580079,10.67148074177947,4.83084908744021,0.21445669981761947,0.7782909876846884,10.818099084855067,5.78354250088567,0.2829092509437047,0.7327626347648345,10.646878862099278,1.7494574512253438,0.17496117217484292,0.8815974800013896,10.869971616945152,0
0.8348474341863883,0.16265050692854516,0.8228310200076214,11.159712014631475,1.5672508366328919,0.21536846672427468,0.7656033809447685,10.922868041601738,1.9909132840836778,0.15735704475596082,0.8548975518882992,10.9077516051889,1.6482834596454048,0.18624197335617412,0.8212300857671407,10.950051911268638,4.948359188092634,0.23664367174742787,0.849632391602433,10.583064181184458,5.170926880846057,0.2708552007734364,0.8949332898388825,10.277403127235383,8.35896992850158,0.37861567853959494,0.8386446335629772,10.257134570514303,5.298169995526129,0.23306896705720836,0.8744070376092965,10.676989853988566,6.615805423135233,0.21450927769015102,0.9309349800705279,10.843061077101147,8.677148086231481,0.2637686049143556,0.8622047356663886,10.718750892316034,9.505179168186025,0.33235482257194043,0.8150602791044358,10.716724178292193,6.955227495440726,0.2581866212745889,0.8132769049610602,10.696606886629674,10.994760418165468,0.34290971502117606,0.755508982166536,10.796561261880811,4.220897838598859,0.29104681054986176,0.8211294308837924,10.973639775306834,0
2.0192890717801735,0.24829088561406473,0.6647944994762732,10.520818700634969,1.672268294934082,0.2319789024031779,0.7821890396882306,10.631675924936665,2.6062320247067725,0.19842811250449757,0.8546274243152121,11.008575290581923,1.8636768215849346,0.19729368199317987,0.8982170511662582,10.81724643731719,3.5787540044501194,0.2009096033898502,0.9074880566669231,10.801637054878393,3.2985356176907255,0.19167082416110498,0.89339022712371,10.356956051443618,5.125602785814562,0.25466176138177965,0.9358536776701606,10.48220977131236,6.696003475656593,0.22777154207771783,0.8872964582514118,10.750018630205961,6.791421088463231,0.21482463017537473,0.9302757027230173,10.937616751556758,6.514634831522892,0.21301119990641532,0.89318385597636,11.007052033857278,4.003465056112509,0.25307008387898206,0.8531381528209339,10.679998458834621,4.519423786412496,0.19995960966910103,0.7788371225567244,10.73424083593065,2.9657694698619337,0.2505899273887322,0.8305129843466945,10.662703000254417,2.5270868350251137,0.23947697065391182,0.7609780382471785,10.487032919458683,0
3.305457252662845,0.2834123901879607,0.7589847933876238,10.503004505952331,1.6585358560088077,0.18366149376518257,0.8457782702631252,10.793909201437861,3.9573321146572145,0.2601859269411332,0.8405648153211034,10.736148528441623,1.8762609959455183,0.17236674939628144,0.901214235581609,11.065742001596826,2.9839795409989303,0.16374637997853458,0.9129572514088494,10.757575136350818,3.9875577796585207,0.25492322189629363,0.9157144466497489,10.52429699326063,7.6273754606653545,0.3480737783419714,0.8552111688296965,10.480410251315677,9.31677538929849,0.3096178555389298,0.8612146347534728,10.700179359062346,9.780495582764896,0.288628683600114,0.922523286659345,10.742576067716396,12.261589409148543,0.3410869425865588,0.8497757529431735,10.622936522229123,10.289238346730121,0.39015273061218286,0.7898581940150086,10.647115771726552,10.44526703017184,0.32854598571550797,0.7675048919061885,10.620733700398786,9.1493191670321,0.384797815892792,0.7944874068062295,10.577138144468432,5.547546384744457,0.31366047538836256,0.7735046789657606,10.675624141274579,0
2.974824197748962,0.2926763231996564,0.7090240302307048,10.365438045386204,1.5478425094297807,0.19954219099634116,0.8053932259199774,10.500901627183845,4.236501341386766,0.3084294144920481,0.8347746255837457,10.642192075790648,1.8727644260078402,0.203907717891408,0.9128054502109796,10.788858312313796,3.4887962645967274,0.19372053555747973,0.9139593768089059,10.354127907658903,3.2977055590893984,0.17763089616041758,0.9257756366484299,10.533026229043681,4.577812081505166,0.1940886191855049,0.8885902494922397,10.864495054214416,9.373879387913302,0.30569302816482435,0.8570797235973333,10.996254722353413,10.387137581619845,0.23598220651033994,0.9146026680501028,10.994488925130453,13.376685992215675,0.33964479872298803,0.858094675183841,10.57950045546689,8.366488533239966,0.39302955730763045,0.8113780104686286,10.452499522186354,8.905837060826295,0.3468814927071699,0.8216432713233468,10.368530626476995,6.976458435654347,0.38346328286390075,0.7930999290315539,10.381259032362864,4.420213377160923,0.3177638948955266,0.7455147796978856,10.380718462526566,0
2.8917453387873935,0.2945196246408946,0.7504689766051652,10.330556117858267,1.9186645664152788,0.24623532509995022,0.8728632470670564,10.399471198445134,4.911339444951504,0.24925187060329926,0.7928359100367043,10.660949000725664,2.7241276643600023,0.21000510561955715,0.9309737236473848,10.820098532537639,4.404109761708138,0.24284455507999697,0.9564802600126211,10.469133147999289,4.183232474736491,0.2854447906236456,0.9143503418637974,10.531511233816538,8.588199471270828,0.3053396592148399,0.8533586321865462,10.631384641311302,13.577904881410191,0.3374290363709927,0.8301976069466189,10.749924229635461,11.549564929830241,0.31008517599090224,0.8974116446384236,10.65010192896799,11.821397197246695,0.34048344616984066,0.8908788276280806,10.498171283842344,7.670504993011104,0.3645010503029288,0.8516353917490955,10.37231642913364,7.979594996961974,0.2893768088972457,0.7980743134048432,10.338961605872003,6.754244217685074,0.40635677928689995,0.8199037143259195,10.312880582217764,4.2043767292925125,0.30267832912622084,0.7825123566065136,10.364588788763903,0
2.8473862750194283,0.3764280075646563,0.8435699819294274,10.406274906897648,2.1291724334595075,0.27479101038745896,0.9098964911044112,10.858700150064028,6.633032243464518,0.3665225358618955,0.8247345636663598,10.37312276812242,3.136399601456544,0.25036436731736245,0.8882983437749479,10.662721549507935,7.031474341687295,0.3068926236645927,0.9008358294498336,10.518542330028398,6.866401607473414,0.3436609202560927,0.8937620786882161,10.48745878011198,8.827067650313282,0.3393688272091008,0.8352206527435428,10.377297264579935,15.090385967097095,0.4008637924273631,0.8355970193208969,10.499492727463382,13.519351887072283,0.35162822797206045,0.8896763687773283,10.45497407480513,12.11361740342308,0.3181754536117711,0.9007405956972502,10.389561004303994,8.839635923603335,0.3687471393147304,0.8547989625852174,10.514177930587955,12.365899845879094,0.34193317646856275,0.8422923100682423,10.288412600093682,6.759942653752155,0.38604697080959205,0.8447748133609485,10.379809419419205,3.9112457329712753,0.32042973881859643,0.8631699197921205,10.356400980756488,0
2.0876695727679753,0.25556434211315016,0.8695551880725385,10.570138884801246,1.8588576779684836,0.2444203631484447,0.8470634728932352,10.704589376085774,3.930545753503229,0.1865754069843421,0.8758789212006575,10.894099056279583,2.7589342989571097,0.23622282791158253,0.8715505625003752,10.827986049792543,6.476216165811203,0.24279207506850567,0.9038402848777147,10.458367970818653,7.373729624404478,0.32123124994535707,0.8992767383853449,10.463288987097897,9.942853156275941,0.4032599416432464,0.8038864191553462,10.420496130209223,18.6248385994352,0.5287743329177444,0.7334268629069707,10.155678930240644,19.54005815720744,0.4751110552689865,0.7667003658159907,10.13893939957951,17.117991891184367,0.3656546375545391,0.8630385365385286,10.203386314983472,6.5571777740951696,0.3551937507092783,0.8727319864140025,10.345421861241528,12.13248923264803,0.37635692319903874,0.8352585559713605,10.265334105469188,4.2119732215274865,0.30375380143299535,0.8672019988066513,10.473895893390907,2.387485796781537,0.2501302702232869,0.8975917601786761,10.496183804012698,0
2.6556192614643024,0.2915703590949884,0.8076709444319072,10.571795803692202,3.4815181316212436,0.3286811041776925,0.7389586002091205,10.496744514696417,4.409237986439281,0.2016522980165231,0.8311813526004842,11.098032900641865,4.346059141150471,0.2824817180067447,0.7678534007557902,10.584190247706049,7.953229250545751,0.288917144142268,0.8532284460522023,10.439488058728779,7.933263312845341,0.35461580416843685,0.8685322899339765,10.467629397685718,9.869315240620764,0.42553589230123606,0.8175082921767073,10.380759547315975,18.966100123921077,0.4846297904238606,0.7631779512786346,10.234439524158875,22.053346540464563,0.451196588943779,0.7978730179918387,10.255341514891553,18.437978324175628,0.4712735551617572,0.8143929349164949,10.241616360372964,9.371520649457715,0.4016217265277585,0.8421382213355477,10.461499430053484,11.88361192999079,0.3867494537376418,0.8076090496196261,10.308412817585854,6.0515105680246375,0.3790327650587693,0.8113879419935949,10.548093120287062,2.529567423220008,0.21299061472723546,0.8913269017072429,10.878610923182821,0
2.53662579176432,0.2522610389675528,0.6826610458301782,10.392730186336863,3.5600932585800895,0.3141321345504558,0.6761528442852409,10.305236032637236,3.9835355854367553,0.2005803839399012,0.8086070133405537,10.854087149586361,3.677923720271149,0.2718534620824287,0.7447436998195717,10.469051130504273,8.541680390846796,0.31031552366458515,0.8442449237746964,10.264779155398637,6.3269712152591655,0.2614528534937377,0.9098565809403336,10.640721803465151,8.97165936466145,0.3762737804388424,0.8647593004969001,10.41531454464529,16.68387570515717,0.45615938723673066,0.7797570765118552,10.206704066027157,20.031886087337362,0.45269403833906907,0.8163706754586959,10.235543334973434,18.20448479731922,0.47662362111525863,0.7979427057637891,10.160363965730511,9.153278057154631,0.44535646556208786,0.7747320074440177,10.246228134985422,11.013381168968644,0.38414601758316874,0.8137866606946346,10.281338539956499,5.7206109960086975,0.37209748506985707,0.7737900763226186,10.281326737394563,2.1533565385031808,0.1954280286358161,0.8431884866278457,10.602233071218517,0
2.5655540414491536,0.18080162955212273,0.5989958770425071,10.79651222547982,4.522219339524335,0.2898589746845959,0.6518598618254807,10.450723744030507,3.0125217743027024,0.1650728312647968,0.7840970887987627,11.27244944047428,4.598751847529993,0.2865003646831673,0.6992511392752119,10.619695897991203,9.93652865046538,0.31198926631217805,0.8666806632473247,10.449499524826866,5.514343331749207,0.22786643067784396,0.8756148722739425,10.611475895306501,5.396448134294159,0.22770587575603754,0.9172549671434985,10.858740723206308,14.777567583233742,0.3830883708962313,0.832197254329152,10.40693973444139,20.065759166862694,0.3971530818114883,0.8414262372693536,10.36544912989062,20.13896211197492,0.42396892880416603,0.8046484505000108,10.27271922434695,10.772866911578463,0.4342978228743761,0.7779063745252378,10.44187368675285,7.610197995266308,0.32245679367933244,0.8424549373935737,10.589622548863169,6.340142662453962,0.3404971086310212,0.7993104706946984,10.457193698061616,2.390532890378222,0.1817060371543808,0.7392949562457791,11.028470950791501,0
2.6412625297012977,0.21345470159114915,0.6012153011066173,10.45822361357971,3.5367737495949267,0.27029428202901545,0.6725629547389559,10.314358023659455,5.887493421333696,0.28953060195189084,0.7613222020373209,10.610294234608588,4.54447348545437,0.2939487490309237,0.7498931717690084,10.47279561924244,7.532358853380906,0.3280888238868506,0.8729592042557602,10.456636194315253,5.663837179657113,0.21485729825539224,0.8794904986927964,10.735918639637068,4.689544224243701,0.18635461583892132,0.8773943432975441,11.201561187714784,10.63586105615908,0.23759688310025634,0.9169306086239984,10.670853651904576,12.618757031391878,0.2448107452056762,0.9354903808489637,10.7587509047618,10.849173806605735,0.32480156543557265,0.8854566553129353,10.57217360724118,6.275008731256934,0.37245725672553975,0.8218279419982145,10.519887943386918,4.153576100605628,0.21352770909746183,0.8643862571718778,10.830092218695887,4.36691163363085,0.3439435196546353,0.8505488436786591,10.45550760016248,2.425459321827051,0.19763417056143873,0.8042732902805965,10.85774668654623,0
3.596164660177354,0.266715025834822,0.6771513539216439,10.568318872716045,2.8288602739979223,0.25841423727582563,0.7661164207967166,10.49153870017721,5.203134835391032,0.26182945942246755,0.7552673940121375,10.752129307218162,3.9250361735221166,0.30065673853538294,0.8077545288723166,10.656563065039316,6.297285286385446,0.2593581568352928,0.9192796782939786,10.475664208761135,6.645259084008554,0.22846410663999767,0.9015616824231174,10.83649327586073,5.491867368980123,0.20215680659646507,0.922277569702579,10.844765785925564,8.128432197285873,0.287302349334756,0.9043341965357582,10.511142678333936,7.94266841142376,0.23334430925996705,0.9436553503863003,10.846978466272786,7.0075271344976375,0.2595840993345204,0.9085476898951592,10.742104374482105,3.714442834728347,0.254078785428347,0.8757645142110706,10.826343722029153,4.054351527274448,0.20352370490756186,0.8525867071184916,10.977728602961863,2.20435584858969,0.20391319549766887,0.9087423957932766,10.823732147156619,2.7011565033356497,0.24209703532490986,0.7404152653640015,10.630137270289877,1
2.26429686759801,0.20616399534833477,0.7577904483069832,10.451802579189746,1.7258620273205487,0.15945421258948927,0.8096133785134039,10.563913611645818,8.10893763608925,0.3069498959789642,0.7883881023866045,10.784510361105651,4.096880835582257,0.29717966456259887,0.8304097601034408,10.583884516643321,4.4325147309856305,0.1821005185150133,0.9055507314285596,10.753019367666676,7.95998725869832,0.2890091595512363,0.8690370973198677,10.754122871583807,5.693472589315169,0.20247135678508754,0.862734501647993,11.326843473870175,10.803348773346459,0.3473389159144237,0.8754329932370511,10.383489250405292,9.981736466808725,0.2851471708682705,0.9272542413442787,10.709691796074864,8.30049666455878,0.26923583231997267,0.8745870776396586,10.93259021151756,3.265586898023994,0.2172886054768208,0.9010451829006878,10.969716188788345,3.4828220950937068,0.15834485376285273,0.880680224314236,11.288223630684623,2.25285928915654,0.17363770982064336,0.8861583110281168,11.091651993779134,1.9835847220904965,0.18760584205329872,0.8162993934200603,10.76177553572857,1
3.0949828539587863,0.2775371341373434,0.7368739986571232,10.615616980730083,2.665102220043602,0.2362405714360554,0.7934090637862548,10.47177077668869,9.389013973344008,0.3111727254702027,0.7278862072382856,10.719892969755799,5.208139798826446,0.34977332786234444,0.8184632930980831,10.617335886783216,4.848352170529038,0.21564319288112438,0.892660140255168,10.589907778449797,8.767724754869922,0.26827491143816923,0.8341711786991556,11.200695089544602,5.133463228657419,0.18321510722866602,0.8143947622461818,11.594078457676712,20.5799532900875,0.41668809993142597,0.8204874919715881,10.351880289137847,35.37943549861523,0.5079625987941465,0.7430371060573109,10.49115062673234,28.145179313367976,0.5371105275394973,0.6924624870431174,10.452875001234455,7.2586501399172345,0.348068681332433,0.8085845098095434,10.471387696682072,8.418171507736059,0.2750529257438592,0.7897416213105106,10.87845996200024,4.066859872419601,0.2935453119364984,0.803001914893806,10.806651731660677,2.807442568141019,0.27443628538253484,0.7912625740825014,10.765970186550842,1
5.011345501672614,0.37238464956821415,0.7429981451339885,10.61729581414317,2.6007555198832675,0.25036121203046163,0.8100508390651272,10.630136781042117,21.169130699778577,0.4448057399697517,0.6976959197795497,10.676056064206255,7.659589671519565,0.36058663068750635,0.7663887229122384,10.882006241673135,6.799119455729896,0.27530366406554413,0.886926324200825,10.683904147095143,13.136214388760656,0.36073344696267134,0.813253378360351,10.837971315078704,7.12351422217114,0.24421515199024366,0.877364237272974,10.739754336269105,11.38373384623326,0.3529926662108524,0.8316972159909732,10.204343067610862,17.51054236887571,0.40526692007043197,0.8368702542012972,10.3409071241683,17.43388788681601,0.4843523959027695,0.7553480790931416,10.325022700033621,13.537888384232994,0.491273262531436,0.7176631267544185,10.465639641495406,24.61529873197845,0.47964785356808565,0.7074753761781694,10.54942884521888,7.673653718442809,0.3918595664961602,0.7399378996912503,10.779645351055947,5.853584199315156,0.37831583689798104,0.7696217259697369,10.74473935697819,1
3.4646151529091793,0.333106556199558,0.7708922829112513,10.719402723233351,2.8189483043568204,0.27248619590015627,0.8104799477970002,10.567951324814887,11.649055445226983,0.3765340430559951,0.7289644798671094,10.743789723449046,5.3714601551019925,0.299204593390457,0.8241643844359609,10.975390024454068,7.754424907672039,0.2842413749311861,0.8881408455746974,10.69252261267139,7.235329688408724,0.2819566624777614,0.8591384762579641,10.966654498382752,5.585057401168346,0.24725221288072555,0.8819107524430015,10.789003724657237,15.941412711879307,0.41445746128295935,0.8195702227076882,10.259299980721924,21.066449372983506,0.4112666210101614,0.8456231220696641,10.344568439592088,21.592010321614026,0.4717452475823823,0.7711599356739414,10.343195998542747,10.745728341209965,0.40201628131329004,0.818347561925925,10.534317766455862,15.56814194038802,0.40222602357375103,0.7593512274521823,10.67117541359434,6.18992374425746,0.3358196117273818,0.8040028226796423,10.803133407136617,3.9953344062592366,0.32723968215872495,0.8172437025596008,10.874901951739867,1
2.764635839689152,0.346147190674944,0.7567375211988735,10.557711575732837,2.560251626405158,0.28136994344362326,0.8239150641986509,10.450254153222629,7.792033203232134,0.3003622044982542,0.788786218506532,10.816772353060358,3.9212429212518787,0.2700627503990235,0.8414494369587495,11.090925805317404,6.324229500518228,0.26509730278506843,0.9183857606408071,10.367227382374582,6.995015962391569,0.25840296700581056,0.862630751177025,10.806602142636455,6.547336416550546,0.24516448449195677,0.864459215130316,11.145424611678768,15.064939256821043,0.4123339719743229,0.8094623105231639,10.23597320344616,18.110059979077196,0.4184120332748358,0.831437947442171,10.285929577847428,22.293026395576643,0.549740441626367,0.694387585165113,10.239489539895501,10.17181452833254,0.4365554358153329,0.7570407197142314,10.530720288935736,14.119721380993115,0.38061518997898713,0.7952061457653591,10.580909424552175,5.928908402895013,0.38409221454421205,0.7720351900882062,10.65491459291923,3.5498802624872234,0.3580538607087921,0.8025394860212475,10.718408572705837,1
1.8924366626046278,0.31319548494794003,0.8217542622531838,10.745433243518368,1.5876106090860165,0.2518347721665153,0.8847372047800507,11.029827080351044,8.084429950007697,0.342821989388106,0.809098129566133,10.773727528796673,3.283552878632299,0.25518944969530044,0.8454145726710011,11.256933624466615,5.30982782499378,0.2404360301351926,0.9237936262758168,10.725227811769807,6.199213666052153,0.2489963719643708,0.8590343902454173,10.656180703402299,6.905576692163266,0.2589678479664045,0.9042531964061665,10.965032306930777,12.602107702305075,0.37588543995615076,0.8361589060852802,10.477647022525872,8.677980697877084,0.24982781423818126,0.9187109818311744,10.401565638353723,11.17490162567988,0.3540327259489564,0.8177729281469374,10.522078362932364,7.550100818546602,0.368048478216146,0.8213338834471976,10.622764280315597,11.983080098262992,0.4062547528827976,0.786869355559112,10.592269972648891,4.363359975616135,0.30583615730436214,0.8207180855692355,10.707283114389103,2.690637935821602,0.31712987513028285,0.8452103207117931,10.798702368848607,1
2.026567361654069,0.2552391024019627,0.8334530061207637,10.59732147894741,1.6505353669760932,0.19375751341669545,0.8810034919010198,10.79519307413106,5.740247741097477,0.24350366215045627,0.8310506416276081,10.564161298442253,1.7458607040526104,0.15216849251660786,0.8952649349242094,10.834590024854895,4.365343593629685,0.18049213532800026,0.909124292087306,11.059369129981786,4.082908570501247,0.19438497243982653,0.865469947512125,10.928436535191452,4.544830798052148,0.2288491216719168,0.8972241309370582,10.894876867712075,8.416914100022927,0.33091455215842486,0.8893478737625552,10.35614457610356,8.174835592710489,0.2753658271462765,0.9198594273604688,10.40336879191802,11.063216354054495,0.38080963802324486,0.8090512157691827,10.384040190744598,5.168058540380293,0.31002602724028727,0.8661753157458821,10.566426508540498,6.107597361606815,0.2407843960952409,0.8825069906503871,10.612895222120335,3.1716255042657355,0.2618240738889045,0.8614333303128534,10.520635003025165,1.9116340072972062,0.21063899815060633,0.8848934831622203,10.841942543172626,1
1.5010623725306331,0.17239372728317554,0.7505989302269787,11.0920242901208,1.4117846446257978,0.10400454096273362,0.7920785140862187,11.139137622160963,3.8739582659900034,0.18591422752250744,0.7459760965269406,10.808081959641006,1.3622242225293548,0.1193947086362467,0.8773490555409583,11.027958390398352,2.531907317309832,0.13217517995985872,0.9231571410011785,11.41434194299652,5.618239931732614,0.29920364830152485,0.8563051670930317,10.545485933817128,6.311939647949951,0.29021508513666366,0.8222979637763721,10.881074234087786,5.822010513793803,0.3015839758920254,0.9024854986028954,10.553555127910297,7.1740174918743005,0.27335017587321925,0.915468322715775,10.51598290214737,8.096921441760884,0.3173877397944875,0.8709654176834385,10.648639104719916,4.5878570798536185,0.29637796690936247,0.854487855997557,10.784651501544115,5.718355363925538,0.24376001221235072,0.8778182170706503,10.847250619927527,3.0122803989547005,0.25208810706275264,0.8479616901074891,11.05843356321819,1.8585473391928728,0.20030997818883714,0.8568993355758809,11.158353921632067,1
1.0283782073717287,0.1168480349451932,0.6492662816813419,11.037466159909867,2.4626566784697648,0.13121480705642333,0.6067000977781952,10.698342711730838,2.856165663463969,0.1361021587681323,0.6900045876572951,10.690613620153535,1.7253123985780958,0.13848731735420103,0.7867357433618225,10.784912502044545,2.33672003985956,0.14503654819232056,0.8872384107583942,11.374894195152285,5.6812671265844985,0.3173699217581211,0.878332392122794,10.334038334668342,7.00272824176022,0.25806783730865024,0.7333178965970966,10.37883514901373,7.565682858734013,0.24732244793806357,0.8500099586606993,10.646834712346756,8.361546869255424,0.2710176790912957,0.9106364561175828,10.541985053936518,7.48218224020363,0.28523420050203774,0.8025051530265834,10.610612282701917,4.316202836284054,0.22220674188268139,0.7732445812130374,10.516691598452503,3.5935597869477465,0.16727074354379556,0.8210484835710591,10.717560838296665,3.7258178522154983,0.18855156070021256,0.6417434647060546,10.44597733716745,1.3538050968999604,0.16297363113321192,0.7639954332882762,10.602815300849317,1
1.5686076999386067,0.15528049045573344,0.7075106945525196,10.815365322612688,2.972996790974404,0.1476796801787568,0.692153001966035,10.849762732956064,4.898437646999435,0.2108548776524746,0.7925470993477416,10.511472885709775,1.99846449416741,0.1262145151863813,0.8438350056477313,11.062180712025107,5.005812144431039,0.20413958416968062,0.9339051490169674,11.001415361206961,5.497135967803857,0.2997444537060987,0.8680121159588844,10.32268596675888,6.789017239410892,0.24695044562409668,0.773851739053734,10.353117209380432,7.0470495443146275,0.27413067150053344,0.8628362019553741,10.421413851281596,7.784259864063589,0.2902794236599176,0.9086877233639566,10.480015945425286,9.849620690351033,0.3115305399559896,0.8318589383585285,10.554316805838331,10.231683797444486,0.3187535741398326,0.8138395152833324,10.488630063317569,6.4821619372748245,0.2527650409602812,0.8482074497757127,10.498566788666814,10.780909381649368,0.2925381154563205,0.7803723825116489,10.402911333794487,3.2011480041311104,0.21439763250432187,0.783974178493222,10.549641510137414,1
2.1983313884736724,0.26390647958278146,0.6915056877247783,10.501995821946151,3.838703369432648,0.21399790672139368,0.6540320757693301,10.542520928084018,5.772870782578348,0.31874468363553726,0.8038264720025532,10.470300736261997,3.312307189564167,0.2626577550880744,0.8055135256392736,10.630165465881849,5.526351517099526,0.24388522686547487,0.9418323628210041,10.570585223309893,6.770920004537301,0.3073421497326215,0.8968358577979856,10.284594238462258,7.810197237256953,0.30337903934708305,0.8064726369377897,10.318409447420173,8.494906834459163,0.313104342192691,0.84337444049213,10.345261168385916,7.366214528979345,0.286924068349934,0.9061802863607493,10.406739843991158,7.8760955821415255,0.3329460180788766,0.8386707251969884,10.376162257628797,6.913158805092344,0.33916496887829933,0.7982922530310719,10.32340498124422,6.52319198200411,0.34024364096448023,0.840954382633042,10.371175954403983,7.131524915721779,0.3246115016388391,0.7332917570364549,10.211991810535427,2.974434631165607,0.2991328240009911,0.7717245044661581,10.351058990359883,0
2.8807043676263837,0.4523725686156748,0.7530959185823758,10.453472562555481,3.8927159448009627,0.30191030775305294,0.7096097008412844,10.348199904339591,5.78957320483186,0.35449061757649264,0.8742091903585979,10.412692251518358,3.2912689627151885,0.3019956984617731,0.8383237786843394,10.460496188773615,5.576267742985189,0.2242954954114756,0.9425749607547078,10.452689533971654,5.286349603765837,0.2522178586835201,0.9000235303896649,10.299465075237455,7.224844351721756,0.32618952912475774,0.8388793199231259,10.273272826044591,8.638393363673277,0.28484529598548614,0.8783600589790804,10.378286506920908,7.5129081083770135,0.27126455403931765,0.919681518099076,10.417468359634379,8.686651013764303,0.3503748021134621,0.8106258924808322,10.293732745270079,7.535388083589086,0.3465431966187935,0.7856809475913029,10.286758100809092,7.153266339084625,0.3340360420326615,0.8911767085884229,10.415233278109016,7.325720210983439,0.32000439216143656,0.6911709284326352,10.161364227413857,3.5702597597059644,0.34015416922533176,0.8277844454787698,10.35051046642183,0
1.5408250378890107,0.3635221582431065,0.8331866839061325,10.274130564637494,1.9920187845675035,0.33424987460282596,0.8264540628916899,10.301123476351478,4.601296519471188,0.3493760881878919,0.8789226646990904,10.350072890799806,2.200035660439594,0.28661536082667144,0.9134947156720932,10.378926214418815,4.532795184830822,0.21074207977567935,0.945589830147577,10.466733193555925,3.5531212455287684,0.20630316450565273,0.9130861252798906,10.388895408686645,6.095124945557026,0.2880964578203928,0.9160832153508182,10.375626181366885,5.48561444304955,0.2560162431757825,0.9423618014108269,10.467433669152308,4.617007326626092,0.1903724567656615,0.947991161978789,10.581060311422513,5.063996498072077,0.21342318153951445,0.9139178839894813,10.503138301970623,4.8517778697683855,0.25719528093167066,0.8789764990097422,10.434930831445058,5.284976636955541,0.2877810689040757,0.894924943493762,10.463221460489143,4.746349771600994,0.28065369258966416,0.8167809431307229,10.242840882066922,2.4609323512415515,0.2680569048945262,0.85274088099623,10.32316452729675,0
1.4262805466991206,0.387718399940557,0.8510005706983094,10.291805168117085,1.858174400897499,0.3788291745692953,0.8626803428708248,10.338737224289812,3.5302409860305675,0.24789965321438714,0.9311220361730025,10.436191031358447,3.846141359603362,0.3908487031750147,0.8786098933577101,10.204207892076031,4.955322651063375,0.21358824927659095,0.9307029183904316,10.473635772524714,3.505508730670913,0.1935918053802721,0.9205708579208934,10.304730129004977,5.3839347282901375,0.29543946656572373,0.924147568367608,10.452187004244461,7.568489252688179,0.3200082542738654,0.9027566264347514,10.72114506481782,6.922089829865022,0.27589275427503207,0.9329048338502355,10.559267793380085,5.750829134199182,0.30181142818374207,0.8821913792640664,10.295740602981368,4.517967600678018,0.3300973096864306,0.8620643768767483,10.295197069285791,4.232744499624488,0.2807137531472692,0.9059403378060052,10.523010183785347,3.910995408070894,0.34872807775175424,0.8348894266678151,10.267244258251367,2.1501384226001985,0.3331659325206622,0.8878489281541934,10.319298215376666,0
0.6945705828126068,0.1473224279279673,0.8758339996205357,10.90243225748816,1.200717979640785,0.24725747265691886,0.9079492745116753,10.47240111706563,2.7369717961490316,0.16725124778308126,0.9229022727896088,10.570374922023719,3.211775797817794,0.2864148988305299,0.9054948035151985,10.26512733842086,6.886723320214617,0.3115671311369788,0.8805062671556269,10.42362242495643,5.351183261279868,0.2658864582328862,0.9095061013162591,10.708504485434517,7.386162033637466,0.2414808638402393,0.8864786712616027,10.89535147479192,7.744514246260996,0.24447553027919114,0.8388293901736995,11.568499498482772,6.994249672529959,0.1885308646524031,0.8927358450888341,11.408150087679761,5.787305330632147,0.2346464549348374,0.8712296539958158,10.67808490442421,3.919862879693597,0.2753070832739372,0.8888477296299983,10.487181162175133,4.179608161847207,0.19760774949580392,0.9275662098631486,10.817991820406588,3.112155133838633,0.26908831104887104,0.8659810433092022,10.374312458373486,1.1863175198413747,0.17573857145786098,0.9068275709181938,10.42108598310074,0
0.7470128876790703,0.13715819328853443,0.6856531615793153,10.615872594977125,1.5498472457912822,0.2603128786153377,0.8175389054781331,10.466586498327041,2.8341282063497797,0.19704340017246724,0.8421591562109338,10.459783681013906,3.478079841421428,0.3364542185188079,0.8755866895895289,10.378419688350164,6.005604347417689,0.28616080261957083,0.8790337780649611,10.615242688342503,3.34153891914589,0.1779109458844064,0.9035145530781273,10.904091452163046,3.4953681187155463,0.1721199262245032,0.9422078324752359,11.018960452553769,4.564684806582548,0.18879173170789418,0.9175622787864457,11.592680754432742,6.5289474416502244,0.22627858045996066,0.9315154462906838,10.953658207339583,8.502955742900074,0.35289106756905436,0.8561223840422482,10.405018475125598,5.667353392422938,0.3790562062003948,0.8334615229635978,10.341234934407598,4.704037372245988,0.2677008057646816,0.8878987567689639,10.376788099700615,3.724889540679333,0.3612597825836561,0.8228149536944899,10.270278373356488,1.478134582158155,0.20689268813996659,0.8064512179970772,10.53511112614275,0
0.9543481758607851,0.14640166090463475,0.7131003522938851,10.480293992388884,1.483901938859625,0.2295499863285439,0.8444243113076325,10.617414625762855,3.0642502467397743,0.17873135240776059,0.8339096404374297,10.484925255506367,3.3038926361206973,0.29175864592349876,0.8714173758733053,10.453774624559546,5.246897219407823,0.271733193987343,0.8943914382088131,10.634464659950769,2.8806394721409503,0.16279983557617878,0.9230679591216315,11.11133874975846,5.043218158319727,0.2143294009597219,0.9501989944074696,10.886119117987826,5.003302715264568,0.16266151277425264,0.937989137762485,11.655274135854793,6.524613806664716,0.1915939065847235,0.9589646524661166,10.993096646933692,9.14568315845333,0.33670768048323757,0.8840684407698599,10.383555723275578,6.111833496304697,0.3547692817499102,0.8703931338791393,10.30862672143324,5.539245914527275,0.2841190105990932,0.9154374368136887,10.296220256273216,3.795451267340582,0.33715168293863607,0.8495945788869003,10.279301791592337,1.4685154996909704,0.20027156719306693,0.8445522177812391,10.390304358994042,0
0.7816746508906126,0.11779511122171568,0.6279912881950056,10.475109286029605,1.2069505023901548,0.1920588514506324,0.7670328784122314,10.50316879033881,2.7882341725721003,0.18521362357727023,0.81573521592062,10.448310352207233,1.7611261057730812,0.18916195186834317,0.8701090113585815,10.587166262269786,4.400878808448501,0.239131652873592,0.8663334881367557,10.597139604595965,3.1652861517937727,0.16832190043682665,0.916212016462387,10.987341976262767,4.369630838462766,0.17909533208781642,0.9417137040505678,10.977957576172116,4.451062263387733,0.1476157924795368,0.9270069613261588,11.852180285716168,5.6727296626226185,0.17429101716839904,0.9213330320103127,11.411731079354091,7.532976280213856,0.30645352254898317,0.8711203752119588,10.527821797757095,5.041514026918184,0.32381398198688655,0.856416035759117,10.483807339224837,5.507793501855929,0.298774551295175,0.8654976964262006,10.437725298175453,2.3906307588624194,0.24642351106973168,0.8319577194349259,10.458543108533368,1.0903815094410967,0.15355228516242478,0.795278592637989,10.431464214317325,0
0.6587252040868236,0.13468786983042297,0.575309542662602,10.333692097952497,0.9734275866536859,0.2035626529876313,0.8032009224684042,10.472472256547363,2.2337444117210006,0.1886888196648774,0.8613674428533254,10.554232091972471,1.4969841114660873,0.22081697501744152,0.8566530296860801,10.493960295163944,3.119790334732246,0.19037744439659243,0.919163417462301,11.096859696131403,3.4285576738292693,0.2118293792717526,0.938364136834961,10.680415390258554,4.3261032965315405,0.2116897946675909,0.9319696880326075,10.675104530074801,3.614560347082113,0.14507222390312216,0.962023110172731,11.022031359537142,3.2400136383746654,0.14726694856164707,0.9465054830586715,10.721791949280709,5.9946625590545,0.28393871599182274,0.9074914790328271,10.403542511698719,4.6363582926227584,0.36924121516248326,0.8244677589273026,10.287185182430441,4.15641204961026,0.3437927840647411,0.8853631741799615,10.402707547292726,2.258172561606834,0.2993958252544405,0.7925982476485596,10.350804329229408,1.0406249000895562,0.17687711860119798,0.8171041882901444,10.419710036099685,0
1.0254510550788223,0.14357125371586626,0.6060815854004331,10.333302195252914,1.4421095429821233,0.22067940750588744,0.8042028456484864,10.473172813417472,1.9601410793878482,0.1651176504248049,0.8761073607242221,10.431420431088325,2.0967370928516154,0.2358293695828458,0.9091662850247743,10.523380589381802,2.0132344362527017,0.13195330799488134,0.927495743669162,10.88083171706254,3.32889065923628,0.2101664252022121,0.9396204371063233,11.153282265153896,5.440184504832128,0.238039062148697,0.8837092803539521,11.01355320878961,7.417138044028551,0.21550895325471997,0.8991448318136517,11.272089869091014,7.762452434852633,0.23871117743783543,0.912989157245959,10.664505022203532,4.022318732895318,0.18557436430283306,0.9320045341312209,10.633191142392699,3.721529948937152,0.26796059087631585,0.8763828989614048,10.42067151324508,3.413590228200956,0.25848179133046795,0.8963530912259335,10.607427877278088,2.8603350389822992,0.26647943661279655,0.8705200267121233,10.39912983373741,1.4464824894229382,0.1899768027753551,0.7797663788622088,10.375856557734082,0
0.7668563064335896,0.12490982879522916,0.5653233889011627,10.297449041713048,0.9746645581912858,0.17586709391685199,0.7432799030483275,10.184378415436711,2.3668790580231693,0.19892446976972,0.9044460757349783,10.282687134802158,2.4089928198080504,0.25300435841030355,0.8937424457228819,10.170827693274047,3.4360433200048464,0.21011405890478901,0.8968901418651247,10.526862535799696,2.874035571792104,0.22144269220872353,0.9555786283583847,10.629819118251998,2.9954784055426056,0.15483043358271364,0.9149253596207197,11.320085623185582,7.532089991866286,0.2627571459745837,0.9247249752108944,10.467198232029595,6.825909628257212,0.25208179245585205,0.9122342521619291,10.214854909827576,5.096081219548118,0.23101302656811717,0.9076724887080155,10.531110111586454,2.987849294099613,0.19419972814166045,0.8901562710776967,10.675371965166402,2.433928548909395,0.14160874428401346,0.9123310097547281,10.962826397967724,2.6581238992824314,0.22861676738699666,0.907691157277015,10.499814443842507,1.0204885787624292,0.1395691579299879,0.8009461352797081,10.540536099779413,0
1.0938523544401275,0.1683652508237228,0.6576914513699733,10.367207241830375,1.0456874795328077,0.18550133616806455,0.8175659248743038,10.391497144168211,3.4923253977752062,0.19592075338003803,0.8646411324374802,10.324795896256166,2.3423930537265423,0.23996472651836948,0.9354353204381285,10.294972593543108,3.752181253095257,0.21251279940778411,0.9163821644531965,10.694117670542026,3.8050669932972787,0.2359235359390478,0.9268168809135424,10.701371462804001,3.412003322184517,0.15106698499611887,0.9110007948877806,10.830606319215043,14.625633886715786,0.4794355315140283,0.8022185065291934,10.216979996845653,15.833900548001496,0.44844643741655066,0.8126669674600983,10.165750675334861,9.94334905550212,0.3336226613838665,0.835576022415001,10.395942938854525,4.044863363165364,0.26463319743323377,0.8444350321135338,10.40205307427807,2.472464301098297,0.14824092593713653,0.8916044834755392,10.323179777495522,2.882000692944234,0.25731898940089454,0.8625293771055249,10.364550935749786,0.8660076612282724,0.11071262372487822,0.8134716145158377,10.362497828015815,1
1.7254607131112623,0.20884317435266975,0.7234486630945345,10.2296685053053,1.746423566113631,0.22323600794251502,0.828103637592299,10.352553317616659,5.878564272615538,0.2728907293666258,0.885195121526034,10.307674279689627,3.110591596837444,0.2349665554527151,0.9090808335613737,10.333288565925983,4.20240459104012,0.20382564995175714,0.9278057233366643,10.459377613038775,3.6770022326059415,0.23999648303261847,0.9230668626485622,10.366277358650859,6.438665440623219,0.2836163444594579,0.9131231591369797,10.701319791220785,14.69904373399319,0.4846929169413905,0.800766829680542,10.145667910403713,16.324199610702035,0.4332821204092305,0.8304101551431133,10.139387085461255,9.427064810079475,0.3362017079881592,0.8342753811868947,10.30624322317571,3.94910882720368,0.24790867757285273,0.8834320191270272,10.325973954293582,2.946283948138425,0.1699629021622815,0.9403689299245467,10.492863596904842,3.3286289436559207,0.28913417596448593,0.8736311439516009,10.283127978241902,1.8596903490261916,0.2278115199258081,0.7911943280102852,10.321692216067227,1
1.971079528375628,0.41784890485460763,0.7778152850219547,10.308715287670905,1.96010433720889,0.25943460702456456,0.9009715663657942,10.440308406237081,8.07747756176806,0.30355705814678346,0.8125378833968637,10.80225476523746,5.070300032657923,0.3318686359527548,0.8833149135866774,10.524014768983617,10.640960336504865,0.3819676619388962,0.8576068204820985,10.411861694940082,3.4093605680490797,0.19460700165573597,0.8983619744424468,10.465787016191227,11.141864972155426,0.37650750533571964,0.8459471812449596,10.334148400416467,17.52457219739532,0.4295426091804774,0.8048054756494771,10.426059054964004,17.341143487827654,0.3307396836457616,0.8800181460542759,10.531224573912048,10.753155101105987,0.2912473495590851,0.8691655990669851,10.732293116293343,3.9001769213441966,0.23728723648625158,0.8670391544520374,10.883707304294637,4.22223740788484,0.225563417659223,0.8754973488812328,11.15679614679423,2.660213979111478,0.22448863039355765,0.8635012190818393,10.659588858319912,1.7162254793047496,0.3028743700873753,0.8722499437249311,10.51748741266373,1
2.5746621561151346,0.4547517763971297,0.7582493921993347,10.240186135892436,2.886957278836989,0.3167155258128506,0.8175990815999645,10.363121130834633,9.552399290438434,0.37386165048563175,0.7919039405041426,10.49102875901584,4.04910763119405,0.2771970064687796,0.8371294369834087,10.52099959663712,8.42332412038567,0.3201087280385229,0.8792725891390073,10.38830175561144,3.051756412887662,0.19884813961153933,0.8767185734278493,10.408301035172924,12.25704611950326,0.378971437563178,0.8300836219551039,10.41565625872297,14.660726437966137,0.44229877019528374,0.8213884628771932,10.355979448542694,14.273450205039463,0.344600691409231,0.8898509177018716,10.527234281070681,10.073563190873882,0.3413451801364702,0.8448396334395648,10.536079535472888,4.259928907291153,0.30119550474897144,0.8899005198766624,10.451462798343819,6.629083534926657,0.32890499047827887,0.8579620616405578,10.464540213360264,3.0324131662355143,0.27932096887084906,0.8737712802852708,10.435763390337147,2.130515571336178,0.3353673342210577,0.8623155523974141,10.317868581392506,1
3.3344232549016812,0.4176499877491277,0.7458195977169699,10.756083444686332,2.9872842725996214,0.30677551773701217,0.817557726643822,10.644141485967356,10.631671087374073,0.35762445296871076,0.7625639426467847,10.928007370637566,5.019656557150005,0.29474480987638285,0.8487632092577594,10.725590627270936,10.784023381336603,0.3205436806936585,0.8630529625145767,10.613697501214318,3.6548522108592962,0.22088927940592937,0.8951156503019271,10.555852971624141,12.700975304627608,0.4157042326744707,0.7866166342251306,10.167329534978965,12.911498573358182,0.42028143137357404,0.8255053637074189,10.405693959245658,10.313099896392771,0.27504880619652267,0.9119214121127005,10.682858920734413,16.78391938864224,0.3387091902918836,0.8314720819462041,10.748767054447153,8.955043123815903,0.31166946893974584,0.8411078175309943,10.954116107293087,11.662378984277813,0.33842802511553616,0.7668313443787887,11.091344851852341,7.531052141308091,0.35056865788112407,0.7963301985903942,10.938068799495547,4.272063987632484,0.3994156610123314,0.7554652419537655,10.88782013793835,1
3.031159135205875,0.45192024427862054,0.7758274029639244,10.358394816100386,4.008234776648377,0.372849526501284,0.779363469467566,10.679661287943743,11.69133258411148,0.38431454040603946,0.7546227299278595,10.586010545712034,5.771289220114969,0.3520730768021582,0.7934917638166106,10.547673219157742,12.138317675565803,0.34084929481221987,0.8421871858794477,10.435678290686528,3.141541601679351,0.19841027262214334,0.9196042681999531,10.968226557395836,10.125657787002057,0.35588490883200047,0.8361803953889638,10.289735380845375,11.964407720502386,0.3601448211613249,0.8537557663607495,10.475172776389252,12.458069278719934,0.31628415323334996,0.8764575403668566,10.712230933815205,13.071737582013684,0.3662139333939487,0.8051801548379232,10.66841869149121,5.857623545028218,0.329103687892406,0.8550156079506342,10.57633095557021,14.085250309608629,0.3884326942363977,0.7980508958535187,10.56103883091673,3.844121632727301,0.30450114729676764,0.8453950830457301,10.658485234896776,2.990280291824936,0.42517469049112205,0.8145750605246619,10.388389042704926,1
1.8542602912197692,0.3255927822523657,0.8402627826227517,10.524696858761214,2.2584877280609463,0.30633988969264664,0.7862086504639813,10.419761107429286,6.68023267791669,0.31382330051262264,0.8231284249855356,10.539559382122524,4.373560556039572,0.2486586009878426,0.750804877636481,10.338554994447806,12.440751212060206,0.35476440498867895,0.8207450303560835,10.44105643364698,5.058132578136433,0.2503987146575825,0.9368032948857609,10.631485036134805,11.911516397384613,0.36029373172510903,0.8354749606027487,10.44171273892976,11.589197447941249,0.380109231285622,0.8445260884249649,10.358336041534278,12.16693556662949,0.35990278534406756,0.8786813369830152,10.36131205431305,15.486115009921999,0.4364417562530802,0.7759816046810417,10.397292350850872,5.836748573098728,0.3407899694496233,0.8690656534724324,10.552407095815898,10.486109447028547,0.3687528477779881,0.8357630478825958,10.497725646726439,4.199785850351212,0.33098238621145165,0.8475374233317281,10.652555329267743,2.521302698558166,0.3524880641993142,0.8609046036502878,10.505612554192398,1
1.9796776330190902,0.34479292865418226,0.8165296535748789,10.801289078233244,1.4514640153518639,0.3147623050136889,0.8475390983598963,10.609528960875155,5.751457102637594,0.26455223846379144,0.8636810154815312,10.902680516565749,4.369162107645769,0.3012263059320657,0.8024815940906257,10.55913510629756,5.950478213789025,0.2887105629228387,0.8269704605711075,10.379931317906,3.379552001644295,0.18066826874879893,0.913278831810875,10.597358318442188,10.242218574419017,0.3887573674477524,0.7896657996244926,10.239350087958089,10.191896849607373,0.36027906731218945,0.8283538357633689,10.413309636436956,8.77150132449236,0.33403821278001966,0.8698175899236517,10.319061465163873,13.36292949294162,0.38421455100043217,0.7896614186798552,10.480311210583492,5.581490368266166,0.3097817712332759,0.8702437352342846,10.701695278049579,9.594748185788152,0.2781052350179051,0.8346940068320595,11.080272243768286,3.6000152121144353,0.3062299698927956,0.837220056409015,10.707836826215125,2.605794768699056,0.33039225324741556,0.8326385513499384,10.870661261039682,1
1.1623790602286024,0.21738436854768675,0.8786960631697859,10.723380914758124,1.2539743650952568,0.21360445643399142,0.8777855691297293,11.066674845053933,3.6169337846224625,0.1570228708025724,0.8579534356681188,10.31382642816455,3.272079664455169,0.18832631497897342,0.7485304962755808,10.799183842786446,5.379992589456849,0.2200610525409063,0.8096703165326347,10.675834690290097,3.4043232273588524,0.16550116486547553,0.9162157669561113,10.916224068869692,7.846334510362802,0.2541805198839269,0.8734591666117112,10.769887796013348,6.803057896111536,0.26614319892935245,0.897375780248077,10.78911219040148,8.097989987875621,0.2800805869612648,0.9238822128845743,10.700779823144604,11.32816884399471,0.3393649793397726,0.82509282288424,10.755508879947616,5.787884194582009,0.3621332511418981,0.8358821781502895,10.7293179239611,6.015401780434334,0.3008569687510763,0.8456801870713668,10.154244001373181,3.782023338435022,0.33015497391591,0.8309345853936588,10.867947905518523,1.8957844669774184,0.313093182354339,0.8709663315163797,10.415161065183382,1
0.8278188839804957,0.1821699200531908,0.847334438401735,10.785856951744917,0.9226615039804973,0.18683404244033963,0.8540206685139151,11.061473633474616,2.583365038198078,0.15801093137949718,0.877615799966992,10.942092760143229,2.332616511282475,0.15642212646610648,0.7524145720498399,11.060954455403285,4.151819208669737,0.19692406945078186,0.8100788212185154,10.446283085744374,3.4376129100980046,0.16321406161351296,0.8890020049849217,10.811531440416454,9.033105824237866,0.2990659990460378,0.8252093509365916,10.509292481956114,5.472615088827642,0.2685983370393745,0.8719834109156253,10.721255124943973,7.785406858928415,0.2982206702032734,0.9076814566932335,10.788178191312591,9.239397491994321,0.33842722718716167,0.8343143072630262,10.620248045315893,4.118332045140541,0.2408714964150664,0.8503590685658098,10.725321093269907,3.259596145032228,0.18017131951925186,0.8829249752961823,10.658772798928556,2.900382789019279,0.24970781604152512,0.8462955810708229,10.883320582935145,1.1785200504231346,0.1855771237036641,0.8538354856894255,10.847233882927709,1
0.8411890666324735,0.18386805873097328,0.8564430906122117,11.19920629106225,0.6862167638889436,0.15404928836694812,0.8622809954467846,11.58874115878679,3.186303760469076,0.18453634539125982,0.8920835812820959,10.842175556207541,1.6193813395143533,0.14485551384435774,0.7825344056410235,11.357894042214276,2.8086065101892315,0.14775155532304424,0.7992961731218547,10.606434986841588,1.6649017836663953,0.08436596688729854,0.8618912553099316,11.10829734904166,5.524693367233821,0.21063232013733132,0.8364199325748959,10.599613044514133,3.740022307097451,0.20320507943328636,0.9205463699494286,11.116207168331021,5.662042444036663,0.208829619896088,0.9276196702739167,11.012446134062827,6.613993404217455,0.25953300444654104,0.8324066171123928,10.61821852911197,3.0854119866930114,0.19252406444792383,0.8410844350428501,10.616201850558843,3.237618707731493,0.16548884218135063,0.8676880893516556,10.735196885193044,2.172235458486976,0.20467504314709556,0.8398750961715359,10.772816010452832,0.9295022223627487,0.14973711718241312,0.8566289631453101,11.026987306751264,1
0.6102435628353517,0.1381734888083777,0.8129784138697344,11.784200480805636,0.6715451264525334,0.1491912333283477,0.832197674326258,12.027400617557788,2.1892666025350707,0.11454807791387993,0.8263339641762288,11.148499411617566,1.4244568530753665,0.11181438741028332,0.7796106121394389,11.912371262780644,3.378262417117842,0.14945203333822699,0.8006151267334066,10.824885454241846,2.6386065303564163,0.12904385901634316,0.8886999071921631,11.252724014889516,8.590517527337415,0.28543548656014917,0.8184052711118608,10.684011366736451,5.488232750821025,0.2702724051651721,0.9012027258177779,10.80534186349783,6.422503781800675,0.21285133187113212,0.9154260686339764,11.008827902393547,6.644327120943146,0.22766756349494313,0.8067147137919216,10.764391315236225,2.62902301693937,0.1434204823629356,0.7877344081729286,10.854916647248162,1.8463103646113936,0.08914253153557854,0.7571409936087824,11.299527115835037,2.1648536365430955,0.17392430571368914,0.8145029145916328,11.01531371234599,0.6377758111642136,0.09876565874151148,0.7785718871727866,11.770713339119862,1
1.412183702736005,0.29442748389737255,0.8199662480292577,10.776601601079982,0.5339122725755918,0.13240158207505848,0.8421960158123218,11.784594195061155,5.6361775987625204,0.2772092434488272,0.8578927783203223,10.710039591410059,1.3146165311785154,0.12059589403658819,0.8666722667128666,11.571806044388035,3.2221933292696106,0.20208676158268174,0.8720620087253433,10.645185037709423,3.506102639005654,0.1371525914110765,0.8745673761566677,11.068834454946215,7.114003508270068,0.26098447681026493,0.8379074963670312,10.450019488280837,12.365200399464205,0.38138810606793533,0.8387832744267371,10.63894229077024,12.16850815023535,0.28978411508162943,0.9072587427194632,10.750464028793484,11.241231268110583,0.3451137295749994,0.7884493630576345,10.546946492824032,6.24670050965892,0.3008602450008981,0.7719997307735816,10.472922802474816,6.224587647068912,0.22954900629205519,0.804779279775614,10.66395418550844,3.4420718638354133,0.26799652639963095,0.7989950254894926,10.609689112683975,1.6804061567988182,0.22742606760963957,0.8143293607766159,10.795077197861719,1
1.7356125923646764,0.31619729653330847,0.8296282278856791,10.504619829969807,1.5012164397660217,0.2722740049112774,0.8838667026369672,10.751202054003565,6.300042205587111,0.3031345036122066,0.8162349453307295,10.498742235762366,3.8650751200131097,0.2703123349938283,0.8518862773281988,10.701191426507988,5.813567879845924,0.3027822629997754,0.9083807129574568,10.584045134771221,3.187756640497817,0.14781395875162726,0.933624832098388,10.872732526844468,5.6609317353073285,0.21482060737059439,0.8199063173831249,10.364058140205016,6.626207278134157,0.24931598647114842,0.9044875148189885,10.674001416758628,6.379896511408059,0.21057302389864457,0.9477860992484255,10.635381686246152,8.13150599498109,0.30936899649655086,0.8422049916210677,10.447169521594471,5.671244064003254,0.35958113839355277,0.8283942512315071,10.358179994688335,6.615281386774557,0.2662366052826357,0.8232412328029769,10.537736360693613,3.1420657151928384,0.30890863564617205,0.8397487708642676,10.47725991298829,1.7165036412950296,0.2801451873679345,0.8383705800279037,10.587313615365696,1
1.1551169762907916,0.26849610573015154,0.832974914837405,10.385623805769036,0.5100073181352264,0.13446119943654275,0.884478714211923,10.91176739300568,4.112330649835415,0.232736210441085,0.8343247400940496,10.53422093071253,1.2578310596269886,0.11732582431450325,0.8559734777212488,10.959073299544096,2.1842958213129755,0.15392538107953094,0.9250967839652853,11.192623570892222,3.3877153813330008,0.16586762173777367,0.9280416283776409,11.385002284900773,6.88397392828069,0.2567806927490901,0.8612795057580508,10.73534652141406,8.483209110834238,0.2755313396829771,0.9015820306199135,10.740480164312645,7.780228894296451,0.21341461023847821,0.9478119849811355,10.745338820105301,5.916245272322293,0.2816200474880039,0.888180579080853,10.535438211022473,4.025724128253563,0.3113959968817314,0.8674773755893143,10.465572238373559,5.276810938149239,0.23888209347319592,0.8433296498548751,10.510485632394758,2.509363479666983,0.2915738724249289,0.8815857969054168,10.488605717165349,1.2804589829026827,0.23425002144862828,0.8884796729301883,10.571230337512738,1
1.7468489568924732,0.30221320772118604,0.8605837558762219,10.417246593662085,1.262047017251601,0.22578347147621397,0.8882194330516829,10.476291988388027,5.622356328564571,0.2657496534988736,0.893169488103028,10.456345165066432,2.8356713517409062,0.2328880948847211,0.9027943527013492,10.70898107545368,4.246396339632093,0.25166630772659015,0.9246297195972,10.666337490983029,3.649454381106402,0.1961093049613758,0.9547938051389083,10.821730759402698,5.269857318081145,0.2274842906590693,0.8991056825823213,10.494699569341627,6.682850203437189,0.2889198066027593,0.9271278731627742,10.713055610359023,6.560688661980034,0.23607043674800748,0.9190466608280606,10.551675947554486,7.341422607101016,0.31225621841684686,0.9257207339985616,10.39843494153004,6.17445875809482,0.36875438480762623,0.8734602951741526,10.453445665062253,7.165642017609515,0.26788051120502665,0.8879636953564063,10.577547794435853,3.2926624032015197,0.31725051384309494,0.8778569312488259,10.401230320748706,2.453900359544421,0.3170469434891428,0.9077823515861365,10.46495084679587,1
1.7297942708992256,0.3543994392966879,0.8525918987965698,10.369567569642495,1.5178507222837492,0.3067525134863079,0.8832941646396839,10.406838663013584,5.808124389932177,0.3718936509198989,0.8624227359823491,10.264842634516082,2.49707465523422,0.27449056223125584,0.9139790650617685,10.45298550387407,4.878637130029859,0.2915088233076774,0.901052676415365,10.459178774452042,3.364772279428509,0.2256640837776794,0.9532353204647539,10.688419153695907,4.765056745917719,0.2359374056104292,0.9001916252625899,10.555702383565107,4.625976828537149,0.21309678510227398,0.9382914345081286,10.598736864913906,7.522088181786025,0.3169198130309218,0.9327982481204209,10.396749292767986,6.178873961188611,0.3273130190460484,0.9146126797262705,10.413106927834262,5.021801589692089,0.3584506622550466,0.8981295104648337,10.450695923375834,6.184007793626649,0.3228222560607034,0.8940347244483994,10.519373693631398,3.007785451555908,0.3543426458252062,0.8823995831510245,10.318907627937342,1.928526550341235,0.33520632328083605,0.9146237711601148,10.407281962956445,1
1.5574472755778082,0.3234295088710106,0.8771098446278983,10.421739276618966,1.8025762010684954,0.3104817215274719,0.8491610609700014,10.324998796538853,5.225735128449394,0.3478855343884799,0.8798737697975584,10.310364461380459,2.1895649948816995,0.19607521351883772,0.8823716833528357,10.586903889391754,8.116502222072386,0.35448665082043873,0.8651533958748184,10.306019773610132,4.92445544362116,0.2720347653403817,0.9381209093537638,10.7123314290246,5.130969875268473,0.2502363277910421,0.87969056449427,10.631538894907848,6.775250669200119,0.272563123994896,0.9244663581605003,10.75482277919703,8.146214918481098,0.27701985663957285,0.9464867094271617,10.55312380340281,9.054607057839833,0.34471827325178767,0.9025940183847083,10.298612377125407,5.091455583034825,0.3073360997615852,0.8902526612430408,10.387752440471528,4.8415648179563,0.2354412534484755,0.9168121966792637,10.591887373189163,3.1497423148355725,0.26092149724297414,0.8907318692412179,10.373208086319758,1.7058218098133087,0.2467848017723117,0.9401796780582115,10.542137359385892,1
1.874348404602745,0.3457153265658811,0.8937141422704916,10.38223404980599,2.032133078258398,0.359289642075081,0.8735057508987737,10.358620450011003,5.582320608948967,0.31975603332553104,0.8965614327766366,10.224274070247201,2.9869412886445215,0.2850791289568924,0.9007830087056472,10.419273055164847,6.343572618647919,0.33088501034833595,0.9015025979929918,10.30264191516714,5.0024556210654945,0.2656138310308454,0.925328412188545,10.539176081874878,5.964908130352742,0.22943613574783536,0.8513495195458078,10.56012730119828,4.882655975418197,0.214670420206699,0.9264315650996916,10.511860690742084,5.293375824579639,0.21519992163995427,0.9545275639637234,10.419639405698781,5.904268757251399,0.2815690868740056,0.9150137150242695,10.191390205880126,5.202430306159296,0.31257708594458816,0.8785817683607957,10.305228516015221,6.762699293803187,0.29277511761022385,0.8978197079562477,10.404149818547488,3.3184433116616243,0.29248431196999325,0.8825847228455004,10.409799558722945,2.5652457650721256,0.325547593425852,0.9016545909942447,10.463794512644295,1
1.2819548436824102,0.2843225772784062,0.9248701368753188,10.304126120592661,1.436161802172374,0.284649199083786,0.9101006544328502,10.387078773812012,5.655636624812633,0.31504524702940334,0.856100157691845,10.526139928327977,1.32034173495492,0.15750989354280312,0.919691979203122,10.485472066475642,6.139424077777046,0.2981211059281033,0.9015245255959199,10.25385128549586,4.773163095107995,0.26960077921371145,0.9231981147228484,10.770591705003886,6.842544137490856,0.25169517571119526,0.839822396418207,10.704741710967932,4.783079702183798,0.21528432718997206,0.9334131931979229,10.617327188164762,5.387688514466772,0.20779471640936148,0.9562288357439015,10.59194620982714,3.8700834016088015,0.19079454035586915,0.8902865786495079,10.50607472376656,2.0936971642413384,0.16182625795758626,0.9322689814898673,10.76815341227412,3.9810955984779195,0.19520839948548452,0.9283583181518736,10.699858084241583,1.6708557183259611,0.19095731448200085,0.9021379695292894,10.599293248031962,1.1735863422796138,0.21413963458652233,0.9388559618340191,10.595552859385657,1
0.859252102193386,0.1945407573065204,0.8912963463221754,10.69114219319097,1.3969602690244967,0.27141551171055234,0.8893936015326243,10.604079528037527,4.249935184923983,0.25306245040526887,0.7771786958279059,10.419804934100041,1.18325559112913,0.11865852703935732,0.8262618833962274,10.736423715700528,7.408007484377683,0.2717402444124899,0.8871607506514667,10.419349633559944,3.8240401074095436,0.23375826287706641,0.9362384804906887,10.705219560347862,4.069592842180322,0.2020703907167274,0.820597720172919,10.490575629485484,3.9182857447302326,0.20028157424002843,0.9263852537473309,11.025778798192043,4.340679815157421,0.17515832428578312,0.9378978815554376,11.025698709573287,5.313064394101568,0.22056378642004743,0.8996835768381819,10.513371960950977,2.0270346004107935,0.14435381459016122,0.8876274702353855,11.18998673896891,3.985983108470334,0.17600399149290902,0.8547021425180787,10.547182316076004,2.0512823694437827,0.187229071004273,0.8546919711500786,10.863985056293645,0.8499492900947717,0.1426758964176751,0.8661934013630992,11.18900229559949,1
0.8794553135812657,0.23025203769878283,0.921613171622985,10.670622483636933,0.7167269706705615,0.2275092964742883,0.9251018366394141,10.5988995156203,4.388058994077342,0.2522414683771758,0.8435730733867749,10.532786718913353,1.382507705071727,0.1780923074206832,0.9135709612920363,10.955148004486462,3.88337132881738,0.2245445772508846,0.8938052068142297,10.357609497558627,3.4354714281682175,0.20230496060225223,0.9380991560687336,10.669127221208901,3.810190449711577,0.19301100679910688,0.8862358317622595,10.389728287454233,3.0503614408607547,0.1625244852337773,0.9522640921118658,10.950389202088342,3.831370488560073,0.15994384448175672,0.9524644391673327,10.669440386058925,4.146080266406883,0.20305145693637267,0.8491290730062163,10.403727239795504,2.1061820483067484,0.18065885931924014,0.9213672365458734,10.920457518849922,5.0335574231230655,0.21772547592243993,0.8768122468296402,10.488804844464626,1.6925692060678328,0.23644185256553968,0.9059947198351882,10.492098982302192,1.137034033403127,0.21581686508069037,0.9226946170191113,10.660909597335904,1
1.0373694241878342,0.2625606787538478,0.8566249359743395,10.750478705742557,0.8114210049438343,0.20698679930725647,0.9127458332895402,10.64475390616221,6.027462325184339,0.29466385410805085,0.7132545070939053,10.549864007732777,1.5557275824295722,0.16505424597466986,0.8692599785426676,10.729702721303319,4.336679072525813,0.2045097304622558,0.903595728784558,10.440697258767004,3.1167711010511407,0.1494079252136188,0.9097215152451624,11.068776302393378,3.026798002581991,0.17585116314547344,0.8783036450599391,10.389485960132134,3.383269053042061,0.16234631862661117,0.9381871570226641,10.701030371366947,5.16712132278008,0.21714792031140764,0.9512471717344313,10.489300389856266,5.513797047215965,0.24220389286511582,0.8572947794594241,10.544801379938862,2.440735025593654,0.1927478251523322,0.9021474657547652,11.276245523022016,6.556387848558728,0.2611120706781493,0.8149753510148291,10.611240519204744,1.8317007712012525,0.21985622144267827,0.904956647448205,10.831064694205855,1.169133181146129,0.23871310651832123,0.9028975270198786,10.787148344893057,1
0.9385507715067831,0.23093331294346905,0.8257089232803133,10.902503382694096,0.8110864689270292,0.22801425394715505,0.9150248356258562,10.728745961075967,4.496215675177316,0.2623561758674585,0.6748990077968788,10.687002226931329,1.3763700966718242,0.14966177041006318,0.844569999208868,10.80714749857097,4.83430756583215,0.2491878695702432,0.8750459494252105,10.772253341752837,3.584048492643763,0.18580552011719345,0.9022996067306138,10.763370063870118,2.7817025432422193,0.15693180462912826,0.903098998808428,10.778507065476843,4.418191012995024,0.20587638660796184,0.9212012402701316,10.772848884212792,5.854946392982691,0.19542980533172963,0.9208836124358657,10.636700885586347,5.466520034807202,0.22199620486101512,0.869380432918985,10.491252086940047,2.7668054013751555,0.206207010208781,0.8654699392047112,11.33642589916086,5.238645674656098,0.23197303921875825,0.8567452012028567,10.689879008880757,1.9831966791134963,0.24715614551665985,0.8720985965888566,10.900285545089986,1.2155478290922648,0.222221715745214,0.8688400394390811,10.890164572614799,1
0.9517530633605409,0.22416604743525984,0.8357895452928177,11.34345050698067,1.4399975155746003,0.29111006550413276,0.8697217882420585,10.987741371065836,3.046142610999854,0.19506585762436543,0.7873999434903648,11.216284786253308,2.5299657241589553,0.24083830095886408,0.8332646424074339,11.252176513538284,4.992081230639414,0.23130965233864706,0.88909487883733,11.020446065555348,5.4978439337440435,0.23198963870828657,0.9097903091212688,10.581911896463494,4.869382706626847,0.22506511033442614,0.886192050232894,10.466364587253825,5.603087325306182,0.2292637368441914,0.9430383833145358,10.622532812211771,4.597254377416562,0.15726513835747788,0.9549026256234165,10.948358816598422,3.30400003903254,0.1764116937327078,0.9131523670926949,10.84908014883659,2.4752357265135103,0.18619964930812108,0.900022739598543,11.413468579663396,4.457159854436686,0.21029325238603788,0.8586891467783352,11.035715156212627,1.3892089789646234,0.18892827185953195,0.8976374324730093,11.310508027342726,1.3471787526471755,0.1932351688988251,0.8912452598309509,10.969860773514585,1
2.2865066836378043,0.42496040488561077,0.7765332708982658,10.518901320859639,1.4886872881516828,0.3155708287204512,0.8887705945971258,10.494460576854127,6.286003504469295,0.3338855885042641,0.7682033392805587,10.497374142438586,2.42079203881913,0.228632695015883,0.8192620421753151,10.5644932303967,4.973931271767211,0.24648594635798868,0.9120220877821039,10.884533292274147,4.167206495918849,0.18803245324820764,0.884401511818113,10.746241817034004,4.721066564139857,0.1958745190308142,0.8656036246153042,11.207546504964638,6.321043759715554,0.22135876412202346,0.908541224704324,10.857519125876632,11.058813582098319,0.27597994270960785,0.9137494538264009,10.555576176511936,9.490469514570853,0.34283419644390506,0.8680371779178496,10.480286524803264,7.420134800338719,0.36776730846981426,0.8106492421767291,10.651753997346772,11.165394404037396,0.38684332517684106,0.8077480638044541,10.515888217947365,3.9766114847331937,0.3641205178410526,0.828051490888369,10.63443245204446,2.9003878767019193,0.3500583682733704,0.8421546550508983,10.567067322906263,1
2.023142065972749,0.38471671992079526,0.8202969267894551,10.409630692716265,1.9728368246648988,0.3901143660740133,0.8341312602580582,10.536345447847467,4.477825772218581,0.27085762400795116,0.8065454778186256,10.530478044148039,2.6731677608571567,0.2463831544932856,0.8208515463843019,10.720539323539054,5.90570727167394,0.28597822197220646,0.8989156379395088,10.760555279338872,5.114433686264196,0.21648611515059804,0.8824928817556672,10.503560189709916,10.95260391341892,0.3260702652114552,0.8214152996055356,10.624633486495714,11.523771996789879,0.31738197647845984,0.8327323163082574,10.58159745308343,13.42659401150746,0.3046164076837511,0.8623372217394845,10.839556994444983,17.530249992852042,0.4133572061816945,0.8039941257552067,10.5059046495268,11.739782335944943,0.43490758302992744,0.7715220899364348,10.539127993641545,11.392658830089584,0.39222924831981765,0.8217090810947726,10.476341927881792,6.159663751802771,0.4188993654328462,0.8029385424786977,10.503735305603412,3.0578270025708925,0.3394586477049385,0.8547619132246711,10.538752133445131,1
2.2214668021648514,0.41439627859556577,0.8190726442371853,10.334214313579832,2.184048864649951,0.4169282313149869,0.8168409116810236,10.36976708787765,5.341264977739304,0.3145395074008333,0.8444597247105887,10.365134464314215,3.5015712985169047,0.32554217876355973,0.8336569200741006,10.61761504912946,6.91953875119813,0.37058455701645926,0.882344172686934,10.45141015993005,5.278072661382958,0.2350880978795973,0.9025122752730108,10.812719569035178,9.416696949695234,0.3458504345026959,0.859373216176627,10.376491770040323,10.480161497307023,0.29486672073745934,0.8458555944400572,10.468763444875526,11.765230823687514,0.2852560561236472,0.9112346462357199,10.614337410621669,13.952218862119373,0.4460703227882148,0.8180561139028264,10.346170942826737,9.614473569638921,0.45664436357162785,0.8022876001096237,10.360628735931375,10.920511944134335,0.3915483413552638,0.8187103096527989,10.263045297184053,5.261706750031615,0.4590211816697538,0.8087339432985494,10.307251818740637,3.0658934373988598,0.37243525411351724,0.8538319779595148,10.34132407129912,1
2.02173609375365,0.43231880220082697,0.8030469120481429,10.221637724540898,1.6987965389744104,0.35192729006309775,0.8582048660486603,10.308507154154526,4.460559161460662,0.29830912029752643,0.8522553643657056,10.413439216045841,2.470743075117632,0.25874170661928836,0.8628818239342029,10.51532863643801,5.7668067696616445,0.34544471093164436,0.8715761084992496,10.742222661800632,4.194706783781699,0.19397974254952344,0.9303710070696379,10.922478867968795,9.45656553497059,0.37459190151532973,0.836334720931367,10.422501958758678,10.745818840709022,0.35544068159614867,0.8578118064552749,10.317865661363935,11.580305108874489,0.32379283418285765,0.8944293900931753,10.575832193336968,14.667224577147469,0.48954773205826607,0.7779002496875218,10.309487300800615,10.083788476390986,0.5048303809719354,0.7527187235085346,10.263437521592229,10.428140298611277,0.3906523973889519,0.8404320409549958,10.258557926049154,5.503594495612322,0.48830838991057396,0.7371680956095796,10.214887307507729,2.7500324218476417,0.4101461070935325,0.8166096720757197,10.248922326666213,1
1.42287681549783,0.3093110898538489,0.8699029241583486,10.417728924019531,1.6127082268676527,0.30635936750451237,0.8555925655297935,10.390129732114573,3.9542624826253268,0.27542545571557947,0.8984738400460519,10.635601013015364,2.8278258703819072,0.29338310991266525,0.8644074018566914,10.602803679971345,4.648493593368331,0.2790860477799674,0.9095466703510221,10.775132173377322,3.726314655638361,0.21549843933964094,0.8993371571552358,10.912327214951,13.350626019200865,0.4682101734485805,0.7816373869296033,10.360285723151659,13.264315247904774,0.4061348714452939,0.8543129324542251,10.254791927439278,12.109169208473551,0.29917692908877747,0.9103684451529651,10.55823819451201,13.126982998628892,0.4090030168091932,0.8297249592344351,10.279902244979953,8.617867657180994,0.4302920347090355,0.8208202330142502,10.247931920689693,8.67796806993869,0.36895167704209014,0.8617460355985596,10.305679860790882,5.6091173770864104,0.38293351577548895,0.8416223834537082,10.248253848786726,2.769514652802063,0.3618762516143134,0.8689625316322572,10.316591147300707,1
0.9441994998067398,0.25799131839508316,0.8603978266229027,10.50710350410707,1.1820582296658595,0.24419699042033347,0.8903707891761976,10.56230828546343,2.6198970573573863,0.2222453814533121,0.9119206151259368,10.630440085446066,1.7299923303480185,0.20574545814236564,0.8878270967864325,10.655239268655837,4.063254983447455,0.26124255836062166,0.903625908482754,10.977094649741037,2.4014236592518907,0.1453996846444776,0.9231734421657599,11.23609400111291,5.150313185981625,0.2562044996897416,0.9107713201556495,10.682530015512587,9.211461202190447,0.3456400677593878,0.894728593069991,10.361728614969207,8.142724276977777,0.26180346113378916,0.9358062842831203,10.695021815328303,4.539498687349556,0.21459953483184033,0.9164776087396879,10.658873184271073,3.518997747636895,0.2849110769969747,0.8822443783006092,10.417465841876693,5.823904411946294,0.2946527627653829,0.8865265004826441,10.38225819714609,2.101376182074933,0.2363431741558289,0.8515726362183458,10.50208554656388,1.3868910408958537,0.2852509662626625,0.8431181549701819,10.546777354184147,1
0.8016451856066944,0.22960152462236302,0.8999745083689774,10.322644422713086,1.09491728371014,0.23491990448585084,0.8618510859077388,10.2794281628919,4.523230557192257,0.3070952410978535,0.8921701608554304,10.271589400512743,1.3710955712917245,0.1837444183974701,0.8718065607641028,10.286203615766771,5.132794237212307,0.26176215554103766,0.9304050961608109,10.562429840736995,3.3510026128397103,0.18760634298921677,0.9513396764796747,10.847149672774593,7.521194517261343,0.32557726847585633,0.8957643455779208,10.489931158213762,7.565969609479863,0.2551268184964171,0.9247985839307523,10.487975954045497,8.521665937194879,0.2470835472605196,0.9195273989229734,10.324666057482165,6.666936217632731,0.3358539318957317,0.85356540767742,10.193302135824474,4.341085952925694,0.32898467819588495,0.8596178704996148,10.226550302322726,5.632191900600974,0.2793030548266196,0.9241933729433287,10.358791892384499,2.9534780963287552,0.31137167030603086,0.8084273387317324,10.168640359814097,1.2736875392853795,0.24390415266858154,0.9148470586202074,10.440177768661883,1
0.9308002497678918,0.22649913153300363,0.8637101127964228,10.69048762942527,1.2916444695286071,0.24452945359347497,0.8279738715340978,10.305787424081723,4.747109011019035,0.27546750101946615,0.8583523978741361,10.357456095534452,2.0622173634712793,0.19332539858056305,0.8255062265680911,10.362255818356381,7.457833831832778,0.33901886498322914,0.8610715840166172,10.468404458710548,4.045345355409374,0.24031499878676923,0.8977934908699555,10.526579605833087,8.660559709627577,0.3324151165152779,0.8767149625549796,10.533913273499483,7.25110514438199,0.23123050378338625,0.9017486706104213,10.884699013488435,7.758081723875278,0.19951900929026378,0.9445412884838619,10.830196044579582,5.4584466600470645,0.19316281800104473,0.8803757012220732,10.729703940902443,3.6067759058484383,0.2345036467465358,0.855804456705285,10.572140735994394,4.994861325787291,0.2429400271569803,0.862336905169915,10.720877795566917,3.3356807301985096,0.2747279373570894,0.8294746161226825,10.405684716506125,1.3547791726328917,0.2294191096100213,0.8830865423965949,10.669250883181457,1
1.2035730563632363,0.261988503732569,0.8627421421995782,10.711574965140553,1.9846438225693759,0.3123260147950514,0.8385486521918334,10.726576632249465,6.243350372274796,0.31128192506387986,0.8465971966239086,10.457338760092291,2.4034002199599627,0.2365247149957681,0.8536541444406752,10.831885734188912,8.219736821810681,0.33973297625478505,0.8854974469982838,10.611879643508509,3.7237832840977036,0.22079579757839857,0.9213236688453741,10.660931194990757,6.511459936178199,0.2558322496045806,0.9081547776257772,10.975976337926483,5.066250079596258,0.18068941786127699,0.885176025265024,11.274490700720616,7.400720232165588,0.2110336997316051,0.923805575289172,10.687453993441656,6.7125111000073305,0.2519544426010988,0.8813633007806382,10.397656579310276,3.628347753445257,0.2706312199870236,0.8844178597556325,10.62225541074833,4.351582829951861,0.22150226859409225,0.8958350008682139,10.605920551085369,2.9316573432071307,0.3117425351384985,0.8383919832063372,10.468493443291297,1.130301933817053,0.19978694502454336,0.8831892169218644,10.7543730787803,1
1.0445227200156932,0.27017928347471165,0.8411661288745437,10.574552465108438,1.6576966170024114,0.2894632414817268,0.8339656984801629,10.460218258085566,5.128409393998218,0.2800935944880656,0.8148764105127996,10.573334880538285,1.7241327976705176,0.16217011169171372,0.7506380828440299,10.682769216223551,7.804933289471607,0.32844579543292707,0.8872019946822766,10.488322090430364,4.2684224468510905,0.24511637050643498,0.9118759425566966,10.558161728889226,6.755188096017409,0.30151548960424873,0.884407256112025,10.799800460324269,5.529196840861474,0.20191432720538546,0.8990714798147349,11.05891706324847,8.950625094866078,0.24569653027532773,0.9303794066050742,10.680966202752899,8.137049709536498,0.3165483671587893,0.8618098875706535,10.435691116595617,4.037515536648783,0.3070745803192818,0.858374501901284,10.582967815840338,4.090619645957252,0.22157125380472117,0.8744561713305555,10.681734716549096,3.1235937751570213,0.3167249373763912,0.8591048145346639,10.429378338184625,1.2277922318031615,0.21612086846210996,0.8812716699002305,10.70815228980778,1
1.2157858881229822,0.2260132793674625,0.7296231356380629,10.333363417345174,2.4442010903294076,0.25260996191561524,0.7290942978840276,10.444352051380227,2.994305093172595,0.18100804085342026,0.8258567809169234,10.628615612239969,2.61920447196517,0.20035949997969682,0.75591246028228,10.421251475572458,8.882492055181402,0.34194748789709256,0.8845636532445211,10.400673763912577,4.386830028884586,0.21496333286758457,0.8912070071272704,10.658091573242695,4.609699193182847,0.21417872169245733,0.8885319082670842,10.94502921585864,5.162531736565599,0.19245559516485772,0.8857190825895761,10.904450044009955,6.972108737054413,0.2036029239998815,0.9489634209144711,10.839521522022194,7.7568690495520904,0.2775085864714242,0.88783421975019,10.623088224108706,4.404704773685672,0.3122183967887029,0.8645716320001676,10.597149646028646,3.7452111524366587,0.21777766327039313,0.8732673339806278,10.604755892987997,3.0214851706321926,0.31096823578280675,0.8686947368027169,10.516527643410168,1.9399854806963412,0.23118161184644528,0.8547572397658133,10.616818954842286,1
1.3962743138965805,0.22600968611909975,0.7195185841544959,10.469777065932874,1.9774108251398386,0.24282534567455955,0.7302173977915309,10.53263452484401,3.3419705654130323,0.2193928702755842,0.8863877065003402,10.576218018095364,1.719888276241949,0.1736815189814473,0.748970284678289,10.77848237937881,5.613944047400228,0.30237715635509693,0.920582512095011,10.552848403060503,3.2896509832376934,0.22312917366982166,0.9185603663709072,10.44019608704563,3.137151766291571,0.15882013709855972,0.8815571906318285,11.414197937625563,3.9235027386917487,0.18585438435703314,0.8902748538289552,10.993153885784684,6.212757040529368,0.20995064136496633,0.939534318645581,11.016390716610223,6.0595685252107625,0.27662665918235196,0.9023612328438949,10.437985495050324,3.42353855965111,0.28305122536771143,0.9117691451391975,10.602847432559184,3.72444815780608,0.2544237438935528,0.8761421947353453,10.470672164472171,1.966872604738924,0.2578658636474651,0.9013691328883595,10.70490670279144,1.6766182006080164,0.18518744529527506,0.843910627482014,10.632424119268514,1
1.1830041322904001,0.19230555709844652,0.6404187750982011,10.327879802998371,1.537756303649907,0.19687847899582764,0.693716493338026,10.498789067304442,2.273226009632855,0.16330829892124604,0.7928754157134131,10.624178588780318,1.6620607072483047,0.16331796373692906,0.7003907403053492,10.62221155608389,3.2441298307039026,0.21734240180037692,0.9417480320090018,10.59498255503353,5.2380184954182045,0.23187818782697328,0.876929919999575,10.284168706101704,3.6422825012933884,0.17071459576143763,0.8447706735671463,10.998989119367582,3.201402749099338,0.1303379949623902,0.8734253742899809,11.15782960121313,5.055370481698737,0.15443602270445994,0.9041082368080678,11.428255004187633,7.843208659553721,0.29664330638020053,0.8385894356170496,10.811345903762092,6.638036163664431,0.38869513653849436,0.8237934649723637,10.53461456442814,4.17924282988306,0.24346567387761442,0.8299113972494621,10.379936273808166,3.5380237074687724,0.33530426916699446,0.8065458494985404,10.64099560412109,1.453127086314573,0.15027491377448124,0.8300055375829237,10.574153351513168,1
0.9724427646930693,0.09424037380980414,0.4957834569487058,10.337627148986792,1.5607724292602834,0.12551298864174623,0.6258007118687482,10.729767180510024,2.195953436417082,0.1303920168934381,0.8145492608113831,10.934825050802958,2.0087766944956233,0.18643734648061325,0.8353710885362158,10.908356257297285,3.83579303689767,0.19362042077328326,0.9411563835423324,10.669708840299354,6.030766651305683,0.24143859827924605,0.9058580463888678,10.499052847117284,2.9281380544543847,0.16662106659490625,0.8075062701804393,11.18453822871024,4.467439322171997,0.18629645837774794,0.917502495973742,11.016806302112775,4.129500595363453,0.16473237058609821,0.9451911328903598,11.231981323408904,3.99016043000453,0.1951803347811467,0.9162583787160731,10.551612576203858,3.472893538948251,0.2768556935221815,0.8865126538965294,10.328113797538418,2.1421456091410476,0.1453905940058811,0.8970013782746904,10.819669897763955,1.8759307627611232,0.2336650336773449,0.8671362274252815,10.3376236289114,1.1195781930876232,0.09528622281585618,0.7541727353844908,10.616877523953686,0
1.578064425292474,0.13428874143052394,0.6455431160788815,10.782367262837543,2.0557670105705776,0.1673099497996297,0.6156060232493441,10.78943930338241,2.824206652140231,0.1697829519562136,0.865833484946144,10.987777550603646,2.6021272610899775,0.24905634377034191,0.8437273478046194,10.925150545651087,5.734764993281797,0.2981736584082019,0.9011646709561711,10.667230946299364,6.671202794455376,0.32309774383247547,0.8675255544032431,10.452390821429763,3.392126765840249,0.19516061894241143,0.8233119701578445,11.259949528347475,3.5815248735438896,0.16245704250138704,0.916007169268101,11.332002425605262,3.4957913702352617,0.12956884667163016,0.930741332759468,11.234427320128066,5.3678913335410785,0.21346954607318883,0.9102340005868661,10.709760552671117,4.366694783128469,0.2782181630909853,0.887705573381323,10.428492850813331,3.059529364298538,0.16875691598748832,0.8906568460175653,11.022676074804846,2.764176081407771,0.2505572524633706,0.8615123138340821,10.58764651623231,1.685203391570953,0.1411002578166554,0.856547277970545,10.817217865682023,0
0.9591949593111769,0.11511199742547053,0.5104890751521024,10.522222441377375,1.4172671695669379,0.13699324117759795,0.5819421517819471,10.648908314571392,2.324004369260466,0.16938014222443376,0.8218497960333252,11.358929426195074,2.194078552903264,0.2544672467134439,0.8513965154685336,11.028266737257248,4.539566610658911,0.239006352730527,0.9247596021199411,11.050227683558605,6.002547548658614,0.25005618148406106,0.8934927076785801,10.47008598051817,3.172923690420531,0.14908666377633506,0.828612886084414,11.188354317749171,3.6738859340139167,0.16437193329157282,0.9291662097607404,11.123025740180996,4.462612809231594,0.152454587655499,0.9303738762501155,11.099917299529226,5.053784755284183,0.2373327337412251,0.9187647301432065,10.937445079229462,4.600484995402111,0.3170583622202718,0.8662883721300291,10.614896293283975,2.762146540901466,0.15593131148474415,0.8965333216980064,11.137450957012081,2.6858948197330794,0.2738085804840765,0.8632780132666619,10.615876257902212,1.0343288014328824,0.1198387543079595,0.8152566400550388,10.830377622673621,0
0.9560503990094528,0.11057302852088564,0.5886635714725994,10.548347435962581,1.247232344560991,0.11875129643335086,0.6132019408347819,10.622243854193448,2.126082901208423,0.15315654689053126,0.8700571380191561,11.038867848687829,1.8134908310526856,0.21297340308318577,0.9321322365995579,10.857667697454731,4.8005459893688744,0.19846199599614267,0.9618094038693256,10.80515586690764,4.011864994438582,0.19551822657346313,0.9460337461764947,10.983133636251386,3.509211376274109,0.1583611035729868,0.8482100685697928,11.470000953642039,3.0861064670138876,0.15634599308938404,0.8971110553770374,11.281424925562032,2.7182640440763772,0.1009979910158531,0.9355909992044398,11.550472104030483,2.805842201698875,0.11504597190344347,0.9417967383561335,11.350892940006553,1.7507265398452674,0.18235591686296518,0.9210002945836353,10.560512417859767,1.5897809338854025,0.14030400862916648,0.9052270654590833,11.255847252261661,1.57157718522874,0.18642978602524232,0.9200257152389625,10.631759526178524,1.0380761271821157,0.11614109861721625,0.8447470849859047,10.680471754276956,0
0.9305388072477474,0.24288582266234904,0.8631218756990249,10.533329464701007,0.9942568311931269,0.20879858435482582,0.8572754606846971,10.772118043213203,2.4047282528809464,0.14960826888909567,0.8733174750213155,11.638111105093977,1.7110475168133,0.22138283413272536,0.9456173947762362,11.136697055427538,5.4093355912502386,0.24303844272512776,0.9256500061445421,11.002940682650193,3.2134392168153214,0.17209132660720902,0.9368264856890133,11.158814188211748,3.274930385630075,0.14819332204633512,0.8470679680278509,11.166780192232174,3.620188560681374,0.161258859279073,0.8757782308682279,11.912989299424085,4.362064954553363,0.15624276215225436,0.8902167668881771,11.929914321712173,5.383840800063746,0.231533572001673,0.8782707761331247,11.501039436486096,3.4403706350787226,0.2382769341020951,0.8981533614587761,10.818379274637486,1.588711005631548,0.10259048700334661,0.8989565385264312,11.339831270402245,3.326041505329342,0.2792880530957543,0.8788889037923064,10.79523003530102,1.4000856506969168,0.2140973004452792,0.9200381818053968,10.642946825365138,0
1.2149811126031231,0.16917657965853516,0.5961537100475415,10.33652336217975,1.4907952054561098,0.17809964246904472,0.6625951634239369,10.241449205907283,2.1278532103228014,0.13737238770741084,0.873378985339579,11.269186927311646,1.5137723892750508,0.16413275576247127,0.889643546520985,10.60413176070314,3.524208644247186,0.18154014773137303,0.9618451492655473,10.784356508324423,2.6860214841328176,0.14421123766496743,0.9324423665288882,11.147803871565625,2.8444591795847867,0.14020576183269517,0.8315872724600292,11.443883565998043,7.938704561915352,0.23835589739733737,0.8232833576085345,11.68452056870326,10.811133562645278,0.2684611737035995,0.8767061395831826,11.164256896594472,8.736075375251396,0.3342326973768335,0.8744868624944093,10.764019037019931,2.0423899346991865,0.19716256549984412,0.9101590157113231,10.792407521406401,1.7274363185350523,0.12258204655614206,0.8747683202540466,10.99718776881739,1.9536191142518713,0.23500126177764552,0.8828366497716279,10.494849110951453,1.1196351060256364,0.1264517921790707,0.8139925786619755,10.528651716400235,0
1.129836405721526,0.15179618000534797,0.6190519426845714,10.40331030114019,1.5289700075479895,0.17404494127793194,0.6631238964797921,10.184477006885169,3.0069363398563755,0.18330221621162482,0.8795233497188811,11.088979057195584,1.5945737441347205,0.15759815760392815,0.8922036132156433,10.519260696631626,3.0161520165334825,0.15899783304619686,0.9535516489556181,10.735146488935031,2.337755199254774,0.13183234034205524,0.8777559836440358,10.967415418873292,3.6970204943671288,0.16030512520039225,0.8906065142249336,10.947389589392227,7.576350452028766,0.19747640224245638,0.8668155838689071,11.66462663402383,8.011532704861434,0.2292033253404517,0.8884604423332163,11.346111004567279,6.873470622945497,0.3014810417086996,0.8778509099744087,10.739362005127255,3.062142533029828,0.24507866685806634,0.8954492400814057,10.536268094085601,3.7435533814679705,0.19149171299294857,0.8916499222339798,10.7049582492991,2.5914891375608398,0.2807600665154249,0.8682051646270603,10.410968229797444,1.5385154436243094,0.16899532996156352,0.8184100705247801,10.613397551894804,0
1.4489933038043943,0.16873612440335542,0.6154485197223848,10.355134634836496,2.334671736188602,0.22758536510035712,0.7117001380282747,10.242669421019254,3.2029221632055584,0.18449625686787832,0.8641500165862068,10.851495751827567,2.3107473487104833,0.168876858285383,0.8645201826218598,10.545255137850956,6.182246742174858,0.27741721529568075,0.8993910049043093,10.653398692701892,2.162793746023504,0.13932912925654106,0.863190751469089,11.005176754158239,4.082154993661797,0.22240803814521143,0.9155985944976018,10.773446213749967,6.277827997473686,0.18169599220398241,0.8345779500761954,11.976290483066606,7.387683246869274,0.19613733760676313,0.8601782119533987,11.700480154304396,6.646939548751021,0.2789025730560818,0.8589157558057834,10.817762797326584,4.014412364429722,0.26821027352997895,0.8582845507224878,10.43080946667897,4.852811797742834,0.23593669489578903,0.8669556232922345,10.667326310697646,2.997488104468581,0.24502783270517975,0.8167405063037052,10.369635462318946,2.1178182794942804,0.19734249836569534,0.8086072587573786,10.402582363338395,0
2.5953220021323316,0.25244997368733263,0.6536631450641371,10.516830038398881,2.5639972159153377,0.24303410736323935,0.6893884753202634,10.345852807242956,3.4807797459320704,0.22013297431899168,0.8394447172119355,10.79299745846416,2.7153014160302194,0.21623505850377467,0.8495456266056223,10.582850671148845,4.109152930806565,0.21047943969538435,0.8883713770786194,10.62078380478214,1.2036252270989798,0.08302889853899803,0.8939369365358732,11.089069495619404,2.9732402084775487,0.1697320647563657,0.9104462963979781,10.857851213254786,5.133058498088696,0.1587079770172857,0.8493623527196835,11.930696870721492,5.282932464671182,0.17410802641973572,0.896283271073253,11.633525434967325,5.795954835108092,0.2541908900410671,0.8697857081639765,10.731717059895004,3.4628870220530037,0.23245397490591965,0.8689025664956544,10.432195718699832,6.774315584079806,0.3187344080820421,0.843053540286494,10.536959680652261,3.0774946478005916,0.27250339430986836,0.8281156921852443,10.338707406157218,2.778853273917712,0.24727189231329566,0.8132599141535454,10.517536093239944,0
0.7476785686371232,0.19306405330314902,0.9050074822471506,10.47785168471839,1.06034923347393,0.21296389358582463,0.9318549178100131,10.447851671837965,2.093437449302907,0.20134016572848645,0.9028054840223744,10.703196736987302,1.5403388774324902,0.17478047562414334,0.9259241342021445,10.626717635626004,3.9376547203963606,0.22679468903046732,0.8879104801583564,10.778518394702589,1.7854862274238141,0.1010137063362664,0.8733110724434404,11.293848698189368,4.360014135250946,0.18680253516717618,0.9129178787124352,11.11770615735264,5.48914252701848,0.1755331430329195,0.8763612061915356,11.444528094225964,4.199152176826957,0.15706989387684991,0.9316943460931759,11.475442664376862,4.272771823492865,0.21470787575494243,0.9186713503684492,10.670099913727121,2.737523167754161,0.2403798847333411,0.9022390102998995,10.475594284407515,4.417217404333167,0.26291424220066906,0.8485917809386451,10.475761763078829,1.9999353380269023,0.24168111453645968,0.8674188157240004,10.540303187459376,1.3663339701274808,0.2299341977105132,0.9191709276858702,10.533128047263897,0
0.8288744488285775,0.22619601198687736,0.8791250721746232,10.506058469194107,1.7182627996348514,0.2856654553292549,0.8684239680322622,10.56620442967288,2.150588949405271,0.2052793523549587,0.8983374940975919,10.889047230105081,1.7890276695224128,0.21730846372358775,0.910931828665961,10.70652675481628,4.900315503917387,0.2089569101988428,0.8873431287334632,10.968888604950607,3.819785907271689,0.1868520582908623,0.8482700393775758,11.021709361332121,2.7794315352261285,0.12555220190533908,0.9061101546234128,12.189662768625519,4.383124226551588,0.16199203614671565,0.8629006445345582,11.947227029770945,6.437332448164214,0.22205265472877625,0.9303505790983088,11.16257702005856,3.185111128839945,0.16761462045335104,0.9245542780660215,10.951753107818917,2.060465725627264,0.17286578283553156,0.8901495458825442,10.679548164549567,3.7371662926427516,0.22206518201636247,0.8612748076882586,10.802742448209413,1.6449896071246044,0.2182766646119874,0.8890253169622013,10.569375568182085,1.1811205639250477,0.22287292494478989,0.9305260628735422,10.472157310702531,0
1.1053701026229117,0.2556155135543221,0.8683044707160872,10.311015345632368,1.3777339736681062,0.23902369540990187,0.8942488170956497,10.59472101531169,3.4201692771275125,0.2599640223628059,0.8586354879432293,10.748666951836912,2.1907850837764844,0.2638973773847183,0.9153947671507289,10.594552373640132,5.057947789004579,0.24818168688809586,0.9129179126415832,10.593340424201266,4.3114110047798775,0.2228963870970479,0.8988023930202602,10.683858355117355,3.3414930450933946,0.18235736708044825,0.9012204051133076,11.309552021357558,5.702720400000353,0.21962168860423317,0.8675033530853578,11.297993802535254,6.101419027651884,0.22287496282379876,0.9504848348278909,11.039649760575065,4.208181813281516,0.21779982321531083,0.9325832256467208,10.880966193501843,2.5075009689733,0.20584678486714936,0.9207364228574247,10.685827758523178,3.168528641270983,0.22086137556300334,0.89882715231048,10.638146262829489,1.6682548502599484,0.2504051649597472,0.8835027484058835,10.499312343137998,1.560820458292866,0.2650206655215972,0.9053732072367876,10.460162242644365,0
1.1134154087232366,0.2868572199362046,0.8863451734849678,10.192322659864983,1.4104785309151213,0.28269840904377835,0.9031783762374155,10.273960137964194,2.0706126421682995,0.1983219751863115,0.8458610570409928,10.615365750355044,2.267926051676801,0.32374735385175957,0.8801435655181612,10.228947681496583,5.229603608489897,0.30657090308738943,0.9045227100755412,10.419977586814955,5.21275614334651,0.2535109690755534,0.899383443853577,10.67969724135969,4.215002448119803,0.19279413833306913,0.9036116512509793,10.879667219495825,6.001608167748206,0.25893730275974053,0.8979647775426262,10.86932488388707,5.882856636090443,0.2188787061493646,0.9746805840717023,10.738750967327421,4.190148515518343,0.22605141025693398,0.9344506121539828,10.711922456822847,2.595034485034993,0.23215632632673291,0.91016436019765,10.615063061024982,2.758852126594626,0.18887997200888892,0.9226211256429573,10.8146368391644,1.6584190656163742,0.26819738392507303,0.8889857597706056,10.38582867501702,1.2655469776682535,0.2390930962510556,0.9313952135921416,10.494403241326927,0
1.168654712114308,0.2972348227343236,0.8662894236140216,10.163814977374207,1.319782943770755,0.25859336705163705,0.9094569361172419,10.391140163436546,2.7034825973551277,0.22611869174099594,0.8338051544241749,10.456363052951417,2.364168520152522,0.30696575868838955,0.9029648574577877,10.484734674539038,4.961783635523634,0.2707642190589431,0.9337753424999655,10.472889713522626,3.7159295257557976,0.20015438519195256,0.9098573592264888,10.704455336821093,4.149929942557477,0.23424835496860377,0.8477713048875406,10.912760543294754,7.7902425094132095,0.31742820771830005,0.8749088840739232,10.658099147361485,4.9817402236527295,0.22546778036556875,0.9685012744564298,10.546940303878623,3.9664898824508494,0.23641988330898075,0.9271957869549161,10.878206488374985,2.6424932637307688,0.2316553352100119,0.9089623921559575,10.532560740389437,2.9140192415152253,0.19954468274684367,0.9069755574083471,10.724088818261087,1.692091188097859,0.2885036059798516,0.8918699226437335,10.360035798209037,1.3231085833128975,0.24654626507079155,0.9111501786081297,10.362641870542646,0
1.5306149015053374,0.2940686882304753,0.85539234258287,10.370499862365591,1.6134042276325706,0.2596433530927262,0.9032147322122114,10.58950194414911,3.9423809043909936,0.2168644172447733,0.8432588829209625,10.646779424147171,3.6297683561384844,0.345194206814858,0.8687765438693591,10.499734897748677,4.2082278503496156,0.23976847449580152,0.9262573094538457,10.587665397596142,2.447209101640246,0.1607182962246121,0.9324082712368899,10.686311659247703,3.474091409862531,0.1823978353071834,0.8012207614478953,10.604792890704344,5.919284575504626,0.2764509926675425,0.9113414308700573,10.425929981627055,4.036367914219653,0.17507630214377598,0.9745303548802249,10.655506265503115,4.047511060024256,0.2416627173597656,0.935699955179544,10.812889853152841,3.855471339221275,0.26600991943639474,0.8626365461553827,10.77908666193495,4.309363727826946,0.2115070453800716,0.8853665079546549,10.856385686850736,2.627475332564979,0.31061871034767685,0.8427634317802128,10.567452429414544,2.0985200101769363,0.30150161151788013,0.8750999542627907,10.507201974551451,0
1.0572030619017427,0.2562424954017125,0.8660553006055384,10.86247354848221,1.4045060143458252,0.29166880305571713,0.8785976879453551,10.703587321178908,2.9329387512822054,0.19509304344081013,0.7922804309442111,10.608420667456684,3.192705286836378,0.2511987553369235,0.8255723536058885,10.734631537468223,4.237259864310297,0.23891300206157684,0.9127743779963683,10.48719121064484,3.548612828070561,0.16413244111303182,0.8841304360000982,10.764421161330693,3.9957057966754945,0.16865580044790654,0.7721067359433007,10.96043132610533,6.621974305107835,0.2543998790693422,0.8451864326639008,10.428154577296077,5.580865144754249,0.20377720725444556,0.9342558864375471,10.635787647724852,5.435394508121055,0.23585540457967497,0.858506365260541,10.879963071308826,3.8592209921929634,0.3223963601179111,0.8736126152437206,10.586460431358796,2.9946095803082997,0.18441405063950395,0.890000710058681,10.719577885926626,2.651794247465099,0.3165686527369483,0.8643266443999235,10.512228141544359,1.136812107938731,0.21561630979740262,0.937586743594173,10.72902923270029,0
0.8908356473714438,0.1990778229290841,0.8498560939769627,10.828414375094681,1.0911920786580838,0.2322512555454749,0.8902515236124254,10.490632489350654,3.6620558355069095,0.17997222605867455,0.8004393205618252,11.323033672876267,2.7072345638274475,0.23432639043104145,0.8329401909785134,10.553116569821578,4.095130785929003,0.19712726087847493,0.9335032640820795,10.652108797853039,3.298617985324168,0.15918160507072496,0.848133757215392,11.170774158469433,3.640067744662296,0.1528218683762209,0.8492956988314966,11.041572346764704,5.623477964697601,0.22218265467147238,0.8497590428345513,10.442861726906601,5.473218780275434,0.1996171223423727,0.9154113831158462,10.577912607891054,4.065024335877766,0.1897591479515039,0.8714444012897461,10.742535891421802,2.3060871134073078,0.160640970739639,0.8876650105089875,10.663432442128185,3.092753303595798,0.15920974509287547,0.8774512537323294,11.063554354631561,1.870838390497147,0.20803040318770577,0.821968716229784,10.467774802513873,1.0818906874600822,0.17788328867552566,0.9334914997628204,10.852736698758514,0
0.9961035969949134,0.2132970184436396,0.8057197713525337,10.973185593744637,1.2585922716402633,0.2392170104349572,0.9004108940031386,10.562570698124516,3.4336311570080422,0.17261330476872488,0.7938450463384045,11.43267139440065,2.9399487082160864,0.2603777473592851,0.8022833545931255,10.438065298938216,3.9884527519936714,0.21933955699662122,0.8958108280283945,10.558790549707243,3.7354469322684465,0.1916827092451238,0.884946708547238,10.760171111676511,4.4414650218381855,0.17551944642516637,0.8411555082974835,10.88858594962222,6.610214172324873,0.25898765317489636,0.8865932080647142,10.53905259800512,6.951094682146671,0.2517273039981303,0.9245036361940956,10.707013423457935,5.153926135156554,0.22010453097858038,0.879476079280481,10.841866456460103,2.832838529889737,0.19988519097744895,0.9054382144384163,10.920078878776616,3.2464180752373597,0.19739401072044307,0.8846805781012385,10.929660047982521,2.0024797156879557,0.19456634004849604,0.879201643752937,10.660220227358993,1.5368212506778025,0.23852570126356654,0.9111408717439246,10.771650779509669,0
0.7285788402389662,0.1667207037775618,0.8167087970944463,11.207133075094708,2.8253651970012386,0.2599916620591951,0.6885228633004605,10.355143282306075,2.29790910806682,0.12867965679107352,0.7549287845236692,11.644029041011233,2.865734877270885,0.22633798673275948,0.7996849822695403,10.611335903298873,3.3692407230688772,0.1729592931633654,0.8460370409845297,10.790602143978669,3.589385207892432,0.20339986837807839,0.8271067469767984,11.103585616914204,3.250133754702279,0.1476159565546785,0.8151013883483341,10.988894026020532,4.684360155340086,0.19846585548905493,0.9092966052641684,10.901298229709537,6.525032238953658,0.23466949842057333,0.9285292623967695,10.776813764951083,4.314202880141916,0.19495116288439515,0.872549263603554,10.768807707244095,2.2188977966370707,0.18517706094263758,0.9210800637097125,10.789922046645858,2.4704640898466925,0.17411292167518228,0.8826406016972057,11.03538956258587,1.5906717951521014,0.17810677259014843,0.8438778639151454,10.822339605039623,1.0305587546190338,0.17761063592081444,0.9362203686831382,10.939545292802457,0
2.944957113630466,0.2398158167679831,0.9249474540562864,11.172054093989484,2.435414790719433,0.2202060334651813,0.7130015633265218,10.389435625974198,3.729488267585615,0.1674330975247405,0.8375063982539084,11.37626230260565,4.307102418511152,0.24750333716559225,0.9293214849934387,10.981578850729372,11.809811507270616,0.24441518278128496,0.926583296696787,11.074262004568613,11.401100043941966,0.2297300958476728,0.9302330787069917,11.045213000157673,6.372028639466645,0.15489133654516377,0.9568666975012267,11.26055451838168,10.27028972259069,0.27538627691189177,0.9158215261408698,11.046312165693433,9.823491197748728,0.25629553640130437,0.8944169968301249,11.263306493062078,5.092434895080145,0.19197065976861777,0.8944263212732328,11.195938265005235,4.985376255651114,0.22636072537084603,0.9192252928885922,11.129519462078578,5.918107313778393,0.2152658143539657,0.9372335017617005,11.244002169429365,2.9590338342310685,0.1735916898344059,0.9130148489616964,10.997599212174666,3.8545590555439357,0.2512770548715265,0.922729502945123,11.082212536530914,0
2.8430971518428274,0.24842114646313684,0.9335895302742713,11.065224839343767,2.741589016804104,0.24535885098482701,0.7350919982568254,10.379637019769657,3.1769467661944204,0.18698409561158919,0.8272256986430568,10.675770926245283,4.527485006933809,0.25614923972306286,0.9346199973491072,10.968816063259439,11.917299032330307,0.26381033504385676,0.9190696764599586,11.027926012678885,11.446271381648812,0.24196987290857885,0.9276976282467254,11.040442936110631,7.959399155516715,0.1865835645017235,0.9422454440390823,11.348078438996989,8.431201240329127,0.2567415663179836,0.9254624409746444,11.101107300078828,6.557770294995416,0.20356192611340213,0.9389613014495927,11.361432916021638,4.5248723943502505,0.21112140018526585,0.9303532461711376,11.027754542779068,5.251653498592621,0.26817788164927353,0.9050675110579172,11.057205276885332,6.459406943076423,0.24720346140921717,0.9348778982681597,10.990256390521584,3.307258440146834,0.20350230403870848,0.9460905688536418,10.977898685285071,3.693422453171917,0.2577330429769411,0.9221449608236761,11.058569698202218,0
2.972947484751494,0.25878852075439407,0.924323838213827,11.038680940445245,2.5483265898341196,0.2092200700973246,0.7104607459743484,10.49981724745147,3.098255321825406,0.1979744770571008,0.7920371073960112,10.71161472525653,3.7765509982241268,0.21803624125353482,0.9280084672204808,11.100387191701707,11.317748212498563,0.23820630969063966,0.9279784385801424,11.100169421212453,10.891432437870279,0.21425300845895576,0.9313590566406262,11.193100644921948,8.037106801380478,0.18394194840201303,0.9497404770893921,11.293147032522743,8.915111421080464,0.23866134485617857,0.9346803593800472,11.148888051624546,7.228174119659586,0.20340540200437046,0.9385966266177863,11.383208870388478,5.80058111350016,0.2204767920733639,0.9308528291269624,11.07747357066597,6.690266070344836,0.2805413794509435,0.889781935047445,11.023742667327781,7.204758728346063,0.24128082561149067,0.9435158836371035,10.97182449309631,5.132290529279404,0.2611802566637594,0.9253948385530628,10.866065707787063,4.317018424570309,0.27870469422383215,0.9079196380007001,11.029438507220808,0
3.6682748402129794,0.22553463291332537,0.875027201496713,11.586430456290822,1.0910181619262147,0.16969341405248564,0.8640284415222385,11.144981508352481,3.2795896911538214,0.18581859333013817,0.898096168303656,10.94491401545839,4.932597881978526,0.23065082677928933,0.9120194576384423,11.352434027498479,15.302378895289575,0.22891415168269877,0.9023726480103561,11.403482475862308,14.319668852237054,0.2123320296851315,0.9000015999512442,11.430543470076163,10.45711817886403,0.2053646626563782,0.9162848619996421,11.471223036334846,9.826434731285591,0.23012007303409385,0.9103991118357351,11.183559858754997,8.523194520612382,0.17232764874688578,0.9084838368582853,11.369677785624091,4.99690946897401,0.18401084076778976,0.9251205058171434,11.290383643125674,6.495166436159632,0.24327890080400205,0.8676806641228964,11.471185553513417,8.193422782341736,0.22312957937764732,0.8990461502112005,11.506449656812434,4.033434687521623,0.19270964097149587,0.9163198495278477,11.459224343047199,4.654412260014656,0.22976539374530444,0.8818794421659809,11.542720137081222,0
1.1855774152757967,0.15434253715510818,0.6643659116169842,10.817706642488215,1.2858146682682507,0.12948803616141066,0.6131574513412484,10.520276802389551,3.296866243522343,0.12156241459700208,0.5930005236075591,10.43703619792376,2.5873428870476345,0.12247568814482339,0.55122436988223,10.567347820034513,8.749636848102401,0.14957180150971738,0.5137322969898936,10.30080171166186,10.16110100493213,0.17512847195201212,0.5550702994001888,10.379976679693899,10.599721792341793,0.21165532889133126,0.6087180511830582,10.525676917887859,10.312736396538542,0.25702811894209754,0.8198502288938316,10.664212449125705,9.071631527147474,0.20926674171779203,0.8853686005921324,10.891567008748437,9.168330064172636,0.2596344831521666,0.7897817378972819,10.555960994077454,4.3223015468945665,0.2244689483461239,0.7877146136557955,10.591060098933273,6.745705859744531,0.19780774460567116,0.707155798530338,10.433707371064363,2.914422416985389,0.21674538168842064,0.8318482900375276,10.880295883426205,1.584486044854774,0.17253463270252428,0.8053030142998276,10.7945984707202,0
0.9703314362402489,0.16553976993323832,0.7592004705258044,10.846638234658615,0.9859077838225211,0.13513034347845976,0.6682365869461774,10.506894626700559,4.372360196997187,0.1856989961177264,0.7492337342219135,10.592078276935307,2.3665860656549182,0.1568727075090909,0.6528697154988615,10.39691506529356,7.126738222863765,0.1633859080564662,0.5891624091091049,10.165164877504344,9.482538857723355,0.20696329000009137,0.5959989409553829,10.3651235311149,11.689779688717195,0.28437641695089777,0.6614494527808732,10.488268594009115,9.542840533357083,0.2871008788353064,0.8101609965762077,10.566997005431341,9.767780270034798,0.2519335454355138,0.8929457213854052,10.715590063073169,7.896326632115066,0.2601138740251799,0.7983409056285216,10.552014809150622,4.12791130279125,0.20620256647238752,0.8330021166254712,10.735594027565263,7.3207410148324055,0.24217161346199814,0.8125029461920007,10.587414945958267,2.6812257401794,0.23142996640381266,0.837836851013909,10.905671293288068,1.536614253347739,0.18885577102930012,0.8596096303780513,10.657822175084014,0
1.1608308433026882,0.20895957208261293,0.7502316318133934,10.38932135117616,1.146907049424955,0.16308309070417545,0.7042190672017246,10.397127025635424,7.268741470429795,0.22132842139026498,0.6828573276197598,10.35713124865664,2.494618620044274,0.1574222088473872,0.7093623080255783,10.356772182419942,7.702034223512625,0.17434370892950432,0.5692977077570925,10.186544452687208,10.080308081378222,0.20844281646990587,0.6345567299212036,10.330704075013154,10.112806733850036,0.2637897819846685,0.6161121612663778,10.338069016609813,11.76920742985605,0.3399235075219287,0.7836788245029457,10.43319233542066,14.119201459222637,0.3335003991771097,0.8661039706022222,10.571136897786038,9.17929766975498,0.29637490264895394,0.787790982545754,10.388959624907601,3.8721683593750367,0.21982299150341292,0.7968829653187453,10.385330412479766,7.26916757096701,0.2688157421169094,0.758714788033514,10.200525946397159,2.708816641921344,0.2672891975304515,0.8266039096931435,10.494167986437493,1.9973422629371902,0.24135845417841895,0.8668044240379182,10.353184522207776,0
1.5927977636301804,0.23082592808071598,0.7659897106858242,10.347363069844205,1.5603210389184667,0.17817071654020886,0.7916755712723842,10.377044461057952,6.738233508305088,0.22275601322286775,0.7242130299436987,10.40231720350175,3.3204234745223715,0.1973165502886218,0.6787965784585145,10.393327108425476,7.388535484887451,0.1711632995076555,0.5724997297167985,10.234069524650039,10.74328320184725,0.22359696851928623,0.6073445028139173,10.337035654819406,9.20965017641948,0.2521514137396329,0.667400837613342,10.362309962260362,12.934019109149233,0.39297067103663214,0.7532249800306235,10.341460384116445,14.148187269977493,0.37918754322465864,0.8375472048218611,10.450043565207835,9.144680950389322,0.32036119924430945,0.7722227215553452,10.305390965277574,4.323922370172076,0.24133915800589564,0.7636081238462736,10.243405189994405,8.705802348667087,0.279027782838372,0.7697414986496267,10.264664735076275,2.647732005393914,0.22575168917826044,0.7999323992771389,10.433295476495207,1.880939091702516,0.21963469626501061,0.8236434299705047,10.34058235370047,0
0.7694393045125358,0.2013795294029644,0.8349685662389689,10.666692697370946,0.71142471733498,0.16131181400276146,0.8730107463964071,10.87495948671401,4.992332700434697,0.24111195874757965,0.7349028433261571,10.352165594271916,1.295853780581982,0.17809975931572267,0.8611036883986117,10.667519050637425,2.559633616791259,0.1966969509868315,0.8887660740567667,10.660129695005645,4.64779619767382,0.28107826590726254,0.8897797382863122,10.62924335768885,6.052712216968578,0.30288886745213206,0.8535477557266496,10.425515665253927,7.21273298914376,0.373095805721671,0.8475181270557987,10.304212070151763,7.633205841002908,0.31400911213977745,0.9255249758560725,10.430917262812068,3.8767273011380885,0.23811555423015915,0.8836927272889225,10.37284062286722,2.35157120923243,0.20027929698246288,0.813146584874743,10.34589434282247,4.388121516875351,0.21604389625836376,0.8083243834370705,10.45152000630239,1.598618511934708,0.18173307650878315,0.8517354611190641,10.551175586238154,1.0512926308995534,0.20108180530602485,0.8760398385632925,10.32225748951391,0
0.9096270236327273,0.24274753540247287,0.8101793585616353,10.53712033867924,0.8140154160348702,0.16941277899236534,0.8464883271652401,10.761076145213629,5.681624719039244,0.26970988665126394,0.770646859196594,10.489157115299548,1.8122966430584408,0.1969598709698085,0.8797638620437395,10.60395590180999,3.697575273436602,0.2223657473581701,0.8915861939995977,10.518942560541277,3.954702154176215,0.24341872449155402,0.9161613934082438,10.795333930756987,3.6867316015247042,0.2351181325527249,0.9093961777300646,10.41900036760176,6.965992772034782,0.3215310099094813,0.8925316270897963,10.40810000237067,7.536397594045193,0.29337827614476975,0.8898935437386151,10.816026215240685,4.565111492002266,0.26568203551439645,0.8945963791358248,10.566917115738779,3.5554032827465623,0.2855718576516406,0.8379027436671866,10.439818096363293,4.6199365061153355,0.23411605000637087,0.8434444991976877,10.575277863959215,2.207628052823099,0.2440351099441499,0.8248830674307825,10.395536396024951,1.2932434714277798,0.22695397231620462,0.8829974023777435,10.450206339460557,0
1.3999971337361539,0.10209670537136162,0.44864292318951826,10.388801068760657,1.46898997975626,0.10311794156852122,0.48362533516677547,10.508954507251094,3.1829661339771027,0.15563494424107951,0.6622430874842741,10.408259391171095,2.1920987264620746,0.13904345519735253,0.6751932551537715,10.618762307179283,3.734368574335666,0.22680567999068993,0.851076609317497,10.463049230311057,2.848344748245701,0.2042021944946211,0.8945695451126,11.02704305235236,4.26169726719978,0.26220216826609394,0.9228007751477103,10.508457314318319,4.901207028021943,0.23289721212734096,0.8917078851356822,10.424225209475717,4.681862043083747,0.19559226355678191,0.9487468396274922,10.919723033444068,2.991523002511726,0.15614721861419567,0.8534776687250791,10.76075969145022,2.1183932620239823,0.12095929822274071,0.7409677993872357,10.489051739259637,2.1743287391954365,0.08526076091963604,0.709817283854147,10.67896356753371,1.3731281935107362,0.10374844291923992,0.6905604801506139,10.529779750187881,0.9448017461185223,0.07029895120770287,0.5253928908791247,10.492722218730831,0
1.1386840614940985,0.1125122476400602,0.5154900814962458,10.771292511729568,1.1766054556596157,0.09610278352546725,0.543824235100266,10.595678478867889,4.72268779799529,0.19624430552170583,0.7304085923476613,10.676602554208719,2.3541511953736745,0.1410560144682874,0.6859840300418928,10.571115982775847,3.938937512884505,0.23101888579122115,0.9146410046478249,10.666213485314483,3.305113423976214,0.1874682928655341,0.9450645975857126,11.176143965246952,8.205323379488497,0.30920935057994386,0.8567278703566513,10.963028471080337,8.930947154103535,0.2754928330400819,0.8981450235588596,10.856852069330388,8.402537070999017,0.2373763752446898,0.9299907041005528,11.014526614768045,5.862205310739401,0.23016253558739933,0.8492562664268576,10.701059578929701,4.893708662103604,0.22604249331043616,0.7905395900924056,10.730572244035839,5.5252742317776224,0.1952364166810593,0.7925499367223308,10.834600580076863,2.743332912886035,0.19423761105842163,0.76827956810417,10.670359989256353,1.416986191881226,0.1291800625821569,0.6750062754794657,10.849332150888126,0
0.7214594380229438,0.07743923381643765,0.48285181242152037,11.024943911632255,0.9719983390924868,0.08767463285142393,0.5335135005587716,10.546940807310968,2.6572023214880485,0.15653062874101722,0.7138099956951381,10.830782691566496,1.2211101430781515,0.09214495981753949,0.6311311952495539,10.865813359370314,2.812580559223392,0.19079122078861008,0.9245803257373179,10.657153829771728,2.3303784304536355,0.18415011315227325,0.9231347508967013,11.15772098445267,3.6487232280985245,0.20413745550323956,0.9223034139135593,10.862586968711412,5.843032694710695,0.23536120497738125,0.9410064357327794,10.768380413715475,5.7467081501337205,0.2068459909794171,0.9604952942501293,10.975188824907578,5.215463488589564,0.2541509533844321,0.8526367363386278,10.748460281948631,3.7071374809847235,0.20266076083285192,0.8091307876471212,10.768137204904852,3.4472836203083728,0.15777797845536035,0.8101862110091318,11.049161211707066,1.9696997670784504,0.15638506887600961,0.7775504427370346,10.798166640572921,0.9191326696175317,0.09097873030400838,0.6437507785170823,11.170043261223837,0
0.8887327694349381,0.0847089487761554,0.5072407243722752,10.933425142755315,1.1456309385669314,0.0916971406073269,0.5145448205058183,10.43214601771501,2.1753031658211857,0.11422449275320005,0.6733131410528445,10.974404656574087,1.8525924747009512,0.12011842971891794,0.6568633793377068,10.659948537444423,1.9844716720605895,0.11088050743276041,0.8506472367647887,10.925696966878693,2.49248686942527,0.21111184615891887,0.93263553072436,10.722322931338192,3.4316412091945994,0.20225776538243365,0.9132573301573944,10.753789743817483,6.1619426088988485,0.2505755222194616,0.9439088218349386,10.721838505692542,4.680688305894427,0.17822336389607416,0.9766242960619532,10.86157660878192,4.734261671987255,0.2151071026884968,0.8685508149881818,10.772617872413859,3.05389499647291,0.16458124247488468,0.8025247967287921,10.897630456810846,3.046027496026119,0.12356478297168204,0.8073349656340302,11.285316991762986,1.9587270075247787,0.14226546879693758,0.7509548947762203,10.86124300338146,1.0354620978977394,0.0957715132650676,0.6288786856697123,11.18539938221452,1
1.2812908612668958,0.20756158370678665,0.7821814330015077,11.280649116742241,1.8768386269372612,0.24565191129409464,0.8828421819279769,10.46922421609132,2.242438808745688,0.15348563225997017,0.7648352511529015,11.936889800139,2.9990084809775133,0.2356313257230055,0.8417599316716792,10.58197627034397,4.9336480807618015,0.2628496386875913,0.8992497279261936,10.412524077498652,3.7034596107930358,0.2998667482675881,0.9245495342491776,10.610117168115417,4.454282088443087,0.21755639981099412,0.882735338585075,10.910866800800715,5.648373647717321,0.18372021472543806,0.9367472944237705,11.108212994852583,6.1010279928811535,0.17185032031084618,0.9490063485507052,10.930113148696822,5.285345723101646,0.21091305822781709,0.8826480523754746,11.099328597304519,4.217542210066599,0.1978313869271941,0.8427014712025782,11.265743323310254,3.937910450191088,0.17215817073485987,0.8468357978292704,11.670747835089484,3.667403012080606,0.22056772230821628,0.8147653497364244,11.060393910832154,1.7492451312325068,0.19623210067926802,0.8070660567866627,11.47007214503169,1
0.9877134668850011,0.2259377878886501,0.8073699500555882,10.451037449934661,1.4960245279738875,0.29321693162498325,0.8305208266014484,10.177175772300076,2.70269709085537,0.22649215911895584,0.8267487486041941,10.611892554239558,2.768911200679913,0.3315947346155659,0.8122907031653368,10.128041182424688,5.576109114730758,0.32385650493950346,0.8562374824645564,10.241756081254474,4.708305779362918,0.295795316620283,0.913787885213023,10.737462388808499,2.658711097377891,0.16973894704361794,0.8706804289844096,10.436552894561316,3.825096029635334,0.1837005542746818,0.9661316835821874,10.89495197155612,3.9186998290913144,0.14451712602692474,0.9806779978734174,11.026392788475194,3.707129858766023,0.19635911689127086,0.9384134950905987,10.564319543459927,2.7636642109725034,0.21206852383009353,0.8800804861093585,10.466386816201927,3.021077209664539,0.17461546534449765,0.9226123380303064,10.817090972727442,2.5331695367510703,0.22816027399239827,0.8486304985425331,10.384727589830433,0.9705952768906434,0.16726434221742903,0.8543461292460323,10.64441001782871,1
0.9228615138487635,0.22494437302204356,0.8163977257985517,10.276797349778624,1.4220076497591962,0.25366509146677235,0.8369237410983392,10.21837393289308,2.4749714797244216,0.23214861862013772,0.8348995668954289,10.370833255143646,3.152786167713736,0.3392762253950509,0.8057123178089763,10.144535052546225,6.100024980687114,0.31179270884309807,0.8437336661553322,10.350791965001182,3.4208669127020195,0.21700116151660426,0.9349250138635266,10.75823016858682,4.382354193709868,0.217604890600546,0.8638432573541763,10.688817835732456,3.2095554497730605,0.18085079984056476,0.950712961642032,11.224172965669355,4.037479380477408,0.15585575611940006,0.9782546543839528,11.267732893253715,3.966230814550162,0.21194469927978088,0.8880805596053984,10.73509507565784,3.035926493726164,0.2518229581323088,0.8864349054528149,10.38600362940926,3.3167148648688407,0.22072213219817255,0.9431955722901267,10.67207681895181,2.6597488145241504,0.2549971289634776,0.8542448234158136,10.344442794473537,1.1782997269755948,0.2202459894701553,0.8710942519392431,10.33160820236606,1
5.814754921455785,0.1434781651410095,0.8612366717695964,10.442215745641276,5.502588982468696,0.16793630823958436,0.8693017528789464,10.357324743628588,9.523700064352749,0.17954753073358207,0.8960032321822831,10.460995121263666,6.949307611438455,0.14535879337426916,0.8765640165422537,10.349333269525188,20.665769207586855,0.14567633699972132,0.8667254267229532,10.435424969675944,6.984387461032157,0.1791307589471482,0.9136789523966008,10.683227083621697,6.996107206572496,0.1723730544215826,0.9183020931504222,10.50264458217269,6.977266777099847,0.09966270044027851,0.9102104638217654,10.800824922187667,9.884344775073089,0.1322082829875333,0.9176672045779151,10.82983095147787,4.914265774872411,0.16104062549043965,0.915700343258438,10.591668705954604,9.043483463725805,0.1790730650027335,0.8917040168466188,10.434051116088158,3.2197724506072185,0.13957367594781744,0.9146235935056111,10.55462405612123,11.36096224246472,0.15076903922956866,0.8784552494151446,10.445473135304802,5.783167193308962,0.1419818106641149,0.8623053095807257,10.434972553483231,1
3.029047900618156,0.22729925460009184,0.9624127240754791,10.291632779207413,4.107918706759953,0.31964966079616947,0.9204170929393741,10.214794623774667,5.145749471068694,0.2172294171742799,0.9160517724426577,10.3144050198682,4.736925001995581,0.22544311042444024,0.9443082232506241,10.312304256209147,11.57470493412584,0.23690834052867268,0.9495163369288151,10.33441305752904,4.740776356769708,0.17026183731490802,0.913153026789966,11.109312947941973,5.206826408083464,0.16722509344778455,0.9167306296982642,11.290276455967367,4.19223032655852,0.12484140803446092,0.9594597741596806,11.027735765029712,4.744561700919011,0.1364915884511761,0.9701185661926465,11.059306645444833,3.616873376700446,0.16794496801851205,0.8966032637188848,10.751646977268862,4.516541692128035,0.23660123564658686,0.9431337703268273,10.341820723491232,3.560547751617545,0.19055922919345758,0.8859769873865849,10.453892700380855,5.683378166564021,0.23302684526510534,0.955167056005108,10.42312950404677,3.0114529283490534,0.21932772101079023,0.9512494669696079,10.305507929350318,1
2.669410402484088,0.2155974725065149,0.9683533781994118,10.326070912551858,3.433499020220325,0.2959836698905011,0.9319923052965955,10.200413591984555,4.466655299626943,0.21189701555007026,0.9452811719081237,10.391232566549926,3.6532048276062885,0.1842528301697981,0.9595557432159882,10.450552630775402,10.567618184047637,0.22904716607482595,0.957670554208169,10.384856348245323,4.153694908668086,0.15870630755599027,0.8932608608423349,11.295012700938726,3.546755990840494,0.11877029713646585,0.8961566994118214,11.14723845335975,5.149073400232877,0.15016651832466563,0.9390927169494938,11.341846821310744,5.781627807425231,0.16253214480312994,0.9476855060898338,11.090473515713473,3.393447638705757,0.16298532816014952,0.883809859793456,11.044880576352888,4.423994298513297,0.22088012228764123,0.9516807573490895,10.436302302008649,3.5346374026711116,0.1760577065337366,0.9311903314492828,10.611407555252038,4.282719351618755,0.19459815949767947,0.9636679184526553,10.41946858637085,2.694324740045881,0.20795971651039535,0.9554246118429128,10.355047484615357,1
2.541280037177654,0.1917655446656035,0.9579333336097156,10.311645620000242,3.3627985996328142,0.2539397058604256,0.92994815426571,10.199406170225755,4.337020573148336,0.15644340373136906,0.9089421169138567,10.542905858500385,3.541467421757984,0.14797205655924467,0.9450399107484795,10.535219825143578,11.260242269111119,0.22342856171297415,0.9450272524241627,10.327747450918862,3.5953768667853616,0.13257152182737816,0.8530369155545968,11.047876209122334,5.078087458942175,0.17189009478433853,0.8880082914272076,10.825874379945342,9.755808510940868,0.2063467158894266,0.931104566929747,11.080197542045841,13.501019110732209,0.24622612334683375,0.9152823993608936,10.948005418373747,10.178404720543986,0.3007248344719947,0.8687545852332399,10.639351928002387,5.880981087288881,0.2321034347928165,0.9268378409860111,10.417678863702106,3.431471558659375,0.12475677943709984,0.8648558465280493,10.61030319380397,5.35265528104899,0.21386056385518795,0.9510333141700803,10.404000992987479,2.458591022635132,0.16834912805179691,0.9414276756848112,10.453020481744174,1
0.7497384865596054,0.154600446339642,0.8182069020614882,11.581052659886051,0.8622258533261271,0.127518121103584,0.8263919452482176,11.803858625088441,2.1764808249480008,0.14882604479570605,0.8194393744235767,10.822935682052893,1.3320384877961657,0.08470501186301824,0.7804687593849834,11.906158884446695,3.414013260022751,0.15058979147823962,0.8596175001498538,10.777689658151429,2.1974449440931583,0.1247891591528191,0.8952043999114857,10.973996923705927,3.9729934116781247,0.18607103161744618,0.8964539600264263,10.845453662647975,4.487702493463411,0.18175905472218853,0.9106255977845072,11.266940497812595,6.430293112839424,0.17618840879727676,0.909174485225905,11.091621893942179,5.742124997335373,0.22291225218427121,0.8516943698564177,10.766280658489341,2.9768952344734734,0.1928356584563192,0.8484957530257516,10.97447744741,3.87891704907452,0.1751672419262962,0.8792006658217119,10.931001793324862,1.8844588936389246,0.18256680050507507,0.8557182431671398,11.060775051794888,0.8801211266244641,0.13458321542213114,0.8537590090870365,11.559870206091695,1
0.7374848042990715,0.19702892828364996,0.873136513934084,10.854593383522117,0.9421558000691019,0.18865085763222667,0.8577225318725888,11.142057372064093,3.5192044283777095,0.2291212785971613,0.8703468468877146,10.568360771030337,1.5258027179398297,0.12739372817329372,0.7985861168237781,11.122316107719753,3.5488761542564586,0.19126057438054148,0.8675970662682398,10.50760951364114,2.1692658778055445,0.11145399579123638,0.8884762722801045,10.800075609453767,4.192369531639648,0.1752987891729927,0.9370843443231077,10.686703588507758,7.482240516700726,0.23266018713381958,0.8789807268915371,11.265662534820756,8.002866547644423,0.21779803848670648,0.9036762616645014,11.302684542663815,5.397803910362963,0.25333921230386064,0.8743692975729502,10.89850233756069,2.686812893908932,0.1655033488196847,0.8719538912745795,11.01887460903304,3.761360996949761,0.14968068874071858,0.9047432235634424,11.085249902129018,2.1737799528223576,0.20903701243134612,0.8842811101242039,11.077695815170811,1.0591330613989949,0.1538774823224955,0.9150474769025121,11.173154082814692,1
1.5615098922256092,0.2972858408439167,0.8636537707140534,10.81809112662055,1.8604976706792684,0.2764398466533563,0.8917601518210867,10.578808151487337,5.013350967054852,0.27216460181373536,0.8865618910198081,10.834390400447003,2.935254842832805,0.1968782371181751,0.8482479397934042,10.753111103197572,4.33667476427148,0.1988497489992059,0.8592201260320622,10.448555465635415,2.7339970054685674,0.11662560236724721,0.8388117300830266,10.59410417321788,5.731133070345093,0.2857258221690297,0.9101162990998735,10.255247840105381,8.464666736411491,0.2542955555164194,0.8895584432496422,10.961500528527516,9.77579602001916,0.25179250355682703,0.8644414236168887,11.25329856576095,9.826757951613835,0.3343185264770196,0.8256449875669571,10.816690752757122,5.951831620807806,0.26154291408726493,0.8584838041642323,11.022295638065971,6.78719667728132,0.24545650545737388,0.8786622749631122,10.989950755596018,3.4591964721256274,0.24283645481638114,0.866263368146426,11.088402393686076,2.0533483425909655,0.24960602141175012,0.862564022725028,11.15146852577569,1
1.7333034522533257,0.4506419434802573,0.8172636627190909,10.467838517227266,2.346586363602554,0.45699666217823637,0.8182717500387017,10.44200662490839,6.942224543119561,0.35473931428123134,0.8787289714644019,10.327685901935606,4.080964732885664,0.330826231373194,0.8504520736692375,10.472109149044337,3.2334914141701443,0.18711917401619926,0.9345799085530198,10.541818543882625,2.0986624738213813,0.12542735338217695,0.930208148015164,10.832207848457323,6.864336122350849,0.2846991043049556,0.9163138263782976,10.580759668859379,5.156544077247252,0.21808954420108162,0.9208969605997439,10.804725906353184,5.836468065906869,0.21716502403975393,0.9159321085014649,11.06164661882851,6.440211937093228,0.28622579721560226,0.84894492494628,10.96342052793299,4.791497462815768,0.316334305232236,0.862927699017783,10.843243095521576,6.2568066402081515,0.2836267160565558,0.8947786217238923,10.780102705925154,2.944026190443902,0.2899518112279909,0.877939611291848,10.947923227251724,1.810240568574225,0.3394493914428668,0.8620073296086186,10.693380173895967,1
2.9629127252888576,0.4098486108865545,0.8144672933981367,10.435462259733246,3.908121238420935,0.5036494075641597,0.7751456143860326,10.394258227946343,10.184889555430342,0.36776903984322845,0.8324864703064325,10.517842779092035,6.492724782559532,0.4144803571915762,0.7736473751376292,10.43937759183698,9.835417033264441,0.33303621779808684,0.8580281709314542,10.877039636080527,2.8384183923788973,0.12438537742114324,0.9172976296136618,11.363875894618094,6.344863912026402,0.28166598186553077,0.9269464826386077,10.39835662444894,7.138639700786193,0.2253879094253069,0.9239707382212986,10.992789616646792,7.362320588530949,0.20483477721902035,0.9282760767890388,11.050967598959303,8.50681527026129,0.3194808880761139,0.8146508093226511,10.78934701258436,6.425968620370834,0.3267429143860623,0.8318369121168738,10.588028204499494,10.345221432264967,0.3297767730843131,0.858422411725708,10.668739821551508,4.352790242015026,0.3230509296761744,0.8315357349226382,10.595543590384969,3.087600194112179,0.35677736088706885,0.8385675789477635,10.451592854339225,1
2.585206110164677,0.4052172107052607,0.8437363968514096,10.315384813578241,2.5970304159783337,0.3122984727421057,0.8891079877251763,10.529320613537552,9.507389131808434,0.4013732018143941,0.8200508786536933,10.244929233695474,4.20532440006622,0.2785441150467988,0.7999540701220468,10.454910275695225,6.963721392357101,0.2603174446124519,0.909165025207056,10.38057371260091,4.29986385578964,0.17765430556975717,0.8982214371753089,10.999103212116482,9.971080542102506,0.3583904822200035,0.8547850650505014,10.593668173875072,5.6947661139585,0.24090827559158698,0.9109183357823053,10.82643702220185,8.347773387228944,0.2832851828004912,0.9022476336511548,10.735804928538592,10.56744172627703,0.43382900948061853,0.7975878797081277,10.485118080766453,7.383797365597317,0.42454549232723643,0.818791259627063,10.462244570989178,11.017472191204238,0.4279078859022779,0.8205231507218138,10.380538347876733,5.525933963586878,0.40223771165812183,0.8367892470050273,10.487367327882533,2.901160294110155,0.3980495658403289,0.8505017424712573,10.387804197509471,1
1.9173634156616597,0.3149767363218686,0.8147735443734299,10.522897827911455,2.3311125456100963,0.28221266053446237,0.8222234204768725,10.68454221349823,6.397391856279217,0.31394223685436595,0.8596580318461304,10.367311581253151,2.8689060261707056,0.22310322797135834,0.8476502584461125,10.797941606666011,5.967093824721487,0.3320269237426822,0.882974180884635,10.343958585875875,2.479975640292159,0.14232109089913278,0.9247556446664648,11.212859333981159,8.102072481830211,0.33333066367143654,0.878432110774946,10.537099932154621,8.453454970694239,0.30862404674436084,0.8728114558028047,10.608341785437872,10.542612796509557,0.34567362909855653,0.8643609639576868,10.49808166462688,6.783612620343707,0.3291964005188014,0.813644809141403,10.362276097485235,3.9909009419847363,0.3256955349539928,0.8482003091045776,10.303057195191009,6.6863081271813805,0.297709791127744,0.8989672354754936,10.427116543059604,3.3846251827686964,0.31576013087138727,0.8259409171426805,10.268239381615485,1.8618247483594041,0.3151019016372134,0.8770824009345222,10.46882380739735,1
1.51529533230466,0.27913701848573,0.826837212774312,10.379051304479045,1.6639036215008094,0.2182850468183796,0.8691347748993068,10.747496049885793,5.153624235366309,0.28204433484492797,0.8464058660796906,10.390903065461115,2.6880217260095725,0.19947335289706652,0.8776023901252759,10.683898641515913,7.611839304815454,0.3258648274841999,0.8889259000567751,10.559565904227819,4.010989859487589,0.17632998072572534,0.890199169575869,11.445544980459665,3.840395979467168,0.19900293411014172,0.9281809731369224,10.66579640283845,5.484823908128284,0.1909846606224797,0.9198639721177383,10.85258230206052,6.640916072416658,0.2156499753254326,0.9446641260682778,10.667874013570616,6.665801948094487,0.28239157408773663,0.8614726386521856,10.37462393809044,3.6747052354411185,0.23632716820120636,0.8660059715891401,10.232961853960205,6.367506216560894,0.3015297766778104,0.8461559202049227,10.258135020271807,2.877512370076616,0.26731971734989024,0.8517911925756452,10.178749973039011,1.7655596200582837,0.28721374018676876,0.8667922459308326,10.247297475603704,0
1.8975434863871117,0.25091491556996226,0.8470546808874028,10.536271197264053,0.916255590225209,0.09573012587710868,0.8350645516675707,11.439470689000604,3.415009193027021,0.19816517234576483,0.8215881737149303,10.552981988504055,1.5566600218711115,0.13987280384010098,0.9166644977772087,11.40120022931935,4.36356842279737,0.2266012430169885,0.9224532832040501,10.551193270657013,4.698803429560488,0.22734739308808494,0.9225059861452614,10.626172302633526,3.712918613578861,0.2067644351106616,0.9122260241838395,10.669393403400655,7.504245133880827,0.2553019696073737,0.9180735470900134,10.820366793607356,10.447983334497849,0.3169367309420716,0.8827581287193234,10.892554598867065,8.187723874761163,0.27986855037442804,0.8708558067188085,10.749158742233742,7.3005196806975245,0.26596515480531185,0.8386073093590568,10.499152243299434,5.184629718757724,0.20760176046157136,0.8134842202261606,10.477900165116985,6.923465722410533,0.23566997218658706,0.8294298000779,10.405452454763191,3.540200941527551,0.26671942629566503,0.8284784492564344,10.387969115475096,0
1.4594149993734176,0.23438711693255626,0.7708952453869458,10.28893242918197,0.6897400098865687,0.10038568237234663,0.8258093197683904,11.37595187053028,3.2692942500696285,0.1974825408321444,0.8497018558387603,10.450918823499551,1.133955180122578,0.13572097733175917,0.9481111826570231,11.447863760008989,3.4773245590701096,0.1975963307542588,0.9689181163232593,10.590456594713341,4.447945388107675,0.23664106329129486,0.9291222889376693,10.464802088268167,3.936913726053246,0.22472762009377012,0.9015511870157834,10.443700494895714,7.156261119206906,0.2520005267594706,0.926133995180627,10.510379733169865,8.171340315273222,0.2984114731334932,0.9336626208181295,10.561017489736265,6.654341722571964,0.256777160906842,0.8751679488823584,10.529916543539612,5.548972946513691,0.2629974433418191,0.8030740767825693,10.385618820115528,4.68086171687329,0.21228168501521616,0.7948012378059924,10.38833097497346,4.956023461441708,0.25400123897946497,0.8052404407939623,10.336103765156938,2.5581894993453647,0.23475491363860587,0.7738633939081954,10.316670814101478,0
1.8119030627018966,0.25560709973571605,0.7862062272418328,10.318799660097193,0.6747874770153801,0.10610824326228693,0.7782642067373992,11.099469146215224,3.1460046219427675,0.1898571760063446,0.8535324370100679,10.342408791432423,1.4096756665617507,0.1461422955739975,0.9115417210677828,10.953465733993594,4.33668942574007,0.21711240844759874,0.9332693749728086,10.661535797084348,4.956065564168005,0.30424224244523973,0.9126766947680678,10.341835575966703,3.933535181738146,0.22685699207890347,0.9216692498117046,11.053152707482322,6.744641345748168,0.2557407897659333,0.944217827995339,10.771978993750473,6.087164147882812,0.19918641057077383,0.9484863006318566,10.973752286694877,7.655950938614769,0.2798969545669998,0.9235418556584352,10.570585892184015,6.420264446684875,0.2847367008951335,0.8500503281377474,10.370157999102531,5.597955459952231,0.25073617596399933,0.843926012703765,10.342581860224396,5.321490982794223,0.28500397657220716,0.8227602775890301,10.334269742189914,2.6667722284655433,0.22135771355614395,0.7929790579313699,10.2004248518238,0
1.9438890844711163,0.28400004159324205,0.7837263162785614,10.317988485250924,2.5985651135923136,0.24433565380838207,0.8308128329381133,10.884048866966143,4.09575174288674,0.22959170919067215,0.8270669884771675,10.506759439236005,1.8163151989942328,0.19057401206326072,0.8874022538296322,10.748451069494212,6.160380740104365,0.2648482408055258,0.8943473940133156,10.785036886310458,8.223046777898963,0.3864508500094764,0.8632548893400643,10.52096042406875,6.788305523307096,0.29619338774126946,0.8948026280855846,10.626926913697734,7.842250216146381,0.2500949086066772,0.9037815635354763,11.133282607361396,11.81929890872716,0.2793467177282349,0.8553394164560221,11.29418468852284,6.895958433643763,0.25944218887900694,0.8687358030539907,11.00321266453086,6.493557437884466,0.28343037573654495,0.8558105146442968,10.467102516884953,6.9905557488445815,0.2834200393287285,0.8351243122153764,10.61710841177931,5.900593491651153,0.28782668180598453,0.7891588912877889,10.333653271711293,3.511023118688047,0.2706066202163892,0.7979360567850238,10.352450191768146,0
1.0746799396916684,0.27513781738036897,0.8494037602034925,10.446596165123939,0.7384913737539488,0.1589624455607143,0.8478032940564086,10.403927065219197,3.9176757698002906,0.25691671418889406,0.8626963706445426,10.526210881049833,1.6903428071538606,0.1832354423968159,0.8954655291336407,10.639534969667086,2.9384059360712476,0.16436320801141718,0.9192007693986763,10.432645838891982,8.10779337286525,0.3883864382022501,0.8663198264744917,10.357426840120317,5.699476202084076,0.2712589394409735,0.9005632391418746,10.583489203999383,5.678051092685768,0.23225227519949912,0.926916865723608,10.991719506109177,8.09038568062823,0.2512223944595775,0.9233612842465219,10.965464930033749,4.646897077175391,0.21139945490156953,0.8793134440613714,10.593803288706129,2.805080313330339,0.21727685190153398,0.9269776632764243,10.700284784564769,4.192281131147588,0.241758626151539,0.8750884856567187,10.809293100309842,1.9506314985840483,0.21821750172598128,0.8971618114279861,10.567864900700906,1.1267435143107305,0.1883043551659299,0.930654068261918,10.594799006712348,0
1.362312741790185,0.28984161246886186,0.8476459896711942,10.708100663720975,1.3318798682958943,0.26014061733777166,0.8727701220975217,10.521374269004758,3.755788535709512,0.24169387113872923,0.8800569500701868,10.68227592122458,2.307079236908334,0.2658666424839679,0.8958433627939357,10.713372705328782,3.9711898122307305,0.20323552413443843,0.8764528095218646,10.588558762736485,9.052934825880174,0.396150333632752,0.8501433622316085,10.29341933371145,8.691018255801119,0.35070632868550994,0.8718602351412479,10.492021912000055,7.8137815288022985,0.26210605973139295,0.9056322604779433,10.918218641009899,10.384577449296001,0.306990432936068,0.9008781269448046,10.736448311827075,6.937691034436308,0.29634642954918544,0.8748282565231918,10.65600788650581,3.9401475906805503,0.2951043415577142,0.8836412024285301,10.849157125164643,4.6909553789682255,0.2573200916434206,0.8706463499240676,10.967143877430809,2.4949111785631946,0.2631350709001705,0.8760950436911035,10.801500768115007,1.218176191257133,0.20210748858816127,0.9203076584717956,10.979177164791544,0
1.4896821444572803,0.3438289818234415,0.841636133401696,10.729152075737396,1.1905991673569623,0.24840123148754512,0.8990473209779289,10.591641615044134,4.670667474161466,0.31786633226676303,0.8601807401920049,10.657702080740114,2.383798694374441,0.2597965331099704,0.8590319019896548,10.98248421003343,5.889847176614948,0.24623143671998082,0.8567438331055739,10.487819000453415,10.614495979361799,0.4047431259951088,0.8267648831122304,10.34924152860054,8.339678759824604,0.32052381660259366,0.8945162610034216,10.53130007769876,8.371176018873904,0.3037557016102693,0.9048580665850289,10.755356725352234,10.928439862718985,0.3112566764982503,0.910981742919549,10.692826681373955,7.322675780101928,0.3328546546200828,0.8441918446047424,10.551735490728065,3.4588622011228027,0.27963410645148323,0.8788421606274397,10.781273647418503,5.069185773799345,0.28997452234262006,0.8720257652311683,10.762938784003373,2.0644721818800447,0.22995236595046448,0.8837104887868152,10.8504106344597,1.434620583657704,0.26882800953678465,0.8810316813904766,10.874032825276089,0
1.7305159325395818,0.23508421337801882,0.7515405564298729,10.719524728050391,1.399253340851156,0.19375018669168093,0.8165364089789482,10.632380194650585,3.4939342754901115,0.1893279397385048,0.90250818092056,10.728923709347194,2.913090920174047,0.2739599407904734,0.8622295910052236,10.772841039741685,4.286688950398868,0.1626564545024955,0.8945400546510527,10.614515195869735,6.053410708370304,0.2378238119769279,0.8425650547675422,10.551511573121454,6.088087956726094,0.22083301809777836,0.8386716206596064,10.458615455718848,14.986999772223843,0.4020459172182239,0.7559981163997713,10.534869325793057,18.905593320114104,0.3912658650283761,0.8127575985682094,10.540059072690664,13.678559896530366,0.4608986356635886,0.7635501217687131,10.379355241013974,5.4385991029583245,0.3712518879324184,0.8406505181794676,10.623315438306877,3.9600588714282257,0.22502047741168063,0.8721917236335781,10.792501425271906,2.575415460062526,0.2672720341210788,0.8894385998024034,10.624966702267832,1.2134071997092482,0.15386204828653072,0.834751080201913,11.064934211106769,0
1.6769948577620688,0.2566508733975359,0.7293362424652634,10.548831901273712,1.2663548132753777,0.22414818267534123,0.8298265377264458,10.5946823737435,4.578968567074987,0.28786819920597567,0.8478383660760961,10.70728769822436,2.98583237656761,0.2817513182088906,0.8575719229414663,10.740073922271266,4.975626293486815,0.21884359498323036,0.9017915074330968,10.435559104763852,5.654372493735515,0.24505387898028466,0.8300585486009282,10.690996025932053,5.3794485711796485,0.2339772579535333,0.8828829861201117,10.49632616553082,9.602718174310564,0.32669932702584387,0.8117938501150506,11.043155796405047,11.995515375293028,0.3163428018413228,0.8376998084422654,11.122366739509207,9.543242415957135,0.40093781686438396,0.8148624852737518,10.438426991914197,4.63242070586482,0.36428131579598294,0.8348330229170936,10.39506151109649,4.37475476724301,0.2673504614289864,0.8748849050611378,10.516366654785832,2.4820662255725194,0.306501662606107,0.8719026650939248,10.41786808935654,1.6983548487728786,0.25268378096575356,0.7930898349652753,10.720974686422217,0
1.2503315187591826,0.21496312676929216,0.7631222103016088,10.538963013143672,0.6568158480283095,0.14374967925494744,0.8388770982966672,10.795439173941766,3.5968489278955555,0.24037267538750104,0.8852945194802975,10.778281387819238,2.643837214540775,0.25767021919780286,0.8771893823997446,10.52837410028077,5.60753903919883,0.2461479352455,0.8906591890392374,10.589656410406452,4.2996549059550215,0.1964162549892509,0.8379238157309211,10.844595939035273,3.2652338935063994,0.15233336229618247,0.8438753029902257,10.733263313331255,8.371633277423863,0.3158885226291325,0.8050652920199617,11.163370541949652,10.510135253319163,0.31467413385699927,0.8339764670179411,11.115415022632144,11.05399831636372,0.4721517402151609,0.7841896741472933,10.327930598446546,4.5824998438908215,0.35285802908348696,0.8726414043813843,10.45712023714285,3.4777337478927137,0.20756948662173175,0.9259100470139651,10.634183641963846,2.0521278518586734,0.3013568855829814,0.8919472022325033,10.475244577320158,1.4226291423014858,0.21381002392275947,0.8160784932614956,11.029818858916075,1
0.8859672666959241,0.15827079469490743,0.7465683605218237,10.918562957433288,0.7451189213206029,0.15124722016992329,0.8481501713897712,10.819519621351208,1.9582002233075935,0.14343721186303432,0.8513550253482823,11.624524273936304,2.115222254698092,0.22872909669511526,0.917124069368514,10.799681089708713,3.5053181691232567,0.1714797669244704,0.9540331210987378,10.89489058323448,3.3536181336361865,0.17685765097624942,0.8686517498665917,10.87857131278953,3.940454301435498,0.1596932864823954,0.8245165030787359,10.431780243507676,6.836493485844113,0.28626441366030086,0.842345636993704,11.092186095835245,9.88346919110783,0.3217846448221483,0.8440981478984927,11.03589581950055,8.83008075280869,0.4707652745121902,0.7938846664623067,10.24103845572101,4.516796054685824,0.38753466691301053,0.8421792716998486,10.490053234114093,2.704860877946282,0.1828849976214129,0.866470353122756,10.908282678203635,2.6368632120114417,0.3089667692122174,0.8433250316551512,10.484829085211166,1.1138524377430543,0.17847218382629387,0.7806124250803943,11.374652961432297,0
0.9215775595682252,0.11725133672691242,0.5870896078214586,10.791654275641974,0.9100557547815047,0.1129679231031646,0.690658751126241,10.930553089526692,2.2851823820494506,0.2151271075037173,0.8570393646095122,11.151872800745268,1.631595274232674,0.13523126110377967,0.8244851424768401,10.893792371130328,3.4180205848208614,0.19906547617904727,0.9529071144652859,11.030444353099949,3.520480529925192,0.20411670823192377,0.9056553828689324,10.608783933778165,4.98423989944896,0.2041803812360656,0.8888570207854156,10.402199328052006,8.044525648824166,0.25121599683101925,0.8904391718106539,11.058083754422501,9.551732838159745,0.29564459300894763,0.9131254369966347,10.618297451570525,6.815806891050667,0.405754978946876,0.8459769374379007,10.179096196697918,4.206906452616211,0.3152800573263084,0.8780399876436789,10.398628697508423,2.7718110481622804,0.2098066056444335,0.9114740681995789,10.838153982385808,2.4015135628694617,0.2444091349082343,0.8479294676626897,10.402834391834034,1.2135418324365048,0.14439074145911324,0.7546471066355781,11.123794776435059,0
0.7116290377924648,0.092972650080786,0.5840807332386779,11.358439859039002,0.6084221872104522,0.07601665228887478,0.6311829730563872,11.164568177982016,1.676297520013953,0.1353657644769138,0.8240658980058188,12.012379148646334,1.263922004137871,0.10237292718910851,0.7457539514181254,11.305803759381387,2.7273543065644863,0.1538447839917286,0.8657232287731114,11.371389919279142,2.962192704632084,0.16893404113485808,0.9218742314109867,11.01043290123517,4.2275471930256305,0.18692319528845147,0.9091476259956585,10.56928764282184,6.104908977522701,0.2582270691167752,0.90750042001532,10.827506057285364,6.098797608073828,0.2476642792102185,0.9083551280529125,10.662525271064423,5.8564802351023815,0.37564294952228794,0.8458941804803949,10.270627261560819,4.1318489845456625,0.29348066413624563,0.8757023024685857,10.625253910088627,2.5764404902668736,0.16749794394820747,0.9250162114368753,11.348767380834039,2.2449790283139865,0.23813223875973785,0.8654988497089015,10.647316054617871,1.0255440493451964,0.12015657157717116,0.7840256520489133,11.660047962256558,0
0.7167485151488882,0.10013554430976088,0.5724842351637777,10.709144183892711,0.6411710677226263,0.08180092456801974,0.6299472841446179,10.792982576016678,1.747068208403724,0.13709848197653915,0.836848331694956,11.021955703465174,1.5659473690282635,0.11334572985711892,0.785403154499191,10.776148566584332,2.6375459796548455,0.16031675844781748,0.912501752808331,10.997439046819425,2.1207509515594456,0.12821671754478164,0.968808258261356,11.24326909661414,4.081179064086213,0.18729324659801208,0.9278273943817357,10.531140970607163,7.355704651082634,0.28914207902202865,0.8839652626984069,10.761460078992027,6.149027568303837,0.2651677818869396,0.9323612231304358,10.706256346833722,6.749204415061023,0.4006830929702173,0.8593077407715769,10.26831426399158,4.4098239416815606,0.3117144642365806,0.8755338154910891,10.383200829246697,3.303417437301709,0.2020245048821357,0.8754482273340553,10.711529962578526,2.4922973883493413,0.2660399865687342,0.8691405036285854,10.475507425393772,0.9263406252567874,0.1282803391611378,0.7503036685619863,10.94367932253594,1
1.9422804686421347,0.1730358231441702,0.7726947687988562,10.464564884995537,5.102476112485426,0.16578679228040172,0.8836759154717164,10.404626168400924,10.315215666884445,0.14828714749725527,0.8754514083644388,10.351900685790804,3.071231758744853,0.15096322166925416,0.8626239742414922,10.78357139484522,4.825407745066327,0.176740612382473,0.944563935168617,10.678780106424773,2.8691740863682105,0.08387048700849356,0.9073776140271377,11.782557460409132,3.6569409286086314,0.08229357879416505,0.8695051706731128,11.153045981848102,24.136294208354812,0.3149102980736169,0.8936942173894866,10.474262036944195,17.389396212562648,0.2465138794695199,0.9150045800166228,10.450282010925724,15.354301223813128,0.20800071204833884,0.9034898946056663,10.300192084017258,11.389532527961299,0.1740066518815273,0.8878786433430316,10.326857808844524,13.442441696750583,0.17412305318900245,0.9060774063469775,10.396846837926418,8.915224849333281,0.2436943174420872,0.8937563125862921,10.34414429037367,4.241050781046134,0.2266015611544994,0.9160637720768343,10.431828877497763,0
1.0223979765310323,0.25602878437025106,0.9150778268338849,10.43372200533858,2.127751836943797,0.21817608736681798,0.9574658872591666,10.500356902341311,4.266704560324471,0.17818816603466409,0.9270055054850702,10.395146378793646,1.5857063719050057,0.13459412523583977,0.9065576522219909,10.607678070675671,4.80455766375778,0.22914643917469402,0.9253971920819359,10.583790692294054,7.347591928880577,0.28717718691383504,0.9317099800152859,10.556292372982549,4.9411483603620905,0.15906444732732725,0.8586238787913272,10.74588294956771,16.44027286283702,0.36879707742813755,0.8801330508981565,10.355426338116205,12.822512642783215,0.28112236267085267,0.924974094708004,10.44191423246901,15.168814056062416,0.36962549780696075,0.8685236317176356,10.323858516696793,7.600671208197955,0.2655568846638727,0.9241741048987749,10.387413079575746,8.80341198531953,0.24585192121295302,0.9129711901694462,10.366683253246643,4.1276954453870385,0.2961509752243681,0.9299166517059833,10.499810403888798,1.8192551424286845,0.24642276153074666,0.9453297213772802,10.568292628305741,0
1.2813212390195554,0.23233723536691944,0.8250404465268525,10.492034083914271,2.122714002457752,0.22283352057728628,0.9558455385204137,10.466660847398304,7.238571656207017,0.22396058571142913,0.8964456991062045,10.423070563645854,1.7827366240155238,0.16223822815853034,0.9107756941442287,10.76726526485783,5.463286919397677,0.2849163469225263,0.9245199939789278,10.317533666763309,7.418105977033573,0.2522472740983518,0.9331556287560628,10.491906382420481,8.92473904212672,0.2333524232223972,0.8564676054455226,10.340648712853875,18.449027859233823,0.3634263614811271,0.8826079832393907,10.261992507228385,15.767283538048545,0.32759219465815487,0.903012733657863,10.294294797215821,18.538251165178927,0.4018544732313898,0.8233287477224612,10.180160189074742,10.86267832524098,0.3262992932273504,0.8737186936207575,10.248146839864303,12.502207432416924,0.27405705568533767,0.8882385106125871,10.298395447827467,5.747140709029744,0.3511693406267092,0.8851609446141125,10.294610411413965,2.5331251533934074,0.24251288111253572,0.8895190851018727,10.537306482477593,0
1.184736722273239,0.21300474933266692,0.8072365132768791,10.409900540631543,2.2583898150633237,0.24234209678475582,0.9524686528772479,10.42440483812269,6.040232141896369,0.17893212291268915,0.8919786339562606,10.40014779917331,2.1591886652356576,0.18711592460909032,0.8953033846501085,10.526384085978709,5.801528448016849,0.29765929569440724,0.9395824774038795,10.353782211697954,7.03214005135318,0.2794164660867666,0.8916811991207789,10.374577943364866,9.019893440400935,0.246204540784055,0.839903814461869,10.588350561269126,17.573781052520456,0.3551324848844328,0.887403022692452,10.377420527126974,14.323453633230447,0.30383807539152674,0.9190346488886927,10.358781049561133,16.08495659514333,0.3541883005143961,0.8555686015734292,10.147601527969815,10.030976935657826,0.2992346180646435,0.8881307114611324,10.200096745588882,11.696101833008713,0.2588078789703826,0.8923527125612276,10.28529128851791,5.3160430621518024,0.3226463329882369,0.9014750815099929,10.261085761508095,2.47420047468125,0.24956505246417424,0.8851933955445176,10.48264671454052,0
1.2243086903120282,0.2157263078774001,0.8021640979992685,10.885139664808358,1.7477899699530774,0.27221778630330573,0.8844278300905224,10.771379596268476,4.4391747949630815,0.21429909431875063,0.7783841692310667,10.569093664136608,2.513216012584555,0.2035157531333452,0.8813786161876853,10.850432031167184,6.897994347195611,0.29583325905446917,0.9307466582586458,10.54439324943576,9.359388683107458,0.3100517982394042,0.8867775400470538,10.313783630014878,9.487156750452284,0.2613123445129697,0.842057116409713,10.539354757672578,13.244949564736327,0.3242635533117912,0.8947055382866095,10.502558090214974,11.742578883330957,0.29804794148801983,0.9073695805416402,10.524614589914771,12.915579439884668,0.3695291823881375,0.7912565276186644,10.320133174604468,6.706000325000883,0.29409099858832216,0.8136818926964351,10.359033301654094,8.915267176334883,0.2902197967353288,0.7878033446361723,10.401410228098626,4.169938986984963,0.3119335521751844,0.8214631000193544,10.405389345497662,1.8342316089136927,0.23336429558513083,0.8147932353330551,10.737147953837324,0
2.4091402120118146,0.24926030879927755,0.7461119435934933,10.671748016067088,1.858415131856234,0.25009260981328485,0.8303727147107386,10.477519293658432,7.547688752033412,0.2775381993748565,0.7923221792194199,10.744620948600375,3.036567450261785,0.25799723226856786,0.8706992610887141,10.622783118721228,4.294085258732805,0.2347052889373094,0.9479761423188585,10.637435293201877,5.723144244428287,0.2592584788247906,0.8997388547283337,10.28332740080646,8.362560283580127,0.2831654266787995,0.8702510828894428,10.519635385551043,11.361972195697447,0.2585253926581223,0.8530804461771017,11.09160419260201,7.91678854790945,0.19106920324659454,0.8982920368617596,11.135391383501137,10.925148009924763,0.317878552874584,0.7884718378053618,10.435131091229895,6.6561683854292095,0.26265738797855676,0.8314818315234374,10.426872489926446,9.596737869503821,0.2547235920404101,0.7971850424916777,10.808592417507096,3.180414779178316,0.23697786490172493,0.8459780505771147,10.525669429811371,2.4751832224716,0.19715113255460814,0.7966838282859413,11.046298052794963,0
2.455420046986059,0.3434810120526683,0.7872135237622042,10.38962828226938,2.501217068521296,0.3936795237562329,0.8364061991313098,10.34942787739341,8.316508066918384,0.38038572904712226,0.8216061292431398,10.317726879549841,3.525574002817783,0.350882616306083,0.86919793722984,10.455899399965077,3.9392407748526055,0.2649767011286601,0.9433354287016464,10.594166653606516,5.531129161644311,0.3353220606504593,0.8765167052803027,10.261192816281447,8.562979937914932,0.3737619306463794,0.8478337737650984,10.629720852403901,7.529531255385326,0.2815486020573141,0.899452458277598,10.627942212844683,6.5367652577373185,0.23213350813578731,0.9484705441031039,10.78377102530421,9.05676075096453,0.35712084389720705,0.840908437354578,10.490004000287735,7.2756735050911345,0.3527797387639684,0.8257227515549321,10.302863399958145,8.88895988115356,0.3276267673699826,0.8110160117997787,10.313500395860167,3.9153126041028967,0.3277174488399618,0.8608367735630514,10.394398248955131,2.8166032115108335,0.30137599700507395,0.832968847120904,10.49364128719919,0
2.3982970999402493,0.33789854275301,0.7804828179899297,10.4044779858338,2.281285225092156,0.32646675120144253,0.8480873724719247,10.34145422119213,7.294244636377787,0.3262582645101535,0.8230333863426872,10.366303289029052,3.165470794058829,0.25804730202547904,0.8226827276551764,10.374062289767817,3.8361561717330566,0.2495667212315747,0.9241725122575879,10.459807269097913,6.57898754282592,0.3378733826571503,0.860437142943692,10.433919180867465,10.90134983424834,0.4017854452550474,0.8402313221029801,10.518177541953184,7.811032156606653,0.28565011330302637,0.893739819167439,10.678765453665902,10.04948832972238,0.2598067241331734,0.9273218235351659,10.900039028257813,11.915317493832212,0.3785178129467155,0.8360442405804037,10.430149863270701,7.868692797365711,0.35707341476015075,0.806723022254993,10.351813519098947,9.08169743317265,0.324340153422651,0.8076476921840925,10.414412245056562,4.9687244412053415,0.3514704786323511,0.8031831654390342,10.427881037825774,2.7629355900283623,0.29212777936037143,0.7786344643900183,10.500241173371167,0
2.3014370049300648,0.3144664225483064,0.7847068931619221,10.304679654876015,2.072800952881427,0.3085605660863563,0.843131277453957,10.278266663179785,7.272328933410914,0.3370137847965803,0.8443050125287497,10.35867777039027,3.3187503935302654,0.30425008081203636,0.8388895771781942,10.322081647263339,2.829416216447595,0.16645670742669208,0.9326038635476311,10.594855588650594,5.519810316915387,0.3704714517695046,0.8616348794700982,10.40074187161807,13.120529133352232,0.4432697342469865,0.8021832221809915,10.413501904081475,12.415153103716245,0.3853807839541846,0.8197312875354188,10.70245017646499,11.614022452848818,0.3368260805201262,0.9026268987155486,10.609106219089854,10.465392209402559,0.3908489441068259,0.8073685155725623,10.42842774669933,7.553718559097095,0.3783361530480085,0.780920382804194,10.309521798732959,8.502288929712766,0.3247985094480897,0.8320736550505367,10.442429415797287,4.322595427428983,0.32165318550192246,0.8421036661573231,10.384037552419539,2.861897711647888,0.2856857074909991,0.8283289687147014,10.4604160818538,0
1.6781108657896304,0.36326255241480987,0.813092644669948,10.384427084953586,1.8544379651540561,0.35229524864468453,0.8240838255495816,10.35677233987822,6.638339257493131,0.3387948533179931,0.8341885955885768,10.421412353315612,3.3725838551354244,0.31189549108440356,0.8104317710234615,10.354511689546024,4.429052370519076,0.20629079821268492,0.8959188767598439,10.662534184862817,6.13222918677789,0.3665844399236452,0.8411287980130047,10.470667541827423,12.006123875137575,0.36711619869700757,0.819573482324957,10.66595240535931,11.665357321851605,0.3396581357685011,0.8314139265251382,10.650621232817706,11.822490071409447,0.33712005723429533,0.8961979881217229,10.487461901161248,13.495076757846935,0.42477275105335327,0.7654299516719231,10.468401238881711,9.095164553571992,0.4238671052454861,0.7473478446770533,10.372044832391195,10.83306360856731,0.4345577562383026,0.7598969358067321,10.447870676469456,5.608239674559102,0.4014496490567142,0.7467776926434075,10.385818380076516,3.453723669199956,0.4239720578703153,0.7835781214464149,10.474074469326924,0
1.039558163101158,0.2998812638675764,0.8867887385003422,10.509722259014527,1.3898936349095827,0.2857728691250858,0.8775549202548527,10.577502887526304,4.278244598663002,0.2660194689082752,0.8990084878737936,10.584166037659696,2.3924143190609497,0.2457732249773337,0.8422955025419886,10.409233875484741,5.340750930209447,0.2207198438358713,0.8964026317567647,10.484674078280284,4.183201384261916,0.23186066999026966,0.8870413072622256,10.60074687763442,9.341628836006825,0.33760292413856535,0.8533055609374374,10.619522574956662,7.537101152514411,0.26084246631957725,0.9034013703929697,10.651949789926409,8.928798901653366,0.25237791102133916,0.9331012830563405,10.664480026188473,7.958268250026766,0.2909082436869625,0.8591964645363447,10.565239621390717,4.288192699883771,0.2874631913443605,0.8247478323387655,10.505866520101806,7.388725335673408,0.3514072179791631,0.8421389756875615,10.551781995792448,2.7319796840501183,0.25236837842785403,0.8237104298226507,10.600454670633821,1.7418620563150842,0.3090297417564285,0.8853896620373698,10.531338577206004,0
1.0041035442817454,0.23542190932338575,0.8705252644211446,10.771968250083102,1.3124395878207569,0.25479100868029386,0.8930435654590292,10.668564637548663,4.473893631120306,0.27308220041411124,0.8669963617433531,10.775006245624137,2.296007073106579,0.24707546070117287,0.8610776194208528,10.448327120523249,5.903290624753389,0.24641215101930217,0.9015498371928234,10.608625253642307,3.9345392467247415,0.2341579467607453,0.8244356309986997,10.44410076799024,7.127703513609546,0.2946195690434411,0.8718319168887215,10.52318445477473,7.665476453536769,0.24160729619835916,0.8869593392005601,10.921828171497681,8.10603571097904,0.23247140689142717,0.9407134253882935,10.664949788782874,7.082024248263407,0.2416620658816098,0.8819872621623883,10.667675887799454,4.428150712703445,0.23030720704633606,0.8539961428574254,10.54331539355774,5.742289320553588,0.26517867291154235,0.8780270198830319,10.63525939844018,2.557555367056469,0.20001113236558482,0.8610691526659637,10.554419070635575,1.9386099473944882,0.2579145758627024,0.8777448190418686,10.651129887202208,0
0.7477877965387913,0.2174901470673276,0.8818134161843252,10.501171647884604,1.2597809681936611,0.2648425296306665,0.8813519062385583,10.544233064239206,3.121576947195787,0.23411280482742364,0.9183655319756459,10.658230331208193,1.5424420592047774,0.2042629177882806,0.896833286277745,10.648589779068539,6.443295273447362,0.26178486040296306,0.9017252064357396,10.517671218344066,3.1182484970018964,0.14461178003585676,0.8843206714433501,10.527136293557582,6.875295075440087,0.27807452227581064,0.873966645916999,10.609425856027642,4.472037177539825,0.1815358266180063,0.9104505771585406,10.581542782877223,6.268063652926648,0.19771969763478528,0.9534927418166734,10.56818273542926,5.608723363185176,0.16043705318148685,0.8712608426586134,10.50204189551941,3.3609288490816196,0.15422754591834825,0.871218311277371,10.544844981393107,4.474450309851043,0.21956379327881334,0.8779047960621651,10.45471241563551,2.4999607101997636,0.19328666592467225,0.8519735904338592,10.552961888202505,1.7392963051449093,0.2386183321232329,0.8431812684871228,10.43780213347602,0
0.8893081361126371,0.26500523232627526,0.8767846997000864,10.847759282909461,1.2519999481708164,0.28355356254356073,0.8939050099727456,10.61002511360765,2.7253100303545135,0.1896476100094274,0.8830711819880054,11.323718457795298,1.7704541231382949,0.19572221571020781,0.8798164671344357,10.861975973974006,5.205656442272214,0.29136816560692474,0.9167960599079588,10.332847604195749,3.4779322325373525,0.21971089870933544,0.8952869927405226,10.638857621658051,5.43882570846242,0.28411272693204764,0.8743402315918632,10.58012448934924,2.7831903063849084,0.13541698927901896,0.926592846078791,11.995071061103598,3.2568654436277673,0.11004036007182684,0.9482234076462142,11.94067093634925,4.0929805237640196,0.1678584682700069,0.9136203957441522,11.232757013377341,2.487485482175498,0.17091752381772438,0.914135654865098,11.024111679689462,4.4202914050766955,0.19439256063112864,0.8812076681797875,11.181525883361472,1.1912075046908124,0.15357703338077294,0.8817030908994431,11.001816664828615,1.156510925551975,0.22382735939485016,0.9089951504893539,10.770508911901791,0
0.7237231682410423,0.23346488124247375,0.8857433620094771,10.611792481416224,1.0909102018327543,0.24215624228754892,0.8474447156197983,10.497261471618339,2.2792823886271325,0.2262545919248205,0.9030822914503183,10.644759993588803,1.6525353018078974,0.18310320647953654,0.8705708900329067,11.076081480630993,5.65093849864655,0.22317326918401312,0.8813104372224574,10.784556680459561,4.120024672893946,0.18991024156117095,0.8888181007099788,10.943409377963022,7.212378493364621,0.31890332356404466,0.8843998165324556,10.381323774544752,3.375831312606151,0.14515769673158394,0.9528884039474678,11.03927187484806,4.124329344572528,0.1417030798506751,0.9571307977623841,11.257400031208808,4.587119990298868,0.19490155982657598,0.9111841012663786,10.891191287782627,3.3430935366695143,0.21746441248106885,0.9139293675396905,10.641820657418325,4.618883188801346,0.22801546755838892,0.8869791653601251,10.601114593012335,1.9942159828627821,0.22770846182102047,0.8891254803205061,10.536185576421463,1.4724219590337833,0.2632555649784547,0.8974811455398717,10.417558507136606,0
0.7834754876810152,0.2516813275913383,0.9002956581054661,10.614346283177333,0.9211820837771196,0.24561753014808269,0.9068562207575147,10.673569659674982,2.805909645512935,0.2530145749071741,0.9127468892730634,10.78161568161233,1.4189625698521153,0.17085628094233085,0.8816059730017246,11.222887268431244,3.9898464066640438,0.22281069239864848,0.8826055637291328,10.630052029344188,3.9476970115893844,0.18748679745220567,0.9070306781283408,10.86423491106722,5.922442468076097,0.3223699590472279,0.9042700306447088,10.355412864878696,3.9312303822655417,0.20349445940685856,0.9057462195770732,11.418623967281095,3.2012370802873917,0.13970526073144976,0.9457248339003107,11.583098141879,3.6643167384450224,0.1845542033279228,0.9303922835818054,10.829379990259595,2.842935490197822,0.2390618315983192,0.9388714655111473,10.560226744899074,4.463066978126411,0.239258199720782,0.894874306804034,10.599806743158656,1.7504030501576788,0.25471990590787497,0.9050556222949583,10.41842364042836,1.2053265869505088,0.24045167132356032,0.9098600154070933,10.398456885607889,0
0.8879625348834935,0.2651251335748287,0.8539558479873075,10.54880230206933,0.9847923260091493,0.2311373650525393,0.887527069084531,10.522278545408609,2.6439932711676066,0.2592886478333691,0.8580542545358246,10.427953889054749,2.0893354208269166,0.239876680124958,0.838629553082855,10.52251105622753,3.5881085872370653,0.1766753772668908,0.8849244861810054,10.60074810577695,3.3679839453078486,0.18712462381413156,0.9210151711453852,10.843693196701764,4.943608608743153,0.29357466283036177,0.9189724128343519,10.367185242684467,3.9151366972325805,0.2210544382161944,0.8886033779488226,11.389327020364439,4.1807416088612435,0.18067407437261415,0.9251796174825802,11.606345737916984,4.93969253273608,0.24174429158648209,0.9405702934322109,10.746841062241371,3.082495178224038,0.2994614001253616,0.8956650313904965,10.458043642183094,3.9460562905229395,0.20932349966778702,0.8652268550172436,10.629751013990735,1.8556133801427683,0.2598100171102738,0.8564258296203642,10.310442181616958,1.29065000768538,0.2554337259565903,0.8998419553985594,10.3323657942168,0
0.89722276138821,0.17504491005631823,0.6344569566422502,10.393823404696263,0.9954395811133148,0.14053588736602562,0.640171070507732,10.408806097688178,2.822112050356757,0.22481436591891113,0.7794658536638641,10.544706047624963,1.840257005903992,0.1984180259723135,0.779057795120455,10.428249000844781,3.942528248274993,0.21043761427797536,0.8825036621421588,10.590159794568242,5.1991438675958594,0.2601812602405665,0.9081182998491986,10.671634471461342,3.879331424394619,0.2609798013834462,0.9301795628142627,10.602785977434792,3.9857617959060163,0.21299735046478743,0.9421610512735,10.610179324883973,3.540784445946417,0.1895407014113313,0.9612952563051659,10.667248887494317,4.943211309518268,0.2815582709129999,0.9260688547939898,10.561423201088404,2.9041909074731667,0.23828589718944915,0.8630803787364331,10.539556718919465,3.468876581740714,0.19604650470093252,0.8166963545831434,10.666549897826258,1.994540669971037,0.22648776352719474,0.7984964454358582,10.396661922909093,1.032650186766631,0.1509568312399582,0.702722714413251,10.289557692717759,0
1.078320608268642,0.17949043312320861,0.808060720058139,10.943379591165224,1.2939151669505344,0.18813307295867385,0.7390833099194511,10.620069614205633,2.9778973470447423,0.18749022264302767,0.8226062466584051,11.085790018697118,2.5110217388796814,0.21081470427942897,0.8083111790977072,10.729488534857934,3.6200453297211963,0.2240779902367662,0.9184351472531983,10.627006870622333,7.097189624511474,0.29807084004373285,0.897870780519443,10.741286849721547,10.568829892539016,0.40344598730611625,0.8337565803471491,10.367090548958869,13.789163101542918,0.30024944871101283,0.7865555723270078,11.380928354592916,10.88306224725267,0.20720356017399094,0.8194271727847138,12.075931844934123,5.892808477552835,0.20247545518563348,0.9166782471041066,11.328240186796483,2.713201388211384,0.16646076031423915,0.9119269964704603,11.318489437841293,2.8234979810997864,0.13135805063993292,0.8861450996312936,11.431309997130594,2.1892284173553147,0.18016651145693166,0.8852709269676304,11.317507618168388,0.9500688285559902,0.11526441739692453,0.8433258707857286,11.280932904139187,0
1.2394816252782568,0.20716640681481258,0.7738481198390588,11.023154282435103,2.363912790127248,0.21575331735360875,0.7745832592232362,11.368268170974797,3.9121626945952013,0.22233492961563114,0.8103962293015882,10.760436550053585,2.633567861422345,0.2106723436349961,0.8357770267013778,10.82374592676906,5.486495777970653,0.2532943755182379,0.8934200131618513,10.872078881816021,6.472448714591138,0.2578358238795684,0.853890495423652,10.942691644253642,7.901698914633388,0.34764756723220774,0.8958255399842785,10.321516960408267,6.068565328739547,0.16606562756135462,0.8090081241155092,12.280260578256552,7.557731851647052,0.1739123179450502,0.8529416927263292,12.214869736353407,5.5955069553168695,0.19102286965447215,0.8621059539625036,11.539908319707067,3.1887671464029417,0.19402298663047082,0.8516998130930068,11.333367433707371,2.9337216470984506,0.15377234769675605,0.8887522270766619,11.34454179919368,2.191807494706853,0.1694830217005956,0.8462576689480993,11.469378152762225,1.1493177982636018,0.14586327635534405,0.8215185818449691,11.187852846933595,1
1.026039515505493,0.1899333242269986,0.7765888853407749,10.986565725814545,1.4311397397545902,0.13609750931802914,0.7581677396104128,11.232216470444415,3.1003517192029473,0.1889852509341475,0.7866756976211966,11.016936186217011,2.0950871037775873,0.16226820987705792,0.8158510802399035,10.864749705432143,3.73627052487899,0.15978126520651517,0.8344358460418799,10.997289385255796,6.273637873690738,0.22380879648837673,0.8680521325678969,10.896626660560027,11.038924824345761,0.4277466658519054,0.8147696418115017,10.338706025270952,8.421756244462477,0.2012422313532335,0.7825733086429426,11.977463980012299,10.42200665642467,0.19839793663127706,0.8422497670794368,11.744875642017515,8.244182260111353,0.2512318513223083,0.8097935088513671,11.351232631843802,4.301523408124365,0.2632728850318475,0.8239293763338883,11.378168237088847,3.517901064981189,0.19392685158625367,0.8889749981156948,11.413215413107201,2.5336935960349654,0.23001454978300198,0.8110781160770473,11.441981116088513,1.0836733803848557,0.1595404834435047,0.7965811311570815,11.21686933328657,0
1.8546121375505698,0.19835684761360017,0.6088436126053446,10.602718725547223,1.7937234553631418,0.16449274324400648,0.7389855222805164,11.623267941582846,4.326332817777075,0.23663592907873826,0.7421589613402062,10.569958285136263,2.2184752772761973,0.17087285630056281,0.7416673031377999,11.341493017409732,5.004649383702818,0.20278504112907839,0.8592349984753402,11.257970793295582,9.310576515711892,0.2837152706764008,0.8394003289386266,10.802244056040843,13.305102696664466,0.38268116406507857,0.802138413435105,10.326707185761194,9.363566754425907,0.2050176574287463,0.7725195972439916,12.194383174428761,12.727973385270744,0.2257039256597386,0.8596062197083582,11.649096903094318,7.666204167455849,0.26513943491301556,0.8148928575473652,11.227922091899298,4.899778733585864,0.3182932650830712,0.8219284019609316,11.138627862577366,4.7132554406496485,0.2586401164689479,0.8577415029192356,10.923890695659727,3.277273544279668,0.30793770976222534,0.810517449331228,11.16683780269054,1.7002774736134079,0.2240150967421259,0.7828649200641341,11.009924165797711,0
2.0043888648375168,0.18928727714889812,0.5719510400131487,10.526724143799973,1.6145716211981673,0.1455164526190351,0.7318617912363485,11.526572516143826,5.873643167318217,0.26429411672716185,0.7108297138225895,10.636421400833006,2.3985135462238945,0.1815485505561371,0.7675461770336522,11.239498643721287,5.561947142217264,0.20140802471358796,0.8303983460011026,11.130088055023531,5.435791516297807,0.2240623537941552,0.8620880872672364,10.654517507783442,6.683291001949456,0.2645880894910164,0.8394918892194161,10.303983184721542,9.0068166370985,0.2888658481967732,0.9026676477832285,10.668442523536132,13.21763489665377,0.2926855450598447,0.9184995810021912,10.614994752643229,11.728172863483172,0.33481386557679327,0.8150933956983972,10.80874263223838,7.832566908182223,0.40183850602787957,0.7882536514787591,10.796866830908673,6.654974858835496,0.2762742275346249,0.8147238431266934,10.841947255738074,4.292530252660745,0.34845960854930325,0.7798599729614621,10.985724905710777,2.3756375158022256,0.25912037863799264,0.7428594681422478,10.81905621622258,0
1.5546842290829432,0.15993575001560922,0.5506477573801589,10.479646360072936,0.76732447217631,0.08411560612787257,0.6659037538769019,11.661802991657376,5.072642184884595,0.2736181175912899,0.7096755778021268,10.46436958466664,1.6113098642158574,0.13636609421464613,0.7732270157066762,11.298613334928339,3.3871397900912497,0.16678723614236046,0.8253170616806861,11.24454018618308,5.252461887026276,0.21855733387918086,0.9144014167878715,10.460649445570267,8.485369498899823,0.3153688735043422,0.8444024963744157,10.447556899563152,9.432033547706158,0.3180151858739427,0.8882345035909266,10.668302069725383,10.990855164642658,0.3059077969685814,0.8987162800892597,10.76656325867406,9.910146872466058,0.3715200362197512,0.8140372401508388,10.668979059870694,6.342341356511106,0.3923325467594394,0.8166960552986721,10.668340864125883,4.972070705998772,0.24630477959352343,0.8563062836642377,10.678289646289139,3.294144176695295,0.3425123661750874,0.800882435290614,10.815328533603948,1.624330825442984,0.2045783191534549,0.7579333571166328,10.713493494596978,0
2.6740077069153507,0.22971748624495653,0.7161551272494769,10.62347730472107,2.7939785542080466,0.20632697799124078,0.8359859320993714,11.132921807379477,7.930192074594748,0.34947339233471053,0.7699077855719549,10.285305237846375,2.7474653497789787,0.20680449671812945,0.8058445911786841,11.050816860948121,3.412456638860059,0.16385925170783716,0.8590243885206028,11.277919493255153,4.813838958593857,0.25520512946297935,0.8757830989232941,10.493833925601898,5.134780291088629,0.23662102189837167,0.882903307035026,10.598828418889154,7.445943126932425,0.2725507933385551,0.9090690057500889,10.501848895350783,8.582936893989974,0.27488842901355853,0.9289482154433512,10.358370961125061,8.177432862378748,0.31398939092925127,0.8681349626019512,10.55425689685498,5.0141816440174125,0.34180388218769125,0.8694224594354444,10.625668746596586,8.8541567938533,0.3621526566971042,0.8321976507527942,10.495195640547587,2.7337847271094464,0.28588004565077146,0.8587121281673217,10.89559045869479,2.395797933264406,0.253944816471698,0.8180497526431858,10.731416772505606,0
1.320196687572887,0.30887048891003016,0.8077430187138104,10.435844418820075,0.8291688499944437,0.19027706299019123,0.8601043773196198,10.642918956080615,7.046741939839741,0.4123838505176421,0.7713922480170976,10.172637190843282,1.6305558684281087,0.18740737180803674,0.8974332214620846,10.792958559326932,2.703009623826567,0.18271650993232413,0.8875306205600348,10.517271386149925,4.150558623513044,0.22838276041602665,0.9448841561243779,10.549994813118955,7.646384097007376,0.3213095301458588,0.8760189893998106,10.537655556022633,5.042524419910523,0.2656422659330014,0.9231217121252467,10.28554158172722,4.494603288474534,0.1726682022805429,0.9602053081308025,10.639232702398076,5.454896907344597,0.271197387810061,0.8861856273404575,10.60638145708769,3.9309278082569743,0.2839153027263207,0.8802143366180292,10.823813786335855,8.69782723624865,0.41365854145508224,0.8345689248386169,10.37576799833033,1.9844502040803111,0.231329045292321,0.8629763960168831,11.094719506534913,1.6838978126374493,0.2660007915839395,0.9016491016476643,10.7522279016824,0
0.784006602240904,0.2174465243819967,0.8870323571306251,10.580398845316779,0.7821532038536039,0.17441090018946065,0.881834206443741,10.527041523756884,5.800364382296478,0.37079182540127653,0.8520366596688725,10.214569227679075,1.4355718079098692,0.15471588390946903,0.9263165358291113,10.662851703274681,2.5031474889039522,0.15258586209053776,0.935588149862937,10.596750444236138,2.711954864829971,0.14180721576711341,0.9247302954299051,10.980387797249936,7.121871129574678,0.26140669120639837,0.8756742620184911,11.270707459340324,7.989375024100803,0.29698299700584213,0.8754840483831412,10.768271228785766,11.172268874942427,0.3192157663398031,0.8621927206282951,10.823457639509616,8.550574533516318,0.36215043083431986,0.8370408188696297,10.637471024699114,5.2536466049050015,0.3333597975416817,0.8383754025507568,10.747871028643743,7.522362319899692,0.37725391400214014,0.8510480508798564,10.544100921542702,2.25495548509042,0.22269696372974637,0.8807701428533707,10.729972961412637,1.443149066126161,0.2461590205121424,0.9331718092911846,10.62655104637968,0
1.2451847507437708,0.27419151384663293,0.8697498476200061,10.927296936449867,0.8046843971564015,0.16399487407134902,0.9253006577291782,10.92913598385546,6.942010586330259,0.3618121620919497,0.8506470600104038,10.615230928661784,1.5167534229028141,0.15682854110129063,0.9047658008032208,11.121805669063763,3.2375037034795286,0.1689595945629558,0.9293912929826564,10.692598809877719,1.9313648375166161,0.13741082177348676,0.9323364702133804,11.277593425106941,4.818774822786663,0.283321713528832,0.9088137376242154,10.85292522931937,4.943935418000395,0.22886239205199585,0.8783035556912117,11.102708187403309,7.027403997873186,0.1939191530852202,0.9082195299562562,11.265984879069364,7.067429182413322,0.24743554856954417,0.8088160525413338,11.619198706817015,4.2664163764886,0.2650632393705379,0.8405980760112552,11.184050481478922,8.539718320410971,0.3153704940557648,0.8354685029049425,10.948200347349621,3.019922004233912,0.23861375364242063,0.8795408719742392,11.11130741700988,1.8084867095212243,0.234737969120373,0.9149194349293954,10.96801165996493,0
1.2448129632149652,0.08684483295387875,0.4259681718979419,10.749169687232955,1.1940679967518437,0.08999558803553362,0.5216336414663817,10.523252819596964,3.877243433182062,0.19121723476632924,0.7955049988780238,10.85607220285049,1.6940674779675897,0.10830667474384878,0.693138702463064,10.787725180794592,4.795234458591115,0.2706788939601059,0.9119964852795932,10.628902815333573,1.9913971452134565,0.16055947938612963,0.9511433619637041,10.884696090233932,4.51088035684616,0.23152883791796972,0.8728505783071682,10.698869748538089,5.707556300528222,0.22488676631514762,0.9014239150277655,10.722409862764101,5.286240941062127,0.20560954358238745,0.9205651512554047,11.051279875988971,5.4023651947718045,0.2824842468215188,0.856635378771015,11.208144002853874,4.231030785029732,0.2529990257417959,0.7972906590421185,10.766488087609975,5.343259106318376,0.21175937049252494,0.8065452493755579,11.02197132301068,2.986477215914637,0.20954057967148584,0.7298010573714986,10.765716218366041,1.4272424229992118,0.08826013539092191,0.5670488931385704,10.94893878195995,0
