AF3_alpha_abs,AF3_alpha_rel,AF3_entropy,AF3_cog,F7_alpha_abs,F7_alpha_rel,F7_entropy,F7_cog,F3_alpha_abs,F3_alpha_rel,F3_entropy,F3_cog,FC5_alpha_abs,FC5_alpha_rel,FC5_entropy,FC5_cog,T7_alpha_abs,T7_alpha_rel,T7_entropy,T7_cog,P7_alpha_abs,P7_alpha_rel,P7_entropy,P7_cog,O1_alpha_abs,O1_alpha_rel,O1_entropy,O1_cog,O2_alpha_abs,O2_alpha_rel,O2_entropy,O2_cog,P8_alpha_abs,P8_alpha_rel,P8_entropy,P8_cog,T8_alpha_abs,T8_alpha_rel,T8_entropy,T8_cog,FC6_alpha_abs,FC6_alpha_rel,FC6_entropy,FC6_cog,F4_alpha_abs,F4_alpha_rel,F4_entropy,F4_cog,F8_alpha_abs,F8_alpha_rel,F8_entropy,F8_cog,AF4_alpha_abs,AF4_alpha_rel,AF4_entropy,AF4_cog,label
0.5015529336654976,0.3007777521868075,0.9594376292505926,10.019754483821156,0.5298773891894918,0.2734479953574148,0.9645462811157084,10.31578659638098,2.0862292161957883,0.2660722234314783,0.928792627528914,9.726729655668336,0.9342483234321025,0.24112332576726048,0.965304845958196,10.23321508783361,2.8057222064674483,0.26623494009004744,0.9658925142324526,10.345188774273378,2.6865634120081925,0.2977054196465126,0.9599948067878357,10.197087068766638,3.0557097343036457,0.308860501631838,0.9601443869615418,10.266496993753863,5.1244276875912185,0.28942289072974375,0.9521945755277657,10.611524044161492,6.460217251851455,0.32133373037339596,0.9505367312500085,10.596414186035426,6.235485354740864,0.38206963798355864,0.9440728738379935,10.227102928200983,3.6182451064916306,0.37305042348206496,0.9475670754478358,10.097562289280898,2.806590217739699,0.2896845719039521,0.9557331644185391,9.836655565953919,2.202453755093724,0.36607572120072734,0.9387358441986347,9.946937190579806,0.8582924179371043,0.27699926598554037,0.9546613302990808,9.814248657105104,0
0.49765133311904536,0.28942307496051495,0.9593504588857312,10.061396070906747,0.5635312022477199,0.28239102122868726,0.9650199185962092,10.373525524226958,1.836293962769729,0.25167077532210114,0.9392446621215873,9.783776000753733,0.9011906175417062,0.2205653179819362,0.9732256816613588,10.36247313324629,3.1145791015211577,0.29222691731458017,0.9686261073004379,10.411087364518416,3.1196165636870004,0.3101769343575837,0.962697128917655,10.172852077778401,3.4279979242766543,0.33766365976017393,0.9550554578084701,10.2789695549933,4.13345805733894,0.25801231109042977,0.9567132411711815,10.60928071380781,5.363951182496028,0.3090968309697064,0.9495108455369914,10.505924200144463,4.850793605545557,0.35702362929661813,0.9432674763162202,10.049236778044834,2.8153997106672906,0.3146900944948326,0.9499994614968261,9.902489655717652,2.6609670172234403,0.2897393031718146,0.9519793135697726,9.787282532176238,1.6446891659277862,0.3062246991501816,0.9395105857170638,9.752704596235597,0.7923964712850435,0.2739687760442728,0.9474607702991195,9.801584967808763,1
0.4242566510161764,0.27643189429557796,0.966208028127453,10.17651230420932,0.5055385654125092,0.2653539953615981,0.9665176049221069,10.39213446222813,0.9553658387030968,0.19200460803252475,0.9477324096491503,10.372704244876825,0.8595505116887934,0.21258910455073307,0.9695750710655938,10.394052059023133,2.6529492687883733,0.3011041840096597,0.9685910390423742,10.432233864143083,2.5123654997776805,0.27464520898859796,0.9593547258222695,9.792498945465377,2.754706068685521,0.3082581533038817,0.9600799191898981,10.295965414908952,2.72197205081637,0.1957318667776129,0.964363737365949,10.530607270914366,3.731498978787047,0.2416750683413818,0.9659404527309422,10.405728655859631,3.606984107237817,0.32363713035906544,0.9534232237229054,10.061312714367856,2.283362025677171,0.2607513899236405,0.9504854937526482,9.994624594569778,1.6634893525402934,0.24845589271878693,0.9674642285941233,10.099467553884654,1.2467970452958081,0.2667323372855728,0.9460877842938762,9.903022482309227,0.6368212669632174,0.2684628354024026,0.9460215068612942,9.963244522368655,1
0.34872455572817296,0.2789031083258316,0.9591771396828777,9.874817372595666,0.39904903305886075,0.26604027397393426,0.9748043476943891,10.12067227650103,1.2389414157845837,0.2579493753338522,0.9414909628359296,9.862300430557358,0.6024153471168398,0.19081778649384634,0.9583142503450182,10.018140166483331,1.86104563309864,0.2510336904214589,0.9756409798710552,10.32851844843785,2.6145278881464202,0.2802431375465007,0.9598488939979646,9.800842976063617,3.152791397931068,0.3466530698884127,0.9408994898542212,10.129419636773164,3.368792145212867,0.2970572330807838,0.9547372103165975,10.259085462958293,3.9156824588425136,0.3000134052012155,0.9547284042767898,10.184234604646438,3.822751102694692,0.3910846076336967,0.9348849349795461,9.941893366832463,2.7297335692968705,0.3229182353843945,0.9376379849338728,9.76894167108886,2.1645213536655037,0.30359836216674974,0.9529699972830852,9.789421325395388,1.44725580081136,0.32749613383402987,0.9430097562359131,9.755560252296767,0.6877034180399939,0.2781272019357644,0.9437633639596283,9.79925666195937,1
0.2940515299736405,0.22851127691192144,0.9665929485833732,10.097101396401031,0.3118031134305369,0.2140642183463582,0.9775110927877714,10.305232930675555,1.1993891321036514,0.2088192543434169,0.9410268362929028,9.973665542208048,0.48208240932974633,0.14923430228499557,0.9397959857235786,10.092360004122364,1.4668928691664715,0.20926829676873826,0.9783182424078988,10.297936683238843,1.9440785499104873,0.2181458146087356,0.9595665049396459,9.957529157554632,2.655705240055666,0.3181791760843528,0.9383189041014277,10.10463361054728,3.0747500701065658,0.3391705034266055,0.9524467300090066,10.405817680026148,3.59544234263696,0.29874325275898495,0.9553690422269894,10.356969393816664,3.1506638495607633,0.3411844725017139,0.9451674173630035,10.193325748860811,2.565890371513875,0.30865590766439976,0.954130834587931,9.940983755261511,2.187584776021646,0.2594906892883246,0.964379160299262,9.880767401206908,1.310544857012983,0.32254883493737474,0.9525778304008965,9.99734908410661,0.642118466123692,0.2666488700627674,0.9653347091822075,9.943202709344853,1
0.23048454157351705,0.19920099427130983,0.9548688639747074,10.030287635442528,0.3096178640935445,0.22477818589405812,0.9734003769019052,10.122852184580243,1.1571184087017015,0.201950739770876,0.9282400591876587,9.882371801164865,0.5216664310557336,0.16733179531087786,0.9155889376417637,10.029103841936177,1.4483812797478244,0.20852140300345093,0.9657257954011153,9.971037217272436,1.7615462616395812,0.19578987544075457,0.9510335628874362,10.10283109199583,2.282282743189681,0.2665366199219547,0.94396086204188,10.215466557163845,3.295202196817169,0.3481798248881514,0.9512144445355912,10.307351095239753,3.4140910838291405,0.2735403511717579,0.9613703820108833,10.291813951876096,2.926112917717111,0.3159860767945738,0.954520379232347,10.11143342898246,1.8849625864044848,0.273499073709957,0.9562709504405071,9.890418045829403,1.5898989369293899,0.20458585679137758,0.9579114773426768,9.809937838805387,1.0065285040685485,0.2983627977086513,0.960693678027207,9.964320881751327,0.4076539278164906,0.20553462202832837,0.960440865061767,9.82446953128174,1
0.2019060186874339,0.19292237955473682,0.9543711909198758,10.099037695313623,0.30470787546551925,0.22502139581817976,0.9700073219181277,10.126611245713228,1.164567166709652,0.21025515142517281,0.9359347189792806,9.861482749186198,0.4792433595038633,0.17164849095451587,0.9171290657190344,10.02514137119767,1.6737819468940176,0.1848173569262889,0.9704903413203992,10.126461149562251,1.7048543488054397,0.18608889060623066,0.9552571577061554,10.386032010253755,2.3152357099716303,0.24454555876569947,0.948374954101184,10.321337764891219,3.2538404290717065,0.3448154688286284,0.9554745906792269,10.337487124711464,3.568285965747468,0.2897744753890429,0.9625173516167719,10.296033036474944,3.233551018408355,0.33165400455447647,0.956683372844031,10.092878653057772,1.7317873536049722,0.2991976834771239,0.9627839256555533,10.014843680273291,1.5004093707173831,0.18846236991560175,0.9581330665091401,9.889498732598462,0.9847361941353316,0.30030073124321843,0.9614015629885253,10.022041991205366,0.33644876972076526,0.16949296844107944,0.9580030170551044,9.924695876117077,1
0.22414857558610804,0.19265976090635106,0.957424696772063,10.474225485417142,0.3408436357815213,0.2244786800888559,0.9713900959063241,10.454619997420988,0.744751500928822,0.13467673890915555,0.9369302837551398,10.28486611526936,0.4688254262409541,0.16153168641902932,0.9440140812878942,10.45106003301033,2.4690990166349147,0.2422158640533364,0.9679217214594497,10.16104284762563,1.2739143280253713,0.14797789660718697,0.9509523473795569,10.571537263197474,1.4506244673760782,0.18711352495045186,0.9518325119617463,10.43793658765738,2.126160294129487,0.2405625089410093,0.9688603456539512,10.52224099938991,2.7194016274834745,0.2189478703576564,0.9688066236463081,10.25878458537847,2.5871043770197035,0.27316279204550314,0.964003910435931,10.075477443254277,1.234775211388589,0.21533502406126795,0.968277804510034,10.446049443334367,1.0994735704783087,0.13798564749133316,0.9630530109391883,10.495524318217457,0.8410068025499562,0.24520511901957365,0.9669159266079024,10.307759763850477,0.3308915727707068,0.16128254326817124,0.9551546250318735,10.545966991951394,1
0.23957182545135333,0.24265965701295236,0.950711016311812,10.491632638816185,0.3612689926339502,0.23252738058380976,0.9585051563476638,10.302319813119569,0.7831790368419899,0.17862557832120723,0.9388706774468056,10.190098172271378,0.5574088866204587,0.22112883885600335,0.9469929406371853,10.473009813691112,2.551515006221162,0.2440333058718888,0.961600099970203,10.156036228671041,1.523054674689131,0.18549136606704394,0.9533857118109681,10.519417615094676,1.7535075844697263,0.21606547670809248,0.952551488400043,10.45252909804015,1.7887170583357184,0.21754979082963,0.972988837992519,10.313179186811078,2.6497281230840777,0.23462101324710657,0.9671267777810976,9.972136314638773,2.8327700618137217,0.32154387072330176,0.9570670281619258,9.924451852596725,1.1620807622653047,0.22347116536358239,0.9601112038234019,10.408031146492593,1.1618362553451302,0.17735435294978785,0.9584276083202248,10.484980800652814,0.8360653889754326,0.24840330454155674,0.9580221996864343,10.28665628698275,0.3502560211886595,0.19902069602639494,0.9463607168624055,10.704212128257074,1
0.20486607657408418,0.2233786573723736,0.9617267745220686,10.59628783353472,0.313389906194659,0.2052550522502668,0.9548413366121921,10.585377127208034,0.8673642474136503,0.22768110419750465,0.9565239324001859,10.286177479590995,0.4742369384213008,0.2197153657217683,0.9355272447493335,10.572872362137396,2.4303782981225392,0.227867152469924,0.9621320837404544,10.336154570723691,1.2942541614923708,0.17214444244379665,0.9647931487491087,10.191907591777303,1.5909037881837023,0.21840432949501776,0.9555369632360229,10.283899850640353,1.7123933196256647,0.21116608571847714,0.9679617184213973,10.506642734234687,2.430645865657738,0.22719634157035426,0.9722245434879537,9.984902792452035,2.4492112239635526,0.3063472258397613,0.9611180853230619,9.980516647234733,1.0909673538580509,0.20867168346758666,0.9603909124426981,10.483904876204523,1.2291078886077966,0.1927890064817721,0.9623668452926422,10.510406313069398,0.7388346711331704,0.21377626262024255,0.9500328604425905,10.401160958272584,0.4036449005222201,0.21939072956376593,0.9654037195230931,10.650337979696529,1
0.34256863237562307,0.2334756370216346,0.9706498957954158,10.326277413394303,0.5828990086860175,0.20163755198493075,0.9727783699008757,10.283416318892685,1.4472902546754236,0.27346272735624766,0.9571609352476791,10.072065766069787,0.8716018216548536,0.24175799530096212,0.9395981564366117,10.278506974806604,3.1321757125119922,0.2421136408487314,0.9655824309548598,10.20728058600945,2.513776408958181,0.21314299469267975,0.9781386740478188,10.04293083082434,2.8758522970692804,0.31885673802748066,0.9576018658286702,9.98056838991244,3.4836144220268523,0.2792979013101494,0.9674107526490875,10.006762432884868,3.4399245432190737,0.3050395727228643,0.9574760724724312,9.765860692277101,4.220360057062653,0.34135556248804516,0.9496611365584977,9.910102551490937,1.9108395482661913,0.2858322134811476,0.9591373928361876,10.01765403242659,2.1134588398337906,0.26647973007523834,0.9633018323022894,10.107938739759938,1.437269804000431,0.26567310978008873,0.9510384720632445,9.99492863287034,0.795436603256271,0.26496325316888947,0.9703039155156056,10.284983731156645,1
0.4498730852004973,0.21103045451915028,0.9855367111644283,10.129488914905059,0.7359683339147481,0.1431935914524823,0.9714385008504066,10.24611418547488,1.8363678790752513,0.2812513636062381,0.9469227009922176,10.044173348149881,1.0280002446014365,0.17923548990411062,0.92302248635154,10.212060235541168,3.5503806384320926,0.1901430930972951,0.9857699753773652,10.273582219777703,3.9268271978134477,0.19452575593565052,0.9875126183600486,9.998530883073817,3.7861453285576943,0.31149678693245664,0.9640213114225518,9.98844295648782,5.622590072073301,0.2827489477074349,0.9677849823741921,9.896981463361671,4.714859603803289,0.3646337806410711,0.9508951442598148,9.967969843234107,5.848589495200374,0.3130215645348114,0.9594913711477133,9.888651653791527,2.2407052938289618,0.28550331693565206,0.9627015064517692,10.043156899845929,2.4707770498181754,0.26995539506789207,0.9611779349285104,10.161804951161546,1.6732524157342021,0.23022939271892787,0.9566249018095148,10.051059617798296,1.0811675454333556,0.24745500518940952,0.9776208174734649,10.103564667548982,1
0.5833684385601153,0.2469600768383486,0.9782407743210974,9.932342167579638,0.8728903588996665,0.1707525155161357,0.9775311017043736,10.131765823096272,2.100346405102631,0.28808263203189477,0.936638933423915,9.95875740846659,1.1348566662060782,0.18807800272245068,0.9227094731076171,10.06294404232033,3.684042137644075,0.2061160995992691,0.9881297484578514,10.213567174460888,3.803084281595205,0.19351141220134574,0.9891244248954603,9.99785776960791,4.034134231010457,0.3274031919265131,0.9546991631141498,9.87765588744727,7.783711519438377,0.33241830518368637,0.9593135593607974,10.00535255350131,6.740747614772979,0.4411784775554237,0.9309807046404984,10.072352328566419,7.333055179134776,0.3560963744542141,0.9460172097706556,9.892311087501566,3.577742898346788,0.36453930685656954,0.9421437437277287,9.801528721420926,3.0264185298955146,0.2872060620619227,0.9594961747263917,9.936299068349955,2.4849628831413764,0.30239441577904586,0.9514375238051391,9.85696218567272,1.4020837981878151,0.27785125432675806,0.9696523281697146,9.913414372475088,0
0.6437419970305914,0.26209485541640065,0.9760465176250532,9.964967375802523,0.8869941370735228,0.17469090053210998,0.9787629766711241,10.110171406864776,2.211720150607545,0.28817714389852217,0.9420861488292155,10.005058628150763,1.21453396780191,0.19984058921151635,0.9295688534476017,10.077817773371104,3.99827306787522,0.22739609936502422,0.9860976404793566,10.19657037679517,4.609825947596043,0.2169236744635344,0.9832344302645873,10.065093734137331,4.267274018218637,0.33321400921710487,0.9552884380710593,9.952331763913268,7.926397278086181,0.3324370913851952,0.9567561067930903,10.020093214293462,6.923572681509901,0.43671204605036856,0.9308509706746727,10.090180539729296,7.278805888014041,0.3493996741070438,0.9484898091300239,9.896746392424568,3.577451545873066,0.3631760154062261,0.9445637253025675,9.809813453317874,3.191377954267387,0.29367645855014773,0.9625846573826367,9.92405501672489,2.4741054606474595,0.3035083441476107,0.9543885872426464,9.842452883953692,1.410568833052101,0.2774288657372004,0.9702811567990554,9.890093710169786,0
0.6068418877569779,0.27943603054074695,0.9759475124731112,10.0685534555423,0.7386748262549798,0.1850604974039874,0.9777768029896213,10.23746916577894,1.9217385317369307,0.26638470624283145,0.942151595986626,10.264935344154784,1.0167673228315812,0.20120070892383377,0.9320022252431303,10.245865484444318,3.4944574591178355,0.24509740980518582,0.9808526719683092,10.251745460929454,3.337439352778751,0.1937260570314014,0.9840499340082918,10.095157913299944,2.670560905570344,0.2732528104633756,0.9756836894473503,10.12011815042342,6.839467743464805,0.3124318200921678,0.9640898730640078,10.29559691368688,5.966762380492189,0.394294568962462,0.9423934421313768,10.343387328526413,5.662255412121621,0.3307082002533169,0.9590542789490066,10.016696858712127,3.3648412915558104,0.36067844809068567,0.950370566479747,10.03400315003636,3.1465198170918462,0.2987958059746392,0.962364770351448,10.135428453326494,2.0782832700273715,0.30999306735398474,0.9599627289745865,10.029570148836163,1.2045095075802,0.2874065962410495,0.9706455485329416,9.938358630484913,0
0.46697407743415886,0.3129845092568598,0.9553248423711108,10.083622612663877,0.5088791863535649,0.3388550289573983,0.9362537013581022,10.18606428861788,1.6508669317425702,0.27747393071334897,0.9408416783456053,10.233421285338856,0.8193280070622171,0.2807483140295085,0.9321664218903999,10.152583633258468,2.6099397506196356,0.32243818505350946,0.9589961261340116,10.160169818266382,1.9673237258341922,0.2640964280718896,0.9411677974260643,10.33856132052022,1.7884129107567226,0.26194506144127255,0.9670996569887327,10.189069209531855,4.668193216509703,0.33134878673434887,0.9453206533796352,10.674527467321072,4.3129189996848005,0.34121578712113537,0.9551495980933945,10.442728914542142,3.4938463093543346,0.35290517843670505,0.9539087096789068,10.163296098297652,2.829986276962516,0.37417670702093875,0.9444716204217245,9.982211314357377,2.584829604293388,0.30268619591923207,0.9583012870920808,10.027426626685333,1.711278993381128,0.37834088731832216,0.944164887633541,9.920666233590643,0.8393591735243571,0.32265427593715124,0.9608241711649256,9.989223834899061,0
0.3082600157479648,0.24948156229704047,0.9653160651659954,10.315557594811926,0.3327838326938859,0.23545147968004196,0.9205203122179518,10.474798066212154,1.3867614648557727,0.26272755240784756,0.9409475347614253,10.286593563891662,0.6804300992065159,0.2495711644456931,0.9169759944254703,10.345705907899209,2.4079489885487515,0.2821584480935491,0.960457923382489,10.311715156845825,1.8251968405170378,0.23196871295259697,0.9469761568504764,10.404120519519429,1.612218159822946,0.22822388023889567,0.96391808517737,10.467557861295264,2.6755005587653073,0.24735589220167573,0.9431866759592481,11.122559591440572,1.8648960373256696,0.20092404915087586,0.9725031966569324,10.896623740759017,1.1966614028926315,0.1838060627787585,0.9780446053321485,10.610381678011366,1.3702107204041263,0.26105489439311036,0.969388867837848,10.42562274173014,1.957591880398351,0.27901886264478243,0.963649481328143,10.19965848705082,0.809903456259462,0.2559292115228024,0.9653181596475279,10.27541402013769,0.4623250556540403,0.25621575726911816,0.9752423064932644,10.307510030414722,0
0.30134189298129266,0.23676717306191084,0.9532715977551139,10.192936982145266,0.3043991088502781,0.21080490761611226,0.9109063230529673,10.28393886060037,1.2638302126587746,0.22569857613664782,0.9316942535670588,10.123002595744182,0.6353127520709017,0.2192914258626494,0.9119630558462022,10.201867080945231,2.1461855965039494,0.2526232824630396,0.9596766590467037,10.135648651262365,1.415974769368698,0.17708862482881374,0.9561315047170802,10.571271645173214,1.4939494992881872,0.22092948112945335,0.9546454545628805,10.341824764420355,3.704982554253328,0.27982410044525,0.9317024572964301,11.020761928549595,3.1908632798911576,0.24440066517290648,0.9485031009600281,10.843372752033513,1.7633577030975398,0.21689853231869594,0.9666622575039759,10.501783295806252,1.6497298443367603,0.27797040251867594,0.9612200107771964,10.324928499346937,1.9630037227692088,0.2636655584101368,0.9665213260508481,10.143177336496278,1.017089865490174,0.2563899592743473,0.9388721344597313,10.231773722953891,0.5047387239519191,0.2439795013263828,0.9480206987286208,10.211779043146105,0
0.20473819904040766,0.17031846474727466,0.9341364818476611,9.874796359346867,0.2094992024002372,0.15041553502878469,0.9047689505314699,10.179590919727955,0.9317306273899661,0.18263829428716724,0.9224637841302752,9.796901002567004,0.4982796333254735,0.16706168088314313,0.9029710492077349,10.058405857212225,1.7323422886652524,0.1970044688651112,0.9377753217199212,10.18307429100298,1.6314217170946166,0.17759333820109163,0.9444176738536472,10.450169055693042,1.1911353156522164,0.17459396808362573,0.9434893041155294,10.265354294115719,3.063702604293443,0.2717395613896164,0.9462673292615948,10.863410360798687,2.984838624958395,0.2385245953588399,0.959576230710576,10.72138365701351,1.3781620517855813,0.1780937334520652,0.9743179197013271,10.16818128244322,1.0547627548701952,0.19263847617916027,0.9396502446145125,9.887132025770885,1.1802736667766647,0.1789785068719105,0.9659749302359737,9.724880426828205,0.7710068973932145,0.1881334859527893,0.9099765722894213,9.828208403494846,0.33615021755843966,0.16492506510816235,0.9216465534495194,9.919775705440047,0
0.18455873314160065,0.16972817586305503,0.9151455891364983,9.817663392122935,0.20374293110407118,0.15958309129308768,0.9077882861284053,10.369837103912543,0.7515616408662149,0.1691467867042852,0.9186681188994634,9.821547475789824,0.5495308431749965,0.19358163231297779,0.9176803389926175,10.329252274265531,1.3805590306789723,0.17925927757540808,0.9282219511501032,10.147827713404293,1.5659254574531614,0.1708799851079424,0.9430619159845477,10.38081277176053,1.2720588425340575,0.2035847736061768,0.9458200347627819,10.40835430706061,3.2428096818569765,0.28931329272047895,0.9482887885991296,10.762586547635298,3.401172072207866,0.2561575236307101,0.9540009876901955,10.75666288685624,1.8999719646097248,0.241235849648771,0.9656055305772855,10.347120441508363,1.2772685898610545,0.2117895290555634,0.9191256140964981,9.983452835294012,1.2940584195980607,0.19238619209355134,0.9585124435321559,9.763384997563342,0.928657540090166,0.20427517854456162,0.8858815129620377,9.875947834721568,0.4102442847053914,0.18813689962772562,0.896594166224096,9.769880600001832,1
0.2057609548020765,0.17278092819942936,0.9027931673157524,10.131542583506235,0.21780214239718138,0.16360837006915654,0.9057333242212697,10.636389201268486,0.7712275639495514,0.15275752456596411,0.915683648670036,10.230660872109167,0.6457068242755026,0.20103784553920995,0.913137981757464,10.60620775022049,1.5533676192472896,0.1970713624332091,0.9086976566443636,10.159478942418415,1.9571354935160477,0.20351525171188609,0.9402071642747432,10.32560837836916,1.2015176721232386,0.1974744441084992,0.9540981015834635,10.361072142160404,3.733827885606361,0.3129597009705565,0.9425969635143334,10.729615261476777,3.7914054236794206,0.27521605528912063,0.9440419522029853,10.847009413542178,2.416838111672935,0.26072788649279177,0.957360921240603,10.644949628817633,1.5163470283651443,0.23163408009191433,0.9199621584731837,10.235199459807932,1.2760297680992374,0.1818835332661725,0.9535239968116856,9.9893014326261,1.0267497773351844,0.20801660694624863,0.8940040560859126,10.079324049057554,0.4455834243972101,0.1830122161605112,0.8934863269553959,9.973652607548928,1
0.23548659350850387,0.17700867604126677,0.8884902252693369,10.52758916581658,0.2162473034718787,0.15734900812728425,0.930407188561479,10.778503656929766,0.8484676721728812,0.15868053299846335,0.9039263215896847,10.505737543456052,0.6024656924075524,0.17942196670338892,0.9179972383505888,10.76208615917688,1.3378415556660677,0.1767094264472665,0.9157036441307957,10.301821632180172,1.7625436749777335,0.19590131750886142,0.9396537491559787,10.461378319973651,2.072026286151393,0.24673102525410529,0.9456883171818117,10.160245734096168,3.0405328232307376,0.3239112714384715,0.9569367433790528,10.479916558325405,3.244888813994242,0.2992970070069448,0.9568619927173075,10.756370124990674,2.7608601046837933,0.2900126009661478,0.9466266051785818,10.528137268519437,1.774173679879934,0.24073592812079034,0.9084440503534083,10.458510233176826,1.939902320248902,0.23845588670782636,0.9487572609498235,10.156389015148664,1.1614231840627984,0.2079464867377947,0.8979428340649831,10.290756968670676,0.5583643090190599,0.1985980211570276,0.9008400091990703,10.524454316995623,1
0.22765363289367185,0.1884970939657284,0.8913426542612177,10.740632841448333,0.2428348178554955,0.18761250929359297,0.9422357225827601,10.674259352936776,0.9602397787287754,0.19135343954057815,0.8943555428320907,10.624043441269254,0.635736968030961,0.20211856107868117,0.91963779677079,10.788961779555558,1.2437406394679804,0.19300518966100114,0.9356444884138991,10.215822390564805,1.568993966180715,0.20638896872884685,0.9515455033715496,10.482174738823218,2.5272084170868787,0.28833170300909117,0.9429165825097697,10.037135616417181,3.863242053865424,0.3772718841627786,0.9449826840897398,10.206829335967111,4.14065207476437,0.35637346188962127,0.9499419916013142,10.467112849531787,3.8241439795601044,0.36152975929407916,0.9375077599365723,10.511467981472721,1.7356024999802884,0.2455149771691344,0.9135972468091884,10.653260604375337,1.8941455100865179,0.2515118148806032,0.9443907995117996,10.262887966455017,1.3157614791491716,0.2196254082729557,0.9067160681479132,10.471373960103781,0.5770380231830481,0.20931634964062465,0.9134821690823731,10.694101495291315,1
0.25480142328616173,0.2064713729645538,0.9158005754511563,10.686408656423653,0.25829659113352926,0.20593233461244598,0.950629199595775,10.261202638844551,1.1056979571446912,0.19906044178777613,0.9116912110862793,10.44180128188123,0.536099223615765,0.18002057813032465,0.9092577686203767,10.626068471766166,1.2681846404826196,0.19178861174881162,0.9425235255928424,10.170771693056233,1.5391159133823504,0.2093837588162255,0.9458066667451062,10.338940187825614,2.550559588515514,0.267591249624753,0.9355731475614051,9.921521134627676,3.2562400240694265,0.34780570565542923,0.9464623601149489,10.0598915494571,3.7957971048138983,0.3474442217080217,0.9565950335321959,10.32999315436009,3.519759575437808,0.35804005793204596,0.9417739156386128,10.401767001346327,1.657362944925949,0.24401432717549676,0.9373448762098233,10.607901517774183,1.831056496368619,0.2437356273722017,0.9527418486990705,10.250970293031592,1.3096390340569175,0.22911006350988336,0.9213316540593692,10.47014075918358,0.5535406227174979,0.20758560553638078,0.9265729671357493,10.682631740247764,1
0.2605129283890294,0.2206651669392582,0.928821786611176,10.352988084730796,0.2457028799688193,0.22257059658717893,0.9645774748187641,9.958013799889645,1.141882545380007,0.21635558185297593,0.9202603812723517,10.218615389874987,0.42930086498985276,0.1484345251246298,0.9437327075888065,10.105074325309468,0.8990166398664257,0.16364944077663976,0.9611566922354778,10.01836050338184,1.2375148702820242,0.19770682432923065,0.9552967262004469,10.203617916176459,2.3637479683563054,0.2677483893536709,0.9351654127026905,9.885359132476566,2.8088007137810145,0.32876210967489955,0.9469754166785281,9.887408346983815,3.6725745032310106,0.3449961180150417,0.9548320031407912,10.096173457670515,3.6520033797003317,0.39076959841477565,0.9355047047800815,10.070900020919503,1.7117498936848188,0.24943693537186518,0.9343907460366531,10.255289729617282,2.169002879517564,0.2779541885983366,0.9512524247741673,10.143760323192556,1.4060809529391871,0.2433029588922165,0.9199833928535333,10.208791723333416,0.6403000658989701,0.2354464525843099,0.9382691278479607,10.325524193317214,0
0.23715911284808022,0.21335368787801684,0.9645024466910301,10.248302318375629,0.29020056543654627,0.24018496935912864,0.9687417730556844,10.138977221189355,1.2401364612756678,0.23603903053636704,0.9527654188887302,10.207213328079531,0.5529103922762726,0.19564930850021012,0.9613564834355371,10.173193179029907,0.8826698943503737,0.151053430405367,0.9722801402983718,10.224134896051265,1.2850054152092851,0.25676259309786775,0.9537134967228278,9.932592157622365,1.4530820267309976,0.21007012724542046,0.9410517349861702,9.774238194098503,2.5553024219504765,0.28342444085114926,0.9620719598933017,10.129968068466917,3.533093371695931,0.31125577747995486,0.9624740738197505,10.121319289112323,3.462643361010243,0.37281631018944733,0.9484671484384657,10.193970165447706,1.5822412537913215,0.23219485885892352,0.962977257313841,10.23323094785453,1.8864264028647433,0.2611297039957553,0.9609834561420799,10.270831741710953,1.2961084109630696,0.2554095641110786,0.9474533948358784,10.221479257864953,0.49381271799979487,0.21756130775804816,0.9695310886840948,10.01624025932621,0
0.33956466969957155,0.2576388032456427,0.9629838926318688,10.358737056711835,0.33928223830889637,0.24144203805867986,0.9685902103927003,10.161679166288565,1.5788797435247361,0.24734476005785058,0.9543151011174138,10.261232510064564,0.6089648505252162,0.19874741140121094,0.969468704405006,10.319696773703157,1.1826053843241666,0.1790802124487003,0.9790901475838253,10.289457906594574,1.6741362926208572,0.2971028345425474,0.9504129683125981,10.047837936774556,1.2230189575254478,0.1943981428699549,0.9509117632869516,9.96213138961772,1.8263381362003082,0.18878190751811802,0.9521707152930815,10.621935129163719,3.44093477072973,0.260517062273019,0.956782484852198,10.28705633076231,3.6191237443380526,0.34038192251676125,0.9421846481580342,10.255917791643578,2.1956066095936446,0.28125708818192674,0.9622132587730498,10.308409166575979,2.4779389467692186,0.28107591840827506,0.9558303708653351,10.389007631326127,1.4808842576588621,0.3013033792982445,0.9578377326322032,10.249966057538431,0.6612661949432721,0.2722708194388618,0.9703932877676791,10.15111000284863,0
0.35324576766584126,0.2674098304726474,0.9635282359308549,10.40025184055039,0.36151578302596066,0.24403484811803758,0.9699549688932325,10.302081926232672,1.6640493894950086,0.2610105522315184,0.9508658422617159,10.244018519640726,0.7551700046519978,0.22448706562902612,0.969551249806002,10.436433801751978,1.3082408833090045,0.2068082406997429,0.9759200086911024,10.391195430884718,2.327517330041286,0.3241940266417891,0.9500540367233105,10.518327899790265,1.785902395536256,0.24303155856650063,0.9703485779852998,10.550304282516194,2.553815066860072,0.2203404663221038,0.9306077867665626,10.905208228520891,3.8042926030059956,0.2726733299203732,0.9451324982552123,10.309684726880361,3.8088854679578703,0.34563650127083995,0.9364216178722077,10.27465307226766,2.201987296459108,0.2843032498553729,0.9580346151494281,10.326104641191602,2.5036346215996597,0.2934753370026916,0.9539360641509839,10.359288173312482,1.4440681309486592,0.31233045655941716,0.9521809314407986,10.297065314753787,0.6517760160115607,0.27111887082923464,0.9685795477034472,10.175805094926607,0
0.4203696044103719,0.3038392494206619,0.9553475793019411,10.572202866785728,0.4528511724516495,0.28222251106147855,0.963336737570674,10.460481414582874,1.9965987375235374,0.2847588427763721,0.9589147126808847,10.201302279555794,0.8247808771137355,0.2738944122374051,0.9588014073532021,10.553804672897645,1.6707759561950617,0.2520619406137288,0.9622827520254265,10.45772359917703,2.5810474434048234,0.3110823519393732,0.9421149216425393,10.695462886286,2.586895849195554,0.3006208922011291,0.953005819378649,10.641757348381459,2.731068058001076,0.2146654550594038,0.9362705446106091,10.810220356507743,4.480584055007759,0.2910954284594081,0.9413004959324583,10.460960052023177,4.442548260537466,0.36146171223217793,0.9346966424860907,10.496549449914463,2.520896025594073,0.313450158564259,0.9478338208351675,10.602374310626685,2.588946441961845,0.2720701820742562,0.9667326789395492,10.441222268737992,1.627926466476938,0.35504995431765535,0.9335177251409938,10.4957180114271,0.7172917386906674,0.29464968430580085,0.9626544162847193,10.479011692448756,0
0.3992066802451609,0.3074706784366601,0.9552472885685498,10.508661549894134,0.4704011787758424,0.32340981042554273,0.9562016245143601,10.293351510795636,2.051077876663427,0.2987875984689964,0.9513115950094246,10.153843719600905,0.7506591958594321,0.27644535885276683,0.9547405579058224,10.52526278678564,1.930513495155184,0.30507787761973526,0.958053531833922,10.319432247394772,2.444505621974225,0.30253524139382615,0.9392285231004092,10.771607727625927,2.8378916612359673,0.3170267720737795,0.9377400050745288,10.676163359312355,2.4549149409158977,0.20414191218928482,0.9481196477330132,10.905108135624442,3.9199505017549074,0.28728978418421214,0.9585343277791281,10.551612260490622,4.062665745223045,0.37742986433312853,0.9396533475669621,10.534301016284047,2.2249411550998714,0.300380081328852,0.942002467067738,10.547167433235208,2.4282097596181904,0.2558852783091906,0.9627949635622273,10.28576028909083,1.443455769730579,0.36808404616360446,0.9355038673116014,10.428596979164485,0.6894629601119394,0.3106619368370651,0.9549207886627638,10.412350078352139,0
0.4469273708723984,0.33206572853389926,0.9486882003166796,10.454071548634928,0.41321434301737603,0.3002591958957632,0.9607108801390923,10.308689333431518,2.740880333969301,0.3533032776786477,0.9478047737036838,10.304044732479339,0.6861019215266411,0.25574107133773283,0.9549892429596998,10.54572711833203,2.0747258953957743,0.3235468647702311,0.9558600055686393,10.18829631523419,2.2354855900431128,0.26462270268767496,0.94450888869562,10.897408560835128,3.264751886114334,0.3067490925156445,0.9440404132128716,10.778389002041923,2.606415846029064,0.229798122756471,0.9582840362889546,10.756816497340322,3.4609423152925443,0.27961607580030257,0.9698530930774548,10.508951938537813,3.998071542325486,0.39238142460304914,0.9451751606884774,10.35092032705416,2.277115684923549,0.3186468945342747,0.9282435437675121,10.261937300264771,3.3333405690596827,0.3116633212874223,0.958197768559158,10.346104322127301,1.5448369285211638,0.3615436064562032,0.9397767188047417,10.171731852711263,0.7918025074674072,0.3196630030942217,0.9501718228734337,10.171049137329275,0
0.454411090929735,0.33522473424733296,0.9500037428896304,10.350852395923752,0.4693929233398162,0.31523947332742774,0.9626986243503608,10.300341568699634,2.7020450629493586,0.3631794528449605,0.946675092880097,10.391883722443346,0.616246142762916,0.2703908327685829,0.9641667246678994,10.57780049472255,1.9032737005298055,0.30300398686805724,0.9618620657910041,10.110097405607442,1.9077791477640036,0.23471827175815801,0.9479509386287351,10.622969719399364,3.223451209102911,0.2992105783216694,0.9366699040691628,10.654723042708381,2.2044781556254662,0.22025839173435152,0.9661573545368873,10.491795653973158,3.340691890106143,0.27662244534824926,0.9692600715326285,10.445355366199198,4.251961041009249,0.38344871515872414,0.948678149314184,10.290793842111043,2.6656455809114856,0.3431126973960868,0.9341427764934831,10.166290778757348,3.4412373451793794,0.3117910056408239,0.9588690029316366,10.329133550505837,1.7704151528536292,0.34846689827648025,0.9407320154822005,9.980205924379606,0.8422233330497881,0.3035278362089509,0.9498460304613853,10.005496824009084,0
0.47500699109005956,0.33922821568925127,0.9539822498725055,10.201293426179703,0.5090766089655199,0.3394072132409429,0.960026889576441,10.182524759272406,2.7600597624657053,0.38159442869198645,0.9398440884932195,10.360152804397213,0.6332584748755724,0.2738371552023235,0.9677876496940474,10.29274473730834,1.954859289781484,0.3047711136076971,0.9631015075335899,10.072470978079435,1.9987318895787598,0.253272560600323,0.9454686243027687,10.386772422687798,2.587241991666817,0.2585565660511273,0.9273834154326721,10.498607289038606,1.8826299477700101,0.20618346111635627,0.9621376767146494,10.656265103301362,2.618624402086379,0.23881088929259486,0.9671423377876996,10.327880414858145,4.1242056135061205,0.3663113178014791,0.9486146253328508,10.15024413146602,2.9483561359658736,0.36329841736097923,0.9277243564232156,9.996249414606957,3.5327062950316677,0.3423863638404027,0.9512179465443337,10.271293873446309,2.155905089335886,0.38010187530382505,0.9338950405300536,9.903863392033516,0.9174900237127699,0.3237869884564188,0.9416634935272234,9.875699148622376,1
0.4343666510344111,0.3431452012489711,0.9551680065579644,10.209280450041353,0.4710837824251794,0.31968854944300923,0.9608130059520787,10.110304188677203,2.4333382688408216,0.3801391289863671,0.94254156257761,10.408063419994129,0.5726110893205185,0.2635789081203775,0.9649875142238769,10.132929466878261,1.772243503982716,0.2777014477469941,0.9627186936972665,9.904993875680008,2.3903046465200712,0.28640288589797935,0.9439893198984964,10.234484906063475,2.665521771376329,0.27219930223014893,0.9237183277933149,10.48579448518014,1.7755790081914924,0.20879910179550104,0.9667471293663837,10.406595604491809,2.5642655569409114,0.24354442611584856,0.9653296744707974,10.174435279331032,3.8812823061312285,0.3423501383489171,0.9494153370554483,10.061589599813933,2.948890401455002,0.38288474426047453,0.9363800246071843,9.971407189016926,3.300400080522701,0.35556956654681116,0.9500109292435918,10.349627677156732,2.2228289385547533,0.3824596693111948,0.9307008716802484,9.878395886883343,0.8949811186696564,0.32487567635776304,0.9419062926066857,9.892993402203155,1
0.3018033932049312,0.2686694132335639,0.9522565203683209,10.068414756908613,0.5067573109804184,0.3147113526646748,0.9491558138397047,10.167455121823012,1.327743590450437,0.2488809252210303,0.9269397108657493,10.153174294855505,0.6034536250976816,0.22891410943376353,0.9135770343659989,10.144129279652741,1.745250219477661,0.23817129038190843,0.9599873315963299,10.05907538064554,2.2964510335932014,0.30353996361217206,0.9492497351282848,10.140131288906858,2.3497052621966876,0.27390441256926923,0.9300420877713523,10.268436278717676,1.7556458485078077,0.2203668619654721,0.9701806870165433,10.2421627619269,2.1295826096428634,0.24532268651395978,0.9728891514153795,10.159332229377627,2.8219897574801482,0.29659575121018616,0.95948996105854,10.117614011225399,2.2143633246073793,0.3281920012033213,0.9460198614443635,9.977971517094248,1.7288977112640171,0.2551388139790151,0.9304568273259265,10.044031764153551,1.6697618636839175,0.3588326150301572,0.9403500991437539,9.923596441703138,0.6193066334201074,0.26216810282782316,0.9396216301040924,9.83186652928255,1
0.30248653511773793,0.2833513698597559,0.9482843813492906,10.15060722099397,0.4312640135628451,0.25258987972554153,0.9175409094977022,9.856134968915235,1.293119345353225,0.223920882326587,0.903246015444035,9.897700933477557,0.5791339797915548,0.20094429139980383,0.8745410341288076,9.867079226972738,1.792774769133023,0.22627691128324295,0.936793677975186,9.929290360719783,2.041197010745148,0.33693714097364974,0.9475475975342342,10.01252383035128,2.3464217924201174,0.3177937051788603,0.9307747189681664,10.172059622089954,2.010082522076697,0.25742569701038365,0.965790244428884,10.349685727962207,2.2050127204723045,0.24672818780496483,0.9769227763432685,10.369178255657125,2.9171698865018127,0.3185015499922251,0.9501681598429198,10.309091942690713,2.1040535586712217,0.3410225353700679,0.9415031059872979,10.130872922228246,1.602414943462183,0.22941583822618544,0.9189401148622622,10.285623718804658,1.6014387769218046,0.39415154189184476,0.9370744867985581,10.164976845017474,0.6777927383796252,0.3001033706827183,0.9476181406711781,10.151152801019451,1
0.2665404185466642,0.26784688048744676,0.9456480944185391,10.277693234780841,0.44986399789734144,0.25602113787395153,0.9207044307059252,9.827971267252723,1.0407910832520102,0.18237993659803092,0.8955677343410431,9.995653840678914,0.7502540046486463,0.23440210319727517,0.8800985514388049,10.135658576773807,1.8699639311447585,0.23741349731506223,0.9324517266982075,9.905259927672873,1.5900558491574204,0.32674443328290526,0.9524676097140764,10.026196832205843,2.268516050554302,0.34035922507532734,0.936714400392893,10.132220343111394,2.184720856952743,0.27556794224797354,0.9644197326640384,10.354357463413697,2.191145409133015,0.2313310545642925,0.972710842872326,10.511362734436247,2.7294364527440087,0.310235481008711,0.9526318790698829,10.44995645298868,1.6453756695801267,0.303886708663054,0.946757924875822,10.250071156147605,1.4536317279344098,0.20697355481532695,0.9286490611283853,10.21894219430753,1.116551193825344,0.33651580716337465,0.942925360906942,10.354834595227901,0.5151103689057488,0.2564407570375628,0.9571280486353004,10.27619461420102,1
0.261052860662525,0.23041269830885905,0.9378611614860084,10.223531122971307,0.4747996048681528,0.2264563880446337,0.9068360380867447,9.97468370526208,1.0515377211175778,0.16778978179869572,0.8855941613714697,9.853945577888252,0.7810307389529255,0.20777848984689612,0.8672809875417338,10.25701761337103,1.747487988899719,0.2146918112293696,0.9382566389240822,10.068475016182248,1.0553023906147168,0.22824230640969023,0.9665522072499088,10.206559783676017,2.5042045575022716,0.34985337046589665,0.935873299957585,9.993241817287032,2.448139765534866,0.27767167170638735,0.9570040834115893,10.349928052982019,2.303510077216348,0.22815036497447652,0.9697263670532398,10.528841830157441,3.026199517024157,0.3125177397604578,0.9368959530969715,10.447166167053618,1.5686492492781876,0.2634542294614524,0.919214046227254,10.235027537753153,1.392074111523379,0.18837767343508321,0.926740317672785,9.959612252440653,1.040879822862741,0.28660263855451873,0.9272970684278395,10.327899757652517,0.5148558496861322,0.22140305848593259,0.9438281149627586,10.182540592914131,1
0.2503139113004289,0.2551581629751452,0.9511804230842811,10.160165573505669,0.41080840524184115,0.22070287148185824,0.9062323380739457,9.86767881788688,1.0778415926940645,0.20339918703566046,0.9176584467421104,9.893927222886227,0.7525283681863939,0.2298285776369882,0.902518996476389,10.154828532876712,1.3594902568545812,0.2065593601488326,0.9492108632186803,9.968900723790775,0.7606699870855347,0.21733672303762677,0.9718505333123011,10.36807149210847,2.419830062720874,0.37811718151847995,0.936022241860337,10.029578936549486,2.109058557235282,0.25590970175007743,0.9650772833554627,10.483861677886695,2.071270879593263,0.20844225680170844,0.970514370439304,10.682213461327311,2.7389333842254113,0.3039135359731762,0.9382150519268366,10.483625642045508,1.4386692470934548,0.2551121006120527,0.9121038124611349,10.288283627454419,1.379556162565855,0.20799741499003854,0.9413757391274767,9.996562850952245,0.963363206201572,0.2874041201617339,0.9239446116512202,10.291920310671372,0.4668282727087754,0.2252784518129381,0.9462713650392558,10.193591658693395,1
0.20735155356609397,0.23436646537658706,0.9555894972015945,10.031048692148014,0.4345233990589428,0.2605567425039568,0.9312355688971216,10.218583058727793,0.9475221839917363,0.20855750825345523,0.9352579422236246,9.876740636176827,0.7671500759902428,0.24638575211541658,0.9266954825119169,10.344336103633188,1.4594109961237363,0.21763630556021984,0.9719080323044661,10.190190873102294,0.9219302165657642,0.19921831468051904,0.9759337951789208,10.574226094770529,2.0440258957994084,0.31699555845144073,0.9517582544967333,10.107623424421979,1.560107002279019,0.2007314745717643,0.9678346943458078,10.473831339852518,1.5523492028911372,0.17607680360321848,0.9613331762994844,10.67429635862464,2.4101879978917857,0.270912982816244,0.9452554694060075,10.471337735841297,1.1321195197576694,0.22283924063804667,0.9042641724902383,10.216707770579582,1.2510339302410478,0.22767256555630255,0.9440598262490434,9.794688664779608,0.7502360628976255,0.2558298433973669,0.9251494435062435,10.211683831239469,0.296821811294254,0.17903479634322927,0.9528133468812745,10.044762954370716,1
0.11558406728350232,0.14950919566172532,0.932220989926996,9.745648102990947,0.27644972192592016,0.17989179885209586,0.9117814031442707,10.120283242686849,0.7416958460905185,0.175330806770479,0.9098781546031541,9.705496501587731,0.5296250728423141,0.17861404729057687,0.9182817025093242,10.088594821612658,1.0366909467700733,0.1525992363839906,0.9492074738013888,10.001518826217767,0.8488468720141864,0.1605365933459977,0.9566053060711661,10.47091190989573,1.8924977228820343,0.28371710852693494,0.9618807686719159,10.201065391897345,1.832791400279484,0.22028976767663555,0.9684750683059754,10.418989909751826,1.2422976641921228,0.16331587270711279,0.9463657925190766,10.567370411848724,1.6412083065312493,0.21881832140525892,0.9356434496278955,10.493844016001338,0.5861298589742057,0.1401723051378048,0.8810792448966167,10.088945199687489,0.7375644822689169,0.1786160872604403,0.932782642807102,9.794248154070488,0.4394454347239555,0.1772870529856541,0.9075711748372839,10.082591766489525,0.1697755267228388,0.11394067539432398,0.929661862779747,9.866225376168412,0
0.12443505217365662,0.16699405238409257,0.925699557459679,9.803478733077638,0.24511491491940274,0.1922157689503161,0.9388783156502919,10.034310863405151,0.7226443835700767,0.17213239207884345,0.8913931832915215,9.815781527294911,0.5114853619124835,0.18028759118221233,0.9367704568783533,9.980723055993403,1.0503517057632366,0.15539960603563674,0.9423066624283435,9.929944568553418,0.9318503070014877,0.16814095797456247,0.9433244897140612,9.965353768108164,1.3877441062635054,0.2539934197608642,0.9633461073598699,10.19258021838191,1.9433737648579548,0.2104831806721218,0.9756976744127653,10.409821803112537,1.1243442158801475,0.14457464089541855,0.9736152104738907,10.50566475822213,1.3323473059874145,0.19618586826764534,0.9708184417683436,10.391918099548082,0.5814689781497684,0.16466677031260163,0.9344476981897702,9.974604911984063,0.6616945610749783,0.1799319647623608,0.9164147772306127,9.909744921198271,0.40702243488363005,0.1826380546736047,0.9175116490755133,9.974244105110246,0.17109590076030817,0.13788439431223853,0.9350201708198623,9.758284115811977,0
0.10759500738039784,0.1314339664347448,0.9147646901180031,9.72628365037689,0.24927044698677722,0.1977059635476918,0.9368872558295889,10.04173919573484,0.6143736749903639,0.14715129227622814,0.8939986127843587,9.738892206280438,0.43036542771209313,0.16908117021486327,0.9204583012525862,9.845548262588338,1.005887546381277,0.14700492860686293,0.9301534635914888,9.876121148682106,0.9928934847958701,0.15912554670147558,0.9295408594550132,9.948806728798175,1.6110710570499638,0.26124817650195675,0.9629133087763626,10.287007598438711,2.2127546330407455,0.228296713288617,0.9750730648194349,10.466289865775336,1.2119957000794095,0.1569007257309596,0.9791295996311449,10.530501548935385,1.3863794960705875,0.19672963159284726,0.9738463485626452,10.43742231612293,0.6148744180694607,0.18159626585740848,0.930588219679489,9.897291593654089,0.6512587232283669,0.1636081420066767,0.9299006742279037,9.893291533359694,0.4650915198890292,0.1829808739963848,0.9151838137098642,9.875519294335211,0.17494567707921366,0.1346765026696078,0.9267355713369648,9.6802752801605,0
0.07583475914639758,0.09067644337734564,0.8971981717310513,10.01162793589665,0.1703823863575407,0.15718111067276522,0.9359084461780294,9.887274028719377,0.43714638078073775,0.10306432857038421,0.8897567421036614,10.088159974800686,0.3790345965052584,0.14566075083833713,0.9134080537225692,9.68282485260469,0.8652553984718401,0.13732958569229187,0.9247979857329289,9.884804684640555,0.9421832615820513,0.15017441904553286,0.9269156822892095,10.025206131786172,1.595850443274426,0.2603002397755071,0.9579760125042822,10.134259122061158,2.333859741707319,0.2362525208048427,0.9719258490194267,10.467962294357644,1.2127847501273763,0.14896602134197454,0.9806037715938539,10.515198400005879,0.969352293570176,0.1589047245390091,0.9722914873269625,10.312588417976052,0.4409052804796653,0.13320199958207476,0.9300459753505625,9.980251468312906,0.513695830847779,0.12719950211669298,0.9318947093788734,10.133217057019424,0.3511626374422763,0.1436173757229636,0.919034132728935,9.876478101024542,0.1314167516395362,0.09809820908564375,0.924808523230326,9.80463759619254,0
0.0792558383659938,0.10161379956225082,0.911351948134411,10.319857593364542,0.16574496734081942,0.16993959231126513,0.9266936612637285,10.226186207398694,0.4427493397382406,0.11251893416862531,0.9115924507856867,10.268871896740611,0.3410741864840935,0.14320117513989958,0.9202999407790755,10.039621757188549,0.6865895824095134,0.125099076370399,0.9221055835023502,10.103273666342739,1.3087304987678396,0.1932249175112688,0.9432414533538468,10.047763530542996,1.7485457498905779,0.26615039880967756,0.9490447958001541,10.073739399863651,2.5661040289217407,0.2636446243306459,0.9677733605969773,10.431520494902745,1.7662150618948718,0.20078401657862546,0.983837331828413,10.264275548987177,1.291832409366903,0.2000137035951813,0.9808498034852644,10.084381949374357,0.5469251167137643,0.16215957960579916,0.9473781636571716,9.964814765492465,0.5719039595707041,0.13675832085655074,0.9521943726551306,10.19244001846521,0.47865923741698563,0.1907395114135629,0.9374929080937641,9.762385797847031,0.14699962730454633,0.11323604184857941,0.9509009914831407,9.93408961189027,0
0.11535940166733115,0.14400643439538513,0.946929137421684,10.690931801223712,0.17430069274238064,0.1760923875038577,0.9368997446468635,10.404976639497509,0.6531085299402054,0.1576679366782888,0.947687385187729,10.199334833810708,0.4705189691213539,0.18981946707397837,0.935649215422208,10.201485799068022,0.7288706489205523,0.13774872328382418,0.9568868419271742,10.362839450394342,1.4309905326792003,0.20756560858252165,0.9380672697899816,10.204434585002598,1.987382465641382,0.29632790526119396,0.938979239191947,10.17108750669916,2.6158928230452005,0.279639181426137,0.9613593303585309,10.531195016752537,2.230122325970763,0.23472310439033356,0.9713875608648935,10.428418875294781,1.2852334176873956,0.18967484635021284,0.9811656453488717,10.29994311846505,0.6964300277789468,0.1901662034604992,0.9639893358040421,10.404491413279437,0.9257897063348952,0.18311281120460499,0.9749028898301716,10.605013896302165,0.6210374463892266,0.2415152220579722,0.9673937794773473,10.1573196107587,0.17305663196093019,0.12163564918690649,0.9831106052648094,10.395808377850209,0
0.17730159517113192,0.17108062153878592,0.9676843501995203,10.502573105513346,0.2657913102984387,0.20056614925533742,0.961424152821817,10.471497462071033,1.1218727267203796,0.21393053810215532,0.9472759977147948,9.895641194857285,0.6987702042918665,0.20880308349413498,0.9598583387681447,10.221861838405786,1.1503315653335842,0.17802983026946098,0.9686093537292031,10.40309297530481,1.6703999574765005,0.22549807289994234,0.956251490363983,10.176431493957768,2.0053575186568984,0.25278807879164905,0.9358055742691724,10.273275107708377,2.723879109677407,0.26333936017964027,0.9467515220608025,10.598334235785059,3.1909097649313454,0.27652879476017306,0.9600148059918695,10.480329836500157,2.3558590333732488,0.2509111882531605,0.9681089282050352,10.316365043098664,1.1211683272835469,0.22216089488477053,0.975450264104326,10.247222501829796,1.4854700508797136,0.22385923030788513,0.9721195183018349,10.262291529512668,0.9930505847245878,0.2916961578267602,0.9659848563712178,10.231785647978182,0.3136137681085304,0.16012182931704652,0.9844903268312406,10.260526597975744,0
0.19184983373753875,0.18738191076667593,0.9663872947674572,10.49445363164673,0.31637673259794896,0.2259913462606786,0.9577870482007178,10.411923076476949,1.2412465912161426,0.25774644125582163,0.9524793402434888,10.00736038784485,0.6680217820693686,0.2156953341480733,0.9520243280256508,10.273264046314429,1.2282689549740324,0.1890002972557417,0.9662782876923476,10.305318155946718,1.8739505217064918,0.2575870629804974,0.9521203446235794,9.876339808543403,2.3044779722812034,0.27846655391855585,0.9339355091966763,10.116884653915026,3.285805680761603,0.2890116293396691,0.953750126155406,10.532614601555881,4.070489255479915,0.3348357314670509,0.9536817660913774,10.507083387629015,2.654118040457675,0.2637068234095967,0.9685964033002911,10.314488530664,1.348908475739381,0.24463418385350988,0.9680479794895931,10.099903934941647,1.5215013921096414,0.2257334276805739,0.9682319254916114,10.235603120373225,1.085089338939814,0.2912060410884525,0.9590336259760535,10.155730316625418,0.3271546773494902,0.16590828749304412,0.9790465762603743,10.18782516804539,0
0.3481551688915398,0.281721570621851,0.9625079710918275,10.235656943941299,0.5458550991217845,0.32692931623863,0.9545565510712695,10.183723005926973,1.7327471722968992,0.3363711233476843,0.946921930128148,9.997111207503533,0.9712010655225252,0.2844535828402626,0.9540670734755211,10.176813483441995,2.1437788613264264,0.2882744787448456,0.963347368636759,10.225550224536727,1.909674486160301,0.2714691060982797,0.9539022520619482,10.041618665477747,2.8372982261673547,0.3168949979925124,0.9411149991547969,10.459297159619597,3.5180264232162926,0.2885251481873534,0.9567785362013971,10.585637321462952,5.2465472891577525,0.363742032855454,0.9453185329775298,10.599933616746716,3.5151147851069817,0.3142925109857414,0.9608363100493075,10.310394235831733,2.234689720817345,0.32492258279592695,0.9527580967345278,9.954188357224197,2.1418051367238076,0.27917866552721915,0.959595829305438,10.01929150336434,1.492748426533188,0.33659435295856144,0.948120041530962,10.041068932851118,0.519411271385205,0.224749634310979,0.963171690560811,10.098031458114155,0
0.44225475675175185,0.31733835692791,0.9559418989968582,10.13745407329467,0.6155473994928398,0.39087269311662504,0.9428383635138172,10.164445788373145,1.875539860324625,0.3578769983699204,0.9354466402551412,10.083649010811708,1.1478787055072721,0.32970794067358256,0.9480789806205167,10.175496020382461,2.586502732967369,0.35545744467523305,0.9520453608882276,10.104587644202228,2.612634870108888,0.3126554378790098,0.9534890245118778,10.387234203761688,2.6716908593149284,0.2920916587895438,0.9478242931557262,10.595453043918466,3.665343084430126,0.3054651966117277,0.9535473683555065,10.526578904990245,5.8504455189690745,0.38768531110240767,0.9373053177840798,10.648395930748615,4.6871706732694935,0.35799982037094413,0.9547991866686262,10.268345903416622,2.664937242492674,0.3387243156037039,0.9485746739461166,9.931169006817605,2.178584181250983,0.273968271485009,0.9436619172138476,9.988789661381217,1.7645626239795433,0.32282036218629784,0.9518651719804553,10.052643048139293,0.6691412772894452,0.242857303739539,0.9441227228052362,10.123523830928423,0
0.41191389191897243,0.3466791588107199,0.9437021396328455,10.187194397900212,0.5931042278964287,0.4294958785929293,0.932299162387154,10.114899098577649,1.5115458144294325,0.3602580744648116,0.9162066035482109,10.258013522466106,1.0090176392765318,0.34957296805119636,0.92597912427073,10.166051942651531,2.64889406921536,0.3929857461777564,0.9365415653857517,10.107718344444255,2.4033145419744866,0.29548629704731477,0.9493196747186877,10.453530046787268,2.37524167448076,0.30772801371625663,0.9500352357841438,10.505462703789656,3.504750257187025,0.3035198520414499,0.9617837671024179,10.461158922486979,5.23796937836858,0.3503528378162275,0.950624299039096,10.642490009998799,3.825906624851504,0.34274137226176143,0.9576442506053127,10.237455003485858,2.4137314442198443,0.323258224348596,0.945445584044369,9.98301408415925,1.6437058006430985,0.2474858411956953,0.9383079889880048,10.114285860360104,1.5698697557928063,0.29192765102709894,0.9518934554844397,10.053242342770847,0.5914850403145148,0.235940134626145,0.9294535979682824,10.215600079521238,0
0.5238137640620859,0.38544190807133405,0.9317971969349111,9.98676591873658,0.7531685019237135,0.43158196807628585,0.928194964671055,9.914066901973348,1.7153825078693279,0.34476164452104335,0.9096904921236071,10.052366621287048,1.180310252994436,0.3506106664199727,0.9307310676167844,10.023434535654838,2.7761703891562504,0.3780836135051391,0.9449963262768154,10.109600288097477,2.6963373083916204,0.31295221947526686,0.9505065649031657,10.455445990401925,2.4212398748564468,0.3351245501382,0.957323369452189,10.49717642312223,4.812156577245206,0.37375696692826993,0.9456194179209634,10.177779198452358,6.325047958547282,0.37839124404668734,0.9464605826346946,10.256118214690078,6.663049459569088,0.4476443379679503,0.9236236232218892,9.875230851170045,4.607924738294997,0.4379439788155471,0.9185415313196853,9.737117925602954,2.9660070733525736,0.3485900907944545,0.9310777903357157,9.853868591074285,3.1583995764432258,0.4013499602998209,0.930451008502322,9.798723486673378,1.0456844852803417,0.3193421932766907,0.9302328663845261,9.890703856366551,1
0.4149024189327453,0.29724173893580397,0.9368071941539715,10.026050465692705,0.5430932534407438,0.3443033942584217,0.9502906700283447,9.969823029659853,1.4568291194252692,0.26327509351997147,0.9200736910838654,10.022302449091216,0.9703305696375253,0.28311466918351436,0.9384334758479327,9.99833271262693,2.2485854161467045,0.31294944730434615,0.9508384874294106,10.189037371303801,2.5673197615364503,0.285517577367098,0.9446884171611992,10.414033873413612,1.9629696211544592,0.2692462797890215,0.9452371115800252,10.213166319078855,4.5876300173328906,0.35734672347947183,0.9539386687890163,10.15600807929408,5.30821299329256,0.3457463273321713,0.9563080490894164,10.143460457117754,5.977151142239105,0.40746040679083434,0.9337256063485491,9.82182357723259,4.010027893847818,0.3970525644512239,0.9293018250792388,9.75417333022176,2.627281326689684,0.29512039225297987,0.9450169696277603,9.944888535750463,2.8393338633643705,0.35822972030634936,0.9403535741495846,9.81185225350222,0.8996177701160368,0.28095554832733316,0.940945101263204,9.872416269209916,1
0.29254840711547875,0.23175566597791958,0.9302950889657697,9.95179434230731,0.4337762052886203,0.29002599306533255,0.9571794342349744,9.927890887649198,1.2818819679298914,0.22316009604977616,0.9118616972816234,9.804058447901433,0.7321927536144659,0.23830743631098444,0.9375792464716537,9.892605693152234,1.6792164703853474,0.24052598735460579,0.9544042241920503,10.357189772525073,1.84207705718486,0.22883241465620316,0.9253279788298333,10.063124612477456,1.9974843611738304,0.2378088581708632,0.9251549373269994,10.022415767354317,4.666575449831562,0.3589703092290947,0.9556661409925158,10.189137010961293,4.613495768453785,0.33772566979893637,0.9595342971614738,10.01570629909181,4.992007885843053,0.403237142150406,0.9343430298258344,9.778029843105928,3.4288299828340527,0.3877584204040372,0.9288590935985038,9.696880184851011,2.3410370513653165,0.2678659588634935,0.9256107983939145,9.868497035883863,2.4069154713487833,0.3594921711591098,0.9342781208564703,9.701357580246185,0.738725230258884,0.2689555345567909,0.9454300122270681,9.76502950200404,1
0.2790398556090956,0.23493524551245235,0.9369616493849919,9.871585574474276,0.4750333468497122,0.3125612198438562,0.9518722884291623,9.93136622270451,1.221729326518522,0.2118203845443558,0.90912424193633,9.742494226899787,0.8057585537020324,0.24602722060701504,0.9372011938062426,9.949022707429814,1.5612921474916144,0.242189371737393,0.961176734204232,10.284916501067356,2.1679292950216196,0.2590481487321907,0.9348525875343443,9.90865860542618,1.8841064576362037,0.23039327124829864,0.9237271198964164,9.980305579981296,4.701609354729802,0.37039057821714544,0.9493847084767852,10.10442646934812,4.735789479249271,0.3773646880991611,0.9454233685631453,9.892689932291471,5.297515540519814,0.43490987858576935,0.9229390762529823,9.740820807828616,3.6391420875304936,0.43151010222336067,0.9192918437774483,9.68488628684292,2.432151797507645,0.2731379968985083,0.927278450732181,9.842494565686026,2.4405856237519954,0.39846775659317907,0.9258111839488887,9.68410106971167,0.71974529053716,0.2896948100154422,0.9492985751986666,9.719856224625975,1
0.16613429626135784,0.16209793561603045,0.9407512157274508,10.209993442371095,0.3301723360407067,0.29036180879394935,0.9517260315316015,10.220229998076045,0.8830537514043685,0.1782904703378475,0.905297641342861,9.755868940159482,0.6823314199931501,0.22507303502072287,0.9469319108597184,10.112310532087216,1.7603908932672776,0.28151181166082745,0.9656385063575221,10.226551795015585,1.6172751613381182,0.20316410551944436,0.9454903100977305,10.025844837470505,1.1937526154920248,0.15885218002381088,0.9110673479977127,10.02616223505099,2.8509814386985433,0.2836376642753284,0.9623109492635713,10.331171712681332,3.256249616003921,0.31838763431783995,0.966923961548272,10.141138558934996,2.6790772646066907,0.30068295069788253,0.9614981669381518,10.116306335338106,1.473659950714144,0.2659959733950022,0.9610221605503145,10.039425549689879,1.0872018060245496,0.1517170193499588,0.9205808815189317,10.253966627783077,0.8986215873908197,0.24046202674775505,0.9638580976946092,9.98042680373185,0.3069135001594887,0.16541059098166558,0.9673073238253277,10.243461908879954,1
0.17251032873855537,0.1917507988346679,0.9519269020019329,10.246096157724807,0.32654408686705905,0.3227882236799063,0.9436005966552826,10.184418729579503,0.8368740565518906,0.198445588235102,0.9160572384838964,10.038585087319387,0.6946956352505826,0.24318404756773615,0.9467145473556029,10.096202565557647,1.7450242054502434,0.3021724761412358,0.9676127419082083,10.083153638607012,1.6583474278540522,0.2266090168121891,0.9663072617699092,10.103150340656647,0.9497031236983218,0.16087090738416454,0.9411371783451756,9.954080078286312,2.356053933612385,0.2627276595245829,0.9658369540953555,10.209414275984754,2.904890053441526,0.3025666861507055,0.9695899961053053,10.154944148287738,2.2189075899624413,0.28878399692795226,0.9638290805468239,10.069155499921823,1.2303301849378054,0.24348997856863228,0.9571283648338793,10.135122681524138,0.8929168340417626,0.13571811633690584,0.9110501390938175,10.204382672127542,0.7846302676169921,0.2506193277372058,0.9683652226013421,10.18077830853395,0.32548587194788925,0.18761369840495298,0.9662974637594431,10.388593652297839,1
0.1989586896367724,0.23294866242759088,0.9615121728928168,10.189744944198475,0.3463771378073911,0.29952980997017326,0.9510881017598088,10.079663450966903,0.8700148623559305,0.23106732835673396,0.93687603146652,10.120891175713643,0.6252602697951202,0.20068354314787124,0.9481494568173795,10.077464216877788,2.005378880526234,0.31316471141443175,0.9599358065775855,9.9573346018995,1.5736041810730543,0.24218357959344256,0.9663181847190979,10.192479568574592,1.1474580715984828,0.2269460561529579,0.9630843625723149,10.268742041734912,2.199748507706727,0.2531735508086368,0.9757328420004375,10.403664719166661,3.3621061304293933,0.2913169404926684,0.9710588458035198,10.367442690711592,2.3349602417221655,0.28484495113826697,0.9685149801727306,10.092113878295839,1.4224200383300656,0.2703054023329528,0.9588521256904631,10.169975218711238,1.373992362495357,0.22659235316856824,0.9580747578199844,9.990267933459872,0.8456629984281423,0.2623000400113754,0.9703522548799733,10.287190012797124,0.38217640679355713,0.22929615496736383,0.9762355641873427,10.356734905831487,1
0.27327202491961833,0.2615576356853629,0.9595012133022353,10.036304709882486,0.28694378674907484,0.26177502966622096,0.9636936939268852,9.95851948348495,1.2248988133832612,0.26182922967050803,0.9299238240916816,10.012480248609762,0.5473283206849362,0.17854205007212515,0.9523138272870001,10.114673630007017,1.8827769040270632,0.27410343155740774,0.9586473491989389,9.874364036366725,1.4083299136791223,0.22692852190779375,0.9658037640433899,10.364573108906509,1.3380056024107507,0.22531886069009321,0.9603058006847046,10.434031700985974,2.1775531629361287,0.25907315265930625,0.9695712057883347,10.56436665225117,3.459268413622419,0.273828877225074,0.9702811350504732,10.523032475000738,2.4838271140561616,0.27591364452762857,0.9689562967637924,10.200143840026998,1.6297450171348937,0.27770666303535896,0.9591305300112463,10.113634234527636,1.8876882376294433,0.24903930895300094,0.9555848870977465,9.83047985831199,0.9014285100628586,0.26727696568899995,0.9673925166112385,10.241076721909634,0.5899917001002546,0.28414404445124114,0.9667192494571978,10.096429289629613,1
0.26681843826227514,0.24546411211585348,0.9665816431306714,10.09379622470317,0.23651360577563924,0.21883929109485686,0.9676623897246054,9.989563538151923,1.411093944460732,0.2441311479828053,0.9458931612038819,10.06072805877508,0.5158195534917972,0.16971277366805834,0.9377536032734314,10.130075083301708,1.4336715399654965,0.23250979489283402,0.948596139189715,9.852068382398995,1.6792847665573651,0.27404390246311394,0.9658037564486552,10.518240287043831,2.0255570833729304,0.2941674419321255,0.9599479627563099,10.525718644516758,2.970469973179207,0.29237666793155076,0.9636388205957482,10.69836727229024,4.118691944253807,0.2684314752021965,0.9668620449684193,10.724169347901915,2.788531146746161,0.2789706389796892,0.9654758988132053,10.211075884079401,1.8958811269058184,0.30410919516574586,0.9620726675702121,10.150200028337057,2.1132080449401256,0.251919456200718,0.9597375052842196,9.908311542173298,1.1457979070361906,0.30114540984768834,0.962334187963402,10.147072535589443,0.6098003305249878,0.28889347192056736,0.9655008329777341,10.085545216384647,1
0.23299758727267342,0.21618836346704795,0.9727367950005253,9.999667707577649,0.26691577157105256,0.21434749660830116,0.9554975447979532,9.837130600978611,1.6699079574384423,0.23821400753648847,0.9365971639695096,9.657727529697969,0.45837080719390205,0.15320940516249837,0.9322751596040975,10.302797053199727,1.5611482369747038,0.21595905468258259,0.9299472286005213,9.615356764104831,2.016037807335228,0.26575826903818023,0.9632093099292504,9.948505546521805,2.0283760756382394,0.26646776067959105,0.9597551360158517,10.449488203370521,3.6219432577463673,0.3116482833203297,0.9596731764265545,10.618856062280578,4.9631748227960495,0.2841257121762414,0.964218816823349,10.525367642856894,3.823921224711643,0.30090665655201543,0.9447287113432903,10.07321116307053,2.4286025697868805,0.34128191617739834,0.9514313056810908,10.028871937796715,2.4056926137198396,0.27818576680751006,0.9622614095314295,9.942613172834076,1.4703517134418673,0.32683242687694714,0.944466409408881,9.861402179720423,0.6452985317369437,0.2925375972143093,0.9653488329233286,9.934722869695571,1
0.2457014709696504,0.223620472839438,0.9701519066337093,10.008277418585608,0.2851400276897958,0.2208072018068961,0.9586467565606569,10.024053623885274,1.7633087262094493,0.23024052774340897,0.9283605232711125,9.556920132556371,0.5569333903542715,0.17130083949898597,0.9206466529935111,10.386985678765994,1.6835171972914407,0.22505204364578124,0.9309288251955408,9.781335538635147,2.0550322949364106,0.26877350170151637,0.9573025692900305,9.864771370160156,2.1851234022560617,0.2932718103102839,0.9613060857138414,10.349082063149877,3.443250986341363,0.3106595648602555,0.9584824363450034,10.55130722272489,4.379810208032316,0.2787210151369304,0.9618048469624065,10.454415949859268,3.695759389598186,0.30857811274035546,0.941385305443517,10.0338380257609,2.2442497668277053,0.332660093263458,0.9498547348067499,10.03008047682018,2.295751655161469,0.2450183096328678,0.9596280870610262,9.765772523796963,1.4828268707745709,0.3346374607603468,0.942043066582772,9.88336982558285,0.6376422436977598,0.2790839921668341,0.9673301120388573,9.987692250640368,1
0.19983082523322881,0.20047156802678487,0.9754191507690441,10.230451982130601,0.29997788656867924,0.209156563236787,0.941289640236828,10.13808549020951,1.8673445647126918,0.2352235618865764,0.9370040204662834,9.565955659273822,0.5021194316554174,0.17227361340650282,0.9182323856161105,10.34422513117438,1.70461783475991,0.23018259002574856,0.9306949998659845,9.848409955901298,2.690578327501054,0.28127628969202495,0.9594238934266374,10.005477842950308,2.4096129974308425,0.32262773156497493,0.9478571907122942,10.251690576489255,6.56888805937887,0.42421282500346535,0.9356213470158079,10.3170821764891,7.394985164991794,0.38273203222876045,0.9433865003840295,10.308668640375377,4.9173944848529265,0.3878423965856586,0.9228272248463213,9.88050361595518,1.9958462639075707,0.332760304223266,0.943230346676305,9.96197232188783,2.3397094705767865,0.25258285289332005,0.9571881903769185,9.711058912100212,1.4114573272994315,0.3359943565105904,0.9350424721902624,9.789713944272542,0.4771281136314083,0.24557141178967687,0.9746033439103184,10.138570189614981,1
0.24252606847201696,0.2212516763112373,0.9703592265958728,10.10372651893382,0.3154694461440696,0.18828365809069542,0.9326854700523373,10.078905620090566,2.129629293361971,0.24682469638181706,0.9267382157280264,9.497743242922075,0.5735562999401722,0.16789441328173296,0.909174343786981,10.216303796006613,1.9659143662653424,0.2227595774194087,0.9248147175314244,9.795007628603589,2.4287222797146164,0.23828285914005187,0.9606419058037146,9.874344001904579,2.12519671576368,0.2746310645412545,0.9381530042180228,10.102178310924536,6.177889852327592,0.4094771972966168,0.9352897546607974,10.202975552260346,6.921372891933395,0.37926123040906506,0.9389495703732377,10.182404087313659,4.755621626272597,0.37563388608463766,0.9242343259864031,9.829737436792353,1.8196680460865593,0.31420893681800516,0.9547309809375729,9.941711022665702,2.949726499342121,0.2848009529289894,0.9432000003323219,9.552004171706486,1.2220040650310198,0.29989696961961515,0.9464607006659046,9.753474787679881,0.45290902420649976,0.2314816319074245,0.9774126499062927,10.088851391912424,1
0.37511999695263637,0.26483115500869425,0.9345590708571317,10.426026953656072,0.36218482330256185,0.20005453408794666,0.922705049824398,9.98783143699732,1.8053970011947789,0.2335545455082548,0.9313353943892076,9.754743549643738,0.5795440912281116,0.1611893915819263,0.879352355455415,10.217719593768638,1.855185411679992,0.2163169332507614,0.926083762817571,10.08853629517711,2.0177391682344927,0.22949154309908523,0.9680240920487646,10.261708799402777,3.350019645350588,0.3486503119397456,0.9392050641883088,9.984248586608532,6.04192289190318,0.4121494910998949,0.9323025712639098,10.368519742923937,6.875174671319908,0.3856916779704538,0.939115292586381,10.440585218184445,4.443368632191901,0.3882330336893966,0.9383923099294211,10.08940198817533,1.6788568599006837,0.2713171587033031,0.9320713434365283,10.246126872172557,3.1132959298452616,0.28758873143517716,0.9392769246479452,9.704040703163372,1.2351886937209535,0.22391231808848103,0.890070656775295,10.196465505569607,0.615989413518733,0.22719509755082207,0.9184764454235363,10.516383718024178,1
0.4267540426955618,0.261110847238567,0.9102912539013595,10.40811292461878,0.3697061436505432,0.17930884294674465,0.9018206471881947,9.831233277429407,1.7963717114787066,0.25498684362291646,0.9342036807476922,9.985989571100776,0.47029001752553373,0.1498355992643768,0.8768125084812152,10.14580117855379,1.555815988351999,0.19295342459378723,0.932223476700663,10.145242432998044,2.0545742294148237,0.2354064508451682,0.9691428084531943,10.419855839798178,3.009511130666577,0.3212984509199236,0.9431369806102313,10.063730516274735,6.496916373660271,0.4195745061277783,0.9350506733024803,10.294288894959886,7.043814815618035,0.3832686444580233,0.9460060398963415,10.363154414945106,4.649171196811334,0.3821328729047705,0.9405074183902469,10.131380331877498,2.302503302557556,0.2806985420616652,0.894943136374112,10.27035330577827,3.2415354204662274,0.2813488309076762,0.9230251946312941,9.969046886474743,2.026719820609997,0.23886987519876862,0.8631642584016085,10.212333490726145,0.9694368776399336,0.239225589603808,0.8863427369733907,10.562819238165918,1
0.44647724308647874,0.2605747632399024,0.8968864156104042,10.282236002075654,0.3446886676043318,0.17454241675840812,0.8854110804991467,9.754691993410518,1.4857728907083976,0.24755812140853703,0.9100263973349569,10.071707535448489,0.4896241353763704,0.14760764797168752,0.8762639181032057,10.09814867344417,1.6000662693032055,0.18830716163316544,0.937656085344698,10.212177364790369,1.2391292332775858,0.18588058006944694,0.9718915171071093,10.506981167519323,3.2664384230666568,0.3168922165188714,0.9360015306152152,10.04665957376748,3.3732396004286676,0.3124547402257695,0.9501652839190806,10.516600792042308,3.7852113150744797,0.27253194171463646,0.9589784520199126,10.598506034709844,3.27372341302631,0.288775853347995,0.9389846802701287,10.489954578721754,2.507964325088242,0.26732924666614943,0.8852345494051503,10.366679620007892,2.9276486299866677,0.277323152480184,0.905018353573482,10.16081747993262,2.465219840484697,0.2329143233905211,0.8642388915968544,10.225097597497776,1.126950547214353,0.2295170076769594,0.8870026711612186,10.496812141001033,0
0.41496641173450294,0.26585934432235026,0.8872786988517577,10.284139317991643,0.3405806142192972,0.19938159522966664,0.8796533864895775,9.779695880028909,1.0359962253974575,0.2375462928879883,0.8888551334329234,10.316310380998528,0.42897195977546937,0.15418049000699327,0.8677852075315358,10.184190000097466,1.5761942514272862,0.2185807362358115,0.9417169449128083,10.271897803407068,1.290119708235136,0.2337320265599256,0.9641392143300048,10.305156099007828,3.6702245103678415,0.36420276421924075,0.9394844044198645,10.09663739673174,3.241666366240821,0.3226693422797876,0.9506381203998431,10.602532023186896,3.4843868272260927,0.2788315518125405,0.9545742501723813,10.728649091573127,2.8555699532053356,0.29239973507340805,0.9332907251516009,10.610178696162901,2.4740645456538184,0.2752266468350767,0.8858372905117137,10.335991172585942,2.194262372269909,0.2543417771080492,0.8884524104061099,10.417178072080791,2.48359050839583,0.24425091486513653,0.8627247503853815,10.228147008482782,1.1322275334319756,0.24054188969012466,0.8825830252161019,10.495912007272704,0
0.28777225602387285,0.23278772423651506,0.9060258346553377,9.99073249673052,0.27286652696768426,0.17837017498303837,0.8910829359666975,9.923751181696257,0.9129654047547855,0.2319402863054331,0.9131867463281734,10.15775638283222,0.49008927716577966,0.16898579067330316,0.9109658790386863,10.115874802983786,1.5093966734550932,0.22334361472019415,0.9583904448887608,10.154304537480677,1.3201419323642036,0.24339757410314977,0.9638203662197391,10.212561047356457,2.73807400873845,0.3412037862096855,0.9466436287661579,10.331780709171758,3.342319081477756,0.34742499803451543,0.9383677235423155,10.268836206641106,2.798460554766386,0.273279522935575,0.9615885360766024,10.449052981245048,2.179599259491858,0.2547126904966044,0.9451211478128083,10.501313589539578,2.071534796078497,0.2758022065210257,0.9051410369229496,10.224364636493918,1.9345292289513063,0.2238698462548995,0.9112949751277508,10.175441547449891,2.0641749104134473,0.25997529668928787,0.88767428802668,10.15823941249396,0.9431248333174143,0.24036413402614978,0.9067942902853978,10.364841184787672,0
0.2693054913094757,0.2682473211029419,0.9298968774701228,10.11465779081681,0.35228704118430526,0.2777918867178966,0.9346133035201305,10.281750669567282,0.7509913895473019,0.21142123391527423,0.9256496974292592,10.044911230704383,0.6254323845604173,0.2264891560876498,0.9298458391709791,10.203823958236402,1.6027109138376314,0.23879252421027783,0.9482133172246588,10.18273822230264,1.3523667107896182,0.22199803502688215,0.9500158870175724,10.0237416255833,2.6268538968856308,0.3361741773160334,0.9441692151682003,10.225391500758906,2.8034387120787487,0.31199542618940374,0.9465756419356465,10.505364168793335,2.826117538898175,0.2786634497812932,0.9633579793640991,10.629344776907702,3.0834814445449945,0.32147076892121973,0.956051839021227,10.403861356984352,2.2374538324544946,0.35607963182035784,0.9399384486709376,10.251719460395302,2.1778628633027775,0.2821178008169762,0.9319416037102527,9.98157884718892,1.7336666155325755,0.3126641962394383,0.9269626914875393,10.178142990334738,0.8161378505305003,0.2907692072579345,0.9443037609381842,10.289098614036991,0
0.20778888412989327,0.2432631920246957,0.9541290505824571,10.271961421368294,0.2942428557552449,0.24229396832204816,0.9636364313443033,10.357720158480573,0.7316264343112105,0.19045835962458013,0.9479489245837867,9.801751655647072,0.5829407311454995,0.20501962206426275,0.952979634350446,10.169981732388015,1.3037090952223687,0.20387688992372183,0.9496251673231418,10.14443579739954,1.4914023357391963,0.2368583246179107,0.9482781730576793,10.061260188326688,2.68686542415627,0.35579673176301413,0.9477656183090575,10.392011120612723,3.2850951428139163,0.2985832316513713,0.9488848632363686,10.679637187269503,3.279824262591986,0.27545410117027785,0.9610330268030685,10.733970306075763,3.1827342698986767,0.3008286570844463,0.959500506393678,10.386987227729145,1.7372101489628005,0.34241422358269424,0.9531017968231793,10.34697967123023,1.9620003754923565,0.2646499063834471,0.9190692791019689,9.779810027000874,1.1437550040115243,0.31902530937551576,0.9539883107470113,10.30900202587296,0.602349865257032,0.29480029401932795,0.9595894490105416,10.300805235599547,0
0.3406875020050521,0.28882113237555335,0.9444401004021441,10.084308807749444,0.330166984164488,0.23959183496562014,0.9642509088826557,10.319417723877656,0.9773033434741383,0.23532309256811448,0.9469950178115373,9.88042964193417,0.6542297140450306,0.21886314637088305,0.9707842812997749,10.156638562263495,1.2518145664300375,0.18539068500609593,0.9426703123753477,10.053658975028434,1.2704250508709567,0.20838451952811987,0.9569460979740185,10.167552199517218,2.3482507598638187,0.2804638615794409,0.9467982396859436,10.308772579386263,3.513682461092832,0.29794857654646173,0.9489749191110651,10.633247811360926,3.5325348707729507,0.2903887774864125,0.9627177717711245,10.661328991677209,4.5392302827128574,0.3659260961182259,0.9460956614111826,10.316938401674383,2.7980733462499536,0.3918124061055463,0.9367642320373156,10.221425418370785,2.780404838338228,0.3057996853081266,0.9154580769878089,9.775692966812448,2.213223591695102,0.377459818426805,0.9294301732671288,10.15552566498107,1.0595631713501947,0.33713890744113917,0.936416820714358,10.137461267245376,0
0.39238031502108534,0.306906415292709,0.9496760120106597,10.153352492000236,0.47017766650236925,0.3110085144670676,0.9552872977534864,10.394951707243258,0.9934422946910251,0.25770148005013016,0.9461826723201728,9.887672734416856,0.7619557412746227,0.2780292508664064,0.9693511544323956,10.259752467581006,1.6833019586439688,0.2398036114370194,0.9543219649098637,10.207495949964152,1.0766214451449285,0.18238988273482165,0.9485917334522155,10.169787190897251,2.187819470414648,0.24225965011793638,0.940668058186195,10.224143824940345,3.0127379021343037,0.2671294813010779,0.9532635114136241,10.754984017093607,3.7447244757219114,0.27688137305636396,0.9610409008776033,10.635573062627849,5.513449510484024,0.3777136331998411,0.9442148862210972,10.341622182362952,2.9685332395480435,0.38162094734738483,0.9367404078231236,10.272496210146684,2.840290825255269,0.3322138424375529,0.922290758929085,9.839287417334061,2.39043938733641,0.37187463373957935,0.9266930481167911,10.192242123248084,1.0934777122247321,0.34315203725172605,0.9314281923649269,10.177846102658108,0
0.3791908548967854,0.2780217668951202,0.9487399842695579,10.06752941172868,0.38337405760501675,0.26032587401511037,0.9547890716511206,10.347769935733862,1.1705003673170749,0.24315020333442852,0.9378839707167654,9.998167706527921,0.8241823772918279,0.2703258503828863,0.971782252179278,10.283968878215164,1.7616149743181624,0.25114508524605283,0.965676052138603,10.104012222331034,1.096010181449685,0.1886201033868671,0.9519044232517091,10.540454256384006,2.583788152071728,0.24800886514952028,0.9367477563308838,10.42126198694066,3.597105781587874,0.29010070100571633,0.9538355670132109,10.821065438754118,3.5895568469906047,0.26197642985046193,0.9641645730634597,10.579816508504384,4.344513548693344,0.31792009276765093,0.9535067913876771,10.296295743348328,2.299593683515277,0.3095721893708088,0.9422588504282069,10.149281988373351,2.262676514896718,0.2619977095369955,0.9199946020306072,9.823244732379258,1.9440629026306198,0.3262864788253376,0.9308815237379193,10.096024643310004,0.8610323241038865,0.28012101980813015,0.9337817683893728,10.031410102860724,0
0.4801943898962152,0.32723802293597365,0.9369424324082237,9.939194840676649,0.4101474456219466,0.2693849100296006,0.9399925389958963,10.332372065775132,1.5311132669926564,0.28233165328138543,0.933598403874897,10.042642063198853,0.8980070841588395,0.2784889276709279,0.9496832047940251,10.23506298882079,2.0430414709755436,0.2852924487265587,0.9583391769064419,10.005633380678372,1.6428738512588705,0.23267339721470784,0.9640432578932907,10.601361163628068,2.752154273129584,0.2514524325452324,0.9157568203702809,10.354776182713781,3.942135175955104,0.323228980065146,0.9493754889235826,10.469009910431728,4.08340653872361,0.31616005311754447,0.9523368885257044,10.005759340531705,4.650513836467968,0.36324119386650466,0.944716684734385,10.012755385983787,2.8059162496480723,0.3702131650053129,0.9313081117994523,9.963569176499064,3.6686297067875326,0.3625207175507085,0.9198200738055452,9.787748259912389,2.015013341003905,0.3627738108995799,0.9267598665808795,10.004898951074233,0.9470344250389691,0.30736924696202744,0.9358154132200696,9.981066030735276,0
0.4351809623335682,0.3029125237371414,0.95368128666568,9.99159009566356,0.4300122604145694,0.26089599535933017,0.9427568346125512,10.199913671726122,1.5046416186691494,0.25129762986212645,0.9421138307505439,10.06315669160044,0.867774378507574,0.2581424735868416,0.9441099829439635,10.140559001121437,2.421443853565088,0.2686168369537821,0.947827923995229,9.907647317322722,2.0780882104293057,0.2728298538163913,0.9654449945449335,10.527442684871806,2.7600731458769054,0.2781390838404969,0.9265649006717199,10.366510875727364,5.557801104148286,0.3823558444026942,0.9175342451311302,10.042866546128792,6.404455545982799,0.37700023160899093,0.915021605771786,9.683289279005107,6.150792948202265,0.38355088606556653,0.9228114983949174,9.703244486497812,2.7591371403237352,0.39021948807370294,0.9300272275677054,9.803797738750749,4.197371106852463,0.4006339947585707,0.9198242630615636,9.76349399434958,1.6072991272967072,0.3543066838769834,0.9374984735264469,9.834665295776883,0.5775321523936804,0.24893669400967228,0.9534020072273305,9.985892260722457,0
0.4111649663486112,0.2596252539935245,0.9483358866189397,10.042113280502392,0.41853063612749314,0.2037807960223859,0.9284161921222389,10.037604133063237,1.669480368797298,0.2323993501891757,0.9391170333412501,10.127747677891511,0.8532350630352612,0.20500348821176223,0.9240226715549945,10.089923676266315,2.256696346217418,0.2293359770599565,0.9238459438337807,9.729048892109594,2.2928974728884475,0.2661114552968209,0.9675445431215085,10.361478656472924,2.760777296468362,0.28917344806484147,0.9329805132916585,10.485250240305879,5.629793406789803,0.35818465861264204,0.9282293026060142,10.101307973117565,6.7583335903171395,0.3766992710135619,0.9140864579891385,9.73172675985792,5.866952599247483,0.38490960549934167,0.9111602635713074,9.677413425560237,3.2346584294104836,0.4169027231812657,0.9261420847831975,9.897043557443137,4.050703611820636,0.3787609476881515,0.9221984930497181,9.777574072337664,1.9936381674457815,0.3868424460170188,0.9300985585839864,9.915595559585059,0.6068509234837758,0.22766628045076814,0.9642798200147954,10.08547298409113,0
0.4292014781901079,0.28565587469265485,0.9503535106638,9.949316714696014,0.44321530336013004,0.22960040676623286,0.9286823307342756,9.976743878437029,1.7500679401413168,0.2733967225690794,0.9471723013067838,9.966543202120672,0.7104924580589946,0.1958619163432154,0.9143344408408653,9.954032115647916,2.3911598427395147,0.24415856252722212,0.9231088066095545,9.736264838783596,2.108410232852328,0.2642013363907396,0.9636291324745301,10.239527797335565,2.288004371608767,0.26624945078380474,0.9421702298466508,10.329917118575931,4.800057088174595,0.3533178762814011,0.9207474499322836,9.826625288667906,6.654700676563471,0.38977496647061183,0.9087836667243832,9.708941583728153,6.349331462602768,0.42114582689434793,0.9078489677722971,9.77170829250951,3.3633082289421194,0.442872995157355,0.9240199880993841,9.935724709128447,4.05578001861329,0.42256853521303955,0.9243704742106836,9.789254373886225,2.172841336556793,0.38496153824737733,0.9293536773720126,9.930314176481648,0.5948603177152301,0.2346767733518618,0.9651526849439943,10.089553303813778,0
0.37004711478361196,0.24880802154961745,0.9485105881505854,10.042903509721665,0.45259415019079424,0.24199194675993996,0.9406140459717853,10.056089651807424,1.5831657591143315,0.2757151120556875,0.9410071293655091,9.938408631342353,0.6692598737765891,0.20683522612260372,0.9317767398817988,10.094179498884612,2.3160473769191725,0.2434798978023518,0.9279914397920132,9.832289239947908,2.551937668130486,0.30472947885980883,0.9552298705330395,10.139200204611926,1.7790172294042919,0.2180272420882804,0.9521161819861039,10.3970265973877,4.822054031515837,0.3574130891161124,0.939962537549129,9.995230632884764,6.078430915874515,0.3504431278402654,0.938672606273084,9.939936714203782,5.945690140995798,0.3904652551454473,0.9309866977115584,9.959036869729413,3.0974605397186714,0.39373815958996694,0.9372187679330832,10.105901945445071,2.6890583321306467,0.349473220801659,0.9455958241078808,9.89775471229286,2.1803734484936426,0.3486434359518231,0.9324397153729289,10.03076262863617,0.5219074327892743,0.2078932973732228,0.9623128138385575,10.24209183107839,0
0.3375356286058806,0.23343856655596693,0.9226184612025796,10.023767194546371,0.5134362766977538,0.27793502267913467,0.9540880285760498,10.519897610755379,1.941497622906783,0.3062212434505518,0.9177266740239317,9.866962516154759,0.9116067878150984,0.2679453344641193,0.9424712809611759,10.377028332355074,2.0477504599852048,0.2614278033091419,0.950563891095337,10.185263248844537,2.389206610699536,0.2648384786567257,0.9608289970060151,10.289075822949522,1.915711282491246,0.2066770538730531,0.946428716456316,10.796200345437333,4.096675251482447,0.3137633669658836,0.9535708141710498,10.68259566160019,4.002746992731961,0.2660243240944986,0.9658672235928264,10.739273385760434,3.6055316626424374,0.32452514697070545,0.9524101183436198,10.737676485686903,1.9995023103400364,0.3003747658974497,0.9419496922433364,10.531304867489059,1.4784550193798083,0.22806092944706746,0.9513689634814712,10.103670979899244,1.4623787415499079,0.28452893567149334,0.934211106950094,10.371015244666163,0.45257815803805834,0.19212262972173305,0.9607215776211082,10.356736640766998,0
0.3273329887281509,0.2634148372349879,0.9400178183653981,9.915250942685782,0.3765345128721218,0.2971908390499057,0.9537639179364447,10.73621797546689,1.9233364785065077,0.3167883101863484,0.9260302857703043,9.898478997998769,0.9153188688911779,0.3292797957700655,0.9499132764926355,10.434383858552499,1.7018949215039774,0.24810872962656144,0.9666974894306342,10.252111271282603,2.6944236365037044,0.2818237827955052,0.9582663285164287,10.516938667509853,2.0937796404828455,0.22669015399228357,0.9427284849508759,10.74074544253499,3.7322337038003575,0.34931286498405784,0.9509526942939142,10.621019016620874,3.2328869373568336,0.26742056837796024,0.9654478614887004,10.800551408791693,3.0333449810989577,0.3271949432414273,0.9419440401143847,10.825914676139284,1.3355383943641805,0.25537478135989106,0.9408616701702773,10.48438319228609,1.4262785844370185,0.22850481878669207,0.9547776049137331,10.04988380866429,0.9107137779678345,0.2290653818535735,0.9346863263089333,10.313483883472376,0.4064474747603023,0.2106751646929849,0.9600454459363301,10.204815391707944,1
0.4149111363200182,0.28966565996245563,0.9396186260738374,9.920448332406222,0.3588036419932965,0.25372228541682346,0.9499315047078145,10.862663701123477,2.8654749476999513,0.35525624028276914,0.9301362168716453,9.880485736873577,1.2504174988396841,0.3427420582826054,0.9452012155589915,10.319648201411814,1.7883632008462074,0.22991989607412378,0.9564408290609862,10.389164597378878,2.704181652028594,0.2763955569123185,0.9562329747441276,10.543616799877961,2.238740552304363,0.23645363809331615,0.9434252717820087,10.681187557047663,4.487318278687889,0.3856826914999704,0.9375896467529565,10.580903278276837,3.682508680543953,0.29064682932578034,0.961188571175178,10.65303543502438,3.1414944121194175,0.3223144066372485,0.9412602038038294,10.80454246537134,1.3494724064992374,0.2614279261026001,0.9520140610899905,10.504880617638161,1.8299579127719523,0.25001037054427144,0.9515192785278772,9.963175254054127,0.9412774388241171,0.24221209163331361,0.9461342276987719,10.638404205085484,0.5173091870407782,0.2575014003338008,0.961692088001384,10.410772631833877,1
0.5275755677805993,0.3480054882250405,0.9364775235436527,10.0310923168681,0.4159592789722444,0.2735366911712982,0.9405862468063492,10.485048475869267,3.5473348825722444,0.3759155653549746,0.9280499171392278,9.958019660602988,1.522400851163149,0.3533604054073665,0.9395705184363833,10.37489074632146,2.2995994326207287,0.2751727493209477,0.9431549156246832,10.225214923226046,2.275097619581998,0.24613857122178084,0.9568829945709263,10.69077642444088,2.395979175743367,0.26965510967561496,0.9504585358308115,10.57408970295191,5.162232397485416,0.3857833643580859,0.9408971595347626,10.424581016219356,6.343407773719644,0.37291087754325586,0.9427479797230568,10.356875589801529,6.690929231858826,0.4470065999278307,0.9176661043810797,10.178788445057311,2.578717526161384,0.3756693501607917,0.9371125347118672,10.227880155857948,3.500491975750515,0.3508274887106795,0.937746522786726,9.968434321670523,1.4975899685716976,0.3315850734887995,0.9430224136841711,10.408632585889807,0.7814056412302098,0.35222050537391153,0.9468825945186435,10.21006371512701,1
0.7997999977053242,0.4683916844354182,0.9174654683156538,10.104336553589684,0.4895260915034743,0.2975038067120175,0.9321597054699278,10.163939270754627,5.0281433576826045,0.4631357531806407,0.9138865203536692,10.131870486351044,2.110894184677094,0.41383220056023495,0.9305357371762717,10.396664006252108,2.8665377458597967,0.3055043660367017,0.939557879760456,10.144271557333312,3.1079095662503793,0.3265526542055166,0.9510830356283722,10.48489545232878,2.580616500184589,0.3046453727429332,0.9603961907062244,10.194203648219952,4.660477385402513,0.40054135784497163,0.9423894178528335,10.268290217667724,6.923626675824972,0.41127413674860624,0.9335632674921678,10.158403624274337,7.153517839976253,0.45929875303132667,0.9099280034232586,10.040030129814808,3.81181181777288,0.47415524473604453,0.9191916458748756,10.10926101760799,5.897979789255898,0.4569920431909584,0.9195137401588868,9.980635847881228,2.236811792590052,0.4093309616773751,0.9303658162279485,10.249448760833884,1.2808124379981463,0.4613804485137398,0.9220314450792926,10.14687931333773,1
0.8588782967078091,0.48703433417450454,0.91401638466801,10.104850349102659,0.6267753249570645,0.33873080633516406,0.9345959063749492,10.02408737793243,5.16874295568047,0.4822167912630804,0.9110008070056491,10.144282281447964,2.131600626711183,0.4122837775472863,0.9338725219979442,10.333001576423934,3.5863661547338594,0.3608052933602771,0.9396546401499817,10.068751667958441,3.2922986779897245,0.34940914155742475,0.9482636754795861,10.453015364296142,2.6501844699635138,0.30955172542068193,0.9550652877951805,10.121486207130125,5.585015038875079,0.40551890008243086,0.9411186062372318,10.289321720236993,7.38027859838026,0.4050052717281231,0.9376606224633605,10.17450547310365,8.042555374681925,0.4679121858896681,0.9116622340204141,10.026493119619053,4.1543217538045925,0.4601146104072254,0.9250799677715312,10.175868049755074,6.552073064657154,0.47362196250353444,0.9188245495072502,10.06769618630065,2.549402460211655,0.4163733025342566,0.9313312953352987,10.306897907558426,1.3306084342696631,0.4462909278481595,0.9276159937529121,10.213769682546822,1
0.7341744974385881,0.4700581534107312,0.9222558877333389,10.153203928674914,0.5722963351327802,0.3239848548099724,0.9436850091598276,9.961536852552141,4.032756054242822,0.44705024077320155,0.9238291110469586,10.222607653075519,1.688272682898023,0.37850053243628085,0.9448999117507451,10.42428727886674,3.1986381919498728,0.35626120708393166,0.9369811770756613,9.933856163035605,3.350625173876005,0.35614955855119823,0.9367721298577224,10.429643473632607,2.9531288523652712,0.34113501859017176,0.9545133342225747,10.38507768575331,5.597077825283016,0.41118410927561766,0.9394833006176893,10.326114321129895,7.002752819858431,0.40790119460892466,0.9377899612008077,10.188172962733216,8.765918809974147,0.49729894504417116,0.9039592149325714,9.993951045745966,4.269000346549918,0.4629703209033696,0.9216880368694995,10.154043238526647,6.35841267357093,0.47190153771143273,0.920935675641802,10.084235916194173,2.461444062348156,0.4282527432141351,0.9299974369776735,10.194401883657152,1.237651068762192,0.4220309532913269,0.9348602759057771,10.139273632998162,1
0.626858482628333,0.4454937936033645,0.9263676909882035,10.091692019590699,0.5421034812574637,0.30877672680363505,0.9585288278197337,10.026892166245768,3.1860306531628986,0.42956252959855373,0.9275861510594781,10.269971036717584,1.4456347785319252,0.37346297111219073,0.9468312130857472,10.325372716531882,2.7401476758529775,0.32140103809670206,0.9528297727659233,9.933401552205659,3.0448503824021245,0.3582468167573727,0.94128647513345,10.251756859095769,2.8151418299028963,0.3421527554091432,0.9590237796847908,10.326362268567443,4.402640532547851,0.40710496409896274,0.9407042997220928,10.336592291604692,4.25424054437236,0.34685222824704076,0.9577750082154921,10.224202381614365,5.458234809810962,0.44689614475622846,0.9247923055920285,10.086083622106143,3.2127209243351165,0.43088872125781086,0.9315024456596749,10.07522821073943,4.819245737639291,0.44316953063661996,0.9291313176031859,10.095214644112131,2.0299900184159356,0.41232521714085674,0.9342534181079328,10.106708711282483,0.9927744737277737,0.3827757982778362,0.9447796651423049,10.137253305696696,1
0.3237147718807638,0.28486242581804966,0.9474228751484028,10.061057737129294,0.37658162930745653,0.22925104868315374,0.9704900332428733,9.926600464474637,1.4317704166512055,0.23932884057157186,0.9348715360727909,10.18418302108984,0.5482423082911796,0.1751177985964784,0.9520236674740206,10.08438621653498,2.002370143739709,0.27076034670281246,0.9635896321971475,9.786421218000843,2.334335396768976,0.325273681168487,0.9374838082788479,10.125898056483056,2.6923948522245507,0.35872847281213766,0.950472024102135,10.231695430980537,3.4782479611393273,0.36880903689452005,0.9515484025222256,10.36271857654516,2.9918108591539245,0.2853091871666134,0.9744510044781831,10.442445373178252,4.551786113223601,0.4008819876456036,0.9356040399521338,10.160016650123666,2.095603122531026,0.32643640252203027,0.9532771769242411,10.196998975728329,2.5031404765521312,0.30968931122962406,0.9546944646467468,10.354308737190278,1.3722921672193498,0.32209978457527383,0.9478774780425929,10.182588451500935,0.5278780082960843,0.25217741911042957,0.9636255287887695,10.29172049102232,1
0.2334944876100868,0.22664977946791295,0.945488534275188,10.033088234444508,0.2400702612996991,0.16422381907516875,0.9653001196381661,10.104019306564949,1.1608123684148077,0.20390492632590032,0.9220593069630241,9.927003335115018,0.3442621125533205,0.12986526221614594,0.9433169691729051,10.194072727164878,1.1458677371769022,0.18533321496030083,0.9622602348632218,10.021308403843468,2.2547350609059063,0.34262234813096243,0.9461244373513583,10.180236742488812,2.595423785538622,0.3375729276921671,0.9301261297771253,10.35813971172373,2.6343886768986744,0.3437741278706675,0.958032817553188,10.435445945662607,2.5756723679775577,0.26707462661749115,0.9747788373584078,10.588911211939086,3.4053050731643593,0.3604639644240846,0.9475601529947519,10.25900267170652,1.5193931866696824,0.3005360920633701,0.9544114296174504,10.063499531536431,1.8282667867778242,0.27889563074434376,0.9564848719502932,10.120063777567443,1.0252487388738167,0.28486331103955415,0.9481297664497134,9.988300472576698,0.413744002640962,0.23130664163056297,0.9639683543185636,10.084668656331724,1
0.3324321525284573,0.23666614942168065,0.9174211874874444,9.935557223264931,0.311437204309903,0.1650433078075439,0.9324505610282834,10.049235235232478,1.2632445740460787,0.21072626520770185,0.9078604547684991,9.946677727132913,0.39664584170591327,0.1472648607494459,0.9414442248124494,10.195325275651372,1.1772656254662008,0.19265177581158222,0.9538116406080515,10.231839466400091,2.432966354000078,0.35667965652496497,0.9421738375058045,10.177416445002864,2.1171526426469205,0.25041651626927713,0.8869996711775696,9.990164680166577,2.2403954696512116,0.2334592757965408,0.9391668237418928,10.298937947910368,2.3414826285096906,0.20953802953948458,0.9677010190483911,10.563157709231978,2.3863391414879853,0.2501395719918626,0.9337897865043149,10.23567436536414,1.5527942245995288,0.2339470320204121,0.91416393422889,9.948672633630697,1.6618676493522715,0.2412848859391753,0.9377518508039329,9.968794902764365,1.3326160658203463,0.21442583615265534,0.8818629380839652,9.827351128595325,0.5770096049398347,0.2287445510720398,0.9227814544348582,9.899240022152458,1
0.44633448545547044,0.2654964736115263,0.9286139479928311,9.933598936825142,0.33615701406104914,0.1557390782136158,0.9076913646338272,9.963282002329988,1.5740232576668403,0.24105779152311982,0.9110674256891177,9.861487030897974,0.38203315855005776,0.12855170370198107,0.9399361644945906,10.103393682190147,1.1964551879934906,0.17666821179004275,0.965043266632414,10.257036882612162,2.2903792687176665,0.326506099456359,0.9441576093291807,10.294975247714435,2.2631605535854105,0.25656827481172323,0.8916741816918972,10.055690961745146,1.971865290050364,0.20202965459322317,0.9193268011923833,10.22833185197535,2.0976766847460286,0.19738613249296663,0.9532142490694235,10.577961437070396,2.3415004995425295,0.2405351660825335,0.9361401440508942,10.248442459956488,2.132265540117407,0.25218615930074545,0.9226335354043058,10.020060449556345,2.124290959043268,0.27601744507035636,0.9446939023873729,9.93466658160031,2.0812999853336196,0.24069721726231252,0.898373265202161,9.865932186071685,0.879823064693968,0.25603919975808276,0.924964326726137,9.904604677916835,1
0.49511851875851587,0.2767345839596998,0.9318391256401971,9.991058703199396,0.39231142024311316,0.18159375546932086,0.9023404186295824,9.832035652367951,1.4370050346814032,0.24506934377457149,0.9114047404304644,9.767901369287303,0.47312512353282943,0.18676552051473624,0.9584265035127068,9.932222220280991,1.633534468717389,0.19898508241082885,0.9684542183286471,10.056425447320258,2.1644794663738436,0.2712396996204671,0.9525401985835532,10.11765247744866,2.492165836468014,0.27269031851124187,0.8966215640164178,10.312902931883311,2.4457359617195884,0.240770340350257,0.9215931010342122,10.194597349850872,2.080186672784867,0.20803492920374672,0.9484664979110725,10.356617800628324,2.1960652446852804,0.24785104674651412,0.9315575517355291,10.09536492216315,2.178640630323331,0.25204607241469973,0.9208624010076056,10.020184347809941,1.9573343321623944,0.2730526250912328,0.9412369368979482,9.857107615918357,2.230054609660451,0.244885402152825,0.8964062668261745,9.842264880044684,0.9776216204155203,0.2552242408798168,0.9250269123558925,9.948099686057699,0
0.5100674024377735,0.28499053425045545,0.9281849258055568,9.95210236887972,0.412297875571343,0.19165570865480713,0.9090455877028116,9.947251617781745,1.4135838483122822,0.24989781309113393,0.9306913815542524,9.78342704659007,0.5213627837771351,0.19606236264339016,0.9597491832867732,9.967535972813593,1.67552789579591,0.19917390508681243,0.967985668437271,9.995897572206182,1.7287371621433187,0.22859669247437406,0.9421704878980193,9.85426580712746,2.9852589844202506,0.32102481736142685,0.9125283033242377,10.16908879616671,3.144271945343851,0.28186294314851457,0.9314307612586766,10.108999101284011,2.334281898443177,0.22988373816685814,0.9445457676527319,10.12629211124167,2.669905233120116,0.279122949915569,0.9268987586340749,10.008383914808359,2.5353534289389046,0.28288464516165074,0.9218625436303093,10.003472936033813,2.257866173439911,0.3047727156393087,0.9405854300422638,9.828534205529607,2.3221546916785414,0.24493248623874572,0.892237263040102,9.81399375018905,1.048997086119908,0.261180625832752,0.9212226504617728,9.873049383373127,0
0.36382122344650325,0.2691438510721893,0.9576699432901307,10.030168798481892,0.3430196612090338,0.21070275970411145,0.9316358068562358,9.955121977959653,1.2022007992447232,0.2460670755596773,0.9621623230466624,9.880773144295922,0.5238465368399751,0.18939834151905297,0.9666554870726489,9.951881817863054,1.7031627705234764,0.20867080243210104,0.9635571912670049,9.925404903782793,1.3597423561618482,0.2040424225813702,0.9305754610919739,9.674353427013415,3.0244387901355463,0.3724938353761555,0.9408846411118598,10.230861419482563,2.676021390064121,0.31821228576636496,0.9524575927699679,10.182713712742625,2.0561518605520206,0.2489004780698368,0.9546377507164732,10.141775794031663,2.3307609565066363,0.28560379223316723,0.9490608672336798,10.091423560121,2.1729550001563664,0.3106722114280355,0.9471243954654762,10.053400494522503,2.1381104534842015,0.31565712603786306,0.9594655727598105,9.971177361604626,1.8864790980260222,0.2816531325637995,0.9299127815075886,9.859509744431247,0.9153808923184854,0.27033870572626145,0.9452445500924035,9.92908817397029,0
0.2878920851128719,0.2556862064013796,0.964507682549763,10.158807303532141,0.36198244022003256,0.2545739468800457,0.9472089484573704,10.21268356456091,0.942326639560039,0.20538171187537946,0.9661222118038093,9.969053336188761,0.9006554439570102,0.25423097016232726,0.9526752483787145,10.039713499830905,1.9048951563738936,0.24519049171426932,0.9523471272260726,10.028272846669358,1.1636797105942314,0.19567691036727775,0.9308935515634901,9.633624903799312,2.609689025070551,0.35264551032193364,0.9460728337695317,10.262029227821976,3.0455562478730336,0.36670820984031327,0.9544407115412106,10.499541071004973,2.499992936037865,0.3019251289013926,0.9652455250372857,10.387433920555566,2.341292947207032,0.32046024296017467,0.9447850030499412,10.25840064183594,1.786210306431336,0.33954970392699263,0.9468585708750353,10.10158683173479,1.583810602902323,0.27149695395957996,0.9711282894623655,10.104622030848,1.4896051047467693,0.3118935399703748,0.9264427871695937,9.872493550398136,0.717452129776735,0.2731063936946916,0.958526575401282,9.9844378955311,0
0.28245034900776034,0.249653132056671,0.950285205852428,10.171015927928895,0.32171640783558475,0.2619356795704457,0.9621147242193602,10.402439808779684,1.080056092975378,0.21728693023775036,0.9462238904226001,10.15724412338968,0.9170651929353009,0.24608660728435594,0.954686980037049,10.06794773379592,2.330524252278673,0.3239054050419378,0.9460405336478522,9.938784756977263,1.1528770578804757,0.17925411606345207,0.9402299853108123,10.342872102310174,2.0596510587432815,0.24141908461853967,0.958828397587753,10.399680067096487,3.258781853340274,0.3435099705725132,0.9481845565156402,10.733294978151823,3.3871502923726813,0.30497456979499216,0.9549351626651502,10.536023914216225,2.80242784386422,0.32504010792915766,0.9323831086234199,10.283830271848194,1.6725350683535538,0.3229278596458734,0.9480801044387553,10.05724740455776,1.7474396333787703,0.2580878130722819,0.9668711975279954,10.159454241391819,1.1696439103316716,0.2797242512714069,0.9206560415923042,9.788698999512258,0.5515367728002226,0.2549313686716818,0.9504623661149751,9.864082701999452,0
0.3392524712109928,0.2835704874424675,0.9486640830786027,10.303694432474368,0.35210779033305717,0.2722454343417044,0.9604119755660124,10.452494109485718,1.288593160350124,0.24841328227683115,0.9391233657124383,10.185951475683106,0.8950891791343757,0.24404050243372616,0.9445581842324615,10.109371931237629,2.369578831266115,0.322116615668491,0.9447410536421254,9.914556228504194,1.0065594113450886,0.15422425104974904,0.9379187224429011,10.260520225100745,1.346339301789368,0.16830679368268717,0.9599403157627319,10.532684482507312,2.676893258664273,0.280583897886353,0.9555032306388372,10.979606464316715,3.3840699945229673,0.3044579473792358,0.961108633736274,10.548921664222167,3.284169468556464,0.37508907716384216,0.9362575908243971,10.326961801470954,2.0984190492395216,0.359079682862167,0.9422515010447486,10.23579508700189,1.8477676903346194,0.2574655882636725,0.9545565816784225,10.292926277000399,1.257246222917121,0.31724657582779753,0.9250810351142579,10.043218883277822,0.5811553765542814,0.2661113422739503,0.9449673692057753,10.126754263023884,0
0.3657733605244469,0.3091136156334614,0.9402210740337765,10.28581179188814,0.440403544957441,0.2983201814210336,0.9583213933312421,10.518946483926515,1.295473484207666,0.23934316769140507,0.9173790426981016,10.181302455809941,1.051327404408979,0.27849498846078774,0.9325404832790687,10.24760103901949,2.4511035986537957,0.3272757050415471,0.947738878225776,9.952258614329203,1.0311243482280816,0.15588791726503112,0.9438395827558078,10.336226887297634,1.4413361396586493,0.17983272604845116,0.9652689692120052,10.387730858097331,2.8038335243088053,0.2585788967817675,0.9537911318948511,11.057613568715649,3.401376188365709,0.2891624974295852,0.965021648947129,10.608134781581569,3.3678622975273234,0.38335337086396903,0.9349490343131991,10.333068542472722,2.4768551432948835,0.3952154957404102,0.9369287358738883,10.194155463177903,2.0528222649228995,0.29055042439030704,0.9489142247537081,10.160089576337574,1.3815393474972548,0.33250845749512103,0.9228706287712255,10.06091142270414,0.6281075698508373,0.28590454363328127,0.9439328251122571,10.094529430988109,0
0.2830641407623188,0.25484448454803593,0.9270180306994346,10.37585856515784,0.37353808004074873,0.2676068987927724,0.9444758118456084,10.452280132990333,1.2013406731926202,0.23451794758469222,0.9144798244865779,10.264224834167333,0.739134999011034,0.2417200326168503,0.9063362766680987,10.301460175255558,2.032657867274003,0.28040850052057587,0.9358826720921782,9.873988226576529,1.09515692607011,0.16166557890692113,0.9417804348420276,10.327337990929838,1.7339084703525467,0.20704311163293654,0.9670329307820255,10.549678422263296,2.3099994104806787,0.22391976375608558,0.9633691712411534,10.970426865006946,2.6306668980323633,0.24470195202183945,0.9704481762908842,10.523001575850042,2.7317529853801954,0.3275283004545288,0.9374658035557708,10.314795704599874,1.909548721897821,0.33794739831682374,0.9379743517099316,10.313377903162502,1.8937466351102201,0.2855108312576018,0.9450562830299989,10.284198683537603,0.83241930926979,0.24934496034904613,0.916445227140418,10.24613253321969,0.4705983425930349,0.24586442889993612,0.9381295564479893,10.210515205197362,0
0.19285668583659024,0.24045694483316962,0.9293459654538198,10.35809011143673,0.3086086003148768,0.2426438234224689,0.9429312833348805,10.54307125115646,0.9453015792305486,0.23336712605232726,0.9155787051660317,10.191060878390287,0.6691712996287561,0.2437168421487018,0.9164994198520732,10.332585276024847,0.9562620063820777,0.17128666056634606,0.9412683753681214,10.128191727155935,0.7909419502270669,0.15456169337118994,0.9513781619892143,9.996859814132387,1.6291703331592102,0.24118827069525867,0.9727117717354851,10.241735449234064,1.5007773975629157,0.1872099180367171,0.9798453291282169,10.753571045975642,1.443932993677346,0.19987333416569697,0.9818715158029586,10.381861595374179,2.181304588967854,0.3035737909740907,0.9571768962509255,10.423133631551707,1.7067676202538273,0.35627205289602226,0.9308861371740068,10.295631500618079,1.5375585673682188,0.3053106594023475,0.9430322536417848,10.251036081620258,0.7928222616431284,0.2863523012104628,0.9205184438496555,10.237271267889671,0.41544375931529126,0.2555990461939445,0.9434461731819215,10.140421177477068,0
0.10268521206901197,0.14962319053146486,0.9346257081481611,10.10370533913937,0.2596237937106592,0.21363136950720438,0.9478353692478935,10.232823190085604,0.7280126488579612,0.1903104947308576,0.9257895456051335,9.99372768069954,0.6531894167188015,0.2215850687763915,0.9268823780400065,10.138617710630218,0.8228452242741647,0.16091962967496098,0.9490202524561152,10.110537695423584,0.757494397510547,0.16543502256261178,0.978760197062987,10.328202042121088,1.5834213591423896,0.23074523425190796,0.9583006237616045,10.241999633608723,2.653956008781169,0.3113984794301654,0.9555293426337759,10.82026790465114,2.1076322940709633,0.2585021807196231,0.9715447864095356,10.773059733806459,1.4175445823176305,0.20503460963742073,0.9671999106855024,10.544087422349007,1.2360135688149785,0.27647106422354795,0.9475414835278836,10.232208705610311,1.0343914101589475,0.2501517372335565,0.9574145293481143,10.157627890866717,0.7416722778373561,0.24948448200127873,0.9419175437687459,10.123720462940442,0.3009473645837162,0.2146666464735117,0.9565440955130398,9.946171370470983,0
0.13023133355009653,0.17711627471143054,0.9430309908073302,10.010702118607153,0.24381679236620546,0.2088804085115776,0.9413107203597025,9.944458909829871,0.7398089681623379,0.19169038672216485,0.937681427967003,9.792224556886005,0.7871407504895822,0.2522467635313822,0.9282647401984087,9.845746350410323,1.0180677728978749,0.1908005684534185,0.9351089688928101,9.916352276866284,0.7781484931666902,0.16272315350643565,0.9748258700225826,10.42194481011384,1.4974430574252664,0.24055783720858037,0.9567412994130641,10.448960108267315,4.001470795484948,0.43922964159272615,0.923718656216789,10.543243740098045,3.2889735330440875,0.36438331703686583,0.955363996322796,10.439465012172871,2.248516391895436,0.2911562233717948,0.963827759771719,10.483486222031894,1.1520119526216237,0.24544762305963833,0.9562166054348941,10.407965119372466,0.8462630189745948,0.19253516949696473,0.9595661825087328,10.159150664079718,0.840908490144958,0.2530404876456032,0.9569935671533062,10.347067588372466,0.2659857153773449,0.1897436416688925,0.9737037303145244,10.187081460654147,0
0.16247602881541037,0.19318217099995358,0.9491456808141652,9.937742579888914,0.31223772070442746,0.2536213877260625,0.9526450772589723,9.93902564090607,0.8331457231251099,0.1702317782909995,0.9218489548697525,9.670678742296783,0.6984306626199084,0.21047531953673343,0.8960862416943369,9.830575308163992,1.2089644359892324,0.22281662361292912,0.9538712681007108,9.792105566865981,1.0471798236479755,0.21115521626360934,0.9763139607850138,10.290184657824435,1.774674116133439,0.24537069150278118,0.9560443258539216,10.284695072014179,6.293431408515511,0.558684559546042,0.8698497790431753,10.382720368644993,6.05370913990094,0.48479065794923576,0.9211377109585877,10.228455816484594,4.317420693342323,0.4158071540804716,0.9383144806248043,10.25161800830817,1.9057915533053205,0.3397973396811981,0.9526790925232503,10.142735395739646,1.130936711555656,0.20702945978627085,0.9598516173813538,9.98656322985658,1.2523458128304465,0.31156528129189837,0.9519954891263473,10.184918749846574,0.4201694887861852,0.2287573784317848,0.969660332393809,10.129019084260674,1
0.2472223533116059,0.254994243244804,0.9513831241438659,9.974323797210282,0.3899733448675187,0.2730254667624666,0.941986624039628,9.825894153711161,1.8502648824845067,0.2790295570840672,0.9282488934105118,10.001210664415458,0.9842145440414594,0.23520579614753281,0.8983044640677245,9.911025865069204,1.5300153732674264,0.2438124989003487,0.9515700019120524,9.912536610015922,1.302686595666461,0.24368020708650479,0.9698604149938514,10.198053592286985,2.2210642295197522,0.2984254815819682,0.9480993152604058,10.461642633680162,6.571291093173253,0.5602708065505961,0.8842208151090653,10.366823432906472,6.228426168397648,0.4582352715926947,0.9280221054190668,10.208558880886862,4.357171844756583,0.4109228173767035,0.9361316337992238,10.167693796552058,2.164885169639713,0.35221443516650286,0.9518871970063875,10.052832896889614,1.434675071528475,0.23347160758917934,0.9525907900101053,10.03994003549034,1.6216895781174867,0.34337048058394004,0.9440185944172387,10.094304952616614,0.6318968673706433,0.2853544686976736,0.9620529541190218,10.133180082599331,1
0.3402934340997151,0.2935695439852668,0.9467298945001152,10.10678177055608,0.5707442725163315,0.3163798251620417,0.9410796410139128,10.123269835951088,2.331717830521213,0.27278273332511566,0.9248515362189982,10.192479424062222,1.3888818715907427,0.29129981161572466,0.9114982363225068,10.16625723354602,3.027685300788084,0.34618962522115104,0.9489427909678969,10.116507501153322,1.2669297582313983,0.23984164437448466,0.9684079157072031,10.179528424507781,3.4369062014138336,0.366027149173239,0.9429201012276,10.374012084944086,6.672173120729355,0.5384264846125147,0.8957221025714103,10.239183298894359,6.1953353241342555,0.409828047915708,0.9428362456499481,10.123111009604715,5.043572176447572,0.4251853818934672,0.9324947131980696,10.225969391841723,2.3970800865394577,0.3766644319536266,0.9457040351891671,10.1044302095452,1.9410573293687832,0.2602552140637662,0.9536787448463888,10.157647499532947,1.7189900780247185,0.35244018410625627,0.9375094648015657,10.049146662523114,0.71918965397763,0.3032525192984919,0.9596105296819705,10.13230795861868,1
0.3503876473808573,0.2799853759431547,0.9459387390594792,9.976399063171131,0.6756984675785116,0.3151336770454724,0.9305955684244758,10.148246249700719,2.878536811029304,0.29560127250833884,0.9262300368272205,10.028149209342322,1.3068407665353399,0.25558457179198574,0.9029583026793765,10.304809324239754,4.068196815395586,0.3774937146033377,0.9487457853517604,10.162262856492093,1.4991463673240233,0.26688793835293084,0.963162050915941,10.17418200290973,4.67120871485876,0.41530227093606187,0.9354194238533609,10.256141742880857,6.1179891584407144,0.5171464245248838,0.9031559812518036,10.196118485076594,6.027402165827118,0.3908163785072842,0.946280430172392,10.207679718161321,5.191325161122408,0.4335885404987816,0.9297953415009399,10.198496371845419,2.5670254317766252,0.41504608129794984,0.9367172569541314,10.042682798198767,2.883486176351628,0.3475179998198331,0.9470973605328457,10.04455558670255,1.6939947441171088,0.36510260251369164,0.9292430480435027,9.930586578102451,0.6781963575186822,0.30739686936829685,0.9535034732058232,10.040074640895277,1
0.6124242938901046,0.38899816941906196,0.934778173224488,10.04536549256806,0.8516546941309091,0.3489607250801555,0.9269604225874415,10.282104533285345,3.4567887309680323,0.3511978578195265,0.9269896612356374,10.149274688613188,1.6488316408026402,0.31637661237083003,0.9213659682329354,10.304974259072038,4.64981028886738,0.40260554050316233,0.9408989502335379,10.246804030054573,1.266224735550511,0.23395781376742797,0.9691625591367001,10.200067168067944,5.285822517671836,0.4782262381506137,0.9198038867646154,10.066675583418634,4.890827729932676,0.44162931421067536,0.9320336883055926,10.104335629012667,3.9783311850802923,0.30220362409383683,0.9616540471684153,10.233917323809514,5.880248787085808,0.4376369664494135,0.9280178310515294,10.250230769598657,2.9673908493327295,0.41560854076362436,0.9351654549915809,10.245893122260187,3.973267328259311,0.39409221798936694,0.9372689841592772,10.216143268904574,2.066265988447399,0.39488325077039754,0.9274623771280907,10.118039673538455,0.9225847847086077,0.37024085407523316,0.9431573657942519,10.17949928303062,1
0.6379750004187597,0.36879809437916883,0.9386154734932717,10.139858855351758,0.867345762234004,0.35034138417556515,0.9274633807524768,10.412117387159025,2.8596779143833144,0.2944218851779813,0.9241426795722896,10.118012982772807,1.5524951022736349,0.3126053855086271,0.9257160250539972,10.395588339107254,4.736038403281402,0.40026658224420625,0.9385268819461082,10.296609692756267,1.1744321415018921,0.20741224406591538,0.9696824615617815,10.491191039786376,4.672894312845138,0.4364404275292658,0.9291164540471695,10.026727954097002,5.565259786495689,0.4448963976680191,0.9298234279124706,10.221059599644127,4.684549869566091,0.34667916244876595,0.9545029191157628,10.347196723977143,6.897017916054876,0.48170545284958427,0.9170369114823638,10.2792748787815,2.935847061367678,0.4099314606140907,0.9387563767898933,10.316595535151222,4.473313363517099,0.39021460706134364,0.937101567657321,10.119620303777452,1.9298685104160473,0.3807152789995082,0.9358323307216914,10.21368499682891,0.8703342189734886,0.3489195235120606,0.9486659029787513,10.285551617884582,1
0.5951592925225273,0.37159135282307193,0.9404630582189257,10.118629922616014,0.7191423425928261,0.33295216951570467,0.9295955271417808,10.335176396185377,2.405601034923399,0.30915977674837414,0.9245068316697023,10.003390188175828,1.3145619963925597,0.2648343823655598,0.8951912423986716,10.254507509977918,3.769181857941505,0.3640355016244465,0.9407938273968005,10.218176544868466,1.520557897167342,0.235000044464687,0.9681789052853043,10.092152260356293,4.6606071525970485,0.44132444813609994,0.9223258177731022,9.84315864150966,4.847327020499493,0.4191089317645107,0.934871023782442,10.034354690797004,4.1638275767374155,0.36324907255760586,0.9493860208625344,10.159070054841594,6.6751473148037,0.47840195633048954,0.9134540444304594,10.086859145248395,2.5914768012490166,0.3867603377781227,0.9465291650273052,10.264076330754799,4.041224210624343,0.38237692353232283,0.936770887558719,10.0763715664845,1.7773182677391859,0.3676040594733957,0.9450963245736315,10.230007002727502,0.7888731433632159,0.33184140646006505,0.9560974550302159,10.338353086450452,1
0.5513119402884156,0.357133618257987,0.9473978209571399,10.172338095526472,0.5641977736195309,0.32911798370328893,0.9402693282449776,10.358132973694435,1.8099128086535552,0.26963435860124374,0.9360711473217117,10.214330239417446,1.114353115475767,0.2571249475852251,0.8935858681999783,10.122158815689914,2.2122028320817906,0.291139514522449,0.9422533225443426,10.290729329286371,1.3061656629972123,0.21796898388154912,0.9590100131235147,10.024248410909133,3.871931372804542,0.3849157760687967,0.9115985280538764,9.624728554895912,4.49609425059006,0.4141157916132872,0.9334318670519555,10.11135555550095,3.2594403774252005,0.3386300674356819,0.9519352457725226,10.025539196044052,5.628331254786889,0.44364741956412096,0.9217155217907396,10.031274353712801,2.283602889976555,0.34850252045439645,0.9550479258576476,10.18694333534151,3.009056532519798,0.3028635785996963,0.9559648521405515,10.163545583135353,1.6432126822951933,0.3485415688414836,0.9459595357411282,10.160325426381222,0.8085152724116935,0.31864574063639567,0.9572272737270462,10.266868095978413,1
0.3150519092955151,0.24249107541293383,0.9468087024296353,10.254310412726394,0.38700731554804135,0.26655019751291453,0.9358984733409467,10.264494959909147,1.0848157605377937,0.15896813850361224,0.9059386590674763,10.033260244538724,0.9423691865829693,0.20700367018020202,0.861628432615293,10.14607938194101,1.7623856554573585,0.22811630054682916,0.9235177504648294,10.300994978187873,1.2652778019623212,0.1855865110475114,0.9495777377523994,10.074967852990524,2.878764239003825,0.28257815938835396,0.9343266848077929,9.795396875927695,3.2619763183481556,0.35511088242561006,0.9465429236386284,10.23192492648005,3.1309321416772375,0.33109269487025694,0.9586754731045376,10.273105886820867,4.0110249305503505,0.39559491894952503,0.9352317902200863,10.037241249694743,1.594065457912195,0.2992515554331416,0.9619244014803828,9.921131750015483,1.7209442011343872,0.22069482860251072,0.9484978192585558,9.782669242453373,1.108722270155041,0.28885584751465243,0.9551700979631207,9.918132570273809,0.4915952718078689,0.229561652217799,0.9489379312167279,10.068990480048186,1
0.3913146048716474,0.2887360242872683,0.9389985951442105,9.859679620924199,0.4139587226480282,0.27067042724868373,0.9188659962638126,9.997280959555367,0.9588027366768062,0.1548565971504706,0.9029994111215024,10.042703915852403,0.9951533691810845,0.2006218553935566,0.836903802266634,9.96183174748236,1.7707076945226234,0.22657381598181958,0.9093643994246429,9.993038887766005,1.3436868674076137,0.18163803393449268,0.9514568336714654,9.986365654005683,3.0976660048541964,0.297844580742407,0.9315026634509139,9.81110199185844,2.3871357486806506,0.31132937630894225,0.9505911069429728,10.037637585964216,3.0230594608907317,0.3150450449304154,0.9547775979714554,10.173170373481717,4.478196003417025,0.43621518949784543,0.9160612842483983,9.89772804022209,2.4324399562192003,0.38395552924134,0.9297130033254812,9.688625743286908,1.5597272661625605,0.22157197067105502,0.951099810576304,9.694573254133877,1.3724294828694976,0.33339471972195495,0.9372281604135627,9.622336886082524,0.6032408566152736,0.27006277312212323,0.9412129641650349,9.640443432690834,1
0.41952846065379745,0.30308851196960485,0.9380576991461621,9.858864332861492,0.445044680703867,0.2821911256547994,0.9196008060636417,10.075351174191582,1.1306750600478086,0.1704641498493497,0.9157453678160393,10.131366457749554,0.9798718539295026,0.2038731483968802,0.8527884116209096,10.079652295100958,1.8219201788032784,0.23875807339332328,0.9139343753951832,10.260825644717432,1.1954706915715598,0.16704834788762946,0.9493142852140045,10.272653239948694,2.4548930025074576,0.2596718510859446,0.935053079776292,9.898810481261402,1.9057770475420384,0.2806037915975538,0.9674868076546544,10.410145782544062,2.9792473333737326,0.30522306878658195,0.9645654842443463,10.396169320713378,4.280030440827875,0.4360022520048187,0.9318678054894959,10.072791085777867,2.6338862102958074,0.39962834615966214,0.9180290529811752,9.627580475968736,1.7770871742338163,0.23439913384589556,0.9534549921588534,9.708016405769055,1.5404063097320546,0.36480623056138006,0.9272808545576589,9.58280472646002,0.6736382395218583,0.2897686053923715,0.9354764873387129,9.605561647750616,1
0.41541468429019646,0.27490399470774657,0.9149121769993728,9.97490125508961,0.4675671507168065,0.2853702672979781,0.9197274890603631,10.091322990308106,1.1247375842552276,0.15972265982207898,0.8955763714136842,10.284449982874687,0.9955683552013697,0.18555082724144142,0.8764695454037076,10.118096514745993,2.0708149222977696,0.252086767698534,0.9175118566299644,10.25388078698019,1.4012070561053274,0.18308394372487438,0.9592792987003849,10.291108926413246,2.170077724251769,0.23857208498570054,0.9384242569413981,10.394146770537002,1.412008509289775,0.20921451964574223,0.9755709779149981,10.402534931248828,3.084315076678333,0.28388556421542255,0.9709010479793607,10.473335605094835,4.417872816451367,0.41095118508604317,0.931925940127208,10.156058702819445,2.6805185532679103,0.3866406833140438,0.9257831249689391,9.77618814547534,1.7803359962743879,0.22415666717191687,0.9233200195455646,9.862009954014518,1.5925171034373258,0.3571130637872731,0.9309690648682197,9.75959738928484,0.6806691794565144,0.2784698942457888,0.923479376087769,9.805952348714976,1
0.40502338445631575,0.2796922650007758,0.9146897874784216,9.914410032806387,0.39359344714504574,0.26729064094421484,0.9212842433930382,10.097513633237911,1.262498953825386,0.19451340309118123,0.9123574774300102,10.207315961108542,0.797499088303737,0.1736594720643232,0.8927530853467546,10.074834961598228,1.7773585112959784,0.2680373425173555,0.9327780380582519,10.227368642916836,1.754762890999982,0.2147975534675738,0.9688122404139947,10.190800147982108,2.372478787507172,0.26417986752570377,0.9469881852567279,10.333687435076937,2.224072439593452,0.25850645505157477,0.9695791162194003,10.597338756006513,3.1517751899098165,0.2624452512694572,0.9761491335931672,10.48830670698522,4.014382749888166,0.3886341885379653,0.9337043328236491,10.134424068442364,2.5906563735885753,0.3776915840468747,0.9207479402802542,9.757259572983,1.9998028609726068,0.22829363868874342,0.9252339191259459,9.843448516917627,1.5396985698201884,0.3610910884452203,0.9264174669811692,9.754927944368958,0.6597782549239818,0.2786274674909047,0.9257314536115052,9.814677441232373,1
0.29861525042065806,0.22810070168327415,0.9119602888635763,10.254623204915017,0.38973891312592013,0.27063710448723055,0.9411104495403899,10.307944287510923,1.248897871477836,0.19096407711994695,0.9104720148248787,10.208989829968568,0.734315298510511,0.1815068921369001,0.9174724964811575,10.397232102942956,1.6735182809956979,0.27725755494349447,0.9568093581370023,10.522326114827798,1.4942604791099252,0.20235175938619274,0.9721478141749432,10.12630148716936,2.205800157525591,0.23812621181473326,0.9361371859433593,10.200906750206968,2.5073977249930084,0.2796189226443804,0.9680312408671883,10.607236359184403,2.758188927580737,0.24737250885475393,0.9765587483270951,10.565048991578672,2.761307631967939,0.3018809222117481,0.9423584146990417,10.394899246778659,1.704224102595025,0.30460100232392595,0.9388711207925688,10.074743379552542,1.7536639708021025,0.21164399601412193,0.9193755723841839,10.113689661990016,1.196989265942015,0.33173378600763315,0.9425376044627122,10.07582291021945,0.4618796519025679,0.22380839388259133,0.9251197955406265,10.240568334426062,1
0.23637556308055727,0.19028386276329112,0.9133096772294521,10.381200698259093,0.3238554430913133,0.25757051429571404,0.9467311496625702,10.213867429742765,1.0864392783376648,0.1722585478263048,0.9066696091275496,10.190731783869266,0.5606090299073785,0.15855322667162383,0.9296757587718417,10.299905166091499,1.2928642687433658,0.23824245789023715,0.9715437396821888,10.444944252905556,1.2213250682865306,0.18951764168957497,0.971215830578513,10.082318166530287,1.8254043781577773,0.21984557624507906,0.9399461606540029,10.223649517500329,2.40258001722814,0.2630684582457478,0.9684222130510247,10.746100390196977,2.2779541434995902,0.22186698671787328,0.9798507030855571,10.625601741382068,2.181737723410702,0.26900563720329973,0.9440129095275156,10.481855880751416,1.4730212702651664,0.27878961011199854,0.9389815172508973,10.30574186725966,1.4732926813644083,0.1802453569077249,0.9267247869210383,10.141199426802295,1.0073153615811572,0.2981740917052819,0.9494288265191286,10.255139468183735,0.3941870162655148,0.19475586309725584,0.931541587336293,10.425544759888698,1
0.35181085930484934,0.2839020952938837,0.9447957136375732,10.328798537575725,0.36181414448556304,0.2817597804817765,0.9461450270335754,10.117195197335509,1.5456396083087185,0.22749639286778417,0.9295330729096353,10.204346271888845,0.7277741010560801,0.2312298530252241,0.9339472076849538,10.26994808518929,1.2292161546263884,0.23626676571473118,0.9680632764264948,10.21234253076874,1.1067439165018405,0.18117724555631665,0.9630944037862095,10.11015942087994,1.7189820830116287,0.22050986808189593,0.9403284122759906,10.140774500013153,2.432852045379434,0.27811470958222534,0.9650273283978013,10.703413857571126,2.299340781969622,0.24200790784771312,0.9780224466331641,10.556296295295265,2.722175911483668,0.3438122817715084,0.9594354258363148,10.399345105366576,2.0853169683985087,0.3662199062257961,0.9470349842039413,10.251514844036643,2.3482205990639287,0.27410550869749645,0.9612356341899049,10.031694320842723,1.3096021160450382,0.37959559598593084,0.9427688251312215,10.104579938840212,0.5640426815204455,0.2748079720839504,0.9654866840121661,10.270344911112778,1
0.4478184257283009,0.3526988758535343,0.9448993248585189,10.095714992974495,0.4303315827865227,0.31674349256497447,0.9355509565876478,9.854000570618176,2.039835797778769,0.2979450549852806,0.9317514353102951,9.942528330678687,0.855841630366533,0.2674895393442732,0.9285744883645736,10.012529055883226,1.6299105327461056,0.26275507583445934,0.9540656199843549,9.843483870494547,1.1364281361065853,0.19529756145544327,0.9560550154318209,10.456922848360618,1.8213180383964886,0.219844961131396,0.9379241702045041,10.281387830021874,2.0352701497776673,0.271389512000263,0.9697667182025603,10.67908863795039,2.2081568544288492,0.26516934025346683,0.9784052971719195,10.507586091340059,2.577895876641031,0.3495294806990152,0.9556517813535839,10.320045686081874,2.022418750623548,0.37660172527216695,0.9462558347470365,10.32145241602508,2.475383632855251,0.3299921413814091,0.9501978841497418,10.071443714056876,1.2800245011372864,0.3825954244039866,0.9388892774424473,10.127034433356762,0.6058204354089121,0.31341227830652024,0.9618314825840975,10.19588432912641,1
0.3915769857685448,0.34461739775173394,0.9473790732655417,9.950035763473501,0.4375449552749834,0.28750746375566116,0.9284983816646027,9.521918795876338,1.7606090768238452,0.3106580475479117,0.9368252664353865,9.834950005997737,0.7012978575638007,0.22622403132553162,0.9165632329189753,9.672137832102074,2.094057202898831,0.2814046782599278,0.9344547901533653,9.469341129180203,1.6416030206337848,0.2646376163861757,0.9571776009593113,10.21551044467942,2.1093427412859027,0.26339816324576804,0.9517435738369993,10.232125782172355,2.142106295129641,0.27149966650214014,0.9705439506711475,10.634181312994725,2.3353696033428397,0.2569284836863591,0.978216524894123,10.3232612659001,2.5051164168393916,0.3069606202407649,0.9589218429866659,10.096802979494386,1.913576332903074,0.33628552952069196,0.951428792276784,10.153159748595012,2.2481306082072585,0.30357096661783856,0.9525293000025987,9.914754078540271,1.282059755762586,0.32921547657570865,0.9447680054685886,9.966233813927238,0.5614324236343805,0.28014161926631737,0.9684180691412715,10.035999693889337,1
0.39134662747028803,0.3469118765320912,0.9474150401331026,9.88691195104417,0.4057243697624796,0.27273232791823243,0.9274219532162964,9.514535994842817,1.8159576852900936,0.3216992655486174,0.9387920459855517,9.7621779908059,0.7486829187774047,0.24672603247295158,0.9166385912629045,9.693752957925073,1.9053024240254666,0.26681387012086544,0.9261022169654364,9.361818507428696,1.84158175470803,0.28435685092215884,0.9548017303553963,10.185760671046054,2.052238504632631,0.2475934074207811,0.9383718182347597,10.272788391153753,2.014565600312102,0.26674807068180506,0.9736909359479661,10.547822179145431,2.1623764296230057,0.24322816413317888,0.9788451267230419,10.315449080412261,2.40261253639577,0.29634523419380365,0.9560017826304464,10.119058790074439,1.870875973445825,0.3244483972507557,0.9552552097382303,10.143362015099402,2.5521445344280558,0.3413091887069677,0.9504464607628063,9.928297407905243,1.214961505889916,0.32458269772558757,0.9443346902249992,9.980988361152114,0.5665106213991393,0.2798696996671096,0.968380110188501,10.014235185890845,1
0.2862689898737289,0.3085011852438555,0.9475926883352178,9.680246283205497,0.3154383605490856,0.21565719876335965,0.9192764226787272,9.418097551606355,1.6886932640079526,0.3293700563959734,0.9194121470712001,9.496086118567199,0.49209183304415277,0.17785013199344962,0.8979862001629658,9.577932004181436,1.7799278285046864,0.24545300061127553,0.9331191544490627,9.38796857283462,1.8886472429739776,0.27390463225061146,0.95971073613375,10.25155766061976,1.9735780921782327,0.222292661688197,0.931089298376882,10.027054809872887,1.8911791368002084,0.25331374882191904,0.9706875706570803,10.534052209516734,2.0647658127494033,0.22949183296820752,0.9703508750579006,10.2614643680065,1.7401774562647592,0.22525906978237917,0.9457858657587458,9.891013283143693,1.0859921983705791,0.23120525415003243,0.9621870405448971,9.951839262040615,1.9397555735817325,0.2880739392504013,0.9548941936604464,9.717931593526657,0.8339329127048544,0.24990886269277152,0.9491086718809242,9.875736985050066,0.35217611798886195,0.21385233179755148,0.9717806207623131,9.819247469019398,1
0.23031017971270895,0.23195446373642992,0.9453447651658509,9.8560626186234,0.3232561510236152,0.2114863189605327,0.9141735522494048,9.472545333325455,1.4428494832818752,0.25590091890388644,0.9090372239533775,9.472279075779872,0.5980755547889639,0.18374935589842445,0.9047052357942775,9.606057013245525,1.904022684995121,0.24354353874040774,0.9255733095434988,9.39191521445976,1.5182426741671153,0.25899164204844666,0.9652001431335867,10.093645328301912,1.4696397279963294,0.21562134183030873,0.9144126739953249,9.566416210032376,1.449895206040964,0.20897410080583112,0.9747816084773712,10.396494496120338,1.6752782640988766,0.19147329883866238,0.9647026219980321,10.077978638165941,1.7135839296646591,0.20753437149448306,0.9349796152823799,9.844161132434564,0.9583370523030696,0.2023087491492972,0.9536548449638609,9.980675228780054,1.817447960061396,0.23736137629070808,0.9380639061391406,9.514293906053094,0.871978691239615,0.24776559494318387,0.9455552889153823,9.83596675556628,0.3124992748626948,0.1805453223605099,0.9559139105279614,9.821184870212353,1
0.23994277973120076,0.241617229830249,0.9475597275830775,10.020501583656,0.26588020787803535,0.23009144472872137,0.9186804262015671,9.773664950726399,1.745197098261157,0.2685217549861405,0.9156825336450265,9.52382474802435,0.6269042945477205,0.20240956048152736,0.9248925593124079,9.766233364218056,1.5629771357762998,0.2310319551259628,0.9254083094345842,9.660062141084333,1.448057996253775,0.24082027875017878,0.9657999832302041,10.074552289198177,1.4234622069863208,0.22423578233252592,0.9129239420925785,9.586496418390988,1.212851168027007,0.19120771414144533,0.9769168351871742,10.408214266732832,1.5157409107276125,0.1777768589261845,0.9643056786262373,10.22945079809097,1.7682926967492745,0.23769738310346164,0.9230779950848303,9.842855026548015,0.942403395413538,0.2323903870735235,0.9606059751429701,10.213156746840662,2.2010805152131727,0.27342085698561236,0.9332068595729336,9.57219762062262,0.7677422320456644,0.28013605871775593,0.9448362151957501,9.904934912236788,0.4011109027415053,0.23738499324252604,0.9560354582669218,9.983654982470837,1
0.278929612246146,0.24617503741954877,0.9482350426067727,10.163197196369472,0.34278639707733183,0.2538073121341135,0.9332700161490933,9.93733636604399,1.997925084079514,0.27548277723164205,0.9011108406712013,9.497673527574504,0.643385620524071,0.19475312669027509,0.9128825080602416,9.803270679288769,1.9198624761678105,0.24183765493443568,0.9308177890364531,9.816187263501504,1.2812662661845642,0.20097311667264742,0.9637355987199853,10.065933064009583,1.3304700573568242,0.21206554496942925,0.9248037863939631,9.56157043921554,1.3974677556007915,0.21108822098493482,0.9722337948184203,10.462621591848409,1.853539214258049,0.20992222495907797,0.9682692832614385,10.315195087842596,2.1154729090258764,0.2716323116301505,0.929219648953444,9.874843712874188,1.1105908904253212,0.25503485634308354,0.9626684108445948,10.352532333201491,2.19857949113909,0.24944963392572642,0.9295332451345641,9.550635286443809,0.8785097749414585,0.29097560832906644,0.9503180040929705,9.980028035820073,0.453950429639214,0.24492192026566306,0.9522949359304578,10.1365915895186,1
0.287676783934993,0.22889920808792905,0.9451342483023576,10.296544798405316,0.3683677323707316,0.2664320058585422,0.9457108353025657,10.095722697561095,1.6423921821799783,0.2441087489737797,0.9039395771781427,9.570162890566506,0.6756641078613577,0.200491440839162,0.9103056337310668,9.853952907378718,2.1186760189797855,0.2616591068464306,0.9333023812519751,10.025486607858554,1.5211831754165017,0.23350935597051797,0.9550888219648239,9.873018274410624,1.5450872602293484,0.26248214777674006,0.9421844806040455,9.789319205618531,1.6419650453350751,0.231238413056889,0.9690774798835115,10.35968413812828,2.0790393967628917,0.22342011012576235,0.9672402267963169,10.180877291963837,2.1984255546464015,0.26493164385682705,0.939802135078818,9.917819680770355,1.149527169567646,0.22673438448032643,0.9596243740671873,10.455387257804487,1.8102036800375223,0.2156238235192361,0.9397664173734558,9.714787171735885,0.8474407201303892,0.2594488261094352,0.9538214417893389,10.160102122504664,0.45490208106279784,0.2215002848839512,0.9468240265536124,10.29419441446575,1
0.21735090139949048,0.20626056402350526,0.963615498403857,10.50267966046844,0.38295888040880444,0.256863485952473,0.9458661102376632,10.239988772601238,1.2964018706471903,0.23911009967633254,0.9248066398404795,9.655642023246145,0.5477599083979579,0.17237952113593547,0.9081970560667242,10.287218162650419,1.847979452892745,0.24079291418126292,0.9457727705278466,10.25102246956054,1.6609402460447211,0.2270923635591824,0.9674117931923862,9.941516761955992,1.8359897987773097,0.2621347684036514,0.9441532470601094,9.868628752841106,2.1085073192779014,0.2774812062677812,0.9652688487909454,10.629461725889989,2.4884372847641614,0.2660743648137801,0.9726444925915105,10.421615147432437,1.8399725568838845,0.2516453564657291,0.9561478454549557,10.012676163781935,0.9507912695817804,0.1974823665819497,0.9671692494156399,10.55239099473366,1.7653275670764554,0.22414784467127571,0.9474108133864526,9.783691401953146,0.5643091064095231,0.19586027371481005,0.9601178052861731,10.413276154008985,0.45197528016868505,0.21447031229071228,0.957469889188074,10.321105903381952,1
0.2482676695184845,0.22333547896388967,0.9601991067214748,10.336600817582907,0.32551064275276775,0.22220113646342557,0.9515303491974043,10.227798459022031,1.2624079933420687,0.232186848289609,0.9179602887833889,9.770416391579783,0.4781487147513397,0.15024257643867575,0.8837528549276841,10.247954847122827,1.6330191967445051,0.2259355623591612,0.9541164593979261,10.385314135613347,1.61569195385353,0.22710534399519158,0.9655760465567675,10.258242607601984,2.0007758313319464,0.2545662362216197,0.9438234842534751,10.14715426552481,2.5580354971801684,0.28296663434268104,0.9537675813661687,10.837610041726824,2.9060136947038764,0.2733551701595903,0.9690170212055702,10.588596001068865,1.9680546637550127,0.254232166225765,0.962931682580068,10.296733178563828,1.2908531786322963,0.2162403283954178,0.9600722167859452,10.41511752116235,1.9448906769553047,0.22475999641245395,0.9480132023144116,9.93937585896587,0.6798738617221001,0.2063196693829105,0.9589360240638881,10.454254799109176,0.4310092805642719,0.19787475524791612,0.9583650590805278,10.360073981961074,1
0.30781004117498106,0.2839498818431283,0.9601899882148734,10.088877341270726,0.3893639205557866,0.27915973913170794,0.9464037584045549,9.984476628237397,1.346936784629885,0.2661734627055643,0.9393357867091977,10.01506015011912,0.5691331447612648,0.18432024946069572,0.9008708669641364,10.087672704632526,1.907380935005695,0.28194087127437645,0.958021433833645,10.11873365105897,1.9652431199435036,0.26223757158738964,0.9619403366738225,10.13983426896786,3.4182979261996365,0.3326105982875672,0.9229481935246467,10.034231367634858,3.6818372420218384,0.32177157602944106,0.9369934253199471,10.527141006746245,3.909191741517276,0.3046541586878627,0.9575421727198207,10.439346214348037,4.176109095835901,0.38174576145193484,0.9368145501712316,10.07514971121298,2.7861417314165724,0.3664270998744628,0.9433853135163237,10.086192417878715,2.918387261699874,0.3251688847099555,0.9458287275816868,10.038291947371468,1.4343099177198415,0.3598514904148533,0.9448078307212797,10.056113659368874,0.5607412362150213,0.2510111699748101,0.9585095101476788,10.021403397362581,1
0.3562061537062585,0.329558257394517,0.9585605003380204,10.076081419694228,0.4609074321717175,0.3260573493234228,0.9455091215322424,10.040411581272547,1.4990986408115115,0.29007822095579144,0.954452616184017,9.996328953734126,0.7759407504029661,0.23519704020508872,0.9199236148939509,10.147536153288797,2.1426815377703305,0.31103927417322286,0.957622728790365,10.090018003380283,1.8335870749862395,0.25957377483186633,0.9572397795514258,10.307824128212928,3.2525940979396393,0.32729959958842797,0.9315518561116914,10.066079764339378,3.850037082837085,0.31840201858008005,0.9398001817952693,10.652458309019961,3.9531070787392277,0.2810562399214108,0.9580691546539567,10.644767540541368,4.525338259845935,0.39801984671007484,0.9346534803047517,10.08994234104335,3.050379157620586,0.41280672963727444,0.9351879106851638,10.115609988296663,3.449127765915074,0.3629579878490675,0.937718876061429,9.971694849256323,1.586479193490417,0.4064789289892837,0.9386611025002176,10.03146965350905,0.6061570629634427,0.2930518880817408,0.9579571251498091,10.008244261597332,1
0.39873563838855064,0.3661925604008263,0.9503916047900993,10.112555045184388,0.40363462318373605,0.3404991589600054,0.9573749901828855,10.24780684255389,1.4170542693867103,0.285724330371662,0.9562869311023948,10.091205946868257,0.7054695646284463,0.2564053243449957,0.9250299752101465,10.181899060490469,2.071415641857876,0.3362278404238727,0.9552648263893023,10.302416379172817,1.938237657638723,0.26656487571523213,0.9554741976207827,10.400154271948399,3.303471926537812,0.3508282887963303,0.9306652576353671,10.099960058193867,4.048228470113621,0.3266282927889626,0.945053433272158,10.55145549258622,3.994984624383446,0.2875807294271258,0.9591375802659785,10.645497162215943,5.067706276363147,0.44019778459621317,0.9252399464438419,10.161219770334435,3.6575292095324112,0.47468951827178024,0.9210449021584229,10.163970639718038,3.5320855990863524,0.37342513918107145,0.9469404732109622,10.076035534501397,1.9415894119976418,0.4474119980151861,0.9219282381461241,10.061367291484109,0.7021867766105169,0.346171617214249,0.9496797226192165,10.091942444027865,1
0.3702207831978701,0.3690209744530135,0.9522006407245099,10.154632431199358,0.43979119098621544,0.3753110957480755,0.9485515492361141,10.247380441562854,1.215167864393015,0.28602842669965384,0.9667997466211355,10.00552346167754,0.8297053221875876,0.2985051969034449,0.9437136606601266,10.019397429851926,2.1770348560728596,0.35876012279818936,0.9510493290168309,10.173634202785273,1.7636293066027573,0.2626559574775022,0.9593976465902038,10.183984865295951,3.387019922397628,0.3669429903032349,0.9247120880253386,9.93929698834584,4.355944725745314,0.3557948794297568,0.9487498508264158,10.355308089429148,4.112747474801706,0.3003696893360889,0.9659149853809953,10.408732059069846,4.897711901496045,0.43810928181375114,0.9303730379243231,10.125055077080534,3.4408844455877654,0.4921210725199699,0.9171397303858962,10.183622318399781,3.299273110201205,0.38917156587514146,0.9445768033002181,10.046016626331799,1.9756292238141437,0.4482940151608099,0.9251835920772747,10.07440525321797,0.7902686593776567,0.3753193010918507,0.9463222719047416,10.051046815038944,1
0.3121138164604457,0.31658033523264273,0.950356564653381,10.031556745470601,0.3321138732538891,0.2911244181396542,0.9644239779800668,10.383093008816028,0.8884128512379346,0.21613428324398362,0.9537333432081826,9.771233236233527,0.7073129468384765,0.25185199260596985,0.9309015256727419,9.922225707267529,1.6695173798245229,0.29052717003490136,0.9600409969014483,10.254982263603809,1.4755927109910736,0.2448784318732747,0.9745949581490793,10.384800235326564,2.0982493121305548,0.2888973948942245,0.963579848041416,10.048381805013099,3.3439717038347574,0.3335282118222155,0.9593619432499866,10.533044038941853,2.9791190943757404,0.26401446580363747,0.9755386847278466,10.492470556857851,2.5938887341011263,0.3185423527072283,0.9608579459446799,10.280732341528024,1.8475164397119421,0.3672352978965262,0.9494387791035812,10.228316054435533,2.2546895278099246,0.30647411422014825,0.9456385908697461,9.867148894317914,1.2044025584860965,0.33310799768487737,0.93395303654514,10.12146113457806,0.6117210545856901,0.33316312077422827,0.9466808314675819,10.03726920586971,1
0.22139588493948315,0.2501613179526896,0.9562918191125809,9.955918263848996,0.2995090561389453,0.25160157503008407,0.9574029834911348,10.000931669811797,1.1226577813645242,0.24120772259717022,0.9254931382050469,9.534714456640222,0.5045199865940264,0.20309957748919022,0.9265206912376549,9.714118317077771,1.506515666449942,0.2506712739344789,0.9517358303948799,9.815274602572572,1.4579117610826753,0.22818839818122372,0.9706386067728799,10.081893445605452,2.400137453065586,0.3028884186782591,0.9557540921310962,9.973392651478122,3.3642188803893713,0.32386362658221324,0.9607259681043754,10.443829592458107,3.140990875624865,0.29191377420426107,0.9653108993221671,10.130806022350777,2.2292291468217664,0.29851318185377573,0.9543788372107443,10.050369122543087,1.565807860309107,0.32774795089904835,0.949812157315959,10.051889240412729,1.6601719732108982,0.2456357675603214,0.9580581462420625,9.87111825188729,1.1246925545127104,0.31561249651583556,0.9290534148620372,9.891468381763332,0.5093717276906546,0.2850468767605029,0.9533065970552372,9.976196827739207,1
0.21194256069436326,0.2204407980751157,0.9617812346096083,9.984085240129266,0.37300039597049206,0.2740906372217887,0.9394520504416513,9.636791908685174,1.3868356718218038,0.24769892647348998,0.9055210155725076,9.458905408812328,0.623332723717396,0.22172445337527685,0.9158318196060234,9.66928432036455,2.2323034316076917,0.3030912966386477,0.9343418405450484,9.571822101407493,1.4737329849181129,0.2404610201302892,0.9531620522881536,9.950524633749941,2.7918212488717096,0.27496139579662926,0.9427202687591957,9.877606676885822,3.3380269166023377,0.2932697701758444,0.9607686831148579,10.214476258756687,3.38591154054584,0.26061872619635656,0.957488914370508,9.871826842588696,2.435401122491509,0.2592717306354347,0.9427175125745701,9.67074878043331,1.3029992739452771,0.257623981957914,0.9499603209453834,9.824347236496854,1.5132504256611898,0.21420203165620305,0.9622123092042126,9.941340031020605,1.099321938131448,0.2965663759498742,0.9370020681772028,9.696261139649923,0.41469804477976047,0.223147387959576,0.9665652216773265,10.046997055633124,1
0.26512812562914523,0.24825697492575205,0.9589704230168474,10.09182518978967,0.4534652637799434,0.29558403731599997,0.9343126378556734,9.741061919640487,1.6694703798078598,0.27894156343610177,0.9057144388228385,9.584192915227215,0.6674820018123089,0.2355228309072655,0.9061619916716152,9.783889467185896,2.533966252442662,0.31904892005100105,0.9348026203754226,9.680077374487995,1.3417689652571902,0.2313665597628765,0.9576034686909528,10.029721862754466,2.230725616498045,0.23029845215212744,0.9455237117171365,9.935445734058407,2.542161777624,0.242502604383805,0.9520605342405155,10.152838163501732,2.9729900031014496,0.24020770069918707,0.9548795433005873,9.774492368606118,2.5026683412768094,0.2562735256852686,0.928682238075711,9.591472860119568,1.1986792863219646,0.25331553701489273,0.9418106744339423,9.755560283374328,1.281306126038067,0.18702460882796879,0.9609354301816337,9.959213513214122,0.989310333758311,0.2889168804639516,0.9349476622811149,9.67144850996626,0.3439641865932726,0.18516177264681724,0.96492311662762,10.167346964154897,1
0.3009743948991861,0.2961639874048134,0.9654397796071912,10.378542681127554,0.4901318633223103,0.3197456885715518,0.9295628349367813,9.904868890577022,1.7473909590394165,0.3078451985393971,0.9202645806187786,9.711056222010749,0.6250540516461014,0.23573387681216762,0.8816498417875418,10.009176461179134,2.7014452079849134,0.34204056762890417,0.941017657447573,9.853054671439713,1.3531162094554865,0.23444066305863354,0.9484393283937478,10.032699307224513,2.04919651049706,0.2370282225041039,0.937627076098926,9.977797773719534,2.249584124682194,0.21839408367775412,0.9505474458098742,10.065860274597199,3.288211650059303,0.2487780723394629,0.9569866778006296,9.80991121483011,3.182492957962858,0.31059320515855887,0.930440826054835,9.750562069890297,1.543527715630373,0.30671589641946356,0.946823147079848,10.059035609576492,1.3464763893083784,0.21170058565144714,0.9644241094887694,10.132784443243876,1.1760369528666343,0.3428670523900074,0.9410327412677348,9.956473179398715,0.4512872181896617,0.24024229579086936,0.968589068108604,10.47144381198309,1
0.3259503979524918,0.32060190112181414,0.9600031381875874,10.360568424510122,0.4953613750104255,0.3182196779873911,0.9180244869461403,10.02345355318948,1.4337444228270122,0.28048863916547595,0.9420648454293736,9.926294887680987,0.6721729579119273,0.2449689003086325,0.8696320827034726,10.109909624359915,2.7963681780793763,0.3654765376000661,0.9438435909376419,10.095279571553624,1.598014854937138,0.26912363343213075,0.9560957709368572,10.319284028472662,1.717207510220017,0.2197965183720465,0.9276033535073777,10.128121212752644,2.5583056974329774,0.2665708520171442,0.952023050757377,10.148402164875426,2.8844893048459217,0.24518849904735016,0.9698688661590845,10.001519679466158,3.1488175988752802,0.3226629654248754,0.943720526590785,10.025794437666598,1.5379534865320905,0.3131540938852165,0.9544852178027236,10.309810139847013,1.3426376948406822,0.224760268080737,0.9612182070503322,10.192100612590895,1.0788634592940045,0.3104981401055541,0.9579395701795627,10.262750251686922,0.5402553429395468,0.2564515035220879,0.9624622843822751,10.632843691297735,1
0.3181986879073965,0.3271093826599502,0.9583166170312319,10.42070486857161,0.3843105583198178,0.2952789148977999,0.9307932545333965,10.34419896874881,1.2142487862315487,0.27701447220570957,0.9545503011330371,10.225585130469451,0.5221344129749874,0.21109948009755428,0.8691335234219734,10.278432790991914,1.9808003795263638,0.3169757602538259,0.9590291035103177,10.532996367529174,1.432774837037966,0.25589055188848525,0.9556393566592807,10.32952351016865,1.0863142336270313,0.16145963372032768,0.9510794585366498,10.309154260559398,1.8440422028037906,0.2450173476284839,0.9528608757171867,10.313398806797426,1.9232048012529483,0.21607333092868056,0.9830406529074062,10.145799740962675,2.372273430829235,0.29890105211275486,0.947902158692215,10.215507620496117,1.3097378127095864,0.2990349854296681,0.9633164285592354,10.464361014683012,1.1748569306345045,0.23228946883930313,0.9534096397222179,10.197392387771117,0.8561620730373947,0.29087028335822335,0.9632696330522877,10.516767007069259,0.5006085887990159,0.23566717247348024,0.9729675638311809,10.639340389661633,1
0.2751053530730527,0.30521369349685773,0.961653076062903,10.397924474770349,0.3248278920308991,0.2706844026782626,0.931836650137725,10.388540070750462,0.9011496375634439,0.21387735882327985,0.9375930681889182,10.452331319393283,0.4822694796451656,0.1951152885735449,0.8745459556131473,10.450159277989744,1.4700193556035988,0.2672962448215212,0.9671919548328541,10.69707010130103,1.8201874974528103,0.26082303238631954,0.943647098350983,10.204369090718501,1.2925675991719947,0.18876192805802763,0.9483136858101514,10.072935188592698,1.7346250040596842,0.22970041204884006,0.9571506972149545,10.349391615738798,1.6533714769461256,0.2008055737991089,0.9786222570130413,10.389963283308964,2.5705745754059497,0.33852701034328164,0.9472689777485448,10.318907969865968,1.8222879761841968,0.36093837655206834,0.9529564228459613,10.400917553697365,1.2055729628639202,0.22686224233251384,0.9458363260220314,10.179080897207424,1.030155544348072,0.33282991681681384,0.9561357081480107,10.353150959650137,0.44217658721472536,0.2182856994996861,0.9822636414524744,10.544985627610243,1
0.2573019607537361,0.2856593288860119,0.9654216721861409,10.224989437834827,0.3127627190632435,0.24831799107416355,0.9564318152855924,10.19533279151813,1.0523875175238873,0.22357353139821057,0.9346322823889296,10.082029032441628,0.6405574864995109,0.23741340046609058,0.9126983219311806,10.131219741905392,1.4979444657902161,0.24642654836987932,0.9766458753757045,10.580876236788052,2.040681853160641,0.26347094464360865,0.9523775168763771,10.203603824282695,1.3662735468198364,0.20326217317714781,0.9393596228772876,10.039503526396167,2.0939697815949323,0.2684991858651204,0.9612518800354746,10.418941966954792,1.543879880156638,0.18889202193662116,0.9752406808293174,10.516888966497214,1.9372529280271018,0.2717340457481942,0.9579346752732324,10.383924347705412,1.5009670214995285,0.32714518412741456,0.9620437667075911,10.366270871492999,1.0612880135422116,0.20091887537963524,0.9488773257112627,10.253264939261722,0.9344798142587369,0.29991698391168226,0.9545906758685581,10.081739486202792,0.40743263956034514,0.1894765103290574,0.9817229460575845,10.32142109708802,0
0.2990458080762004,0.29238498211033487,0.9598709485382743,10.196559520803245,0.2943161916634231,0.2504155697509694,0.9660455575886284,10.209332194756659,1.1793120842437426,0.2316506829166084,0.9305233131094456,9.90939819327725,0.7263859798418658,0.24846820880916046,0.9349936620934516,10.125105314477537,1.6092080062697782,0.2461751013488882,0.9740295397555984,10.570763825783448,1.6389890727277678,0.23630397719575022,0.9476814175583509,10.148749008947568,1.341802983516581,0.19830240806561902,0.9361036904449725,9.96664126926501,1.3963520257825195,0.1962012697657622,0.9653888994712752,10.323898429089015,1.5245247211702437,0.18259005323965655,0.9763594989105541,10.39264201825838,2.170187589716094,0.2807858056330191,0.9564553091929429,10.339522785961977,1.689159931589423,0.3135281908905588,0.9538245347024592,10.248863966093333,1.2575278608495046,0.2147630364867982,0.9415631514154723,10.130091063150271,1.232763665672621,0.30412132812763504,0.9403750049528157,10.033501052869733,0.43520209214661026,0.17586373318567908,0.9682415054623301,10.03318678853207,0
0.26351529990859346,0.288116333121524,0.9567694616963891,10.068660458421464,0.29455831256134024,0.2575459055390673,0.9615360286155511,10.052844242985547,1.1818142319485223,0.22827009579667534,0.9114735077395426,9.826900303508816,0.7645792736254379,0.25730831918380287,0.9292158681072804,9.967032380109226,1.5882706691408919,0.2527492645591821,0.9758911500108068,10.41939809264069,1.8937020520472445,0.26079578815616894,0.9614601412111852,10.126708816263934,1.55305973549964,0.2594264015642335,0.9410155214717554,9.996122737510708,1.6429354608286892,0.2246769672831616,0.9698191079787191,10.211655391614794,1.678807166182826,0.1837742844535088,0.9806581722295037,10.458043806652574,2.0848878175889327,0.2811265200300277,0.9613894902701304,10.427679932699235,1.6328391156319926,0.31669952553685976,0.937151953135229,10.216546438246596,1.1652876340555758,0.20582517937266032,0.9379017158468916,10.006223573269416,1.2271506219486294,0.31243464395751114,0.9383032126373105,10.081483766221497,0.4316672415311145,0.19548081108505094,0.9613951817862079,10.039001710439834,0
0.21090557039071064,0.24512810779202662,0.9683095875722757,10.027962809840648,0.24744500598921576,0.2220513615596556,0.976772716251252,10.023715548721476,1.099595855649344,0.20932858734067314,0.9270830869249738,9.757897877245078,0.6122978784627311,0.22646727039761602,0.9454323557355184,9.936555270739545,1.6411132884165085,0.22789357159845286,0.9837777569880185,10.35985629551144,1.6487168657166948,0.24729782118152618,0.976155545723948,10.27951517960971,1.9021740919313943,0.2540323709300434,0.9253370398988984,10.170671747782745,1.8055686787928988,0.25193872034619813,0.9624774913305216,10.463580224101673,1.6904629191367453,0.1926938400600012,0.9746967284790233,10.635347638444713,1.487879455938192,0.21301002263060387,0.9660369877916477,10.509466044003558,0.9574618773560475,0.22528685178182672,0.9344010328114164,10.17325202527254,0.8300623338603768,0.17620170835755367,0.9486343466452435,9.995338103351633,0.9309614913579438,0.2655771481209873,0.9452837773840159,10.083199802198918,0.3766055741981412,0.18722919865679374,0.9609787075503741,10.046809390111537,0
0.1707156044236196,0.1914477145225527,0.9814286387983723,10.22137897314035,0.2786961352603593,0.23819589232930463,0.9765220116813182,9.967123721736169,0.9190978177017413,0.17253075546444754,0.9466361665593755,10.103989941952678,0.551643463756361,0.21140523356294422,0.9586804589785624,9.956622386523865,1.6300519462764491,0.23269878239780167,0.9830251512528412,10.282716760102126,1.4924870507883132,0.2539850236808756,0.9753806385272943,10.299926786994645,1.910729021818381,0.2375484795320075,0.9255683238231233,10.27798596886063,1.596443142433258,0.21349616422987633,0.9638045045275043,10.64273474489019,1.554498156376253,0.17310552669174956,0.9714015656341297,10.859821637414706,1.6421509241436514,0.21603282335303473,0.9376731483781315,10.468673299489806,1.0255429275255958,0.2108660020134336,0.9305776070678671,10.12252275299239,0.8027173080865975,0.1578589647427317,0.9618173175829524,10.137007165063473,0.946103545467548,0.2475603685387135,0.9491704335258778,10.159331868724827,0.41634981190658604,0.1960774450813236,0.966747084979217,10.11344895360554,0
0.17949952939791647,0.20345425917144536,0.9487522756353238,9.664980596687164,0.25834750073677704,0.2396209212107803,0.9759330061724811,9.836234252088591,1.0600971426954475,0.1913654724195262,0.9321682751121131,9.93339585512811,0.6379146833916844,0.2322038369076535,0.9239930639615911,9.541472093916623,1.5034255829148355,0.23751692216503434,0.9802174396995343,10.018437469348397,1.5009144564949835,0.25645657783536474,0.9724106716758236,10.33435646555153,1.8432066998525702,0.23617852192501856,0.9175692517071088,10.25147137505575,2.838663740673962,0.29355035440892374,0.9446190684016781,10.847353400346949,2.555147443622916,0.23166719975754035,0.9628716194901498,10.94832659308626,1.9426043099991792,0.24197166021173216,0.9494360821097605,10.578009193957518,0.9060583787994988,0.22654805264185163,0.937143894655818,10.300587805801253,0.8235954597537778,0.17389617320170608,0.9635557006600671,10.12839649294643,0.8131486249205919,0.2799123462986021,0.9561179187053279,10.166783651851333,0.3793464157096066,0.22327293409088347,0.9691740631159521,10.007525166045516,0
0.19092557406956617,0.20611584999062255,0.9478666967296587,9.663725522139613,0.23570452127519095,0.19848458488605109,0.9736513445934939,9.835191965432353,1.0689168807554703,0.20141437454730263,0.952544576874653,9.999498833953004,0.6485908650536808,0.22449188683554816,0.9420367223799158,9.636496625370192,1.4477713570081594,0.21159025388141245,0.9754645539175394,9.904895831119312,1.4433338186239177,0.253716878991834,0.9638947301805929,10.050778244209823,1.9285329025089233,0.24101352512310523,0.9345605682251805,10.092570885983298,3.6343954182283382,0.29055025888391495,0.9474363209928724,10.948247280707418,3.172739147209372,0.26127976812765213,0.9564230328779455,10.988987136222677,2.4368069045014726,0.273915251980882,0.9540212627074743,10.587881825191173,1.0386788332945747,0.241381767894182,0.9527325586912079,10.319202742120998,1.1963271752889784,0.2170267616813269,0.9714831575563254,10.276601346891768,0.8960973071081462,0.2747864279260079,0.9571599806383351,10.106520644977062,0.4350368058813856,0.23045183258502913,0.9697133076795587,9.955939123369713,0
0.21485696670693927,0.20239657802221064,0.9347330549130574,9.602417315214673,0.2588640618869019,0.20587946682891603,0.9627514104053453,9.736551284423312,1.1350443120894353,0.2035752259167407,0.9481352062730476,9.8759404913996,0.7239117948576194,0.2204753075548982,0.9455247263847573,9.651207579187425,1.7333533059554895,0.24396978619636597,0.9598724312730134,9.937896284606289,1.2208818755082245,0.2381563922763539,0.9458374869440712,9.872407872749216,1.478163455670864,0.22911456485084433,0.9592469679694952,9.990096525352115,3.3024941483136336,0.2650072387908466,0.9520996390277844,10.921269851693523,2.925230488699948,0.23887985089049946,0.9609848322590983,10.976764519050809,2.3927050266672634,0.271403636042612,0.9539438626072537,10.606352257308979,1.1199712273361122,0.2375511541818505,0.9467303449990649,10.206154036675578,1.4000757694156252,0.21995969069229743,0.9563673014138266,10.037473025091899,0.9725002527509299,0.2597047845482683,0.9527188903969638,10.038435903545247,0.517387569211579,0.2433326728456081,0.9606510938457853,9.851627648823914,0
0.2020891423437955,0.20257038574698039,0.9255349154220542,9.581179147347505,0.19883226275856503,0.18022425744577314,0.9527331191308929,9.639112087033986,0.9243824999331408,0.2015008652887016,0.9295493834557235,9.754297785285582,0.6478632879832633,0.2120210800006581,0.9456972160294193,9.753153790185817,1.772226868369116,0.24919319847988064,0.9539268707186384,9.85278909838013,1.2631151720232985,0.22324465901561594,0.9397582236473844,9.77238945972235,1.338162395572043,0.21532707148297525,0.9569694706653262,9.788703012645264,3.161071389592639,0.2503046766957507,0.9536770839014411,10.866870082300432,2.7317629679454423,0.23302513698657887,0.9631874665368769,10.93420929499515,2.119849404296011,0.24983231453263394,0.9578674843999606,10.69160843620712,1.0549002086128163,0.22004038987301752,0.9511562581973129,10.259601156617682,1.4271256909294365,0.23441290756754224,0.9428243346515576,9.88568852987508,0.9142582567039264,0.25315257983497985,0.9529808563528218,10.109850999223433,0.4532627896963657,0.2305809158117217,0.9580074863709271,9.798808141514895,0
0.15393572791086046,0.18346950517781838,0.9472093236314458,9.944977014495956,0.2118027491769892,0.18819033343742042,0.9597306244137795,9.984588192061894,0.7691114191857127,0.21106819034084717,0.9607659168543797,9.79840067050942,0.45174630621407647,0.18419097574196439,0.9654062649667788,10.216943040257291,1.635150870185482,0.23401478784115565,0.9544580520641532,9.964241425897036,1.5350820843336548,0.22342571665973165,0.946999581807496,9.958148276093821,1.5500538335847245,0.20541665234184464,0.9696469643551939,9.946204101758887,2.2724186163058357,0.19974847638903478,0.9572388956908227,10.842754158140949,2.1054073039717367,0.20889936740904697,0.9693562525137283,10.859521631283076,1.8343013290018455,0.2296779196332235,0.964899358759111,10.549002044314896,0.9485954463439268,0.20651300467234834,0.9478420259469041,10.138012159260924,1.4658560999213621,0.23519858810270733,0.9392094510622182,9.834000434365267,0.7239521255486427,0.22900849635343026,0.9568644649273482,10.170814200672178,0.4001054701923194,0.22493162594324492,0.9628695019000431,9.908828764921026,0
0.14603604462830755,0.17228664533335522,0.9500647821633853,9.887751738667848,0.2741398736433576,0.20263772325543664,0.9527956700946227,9.946660787223797,0.8399849402085915,0.22084744324899017,0.9489666446125609,9.752457488978788,0.4514035030783566,0.18590661158548416,0.9520090954019625,10.168484499598803,1.9452537908876288,0.25241679102704,0.9520706031371363,9.925993130415522,1.7425897609789316,0.23507248098368272,0.9521055087413733,10.288256274843794,1.1179290029325617,0.16152819933985837,0.9656388522674272,10.154840379562636,1.5131772504437584,0.16110985673747075,0.951243502805186,10.878887562299784,1.8500996620992813,0.20224284926868283,0.9722887916369934,10.78884658113596,1.3698697319194872,0.18907969603439861,0.9581801550597427,10.64665346621157,0.7698349631895613,0.1702290960988679,0.9602418889302767,10.113911881943203,1.1952315662281772,0.1971204470065253,0.9381771732587686,9.585791231128054,0.5806982434413548,0.201884206092468,0.9548784831778632,10.166040500311551,0.3461086385963399,0.2092528018102676,0.9649976819392506,9.88435160947694,0
0.1687185845166051,0.21855618536461813,0.9684942493732723,9.965307729940172,0.29466570698420774,0.20111778704884165,0.9422944462890264,9.92328276354115,1.0513264176653117,0.28214315957313035,0.9291775901865207,9.784377069741275,0.5679170215161983,0.23563514848175635,0.9269110381428349,9.983679237036712,1.9112160490007173,0.2440802716569458,0.9553128313366306,9.934070673012823,1.8671282151901667,0.2522385417612399,0.9539049616002004,10.303061007343258,1.2657449942894523,0.19137755827671485,0.9588287160002091,9.901653844708093,1.8710758225741695,0.19472921076660926,0.9556962885976052,10.79958637532236,2.3752139145390663,0.24370328254202828,0.9719940664302033,10.740022176575472,1.712172676370038,0.23068120948217904,0.9660253158595042,10.601048679295996,0.8070951858534373,0.17850172872220693,0.9674325241066241,10.124208355729396,1.2947425353956867,0.23385087270302424,0.9494653054758547,9.731241123579881,0.5490451829361773,0.22017887419329904,0.9620043881513552,10.15160452610145,0.364499442915579,0.2358337039897172,0.9627650403274807,9.907519748340459,0
0.16324168938981673,0.24033549724529776,0.9633147967218785,9.877937080610726,0.2781018523607831,0.20030010192459619,0.9369413245069854,9.931449422157808,1.050845269272394,0.2988993551104067,0.9157668337475914,9.76078242811886,0.7137475344403126,0.2946953899358232,0.9019752396013333,9.907964889113414,1.7216819711980975,0.249603275508354,0.9600094682621978,10.003733904599674,1.8426865894267994,0.2593247150716278,0.9631229559384453,10.418899148638733,1.6170880771895777,0.21963887273322938,0.9462373314955116,9.793075015584515,2.313713249105434,0.2659011626226784,0.9573089553624875,10.696615469123758,2.4948990933566506,0.2764500141636327,0.9731209260203452,10.64036244956029,1.9709933702705564,0.2862551343431495,0.9633407649350014,10.453696351859493,0.9869121210453761,0.227965029973897,0.9403124781023322,10.015514210492181,1.2235115619622343,0.2330126448307191,0.9479042913568546,9.837704269312162,0.5471793497260218,0.24436037091185683,0.9411049410978415,9.84683883058185,0.31366533736665614,0.23591510553950895,0.9492424144652588,9.951939970410507,0
0.1481148241387418,0.19285206654498804,0.9578370587816843,9.680498941409688,0.24323536861059886,0.18104482792843338,0.9389111516364235,9.912995973451803,0.9372033514349767,0.23188414800287707,0.9203355755426218,9.800570091346954,0.7236416037025923,0.2782868547806594,0.9135173385235665,9.96316963364379,1.5639071362939745,0.22061378059861889,0.9665919430438471,10.012365126401097,1.5603191341278808,0.25859335761367375,0.9637785441848618,10.113502180461104,1.392117322803029,0.21828985946017537,0.9376196271857802,9.606818675755438,2.3011379575490274,0.27547942997203717,0.9616396311032286,10.491049235818647,1.900649852990957,0.226674648959669,0.9806291764084074,10.617594439026306,1.401302474553309,0.2376983494312988,0.9585505040551374,10.440121916743678,0.8554179527496159,0.1992445585456428,0.9359107418693743,9.844924021338086,1.1410357372934286,0.21651596884608287,0.9476005568022645,9.781046488969201,0.4881156153809717,0.22423427023936449,0.9355564416125396,9.623767737600863,0.29817501382945466,0.2033276456182638,0.9495691659099905,9.734833274717008,0
0.14969750283600794,0.18578537660923264,0.9462484243659013,9.743115587188509,0.21780115067886957,0.2090820385435526,0.9494078984194051,9.869306048585512,0.8773256778164906,0.18914193436847573,0.9124610188540535,9.718352934906457,0.8291359549950983,0.3240372609288926,0.9325073208360729,9.907442909441755,1.3306939256097747,0.2297033619720405,0.9718447697216379,10.0927350011251,0.9673866900464867,0.1765776942295447,0.972860114586784,9.908199538388123,1.6020908865372907,0.23142530122133503,0.9374490343017147,9.68125190043924,2.511991759343757,0.3281283284664029,0.9628512920461347,10.294650851994524,1.5261824677694764,0.1976167456680274,0.9854013699145432,10.343133768576301,1.3161607340307637,0.22957402164355029,0.9637650972832376,10.184029489960274,0.8510548894432888,0.19883670474868098,0.9402139801058736,9.784542653826541,1.1701058852324393,0.2240896122737432,0.9530638382488216,9.875776544855205,0.5427933429696477,0.24104471551301626,0.9403924227403037,9.589549612017736,0.3091124268419665,0.20712409034140422,0.9503357532371104,9.779161216475012,0
0.16238094562027539,0.18400982882840256,0.92972412834983,9.71800118967702,0.2083508301164614,0.2222021247875903,0.9487778815957895,10.00892304751297,1.0580701705536453,0.19487233941699952,0.9082497484971082,9.610385019050012,0.8831507429312528,0.280585319020636,0.9217745663260776,9.901394210773212,1.0609005916682064,0.20517451558116823,0.9516985652919335,10.01297838207958,1.1017515802551816,0.17941464190225495,0.9600449677687108,10.002306791439064,1.9194151772715666,0.2320927003612439,0.9324982101442039,9.854555201209575,2.5605393400927583,0.31130427761603796,0.9590238726863913,10.170145307513181,1.3484748275414669,0.16896839536748068,0.9730466125860965,10.063358812424024,1.350872072563619,0.18721084777338065,0.9409614278204234,10.033052655307074,0.9607794976437058,0.21841509562196676,0.9384004270287601,9.896775712758078,1.390671190318216,0.24066978815217333,0.9413713008740743,9.916113181697249,0.6862905750103325,0.24775341845392793,0.9354532466268223,9.735124869860112,0.3000956148537437,0.19077264695104865,0.9551130431320339,9.91248956424955,0
0.1964200005550677,0.18666800713903928,0.9285397127612731,9.743461211306013,0.2514132723231389,0.22206128168892764,0.9538680765402051,10.194118604797625,1.2604339134558815,0.1748343211845025,0.9245565436404406,9.843926613038896,0.8931344229484592,0.24823375130027073,0.9300635551244872,9.961576923596139,1.14715013115246,0.18673055866840818,0.9507509305105243,10.082670236773984,1.495702482199039,0.21611109692051816,0.9463311769970495,10.01971081866912,2.4313604571815843,0.2739983407278019,0.9430889845931999,10.012741127501075,2.5075437699228225,0.28690354792870504,0.958004343756505,10.192997224403978,1.8002870410982021,0.20134495998780869,0.9664920279273072,9.975545638694966,1.723296514765881,0.2196882593013611,0.9405853059268336,10.004179901136014,0.8104936533335161,0.19321285969815669,0.9455111820346527,9.896509034907211,1.4229377750659409,0.2334253861657036,0.9400774758651177,9.869753967843428,0.7754327830241534,0.2580440669608706,0.9285917528112386,9.831023043468516,0.3454100845378403,0.19385954374708445,0.9610585085239194,9.826345969157867,0
0.19487964931287305,0.20445356983670263,0.937564821839978,9.909085823075443,0.29730261984493334,0.22794641295729756,0.9368333331050572,9.991568690855315,1.3098085122226448,0.18553535920255224,0.9312279219897907,9.829311389955574,0.9776034135603962,0.27168430457907655,0.918663903949434,9.836562599364576,1.2430599803729092,0.20073383278625612,0.9347910470161737,9.889781384005422,1.5372595976677204,0.22685132148217402,0.9373678093908605,10.181094233251414,2.280006028967774,0.2620190777706204,0.9337682872473684,10.00158582778303,2.2123554919516324,0.2709088896935071,0.9557865467667777,10.1956643459171,1.8758396788483362,0.21483608755021733,0.9639461420946368,10.018552248609943,1.9184849797037105,0.23627500840762417,0.9446223582843908,10.114530275814644,0.9429258368909961,0.2163517005011739,0.9554860847573133,10.248476534267581,1.4284623703597477,0.24508869495429758,0.9500476043557431,10.04536412566812,0.8608648264863618,0.26566931951939965,0.9400601276391993,10.072715374932208,0.41014989559680454,0.22160739923566994,0.9722125659570413,10.185063030896869,0
0.22023605449379444,0.19583998751464712,0.9222748908145183,9.64462274847597,0.5092816118026309,0.21077519202768144,0.890482985371112,9.834857561263943,1.448117894324081,0.210061560954786,0.9300745216802583,9.78463462311985,0.9028115916362257,0.2331606347049271,0.9160234597607717,9.722983170200374,1.2805510702079255,0.17308483774297806,0.9273918905291805,9.72846477363877,1.9092752401705468,0.26489645756228497,0.9166153726590323,10.20167296578291,2.195917843716563,0.24619266530713277,0.9142069014962677,10.1125113742734,2.072001611094936,0.24048400727346814,0.95590640943154,10.47056085005314,2.226393506002891,0.23814568016091997,0.967252002646448,10.255722564593334,2.2139415650400105,0.2543939076282831,0.9460044053203643,10.184591893765957,1.1914916354354084,0.25751676144932567,0.9589808709158958,10.390254164112608,1.3536892905292288,0.2466766338608606,0.9536722370818284,10.029619873256816,0.9704815560247728,0.27805031804464875,0.9408405193504302,10.158229402634836,0.4502083361734561,0.2209194517791504,0.9675578317018693,10.062906346239322,0
0.4417407730807311,0.1630756639540265,0.985574682433931,10.21006102983856,0.5305061436763523,0.16977488570315938,0.9107497148886031,9.821530545451708,1.4873153058572317,0.19036261697656157,0.930482623490493,10.098304296712897,1.2034089954519607,0.22705394176042987,0.9738436827630216,10.179954862604077,3.474831999577204,0.1825813915189068,0.9894019788250974,10.206883319924708,4.2118617444434445,0.2118032406651402,0.9799710373811152,10.493191490479255,2.488391303037604,0.1558699512889854,0.9706975512585903,10.46210416358756,2.946343136478877,0.2117310296285323,0.9817311547088642,10.478768673200316,3.35744332159354,0.2592773068031608,0.9752652085700689,10.459464548068471,2.718576933307409,0.30660429694779967,0.9650959999149763,10.393852557174641,1.6145393911605557,0.21335518851259894,0.9815868336867919,10.661396627153508,1.4367840183397202,0.1540871983542595,0.9864241263800406,10.473791660010527,1.548863918008833,0.22177309590014155,0.9710293342897713,10.072661955703095,0.7382615968610649,0.17812065801567087,0.9873322103326376,10.360399828000999,0
0.4718700571382394,0.17692694740621293,0.9871587337974841,10.381937471080482,0.5539369170892022,0.17809753182249724,0.9089596833292711,9.934901813884323,1.424062558948469,0.2117375549577434,0.9081898190403626,10.048046038157283,1.1405239565063745,0.21430323021230746,0.9699967111025637,10.361952357014923,3.486197983230242,0.18947899437295718,0.9902108069568787,10.284026224119266,3.9340806007712623,0.20324807723857408,0.9843026771581274,10.562486661340904,2.7690926944964587,0.16924783272502728,0.9685637606331245,10.694825999826739,2.6737610069325175,0.200143608932219,0.9849288344680611,10.416443547159085,2.9446518467998004,0.2353458232738938,0.9770888371645181,10.615784483113135,2.558486537030863,0.29188783115861866,0.967872634133253,10.639614113251959,1.673936797251518,0.22678165854112656,0.974762722526843,10.884468763910439,1.5379177558301285,0.16059724022954108,0.9794527623331368,10.63389473348919,1.560923558863486,0.2269720868040168,0.9799006012278576,10.29943430295141,0.729201918967219,0.17842016317557244,0.987629703533491,10.519124901150873,0
0.48156211222090906,0.1774133669031961,0.9882905620663114,10.32433387463083,0.480753966256657,0.1594779991888438,0.9004007459907845,9.936048021518197,1.5128324093879821,0.21652673839973818,0.8987852981686744,10.037703170562908,1.0367250014234042,0.18743544967624795,0.9615846161917344,10.38426993407228,3.2275326516533207,0.1780415203862211,0.9919150986296147,10.33831083368816,3.888598423411996,0.19776028442228025,0.9858390696721444,10.523550963917165,3.1746460383176798,0.1888238658106847,0.9768576084482135,10.594525525766251,2.8432814330707874,0.2061321050407806,0.984136463989773,10.45113839814941,3.0896275293680873,0.2352951107562839,0.9771354721649234,10.622189969168279,2.3909829850996114,0.27006954514203174,0.971660933096432,10.594229587033077,1.6763599109074034,0.2189651993512604,0.9781951270545046,10.741916009005962,1.6825364924302812,0.1650542420468474,0.9803283515148593,10.45371319828525,1.5985344862455078,0.22223952947714937,0.9790255337278049,10.210806420270547,0.7488747186449476,0.18464556220068076,0.9892762707619903,10.368724433203008,0
0.46447204277200566,0.18149412200427342,0.9865105631519608,10.490732317068161,0.29115716224055416,0.14316080730656264,0.9413211107201749,10.261280640049508,1.4414793287883008,0.21197937093183902,0.9063146181147167,10.062955131445685,0.9677832057880412,0.18474314865873867,0.9591389240357258,10.578648090892344,3.3201698277810747,0.18807917212012268,0.9912297469673497,10.342919762346193,3.673203717522625,0.1933346910991861,0.9889830603309524,10.556328303690615,3.4991219972591527,0.2122753190931475,0.9850702764072309,10.426781868625852,2.647793242777604,0.20084249626629377,0.9860006644045534,10.336898385506611,2.9676214315571494,0.222167785317911,0.9806542466077397,10.535683536704338,2.252134095784471,0.2566761760536442,0.971332454992499,10.61813808621037,1.5100328968238705,0.20276306904133945,0.979390329912662,10.676132853286592,1.7431756873610649,0.16848402756057487,0.9806393627894557,10.446978307369891,1.5421489966889257,0.21660301069436116,0.9815211717437401,10.166081621086539,0.7163648014587597,0.18231152268229184,0.9882940227252777,10.402146898225709,0
0.2864944987110137,0.17680347180954079,0.8842136757118948,10.000531386181658,0.36826666473374914,0.16661304039867353,0.8426698738570619,9.95551556031071,1.216921211581022,0.16292778728604404,0.8540746790904136,9.898532363000118,0.7626587996982923,0.1432324085077345,0.831838773081864,9.844028374931957,2.03060914880961,0.15675131988429739,0.8505602740446226,9.648456576626783,2.4239378593980456,0.17627531761927803,0.8563682685765261,9.923843520771207,3.9251730407627776,0.3017311350273942,0.8935901678153968,10.119938515004959,2.8873776186695546,0.26144857337945976,0.9269572380601954,10.293434212473736,3.060451607590789,0.24774955037287041,0.9548927056218329,10.328797242984221,2.599662344699371,0.24100687917239305,0.9261961282505276,10.244451411708702,1.289377041754015,0.2185445688851809,0.9265490845274653,10.17623480486362,1.819671327709075,0.19666193125834175,0.9038183396409892,10.002953094377805,1.021476819523048,0.25326491706215243,0.9383843533081313,10.179914709495016,0.4729738537128094,0.1861122235998889,0.9217402441012023,9.996657145940455,0
0.22061366148946457,0.14027098660991252,0.8692354844821908,9.649841573161323,0.28161957781012803,0.1417786310787038,0.8270419500760477,9.632929137263705,1.2408392744588732,0.1631944665180984,0.8655943556065476,9.679319879669885,0.6352455634466678,0.1305541067188782,0.8173806111744031,9.456500668682295,1.7432664026740672,0.1369520104590006,0.8332390696539018,9.413874438171417,2.2711724692095636,0.1653168506852303,0.8453241505547634,9.840875304988977,3.209301100796484,0.26394858084149375,0.8822546645472648,9.820026178520793,2.8530417256051823,0.2673220068510932,0.9203326877787743,10.301911601835897,2.9692889882728277,0.24256669668658848,0.9537053785640056,10.354597550804408,2.0863236591904584,0.2184351022353538,0.9080625493530126,10.078771956653547,1.094267810843765,0.18855153791950988,0.9152895522837231,9.960354626228115,1.7852617556772954,0.19228754639575585,0.9071725961795574,9.761367468831715,0.8530233204154195,0.22911594933275395,0.9358638042659467,10.016794363188348,0.43018428684270227,0.17284560945667687,0.916047835202935,9.854152038889383,0
0.23283133607678272,0.14453361782642443,0.8597633810627824,9.740930901508928,0.293337962968381,0.14233848714481157,0.825596908732396,9.65565834551452,1.4290434288503993,0.1555727539567103,0.8619819036756787,9.797321395729295,0.5861274987835234,0.11982274183116823,0.8164462234847908,9.489041989181798,1.9414612414976828,0.14646657851929393,0.8362201494389118,9.423488555054414,2.7023059861303684,0.19077353810416345,0.8512520812804427,9.833193159558638,3.0909615963039574,0.2589638629209181,0.8810756081698562,9.817099556486426,3.6073349673181876,0.3265344034949374,0.9189707202399979,10.214039652988491,3.852858274093005,0.2952742614868285,0.952782002228399,10.362344869239939,2.76935481038435,0.27031636536073306,0.9150994928347868,10.178624632554733,1.396346465958454,0.2446666356626196,0.9131857686394428,9.931895114355068,1.9926309819433736,0.21585834677822194,0.9049289988561448,9.72117452821678,0.9199515186203964,0.2624439956425355,0.9270190460358252,10.060094680351462,0.4743692398469712,0.18944273587691973,0.9087668473696429,9.986868662588195,0
0.26435675471001163,0.1643423270736101,0.8583485790269634,9.73134759551452,0.26204883333060625,0.13337691191343282,0.8180618809107647,9.540648658611095,1.6254559380283036,0.16510787250741465,0.8619806397981318,9.82968404234239,0.6256183278471183,0.12940137746941485,0.8165382958763756,9.455704774635802,1.9986566009483486,0.15867480991115165,0.8303063294616623,9.497031770553821,2.9445246806982652,0.20781838082327506,0.8535433290538145,9.79335734343088,2.7701362164954304,0.24115565747952097,0.8823062431919537,9.848444928747368,4.198583853446886,0.3682062588922798,0.9164000678840073,10.135938729878077,4.1173734442042615,0.32910441243123534,0.94660841257824,10.228990524111989,2.8701170376497442,0.29075019640124256,0.9150538750241677,10.058829828468754,1.593175136371212,0.26606075954535946,0.9052750391479918,9.799584640389831,2.2497816582809165,0.23103173870208304,0.9074537238308433,9.66946559777411,1.003462354653856,0.2665540253285661,0.9213611874474092,9.932811528661372,0.5187153809060325,0.20495042246302253,0.9080490123040285,9.988878235238094,0
0.22682981164819865,0.26500237322126485,0.9254948570806458,9.684656973694155,0.18806327882286072,0.18194426864249857,0.8977001343238284,9.769769070783894,2.0629058300792473,0.24570261267678606,0.8934420644721843,9.477409949570049,0.5530002281939674,0.1848754247828726,0.8948974946157784,9.522911232736865,1.255364151449185,0.24363660118781214,0.9224274100316855,9.840703197564734,1.7945032590022971,0.29321880154640306,0.9446768744550137,9.98527179349439,1.801855831691556,0.24548041718912925,0.9362758205172365,9.851330080010957,3.6813755076861074,0.4381692656844399,0.9336337672963309,10.101746795514329,3.336243470449247,0.3551868512761008,0.9566014557871257,10.256168495273151,2.182592905329228,0.3525271379272528,0.950906907521139,10.134319346779865,1.6389851257238688,0.3625798295356962,0.9278770128369755,9.771288792665533,2.3320373329590387,0.3100615161139419,0.8992948116002225,9.450074800039893,0.984693044612755,0.32899389834322323,0.9391379910476603,10.000686626271849,0.49638257019141674,0.3073829938718017,0.9440601441170503,9.91601786126318,0
0.25372255615421907,0.3069020676033966,0.9283577815663688,9.743204755372918,0.2129597177379825,0.18153925636564588,0.9040941494002643,9.76769369165572,2.1009065787126016,0.2709960089724495,0.8990646721080359,9.56817045607126,0.5886087545735528,0.19882343195524396,0.9119819373299771,9.589557490656714,1.4311289732408607,0.24107665999522068,0.9219461386298333,9.745948150137709,1.7073308646998218,0.29754404126120215,0.9608397430422748,10.029877897725065,1.4278799388695478,0.2334647436411747,0.9614552171360988,10.035493390324717,3.6462158039862347,0.4212963476970331,0.9391489479541469,10.145194525767588,3.5217743092517875,0.38053805348094466,0.9466955504601247,10.317681403708404,2.244463765838689,0.3395608545521553,0.9503954850573434,10.150506345867297,1.692788692862938,0.3676879325548641,0.9215779294388646,9.738557130294216,2.1721442827676567,0.32595318293906117,0.9145063018054201,9.506117618252857,0.9642493749135519,0.3077786457758642,0.9235617875068364,9.833043924278602,0.48204616497638997,0.3123377034969591,0.9413204775737201,9.896504927144223,0
0.27080745180157617,0.32255959033978815,0.9409786015133893,9.804170807978538,0.22864681137135817,0.20358164549347052,0.9169035598288433,9.84499059044406,1.907372300614344,0.324336351843686,0.8970892201748828,9.568883515839302,0.6722256571262606,0.22409338596214812,0.9169416742826237,9.588681436588361,1.478899488487619,0.2556067243949578,0.9279965311273315,9.799103333453804,1.2311581662126319,0.22733367275329724,0.9593954178452313,10.229114392410043,1.4582587150082251,0.23650334499787418,0.9607099981140397,10.220956755973008,2.934520590124216,0.33288342492046946,0.9510325647202633,10.23022852123303,2.7706780884896287,0.29816991881668786,0.9627837796912259,10.371322249908898,1.919087225603141,0.28183957582037894,0.9431616796701795,10.188737714359528,1.4946805872192477,0.30365770501012673,0.9346562900633707,9.810936668282418,1.854990613736901,0.2880486292446723,0.9299887521654581,9.578882667415195,0.8593541070572346,0.25891630667362897,0.9386121529922237,9.81272320036745,0.4497164705493124,0.27869687946717403,0.945703905504805,9.772904949017098,0
0.34388056991783855,0.3539288910422958,0.9430280284561908,10.180929288669608,0.33851580235593287,0.260168309044043,0.9290961967898579,10.3207097851718,2.036813756268973,0.35087928874971486,0.9099256672981154,9.787990494892744,0.8079101788011018,0.2289534428603819,0.9208095774684725,9.937399900749348,1.2944760643870716,0.21867672973799726,0.9425286266232076,9.963659128287087,1.0857118385585767,0.20890792176827966,0.9566754141167132,10.500262774257807,2.0673316495619094,0.2766154050862457,0.9574347240588115,10.378483745413872,2.984730823250624,0.2964432307970694,0.9588832171287903,10.472983031453143,2.885713681891146,0.28085659389159856,0.9641332694709407,10.662752224989033,2.797441338310202,0.3336182566352493,0.9356744252212714,10.526985322907668,2.115584938423198,0.34390611078654787,0.9358712229099478,10.32381159303339,2.5090497393473177,0.3304123631609807,0.9366137287567408,10.091376107600063,1.1795088285885824,0.30016968075543704,0.9370399854740943,10.375728217613426,0.5892124701229409,0.3011325591503188,0.9376416227992126,10.132228754427436,0
0.3143944354264045,0.33204299915197233,0.9405974048879189,10.501998033784504,0.3188326911743425,0.26414585012056585,0.9166620713024968,10.549331536015568,1.3821836065826971,0.3117336530093731,0.922174108641297,10.356955176419353,0.5872492880714619,0.20020893232046305,0.901964662841367,10.35738537608373,1.0939243689176341,0.2002179053517123,0.9499384897800588,9.958386145453478,1.0492811649399392,0.22052495574930203,0.9551739912706007,10.331204955520501,1.8963060980557582,0.289737877246902,0.961224865646252,10.31626862670774,2.4867346361035665,0.26509155291981795,0.9624707830594316,10.73350866425635,2.244847331363688,0.22689765231417774,0.9738094536690909,10.834935878204139,2.4646132869189854,0.31422838494660565,0.9287871632520459,10.70491163318594,1.892600913986873,0.31724235403872064,0.9297827319700536,10.575230993006313,1.937598680864246,0.2938167918225648,0.9341689728643515,10.655727851136211,1.0754771827520395,0.27589440527301795,0.9200624075928078,10.566886909657164,0.5158607589892009,0.2614942047575496,0.9306081768243066,10.401659025635837,0
0.3125331277199209,0.31274522473116584,0.9339033499186276,10.599186473019826,0.4018531038133435,0.28457136541641476,0.8911005810700325,10.429254890676168,1.2031260603302734,0.260820389791897,0.9058678304903667,10.361119382085434,0.7668891851972351,0.23230044267594652,0.8720643377252508,10.450726033181553,1.2469014961454183,0.19955730321049034,0.9322105278366065,10.133467684604364,1.0787804955410698,0.22975706807126883,0.9493225966880158,10.03356540330661,2.0531220490993114,0.30128566577435495,0.9543813828508523,10.132793182323875,2.3110272766252247,0.24945546622824813,0.9642131528320279,10.683924773513148,1.7799523229721768,0.18098876988731946,0.9817578447560631,10.77716479095144,2.6928298876929313,0.3145017602895387,0.9342187177128042,10.60976909432827,2.2103923435932242,0.3394477070725385,0.9303371042046826,10.5937116346486,2.079340825606702,0.28072296016106113,0.9411792330040181,10.663020992739087,1.39918618950104,0.3178921877180015,0.9206587792453309,10.569030824885054,0.5919715702901622,0.27515526717798744,0.9254759899192757,10.424734972901836,1
0.31651269240542906,0.3271909278518604,0.9384697515316524,10.5504614288708,0.48979455435702396,0.33670016904657996,0.9064286403901854,10.299884792947143,0.9963854664724541,0.22736384480061586,0.9157395948835312,10.354678797382624,0.9034743359585744,0.27240396712383697,0.8955431530248937,10.411840159026548,1.710210310586881,0.2709371878193708,0.9357583615038221,10.121000785806524,1.010055395405163,0.2542790887106472,0.9576307138961162,10.011831335589346,1.8417261553428645,0.2816038152836167,0.9479228199473733,9.987253913952374,1.9483780597132139,0.23239426872043933,0.969135581807327,10.712730954950091,1.6486258533703797,0.175235782888312,0.9886009075076563,10.717350925508324,2.845485228189351,0.3428961539221867,0.9425031912474634,10.43410914290972,2.269213648290149,0.35012747841531794,0.9317497969194232,10.510000854376894,2.0209521874984278,0.2896838091906861,0.953106361935678,10.629681354879338,1.6135345239588512,0.3543123793711947,0.9165566913713459,10.477358872780433,0.5813851189864954,0.2850605209320874,0.930818277750104,10.428216516047982,1
0.30490752172146474,0.3487219543794482,0.9381169238580288,10.35189997890344,0.4875201612936681,0.3508773714529053,0.9099861987599641,9.993196302931606,0.9047452689716341,0.23658003387103257,0.9089154786271652,10.141656412704911,0.9923334771061363,0.31958939763758637,0.9051579369211329,10.196772916137949,2.345106799468465,0.332223454521858,0.9271773075391482,10.078774612516872,1.3627185751258515,0.28608346702581117,0.9572130845116823,10.20234788749573,1.3555179520816747,0.25358074174691475,0.9331521974309308,9.77596815955514,1.39553101499058,0.20090287875792964,0.9784323726513146,10.796983665648114,1.1419089218346623,0.12928781983249704,0.9931766297318433,10.608665390537283,1.9894384869076134,0.295110290146614,0.9544725473464793,10.221572634478965,1.6113681057997522,0.3323617959060217,0.9438819078640655,10.279161130096448,1.4690213917510089,0.2684990740411658,0.969868813310304,10.3556446981664,1.3444985868752806,0.3473523264468752,0.9347399260463602,10.275195432162482,0.48173740300172685,0.29103071106672074,0.9461761006556229,10.231883737477238,1
0.3022752675134156,0.35300230617386097,0.9344315879821268,10.241875009873398,0.4759933425468999,0.32860525480650393,0.9167286421151787,9.905699098938994,0.8478331291309749,0.23207537639088982,0.8968844742390607,10.152121042400614,0.9900402341072065,0.3182624753161853,0.9003599000126628,10.137705503308528,2.5272342230206113,0.32957029669094556,0.9239571052785106,10.06996358499108,1.3790255005811067,0.2603645474760149,0.9565771751127438,10.186752003400203,1.2191411024224608,0.22494283206298152,0.9317624536640908,9.843924479871953,1.224429474258633,0.1778715507630013,0.9778053840147446,10.461353353931498,1.3515312611492085,0.1498271375732619,0.99019326547571,10.38326391569756,1.9431027911652756,0.2823217044104452,0.9483019069195734,10.033328702045749,1.494817788319992,0.318205535175763,0.9485019193518734,10.145100179538804,1.4404426662401066,0.2738075336745076,0.9665592750071063,10.303462674259348,1.3083056565939664,0.3422991192317256,0.9433143905273552,10.175820646487956,0.5276562106771757,0.3260672992678386,0.9459976719449114,10.145175806242374,1
0.33502029320072013,0.30803878268515444,0.9571566948931438,10.244541669858826,0.4829188318084651,0.3244767816866887,0.9432928620760257,9.932124366029193,1.0827681890809082,0.22229141248317266,0.9302482976077057,10.283534746865069,0.9808104891560747,0.24357882381757548,0.9286819342515403,10.091117678116834,4.526836114645453,0.24920860310281345,0.9774067563723002,10.243696184392444,1.934606988405668,0.2562421759110233,0.9545798820748717,10.253059790737604,1.3004511663711402,0.1851719669583746,0.9526525771291384,10.084366282116287,2.3453206278737513,0.1693332420295298,0.9757733006118182,10.377808651492492,2.7624248133272644,0.17419726205461897,0.9793957118993512,10.37322376518004,2.2506295893588213,0.2877965891313223,0.9481220260431639,9.83473926628643,1.6644392598205626,0.2529984623827869,0.9634420587217264,10.200976337906964,1.7209991222094203,0.23109135681349866,0.977888847794959,10.150767926357544,1.609289129467541,0.22841946065579652,0.9805851669131889,10.326690919601914,0.5314472360492447,0.2786545706205557,0.9635153357939806,10.205103815913642,1
0.3380905140358882,0.30038695199719234,0.9633320217211611,10.294473202727826,0.5795861836281462,0.3552591861132478,0.9421621581384984,10.051249128726882,1.2922338869621195,0.24440555844176406,0.9335549287675747,10.214055726318046,1.1841269580696956,0.2597724133447637,0.9199883967006632,10.117650067527386,4.841823590553629,0.2528770271208682,0.9749167575672475,10.261745875738328,2.0179078198067577,0.23637967106396993,0.960547622833988,10.411293337170811,1.5061898101456959,0.1935765207105929,0.9581880389096141,10.409750656428026,2.5026837192199745,0.18115201988091753,0.9767816318566177,10.356843087856864,2.715837288799899,0.1796413846865933,0.9793986558209645,10.325253873134175,2.0464851077124466,0.2756607271684821,0.948342834106017,9.835765030207817,1.5593653208106384,0.25166018739468266,0.9654025302923205,10.275688345352584,1.8572911661404639,0.2416075040753953,0.975851348756895,10.161011157565111,1.3656930891729773,0.20895306313002265,0.9825040259068909,10.400968120454841,0.44057610528246355,0.24850308153871029,0.9645978451891403,10.285300111058369,1
0.2338581045176956,0.228254888129791,0.9753281696066013,10.300734931730489,0.4941072767627652,0.32142542566066806,0.9502603151548878,10.190678839713431,1.0155612272126198,0.19861851327908522,0.9379397412039323,10.105845019344526,1.0079546936883332,0.22080237114068316,0.9254410283134588,10.234816581631499,4.25071904501614,0.2336797655685016,0.9760850348220488,10.2834315252243,1.5749122181174597,0.20553464459794896,0.9605383217439432,10.253993319616564,1.662313364018567,0.19274550254799566,0.965682206307676,10.213271864143083,2.525909159273571,0.17809326324197247,0.9765078547239168,10.363420790992683,2.7542008430999223,0.18680924820101197,0.9758094423113768,10.43799952761683,1.8392744308774454,0.24371547592804763,0.9563998816745128,9.891049631568507,1.3299847161955567,0.20833271084224195,0.9711968457649354,10.334838233290688,1.499023542551702,0.18269379152581222,0.9795257875321131,10.07295013627947,1.1377481141595434,0.18456224658833928,0.983586962479076,10.46134935319384,0.3452723966824593,0.19535775697727772,0.9716684757870053,10.417604954753175,1
0.27562545365987046,0.2107029902543569,0.9637690497714867,10.487804800685204,0.5241754996609298,0.2683639671999757,0.9251932556687652,10.195182434226712,1.2133052264874329,0.19499970378996964,0.9318358427516026,10.272494480891334,1.0852354342617887,0.18999375622648196,0.9132429176406931,10.337500596359979,4.421938972238052,0.2189977187373933,0.9656903686621613,10.306636764569058,1.5792367019615936,0.18221036992534304,0.9338535175592397,10.260869642190114,2.2593149030767874,0.2277241736316773,0.956140854079461,10.359321996677,2.76237804761319,0.18170511667078165,0.9771390696916863,10.568031281978634,3.3649291282498934,0.20202259370974493,0.9757454466611687,10.62240302076201,2.4951263226875415,0.2683552569690551,0.9643734698736524,10.141842786831203,1.598985244690826,0.19706971975158427,0.9717575499977793,10.406801302213358,1.784615544580082,0.17434443276535558,0.9721279551373776,10.195324064012583,1.3694520342288956,0.1875711361566104,0.9801814493370471,10.384298172977962,0.4187460323941727,0.1769859055912058,0.9763836260911541,10.577628672004234,1
0.23766643351335984,0.21084204528930428,0.9517727443451134,10.534921595698558,0.46731516004158374,0.2759407886734884,0.924036120134947,10.197557993195907,1.0689076647426963,0.2117610298638877,0.9286805558203008,10.225392683884651,0.9109535854809696,0.19672390669803394,0.8933869090299167,10.33446617526567,2.3929333999132703,0.27108201444484237,0.9207633612257933,10.186940476441867,0.9439451733433862,0.1538897101032883,0.9295515645800558,10.362408769198696,1.9912667553017989,0.24894591080114734,0.9490920699118789,10.474198703210956,1.8201826431931796,0.21982878860807686,0.9659401633893998,10.655160243477253,2.659429907067681,0.25237090436131954,0.9667585698977865,10.623594777003433,2.1104033381494736,0.2595242196078894,0.9589801480788165,10.388817835467258,1.0642905498160542,0.1858848988937426,0.9591357667404438,10.427645318021547,1.6078107457813375,0.19999914259260457,0.9652110092945485,10.388085673368211,0.719096916275053,0.20317557760404514,0.9483489694073284,10.271556546151706,0.34781499749809175,0.17771086130817818,0.9640577076307962,10.549442631912807,1
0.24604334064672437,0.20858701125213586,0.9622594025546554,10.432211137909643,0.3210009102593424,0.20687543758771326,0.9260696395332638,10.24461252567883,1.231311216549889,0.23480893897642224,0.9483670605258011,10.210807750277729,0.7236861660092972,0.1744342185705546,0.8915735276415088,10.523984458375477,1.6206080044445252,0.21292574047961627,0.9335850347588271,10.200254832153613,1.1032279880105915,0.18453213680086947,0.9311264024196325,9.89963768908017,2.08727091591873,0.26265590802206057,0.9547049165779243,10.42431692546431,2.381524127433428,0.23976079122922705,0.9656554658319,10.587449444915274,2.8417354038419873,0.24229888343397823,0.9645986733427148,10.640616832464268,1.9385230567415586,0.24389755029269294,0.9654481934823541,10.447613908049838,1.1712391017099524,0.18914898382844011,0.957211853449246,10.168652808028844,1.7706520675530053,0.1993902468167997,0.9714041748670463,10.305069295950473,0.8984411255878656,0.2305205984725527,0.9574025145743481,10.21672518920066,0.4509667292611457,0.20603818350724357,0.9705834060716466,10.374450165769057,1
0.3505762785633834,0.25264440227696944,0.9499991516384511,10.393603317486255,0.4324754614615933,0.24204489210426666,0.9311754878267008,10.272034312680884,1.8522062021624326,0.29730801737760426,0.9401749276079774,10.290740427070741,0.9854924691977511,0.20582909632804058,0.8836043699950368,10.435772965851934,1.6091014690639776,0.19032372936805003,0.9285642569702884,10.145207018005463,1.4620877443396445,0.2020811025645785,0.9292551173526921,10.020928015567952,2.8896171379909523,0.34901175625444797,0.9439490658184109,10.429935333942106,2.764115452807258,0.269637924349068,0.9679352756393634,10.359205307795591,3.528561790156589,0.2690735713846309,0.9611729603318723,10.49379769230281,3.4080822978339933,0.3385172666694007,0.9485210911297127,10.412484067912215,2.011511116871407,0.26634979439209794,0.95350736991369,10.25199347658385,2.706729611191803,0.27961912730279964,0.9608704214219016,10.362477598791946,1.4074008336348458,0.27183460469771487,0.9540404244599408,10.245701887960154,0.5671589495945631,0.2359297100810246,0.9653352022263162,10.346922948719588,1
0.3093989263229558,0.2598762201470873,0.9615912448101673,10.263632978035842,0.40700041184042346,0.29206966360722375,0.9571449790810408,10.301257502174213,2.0277569658979173,0.29838355455132337,0.9467962743993678,10.128184663401363,1.0084180044085933,0.23763894862668644,0.8984746314200703,10.268361134992125,1.1811712923780153,0.18969742688020522,0.9529388462827515,10.109012374527442,1.496684560075653,0.23611465171535087,0.9655685247333846,10.196956821702413,2.901465505292187,0.3452440468551654,0.9511124195860124,10.490980471648713,2.4372862297156006,0.27032317665893796,0.9672747710832887,10.273093648511542,2.7335077555843363,0.26122748467822293,0.9671233917807867,10.364145302117782,2.825730393658742,0.3297671420358892,0.950486510117133,10.356684651935375,1.768721975296578,0.2928665717452019,0.9546545502775969,10.21043691055608,2.4707075489291874,0.300430014710877,0.9604498032629751,10.259069969662006,1.1573767098017054,0.2809826491557523,0.9563844621408721,10.313075081061504,0.425073206396303,0.22293570157720363,0.965634088679954,10.238633079343755,1
0.38564829405956347,0.32271333316729217,0.9534581887975644,10.319836689199054,0.45833143155563216,0.30582166480526374,0.9562691766104452,10.272762141405746,2.7466313738869053,0.34955780348213383,0.939606633851984,10.346609309137163,1.1648352079709734,0.26476695790726024,0.8950003924649955,10.234048221503704,1.7406853392199073,0.2493246678960077,0.9485426579330574,9.984748201616515,1.6435521113421692,0.2391351142285756,0.9687328031898644,10.243051254088725,3.1127637964862735,0.3591046712667235,0.9488631258913198,10.441101444738235,3.1464825800218983,0.31075064994464463,0.9593609666265455,10.263578177562252,2.9831870008142225,0.2698390096088924,0.9671718207739826,10.330988117477022,3.458278945786584,0.3746233954808427,0.9450507474878366,10.303925779836515,2.394337312461888,0.3543134010354434,0.9462918265223828,10.177634979008815,3.52618337019742,0.36351876022647006,0.9481625549547512,10.349280784718834,1.5438176328673874,0.337754169484305,0.9486063582394623,10.161729005204498,0.5391029376507871,0.26109442187296317,0.9619768218758347,10.168346772286789,1
0.4058521996707076,0.3363516899395447,0.9445756119686385,10.30310162939433,0.45634222504620137,0.2989848595916955,0.9362040391027808,10.183647978758078,2.6628467079873843,0.3432190547831393,0.9267241111321891,10.442811385049223,0.9986898071276715,0.23616591381385157,0.8798237311922104,10.239846044173204,1.90497208109924,0.2532526542437054,0.9363058459473669,9.9497596747522,1.7520910887946408,0.24335467168014294,0.9620749820203311,10.224523525056496,3.3264228632346287,0.3942626441869483,0.9359892387791189,10.30276864164138,2.8111977331372744,0.3205862948116195,0.9556373248022142,10.179242440031935,3.4276914268345138,0.3190590779436363,0.9573920877663189,10.15526524600221,3.9103897498273885,0.4170531317185541,0.9347722901067417,10.201607254240287,2.283622571036144,0.36870568704512263,0.9492040752146234,10.20913560915637,3.4051641532879366,0.3806512209978217,0.9424043040737556,10.402676484160454,1.4898003474616823,0.321322348228283,0.9451255034876112,10.021784940790456,0.5796598827421964,0.2666902456341718,0.9553957609123139,10.0468962443177,1
0.3599373279571615,0.33140948043752033,0.9494881482766184,10.302507295910365,0.3447239823081126,0.2627268532098038,0.9395831340194166,10.177215389336704,2.3174729518260966,0.3285127455658251,0.9292696065782232,10.456745018308185,0.7534998796410952,0.20752267928484192,0.8825564049899981,10.187530284804552,1.8373279722683917,0.2767895406033372,0.9475988154277907,10.035152809480797,1.2931752152765053,0.22137311613412716,0.9726965628575243,10.235852018659957,2.4307574590579417,0.3287587675736554,0.9485447455992707,10.416141668110479,2.75387370838812,0.3155547027418652,0.9560797493338099,10.23507962123245,3.161032893038466,0.3384624865356113,0.9522208414828625,10.071863156073258,2.7758644824426355,0.3780335710733773,0.9270048053895004,9.926340736451657,1.638227670601256,0.33121183509061713,0.9420323485383746,10.095819677636484,2.762896894773686,0.354276117446275,0.9460692459586689,10.368468388928433,1.2670235436289845,0.28844466324782414,0.9209750290564616,9.879339914122616,0.5742558281413697,0.26843899040816105,0.9476942048036096,10.023411190336248,1
0.40806046004307506,0.33685067110360467,0.9398154613517233,10.233094561196012,0.36121171193176727,0.2132668541864193,0.930020285976377,10.04956429488313,2.1258469030456477,0.3451129414897213,0.9236617319112557,10.474480720630593,0.7119615325543225,0.2020115011319755,0.8911567904399917,10.216172349923369,2.0187989974433473,0.27144776673775095,0.952722602395768,10.046282516661993,1.5146348155788365,0.24411716779989054,0.9722655562594096,10.401794300576217,1.815833178034667,0.29119532850795665,0.9567327597030113,10.389089846453874,3.0783169898145966,0.31316777280725494,0.9623193008162053,10.202338775171482,3.553358492235673,0.35321608009554173,0.9526585421329848,10.10855897142645,3.424970405934771,0.41008687512878783,0.9291613956218658,10.005789322307438,1.9399360925523639,0.32700174069203436,0.9239955282422705,10.163701560852042,2.9822082120962965,0.3783947953204012,0.9403727092540047,10.406184344532807,1.4921018556125298,0.29198470004247273,0.907011668404229,9.977176666295575,0.7311266960334211,0.29210907426423066,0.9258534088187531,10.055103714254605,0
0.5946194790607039,0.36400533091348786,0.92435572776751,10.092488750472416,0.33055939872390483,0.1546316944284343,0.8842068585470347,10.028813071350891,1.9469514834981592,0.3264341770677739,0.9287588862396268,10.099165845823133,0.6043876254798051,0.18269714025163633,0.9015301386835488,10.23483662746334,1.4743047350697676,0.20546162171859178,0.9531759095904212,10.129040135874822,2.034783765485924,0.3005593243301977,0.963871268020923,10.125241857700656,1.6592459246098858,0.2748388198362162,0.9582044780894938,10.348890025408954,3.017974909393835,0.3045892354897853,0.956402908525935,10.10688803212214,3.540561384015681,0.35280919439441244,0.9454139929331589,10.208450463240291,3.8238833854271057,0.4068789691700507,0.9343455820084938,10.252174581922386,2.6112717073097134,0.3374925495840206,0.9147781017599579,10.303621371613493,2.6942904014641442,0.3430382366630016,0.9338570313540286,10.24725127675429,2.4050425424487125,0.3157518694198895,0.9060532103481833,10.211537283623395,1.1876312907673308,0.3207567181402016,0.9017231402735683,10.071409697083569,0
0.5725705204962336,0.3492476957399558,0.9284269261644414,10.076666121880566,0.3090894632708566,0.14606935257466713,0.8860515541362723,10.136008586628732,1.6967358775094112,0.2954934145376564,0.9370051607112283,9.98391708012003,0.5935809918000174,0.18498040003933963,0.9163924821439848,10.08556035606923,1.2447045825025573,0.1908781285925337,0.9622401914436493,10.219986332689468,1.7121857644897056,0.30109438499739777,0.9645052004942338,10.1432296469773,1.4193421314540269,0.25222400786225607,0.9664661003254629,10.274227818166947,2.7877531680886847,0.2961660317246229,0.9572678371573122,10.165315966421005,3.009188113662041,0.32017077247307985,0.9591867079264192,10.349247686852356,3.5133731849928216,0.36504284830149825,0.9446958687828113,10.35399780513039,2.6987266049166196,0.3312206603594248,0.9179451651749206,10.319394978484844,2.594445416972697,0.3289980177484611,0.9333497613424094,10.231865672594637,2.5737593652484616,0.3223413415952573,0.9057245291665565,10.239369378619147,1.142214108856939,0.30752683115495244,0.8976959444310875,10.115340688844535,0
0.5332863573520081,0.32933748560242365,0.925369640542723,9.968903148325909,0.27102116379900953,0.13589627441606592,0.8714235669182504,9.967503412872947,1.3544535965283058,0.25861291402431014,0.9348777309786033,9.840870192374839,0.485268018383024,0.1650831370876702,0.8952614266037674,9.926970172095194,1.1801551842657731,0.177363254557216,0.9478479014763525,10.020565534535011,1.781817373195059,0.30110682775635694,0.9658227274292996,10.169457636953231,1.3183092347894867,0.24169757445085208,0.9682203418340952,10.34714371771826,2.452835459402751,0.2770326074007935,0.9615972307357644,10.296840295608266,2.4401503500007733,0.2684182453412321,0.9680043028421077,10.528137889293028,3.316945382394732,0.3528152703091069,0.9484043337329251,10.438838123973904,2.8829740293671877,0.3513995570861901,0.9219963067675234,10.279001297330522,2.4263582971496493,0.3117349973694006,0.9355354104314859,10.15184919138526,2.4147621337549534,0.34345848787976235,0.9079433015908177,10.229544393854697,1.086175481315378,0.29633869846771255,0.9021621089133809,10.011916381551345,0
0.4867103313287527,0.31712283072273867,0.9382162677495081,10.048456424284176,0.22226952880419357,0.13772523196476613,0.8772831647555628,10.109759866477516,1.306862487603499,0.2408624220745773,0.9342026117469103,9.930208955500333,0.3923617835931549,0.1406466402503408,0.8687495345316708,10.107112676092889,1.1385985540115433,0.17679685372368115,0.9456112709402492,10.026811775004996,2.224293495256434,0.3292102951084599,0.9586982135126986,10.14232464812203,1.8953592328577245,0.27747495251310755,0.9663544958646039,10.277829526731962,2.559389786796311,0.2808642935530432,0.9597262777701603,10.47616393796458,3.294479865442183,0.2849192808253042,0.9535012051916271,10.836431289524095,2.65440915786971,0.30121747907831525,0.9553463683234684,10.586045842295553,2.4354924168678522,0.33124869200183454,0.9418504242256333,10.303495321092923,2.270272860293857,0.2797595359758773,0.9498484344809143,10.148317593577978,2.221668112249144,0.3366082060027824,0.9251374576630564,10.24366914833261,0.9716561946784401,0.28213842035914,0.9247604905241875,10.081819567138723,0
0.2720622858168961,0.23877814075729736,0.9609957775136398,10.082806107555962,0.18626058152978814,0.1603315884089865,0.945483457801897,10.31821937223619,1.042723605707331,0.19741842429148054,0.9343499604730483,9.982720207036698,0.40535990297936186,0.14121926829167847,0.8937319514309352,10.299245096463025,0.9130801890501878,0.15445694539135255,0.9550274390307035,10.128837968643147,2.084072872651993,0.3064030856109873,0.9592902826325648,10.397578212382724,2.4370391522657666,0.3304399057017629,0.9590911131034043,10.330045655969256,2.0202220274788165,0.2517608412500484,0.9604296609952857,10.717834570719548,2.8979371314443982,0.26920923616579684,0.9594924010425204,10.874405327637563,1.8050419715918458,0.24658402510318567,0.9641018244038444,10.404788501887513,1.4205749820775335,0.2751336737227569,0.9689250274174169,10.225191964561226,1.742121587142716,0.24779310801403426,0.9592045610024393,10.081938803363363,1.046268875218443,0.25956326960106835,0.9588719722488435,10.1649092267516,0.44193035237600325,0.20249405225644646,0.9604080702417678,10.040381534589198,0
0.3111031401510286,0.27636459303481586,0.9641497243359743,10.216316402986182,0.22340957228588368,0.18313442129198504,0.9531279397655181,10.170404003795166,1.163552638281272,0.2169961617140621,0.93846599626411,10.138504381995222,0.398659670326643,0.13879677921100028,0.9072158629097177,10.347267672625467,1.27371803242466,0.18151057008234328,0.9563368763207425,10.301284697400312,2.9215467129219395,0.34065558534783114,0.9487390219729398,10.465539993879704,3.3446307559982387,0.3627936520063405,0.9496702817852751,10.370339955085523,3.325004867902951,0.33136995966204413,0.9521607409852724,10.597053663705147,4.319295477261851,0.34263811520631304,0.9477492258527004,10.703875005139276,3.0275696254686064,0.3590257644068598,0.9499940107989904,10.416664818148314,1.7244072972884332,0.3359196168630769,0.9558288493767247,10.373366308815397,1.8675440179761749,0.27171228254238844,0.965838995696942,10.19290106203358,0.9802220207476933,0.27975001180552383,0.9666847282857381,10.432351539329204,0.42657253738446477,0.2214596051850721,0.9792724039283113,10.25590701520598,0
0.3781746303781498,0.30724184591153364,0.9592114190917864,10.106447428065332,0.23525732850374553,0.17853220572073156,0.9439501986971075,10.034169998381733,1.4622877271349597,0.24758525590555003,0.934918226098875,10.028538204040442,0.6057410852987235,0.16932189932969618,0.8966652013323204,10.069483023230328,1.776474530513109,0.217500972858715,0.9551296104003031,10.053912950596944,3.0152633257365293,0.3261759089763371,0.9439156901486246,10.459381321304939,3.0802541307847653,0.3341333190872045,0.9487436380866465,10.2817530262216,3.239727946612203,0.3301272319283722,0.9512929009351326,10.529424577342557,4.352999860578939,0.3465102127605335,0.9488381254229603,10.680825307947371,3.045206590356253,0.36014333131448506,0.9471619503422548,10.44524915234028,1.545821189429846,0.31343149993710084,0.9630139320232827,10.397692430385568,1.8927091404611618,0.26776666870536797,0.9609075883518161,10.179314276361517,0.8750311904480859,0.2579795183568321,0.970215656138505,10.542072984778727,0.4611438539036318,0.25635287593170913,0.9731462842610976,10.277261795007702,0
0.3793844266329346,0.31400720817889277,0.950116755086456,10.116267153968073,0.2742249449297566,0.18687328382458043,0.9466040379258773,10.068292973809282,1.4301500033592418,0.25265509354972016,0.9383609885256231,10.065470350813206,0.7362296702277128,0.19960715904638826,0.9128052759673054,10.078361786051317,1.7053147390665715,0.20514842957604662,0.9582270469408081,10.121643644482647,2.289239258672125,0.27364193046666074,0.934315736311195,10.39254226840737,2.9517675680649433,0.3092357121560179,0.9191643091754541,10.261488598610617,2.933909347239876,0.2988628316086181,0.9427492617093499,10.449459758653058,3.693914816132292,0.3004332142686599,0.9553670358769405,10.500502954779463,3.6458630774447154,0.398651706749001,0.9288927835748404,10.248262454619223,2.1063020427838506,0.38772338550117175,0.9375265833635704,10.294881965857087,1.7110328909605936,0.26781371106609825,0.94448495347526,10.197571089981743,1.152305320491008,0.3242474243108551,0.9455457340127184,10.352561366661217,0.4811581209593796,0.2603695316203427,0.9349344331765604,10.183276446692009,0
0.3460064785294902,0.3106458308450742,0.9524055312791537,10.174153750076801,0.26875868807248415,0.20845878501242865,0.9394981912106627,10.111139862883606,1.2296249139009858,0.24842764785086094,0.9504117253339215,10.164503997454734,0.7471087774438914,0.2057078874798564,0.9033737861867417,10.104813998371924,2.0617195317566726,0.2481130054242948,0.9582538791962415,10.164401021728873,2.8606131466482063,0.32589615125608434,0.9339206008186487,10.285751921310496,2.9040736089087336,0.30611145254626765,0.912647564404928,10.281753696736697,4.674269628688274,0.3765498472383966,0.9326652377785313,10.559972223715542,5.499884163316931,0.36914131469019396,0.9424163406013484,10.516593590589391,3.986364630884482,0.4358329023829985,0.9233169715124614,10.17139321515406,2.0896363789744674,0.4006892651188859,0.9302211625134,10.190266397048727,1.3604262196722607,0.23952932281445183,0.9444397991881708,10.217111874912646,1.170840485104021,0.3700258269893096,0.9327321146206574,10.228468571187555,0.4520511568591977,0.2734520224399442,0.9289926873818217,10.256168826236083,0
0.25060973819952703,0.25444749522536436,0.9521535760670075,10.2558214397517,0.19681030271495814,0.1777909372728176,0.9241756259345867,10.185244010600707,1.1701665377138815,0.2453085777815782,0.9586705271028275,10.228442473682518,0.7440977535929789,0.20819143425693978,0.8984424080575544,10.240092105161262,1.8591050031433083,0.2497138942377371,0.942463288981381,10.21035486968903,2.239232304506455,0.2887273672093872,0.9210390668148618,10.241553193773642,2.209319368864552,0.28106517182716473,0.8980835246415033,10.24933971158604,3.5434209343615404,0.3512420229527644,0.9327567984145173,10.575855416090926,4.497943450703607,0.35501043532600635,0.9429801961105546,10.552821622165055,2.95171521390848,0.38666369770188447,0.9221424568524669,10.131524161118355,1.6976302680008553,0.35029445902761663,0.9293203604496494,10.185592810369968,1.147978013963435,0.20642338129518778,0.9445208837707016,10.151891705276565,0.9237993586919285,0.334975253826457,0.9251849212277061,10.1223531412258,0.43057750969563846,0.24724499961348917,0.927499007858388,10.295182893491273,1
0.1635538600093721,0.20837269592063187,0.9484856594205704,10.89964695787279,0.22124803218890182,0.20181114694104674,0.9399405705703698,10.262568879490452,0.7833280838643175,0.196784605499586,0.9666794059079898,10.581837034049519,0.5655342301426864,0.20653304856686122,0.9260293354736202,10.489031907465296,1.4163731382033322,0.2175417188518428,0.9376505676144858,10.546938127389419,2.0938598109530595,0.30044194529653084,0.9256298653937637,10.241893400275442,2.7078956513041015,0.3079799942521716,0.9192577593320751,10.031345903987626,3.6863144277997684,0.36547919431273873,0.9367025939412835,10.541031141154862,4.8380184172860075,0.37629614280776275,0.936176308439874,10.566082796270509,3.326365884865009,0.42131221253828127,0.9230689760613731,10.23024996029785,1.8837343246625797,0.3755535911660831,0.9290152061773145,10.29672108487893,1.0512671755850613,0.19644371161446222,0.9548642657001309,10.339308417204055,1.0953157509705345,0.3559847414827262,0.9340312349900176,10.10867830249798,0.33730151707221057,0.20864412942203403,0.9257603433324381,10.502224229305803,0
0.15932393357093452,0.21838662631000363,0.9572667189356138,10.9906894276627,0.2771471638558681,0.26039499899784635,0.9258412649656387,10.208763903206869,0.6792677636675493,0.19520400714412062,0.959518880501184,10.6975642471305,0.5666429598937357,0.20320089326806648,0.8806562447986804,10.51612698799893,1.5043555697705835,0.2505067487280279,0.9514132721152139,10.490469757023945,1.9187760030726888,0.2995941124317974,0.9553394359577972,10.223470647225808,2.50432969339081,0.321220980568573,0.9538301329039729,10.104405762308236,4.04691870846946,0.3929230647598186,0.9376751671713215,10.583705386046562,4.935968284285791,0.4309833235841443,0.9204518507509309,10.58097078633525,2.923934671036447,0.42222173670839347,0.9365135201021861,10.440782419035537,1.5732130804623865,0.33467948296117966,0.9563542396106799,10.365908375682093,1.0104966012047285,0.2030336725116627,0.9756223468859329,10.403959028412569,0.9529906777391703,0.30155652181546544,0.949771689909956,10.146269047293398,0.33706564088769914,0.22275895623227246,0.972466788127597,10.573679299762555,0
0.20559397693504566,0.24518022393152866,0.9533060881549298,10.58073625026192,0.34458432429232433,0.2717256230696486,0.9230815059538471,10.111465789432598,0.6250099222915707,0.168653064749657,0.9423186274436777,10.524588155482931,0.680121005905601,0.2109124230227181,0.8661939474708459,10.405588930774053,1.6309283219470725,0.2472689962200916,0.9455350723048207,10.400609364325373,1.1387442399663752,0.20767499867991288,0.9668582865774072,10.358504158701473,2.0818927168330044,0.2614856026998652,0.9590994888277213,9.940827433751625,3.0522163428591673,0.35048042178969635,0.9535572332057377,10.43936520045265,2.9952366140346367,0.3494388835998796,0.9469865857963116,10.567447549371089,2.314882519865014,0.3755189608956271,0.9475564333121195,10.473374697913261,1.4665343541075382,0.3142545600445557,0.9598422608555285,10.373896476689737,0.8827174957694789,0.1813194556796721,0.9739829591388698,10.320054844411063,0.9233337402829029,0.29027609154055906,0.9517404982801979,10.143941350592037,0.44804580090964996,0.2565848980687367,0.9711733698776993,10.373068744945376,0
0.21439981150461848,0.2477959364571923,0.9449627460822073,10.165430567140602,0.3483521966647312,0.27606694533821957,0.9339403999476451,10.091017625883891,0.58640834057079,0.15702755352162331,0.9293100663946645,9.881889835951606,0.6295068806379684,0.19602927028824418,0.8567735934916709,10.300132771654916,1.3316934339531512,0.22709738901762186,0.9589297529013431,10.227624463303947,0.9150457844076478,0.16717629817019766,0.9858899191679734,10.368258290513708,1.8548985900341541,0.24559147556502653,0.9578589163519377,9.791657107964742,3.4050257950826377,0.35726688244320015,0.9515160867469956,10.231291100848653,2.868656797887258,0.32787221159410757,0.9528532299124237,10.388092132439475,2.369645310285168,0.3789201179396599,0.9471550584091386,10.212824192282755,1.4910671360288092,0.30729047413330873,0.9577578733640699,10.11592570103867,0.9338534325667558,0.1791547306231022,0.9539147987137752,9.8997480220429,0.9136750800145987,0.27896897818448735,0.9478427017618256,10.006625166826305,0.37326687448794793,0.23035311472890174,0.9683775010644466,10.177273043309723,1
0.2263434057923683,0.26083951541397166,0.9454725950046401,10.130249666038026,0.7779856393319163,0.16456191791194805,0.9867577825311793,10.011658106661304,1.20813954970053,0.12185991411786315,0.9756581166334277,9.916900198221644,0.6248373220624754,0.18953405021449596,0.857969019792485,10.415423029809894,1.509841907548117,0.22743884853908344,0.976061355367544,10.368822098968485,1.1749188943368916,0.16027255646909516,0.9892463924991588,10.324171497872852,1.6071479170915812,0.18896093034000405,0.9755633500408805,10.083675647315717,4.290064915397749,0.3104390996751547,0.967925992363715,10.16269123004559,3.3446701319622374,0.2629073257481718,0.9753975812363944,10.159627146262785,2.5123965662987344,0.22328209760975695,0.9632201101661866,9.824087377489237,1.7772302084604301,0.18233710521563218,0.9728097073889942,9.831192576863796,1.8140939495563317,0.15374301634353663,0.9797842913123328,9.931381699893926,1.0495459351296232,0.22931082469180525,0.9754385899577768,10.360552544385543,0.42331809165700435,0.2340729391777773,0.9778875034641665,10.385053681135048,0
0.24614483740535176,0.28242410575710153,0.9369477738554844,10.107739920709657,0.8390569345503214,0.16012699589976898,0.9788665492904249,9.897365744156128,1.4461761443371544,0.12932861713594385,0.9635754006207543,9.9401602443867,0.5096207615047694,0.16559048585199504,0.8637990444273806,10.308435110925643,1.9773624101860643,0.2736271572505782,0.9666073106492639,10.235982249874608,2.6015577417395637,0.2849655228224685,0.9675534525787992,10.174993690416326,2.225859775332016,0.22547477020245663,0.9406709854834491,10.133530627538493,6.101184737719432,0.38013920999325407,0.9486692270678082,10.15597303127166,4.781500371021108,0.3204757706544097,0.9604663704301291,10.051104639155758,4.057667774737308,0.2889403375800067,0.947100231557112,9.849672541478135,2.455054299267757,0.22028173866963977,0.9622800986184129,9.904400266092775,2.8255644719771142,0.19338023840666188,0.9638227543623535,10.07239062233434,1.2310495411112297,0.28137860209892024,0.9691787902801916,10.600375318604964,0.48761584883789305,0.2710529335550689,0.9669089968730489,10.35636797106911,0
0.3287240072538159,0.2903334444484075,0.9335315011124902,10.023275424700554,0.7684364654175767,0.1486995879413608,0.9798779027954588,9.87931723012221,2.5250657085970296,0.18889689913823154,0.9666414586579976,9.821753514308073,0.4543542735649553,0.14969609635333272,0.9088752736321586,10.315736957441706,1.755650291629891,0.24006492762863224,0.9642013315594593,10.063592128374587,3.247600739683842,0.3115299651326866,0.9619828305227464,9.969219499546973,4.949825900641997,0.3491260491680842,0.9309717628096486,9.915577136096054,8.214509157771214,0.4162966165126393,0.939754470597623,10.108696570736369,7.18470150294676,0.3797318096361806,0.9495931419852081,10.06776701614353,7.201771256709381,0.38692362730734625,0.9381969963837868,9.994638567533823,4.489533486838679,0.31868683777531753,0.9535315369369672,9.942074400472018,5.409079248408785,0.29226749722351186,0.9578978249511167,9.968615202912517,2.0826072964484017,0.37834787021557725,0.949849083148635,10.328046556114383,0.7966796561903613,0.3292392046640771,0.9545174513021323,10.145588464935368,0
0.3193015222030979,0.30274104344296415,0.9445505586564412,10.164430937439132,0.798576569688725,0.15315215791940234,0.9793798453504218,9.887653645872529,2.5565136517831633,0.19281231599301288,0.9702971374014814,9.876972833429281,0.5640206111142033,0.17124277410532732,0.9260440516409317,10.115672784042234,1.833159422309477,0.24263448302452323,0.962982915387737,10.078369275884427,3.2209922298203306,0.3290626770180642,0.9542040884548413,9.940623877937417,5.08021217836062,0.34526884000195407,0.9288096070361275,10.034710163854404,7.7327721361879735,0.3922507587200285,0.9450224988526756,10.188028805255403,6.546765739682533,0.35156985655229706,0.9555294621225688,10.122322776010211,6.582908400661538,0.36419423406294327,0.9435893681779844,10.03948459113724,4.237212064943757,0.31161083673856055,0.9555710080172252,9.960649978207957,5.399235920084527,0.30065605055335637,0.9603916611420478,10.031724988776974,1.982558313989887,0.37561242225591196,0.9481963293419469,10.393633369086512,0.7875253199355846,0.34572272847348096,0.9550441491283875,10.205063554110625,0
0.36771743397438617,0.3156199365835163,0.9457891264415849,10.172445606293442,0.4574315896902936,0.22521648925533042,0.9480712937880924,9.83014305571365,2.4805260921559613,0.2978360179513556,0.9369793285500859,9.782322322321443,0.6792640802283211,0.18205446092056962,0.9097817271215887,10.11538814009724,1.9350844102868787,0.25814293887217543,0.9620238741531281,10.094087823781377,3.4241379057195984,0.3661196845315639,0.9401819295679857,9.9277033517605,5.139483622663805,0.3792884192644755,0.9200126606796163,10.106951367746635,7.086451426591546,0.4288376523522238,0.9375823652934869,10.27168824209668,6.16699281196489,0.3897685819813023,0.9490607347531144,10.177321162496536,6.3287655190135315,0.457707172515557,0.9256364919464108,10.118476719578977,4.0031772715196325,0.42051895320177113,0.9296434911608098,9.994333165382985,5.052862588388307,0.40668196022612213,0.9262311650166184,9.937111232118314,1.9065678780910384,0.42821320061657897,0.9375687950511196,10.22539154735113,0.8189891761055286,0.3560254106853655,0.9450218335751891,10.063723447014848,0
0.4620394226766583,0.3558947246834883,0.9363331668034753,10.013441061001439,0.2823199453903462,0.24159683018298356,0.9601037274525923,10.06211501263506,3.0356893277694192,0.379469279513181,0.923918444340687,9.777160850419826,0.7083190791938913,0.20702843739751306,0.9292912453091529,10.086850196871747,1.362085361568662,0.21099654828118294,0.967620139381478,10.025364405375628,2.393496469011911,0.3058985548036648,0.9485021629598869,9.842458095546323,4.992338993740657,0.4094172210839678,0.9299948164848566,10.073071049082685,5.0530952610886395,0.3881642720596979,0.9467872744785334,10.299312991610535,4.382179103023576,0.3474647476658412,0.9592067709053734,10.233170619178388,5.313575937479011,0.46397917515209747,0.9258694407681407,10.15990264604717,4.021967779860173,0.47641104621558605,0.9186224578178321,10.014615013745368,5.130185790783763,0.46450541378264126,0.9109120298771921,9.880183946995093,1.9160548734189722,0.4314835250856457,0.9326394487114666,10.038936444770432,0.9757855597813999,0.3753585829179345,0.9396381254591526,9.939930075354841,0
0.5030086386808234,0.43064098138371226,0.934795238801005,10.209429746755923,0.355612638760188,0.3177537460933664,0.9492442018057444,10.041875710455159,3.1552815943734935,0.450092451229275,0.9247657000753985,10.068259183141839,0.8322904997651415,0.2629218949732047,0.9268413442046105,10.144907293644746,1.164393887800421,0.22428156832349117,0.9746686463841395,10.208665510830778,1.813637093846984,0.296951586741236,0.9639643680696036,10.046418970796786,3.560138211296411,0.3728429032095552,0.9323036196941922,10.633047300567485,3.423111751242564,0.33183875971147303,0.94986641342727,10.655925607689703,3.7124479038549087,0.3471903135520998,0.9526982175784626,10.473786751904708,4.497971571754428,0.4673581124514489,0.9238046965405248,10.27477865650882,3.9468760422225007,0.5098170504824111,0.9132069117331332,10.193811942627322,4.70220442014083,0.48037132066951405,0.9180091651588953,10.123017360933654,2.1367066906228662,0.4747575657329581,0.9244710568013879,10.233454105947034,1.1041214707812637,0.44451872525336417,0.9333793781524186,10.194036126833023,0
0.5470901590646406,0.4241350324175167,0.9376253853770653,10.304780720921347,0.3913903696716028,0.3311642371544826,0.934072010196181,10.229300923632122,3.271409314059778,0.44096250892105204,0.929936106672,10.150115675726365,0.9581949956389197,0.2709693535860881,0.9020761721248791,10.311777658538874,1.261042592871929,0.23237684309275222,0.9620195549852205,10.351486933148102,2.3676458232622752,0.342522855916391,0.9547207882914794,10.338098973454215,4.092318790496538,0.38881402582313335,0.9308200148380303,10.72714662200392,3.8716819592716907,0.3765159587390366,0.9358518073291475,10.721033110203104,4.935557990132702,0.41709847363424996,0.9220928258631294,10.591637617880723,5.413846310269486,0.5114556033847218,0.907057856077645,10.382142433057611,4.357302810759216,0.538255691896693,0.904318886642688,10.288689108946462,5.024124533712271,0.47194486849567885,0.9177735587833982,10.195792242501096,2.4494351857318306,0.49690133178359946,0.9179041960715285,10.301464637629598,1.1946292104685432,0.4545373948360474,0.9294457917468405,10.221174611205774,0
0.5288607115741588,0.4091828961746622,0.9391203425928535,10.274923865306537,0.3716970407236151,0.3177991240716316,0.9316558818546351,10.376986434738328,3.1077008911892814,0.42735701470466564,0.9301808310829168,10.305066153910508,1.0378235372488862,0.3052944521024213,0.9242310977676638,10.326749552971147,1.0597804450356907,0.20421141237155846,0.9433096892421781,10.330599771104891,2.079456149872965,0.36029572962272594,0.9500623999061087,10.417457573519298,4.524927306261187,0.3983174901400126,0.9193665048462178,10.736776765197648,4.814295505765978,0.4252444207663144,0.9205445163665069,10.669985356596461,6.033275153937513,0.47064166682388087,0.9050306816294474,10.54608627627684,6.094566766801371,0.5467012707686186,0.8908254899736403,10.374929330588953,4.460932280118298,0.5803739026546706,0.8883510613718315,10.31831021904485,4.691712525841158,0.4617667863612862,0.9227372514395408,10.362460758219582,2.3607607810167766,0.5307812822852038,0.9063421231537235,10.306101013540346,1.209845329337446,0.45999772469991057,0.928877058348243,10.216820227191022,0
0.4446821899299633,0.3648673773858492,0.9412690336725078,10.417411968027292,0.4456484062216964,0.3309468993301465,0.9354828083369338,10.231508394036107,2.6032180274501124,0.396214645742902,0.9332125707773752,10.45772587893984,1.0915876669352484,0.3049297557782081,0.9216149659992331,10.316904889989042,1.5712459300364394,0.2359544155676423,0.93034425036612,10.248084585820905,2.174715112016388,0.3492533416536835,0.9382819149393046,10.413279743618917,4.851624832742097,0.38979683649588465,0.9156030165328846,10.793951440402305,5.139075439783677,0.40861523846779485,0.9341019985344452,10.548914579200565,6.2269959370766,0.4653665450911522,0.9176112053332435,10.520710399030257,6.130371172918549,0.5205014882347582,0.9069728838521658,10.408371703685424,3.9925746172957934,0.5284599373964617,0.9054577271525294,10.31048262484216,4.126875951685352,0.4540394779528311,0.9218068513156178,10.36826266264345,2.3419956860504656,0.4971466938804973,0.914305945162929,10.33412678477195,1.1201451293914442,0.4569061868964985,0.9277466325546085,10.275551605436178,0
0.2686992087681337,0.272100977860716,0.9443741056340006,10.360924831455158,0.42312540797661347,0.31532117735952603,0.9408790920319811,10.270823805412117,1.5657905088001578,0.2817965600258468,0.9476910726486151,10.520647677481822,0.9353941521696939,0.2865597817951935,0.9200049703722222,10.281034764000747,2.1094511657485198,0.2800908109576789,0.9382003992426754,10.032611063770588,1.987559727511803,0.3167493066678418,0.9384537969551218,10.31751191680406,3.761733966888432,0.3635179188320882,0.9226429088906715,10.809518899308857,3.5915576515492513,0.3434968272223975,0.9498148840127745,10.513896012539899,4.261976689301386,0.3686162554447805,0.9451946336282332,10.514608593765695,3.8892820028141895,0.40363770178884684,0.9380168454195705,10.385625569780993,2.0046622873783484,0.3678643485020445,0.9337732581607634,10.339735128431405,2.306697296286223,0.319538897778194,0.9411077615002353,10.326046980819987,1.2623141003934184,0.348653049526669,0.9336803348985544,10.367763849132162,0.5996013466191717,0.31534773665639737,0.9477560386609737,10.107415215474509,0
0.250989846070954,0.25216841503647386,0.9427632953309635,10.191275166805507,0.42252241063294316,0.32105002737745514,0.9491943987195014,10.135153969264069,1.4843509223104523,0.2760330033014293,0.9527508818998834,10.30894213921907,0.7610254114768149,0.26014105076708044,0.9260567327046295,10.24304718085804,2.4081837666099544,0.3077376060809778,0.9524210078403362,10.040941982951393,1.5795847934820149,0.2866314925572087,0.929473323769992,10.005762556211346,2.9376245949714805,0.332061909725878,0.9256578084763925,10.690318545032149,3.143039682384043,0.3085337018011837,0.9550827253714559,10.402651460614143,3.355617520940796,0.3068905676029731,0.956880668866309,10.264315347429692,3.287323928087432,0.35215194970862057,0.9452156054767301,10.176169322299655,1.699190058557586,0.3016857952055372,0.9426312071240274,10.185751436865145,1.8973802002730245,0.27959420234327903,0.9494472154778175,10.09357467483827,1.0696378504916457,0.2881427018697506,0.9383225161987002,10.252794601774326,0.5919219730281375,0.2848705077214488,0.9558299470221849,10.02119896944998,0
0.23515236808421355,0.24065748778797288,0.952612364165626,10.373743873970167,0.38131880339885127,0.30733701273188185,0.9619805801071144,10.08656288240706,1.2347047093135846,0.25791230463193776,0.958359564797466,10.37005141376751,0.5777258136180687,0.21552767110330703,0.9060715333419619,10.226093624969,2.4872740342739847,0.33403011144963557,0.9552343228270501,9.996188395218491,1.5698150276467766,0.2739014672606579,0.9527063636636137,9.997932933615159,2.434242715481253,0.30711225194734515,0.9400588970632259,10.52295328676936,1.900258086280326,0.22018966636313422,0.9564041481210735,10.227839028254248,2.031682439096013,0.2037616169853078,0.9623544462723308,10.280114921572814,2.554968622180959,0.2692148994196692,0.9496338625701396,10.244761269340003,1.470024742516143,0.2440738811122529,0.9480279887600441,10.343134716643414,1.7493315740996944,0.26476483279306845,0.9571930168518162,10.066303508269863,1.0481917866062382,0.2641386979457772,0.937782175957086,10.325564686595255,0.5281319605555446,0.24926390254243008,0.9632787047304788,10.205100960100664,0
0.21885097205660353,0.2473076913622197,0.9528830109456132,10.408619682555795,0.30616667589775753,0.27416514427711397,0.9637450560850837,10.229615531355167,0.961795229669637,0.22028210472697893,0.9621634813913108,10.28903736758108,0.47825687878179446,0.17730059939574022,0.8989645199057732,10.347922713483474,1.9787317740230246,0.319174967432488,0.9633693689917803,10.034861781131927,1.2646822376170497,0.21785540336593773,0.9667325892609105,10.141776062454609,1.815122810527483,0.26961631812498354,0.9540638612167142,10.339531196935742,1.3162750464632744,0.18151642938007323,0.9776841173816231,10.524624571485447,1.7618867642335894,0.16761803381168724,0.9723403491378917,10.445914050015437,1.9824498101034418,0.22709560563994163,0.9543951222741857,10.19926655090752,1.4175185170362024,0.2548371923036531,0.9558117795334828,10.407181644279637,1.8741138851229884,0.2388484192490948,0.9605998163152855,10.097037501928275,0.7510338196187027,0.23614893145521074,0.9437930535655719,10.264950734401815,0.41373978443452764,0.21536368765083383,0.9648464359741052,10.293715502209126,0
0.2249483228038024,0.24444127810226088,0.9533083499202719,10.256670646684045,0.25486537479069094,0.2301195748799762,0.9449681211554141,10.030402898235552,0.7309587515146179,0.19383208903302604,0.9462390889086326,10.025296006007961,0.3821219084933407,0.14076302475431643,0.8761288355720873,10.120956087751788,1.6672591606247082,0.2596464184943427,0.9506224429802222,9.971811748977162,1.2837720810895885,0.19705173803521575,0.9650221279463865,9.99127750551697,1.5674297396668184,0.2393595023654944,0.9525009283500347,10.232906832091706,1.254901607005404,0.17633658472917413,0.9754139715045643,10.468747366825623,1.5929701096917197,0.16586016820323282,0.9734983860494869,10.300525988023505,1.9347481684453647,0.22901987506661714,0.9548095653527903,10.203487867901014,1.3817082811788706,0.2528844359220711,0.956376482554814,10.23634448062247,1.6344824139973122,0.22304401898656864,0.9541445447588567,9.953344373041828,0.8068805921760971,0.2577905152422752,0.9436278301854437,10.039004549520856,0.433009245350187,0.2259149043438029,0.9634505322581418,10.095432136305389,0
0.20094621366837168,0.2523461802835234,0.9649215969081985,10.28731210112054,0.21190993708799968,0.20800942429391883,0.9431542291863423,9.86357995968887,0.6591903815229769,0.1968626207024264,0.9632777542437834,10.263983830795826,0.410575891849316,0.16333935674158723,0.8960009268080533,10.022557254718938,1.3890222929608176,0.24267767686887234,0.9394173196268046,9.8182851953188,1.540914528393,0.21730416679616246,0.9709282531450006,10.09670452566042,1.5451796033255514,0.24123055755686323,0.9595475539647387,10.326866785693497,1.3365203618115067,0.1917549284083247,0.9715235152015569,10.633916172884101,1.4400213989387622,0.164758140128104,0.974744004993029,10.504461194771634,1.6893241997488735,0.21218286843899412,0.9580455381251475,10.213438215376865,1.335905372064694,0.27108977807949103,0.9609023737800628,10.144614377706404,1.6265554693550706,0.23449387438582017,0.9569646689558481,10.004439008922306,0.714689279959493,0.26487110585288287,0.938236697827279,9.887890452362127,0.36099391194978103,0.21947216023442892,0.9657533024754946,10.059802828223946,0
0.22136945097919672,0.28308672422258396,0.9524160631787556,10.149146414562288,0.20975004690558427,0.2067306478331071,0.9320519391412248,9.932031587123403,0.8775854287660769,0.25636811421705924,0.9476259041529569,9.937506793332918,0.5480149348770001,0.22207196045866126,0.9037245341558046,10.105854015488951,1.367990235846761,0.22313212597605797,0.943381147344494,9.959069629069903,1.383608041436999,0.20247997580290752,0.9678426602529885,10.109011853081595,1.4062925090984204,0.2520495281138597,0.9631874173585893,10.379382673438347,1.2877642587957432,0.2076106878938543,0.9725599610471726,10.672036887346156,1.469295919555642,0.19780416952273897,0.9764662884334652,10.55326366210557,1.7573662993067434,0.26084939531103335,0.9525716128884297,10.33183780095758,1.2003194754860023,0.2896035903148249,0.9537463764714221,10.01638793566971,1.648597757474457,0.2408171866746413,0.9477858908229653,9.873324898035454,0.734230493063401,0.2975660525214212,0.9141086906664452,9.760484905163935,0.3628534347445185,0.2565784774329581,0.9532361527233304,9.741434683385945,0
0.2125180451364373,0.220827580975553,0.9516113102953871,10.196950584199943,0.2156507574588424,0.18059696018964616,0.9300814488092264,10.030568957109386,1.0179705106609744,0.24895905783793337,0.9360816147744212,9.959195182436655,0.6448470901897252,0.2247409627146058,0.9011622419540478,10.21745218120571,1.3846138224012798,0.19989238507340337,0.9374708631955117,9.954398298744826,1.4951608432647712,0.2208191689942777,0.9676832394421401,10.103325490216164,1.5886421294462434,0.2805594315347559,0.9706735396685474,10.217935529086095,1.3848459564231839,0.22674269178193932,0.9763133836147957,10.517359152766508,1.3324057182005908,0.20869687470234852,0.9852403154541769,10.449057426062401,1.475311061659062,0.23284502086669456,0.9519224379208727,10.362550268373715,0.9031617598715077,0.2247536688022019,0.9485318527911255,10.097891922541766,1.1865095124511351,0.1974125648747611,0.9309596796620737,9.913642974596964,0.6986108551067325,0.2470570135477649,0.8992232405676147,9.888364660443651,0.3225090630076791,0.20411237357553588,0.9324777194551873,9.785024187083554,0
0.20503546567618816,0.20877600748541372,0.95470337534185,10.55368019881894,0.28655304047153074,0.21595359178222504,0.9325836709032067,10.205441668937917,1.0833035003204732,0.2070799188923175,0.9227172907864172,10.089957848517267,0.7229908553354232,0.20634465584964481,0.8985821048008359,10.429350596644632,1.5493254296069758,0.24773979132292717,0.9512553055945935,10.252446220316928,2.332457036526756,0.31177939890142337,0.9574847957076802,10.273320299578133,3.094360887994835,0.38706903562830575,0.9469742261297367,10.44657310129071,3.3838269438180113,0.28633840050671566,0.9350111279266383,11.058827681940027,3.0829219339089953,0.24935991875133434,0.9497743944080913,11.106171746580632,1.8708692352953347,0.25237993278007387,0.9524049683946122,10.744918399817902,1.0908861593189605,0.24837405118013145,0.9530050838371265,10.53664295896421,1.0733365876480283,0.1614944788937964,0.9267305301793632,10.21926057383154,0.7764259841723928,0.23741017613383902,0.9192573225126406,10.331111223632218,0.2798481405012201,0.17598678714004046,0.938120009499172,10.258476173937133,0
0.20233998235706488,0.20230487462225705,0.943246408130576,10.535198502256348,0.44035440087971306,0.25925529618582505,0.9391857056758881,10.395628041806729,1.1712968005361881,0.19334961433229636,0.9135652655078356,10.088033603686146,0.7777111375514949,0.20858941207193762,0.9033391125237603,10.47230687743832,1.909489973927791,0.25236990551022254,0.9430646481947915,10.50546817468209,2.7644494446631067,0.320124726218963,0.9526346145562883,10.329071328337067,3.288917043203062,0.39689810211029924,0.9453752902728232,10.423082391821195,3.6828414620616226,0.26934459415682843,0.9352764430286926,11.155610683934647,4.079439540165204,0.2610937674708875,0.9456123930972931,11.162280456931837,2.835159286920181,0.2974809776652505,0.9424499940803565,10.87287751809568,1.4739668884838957,0.2684129960735699,0.9449880843452143,10.722701340574325,1.0290005762306254,0.1486510730226307,0.9202872695365385,10.260704941106221,1.0195791347956311,0.2570926644874877,0.9355962953638105,10.552847722576816,0.34479497492133027,0.1908867727516675,0.9327989231148791,10.398889774306669,1
0.15907708997045486,0.16036846835978033,0.9335014161013688,10.593534351436384,0.5126681113916897,0.2375400220063183,0.9160975693661131,10.066262132632746,0.9674793200999918,0.15887086497715233,0.9006148293770707,10.093624814088408,0.731883840433337,0.1782671810327345,0.9008731582072353,10.250309821404823,1.995547377010224,0.2520021588505535,0.9319163619233042,10.159120796154248,3.3738421268045053,0.32282941709100665,0.9426668611888493,10.328110560442562,3.905287328970125,0.39149961975452524,0.9392633371200692,10.277248328895222,4.353431007034103,0.29067962507144296,0.9338268078548229,11.112520698778646,5.030105121443075,0.2775738713468371,0.952177680804458,11.008424324408338,3.1342774702793816,0.29803977099501705,0.9484169165039846,10.772811465054701,1.8244452359881516,0.30023704577729105,0.9460801347215001,10.797051150298072,0.9205416220121357,0.1398380149435416,0.9215372335434169,10.557294948679132,1.115310558078991,0.2671063968961009,0.9419367369110127,10.658980098455828,0.3222585795018096,0.17425834818421326,0.9319766669179752,10.650551862995673,0
0.22198786218527133,0.198237470123069,0.919641453712939,10.279809957826092,0.5635193736879685,0.2372567130580849,0.9077153947815397,10.010579643810333,1.1585573397179099,0.1840067477770756,0.9020042560342459,10.028567745498643,0.7535617718106535,0.17667735334494575,0.882750980140222,10.174001055256904,2.469060429243331,0.28041959283636575,0.9394214954519597,10.210619209864037,3.538767561894145,0.35621904608833926,0.9363042296937991,10.258115449122096,4.38528720644249,0.402783051281726,0.9316376123856787,10.254097290008339,5.351944604997833,0.3265551194399303,0.9331688348434113,10.994417087214513,6.188158600239863,0.3105732208347537,0.9503426750622171,10.884575388519718,4.200365258707772,0.3576454248717434,0.9407537971382458,10.59423616965345,2.3848132320431654,0.36753330501544046,0.9443764329696686,10.531822544757343,1.4151106690887718,0.2012786467745931,0.9430527110442468,10.286252458763304,1.3981943277040716,0.3235580907590912,0.9458479896785248,10.441686453972839,0.46402377957912466,0.2503947301197245,0.954616516555497,10.364701395591561,0
0.3295574945186778,0.25315294302064745,0.908504482851874,10.044360149404822,0.5517082439926849,0.24608470043889222,0.90716106787139,9.940585031123742,1.3821739612294714,0.22114466721282033,0.8867405381724544,9.918476109797258,0.8425163235161647,0.21635802031969006,0.9001271021274931,10.003126886753224,2.7315506131287277,0.2937938179646223,0.9351743329866035,10.007192505708101,3.0549354751622335,0.34237058260136183,0.9371920703439779,10.178952332665252,3.1547502060370185,0.34327416889070617,0.9301847204013598,9.932205780714717,4.452199577848978,0.37179686645481697,0.9427503027498589,10.55400916375338,5.657272642708886,0.3555050577051201,0.9500345891554495,10.601838982650612,4.820792150936791,0.38968919744086167,0.9331128761227104,10.438961933444425,2.9040661998943476,0.41886506233859666,0.9347850436639036,10.401454210149884,2.021811995414248,0.26764313973292286,0.9417473008874492,10.166424259409307,1.5102751506271923,0.36039069454188966,0.9393074465538175,10.345979968197973,0.6653481632025513,0.3235324386346899,0.947796135476474,10.27993711894596,0
0.3174215797648336,0.2531059058523329,0.9069932341781292,9.95266497500322,0.3721956398320066,0.2046638176611942,0.8911827399850072,9.670292062502867,1.2881566035138887,0.23516021030981693,0.8748790205306283,9.70088300787312,0.7379793228166105,0.20619852967554123,0.8975858226392641,9.951683969618745,2.083580125125161,0.27585984971566097,0.9347346557859845,9.748992519010258,2.295574608451027,0.307131797851988,0.9475000265423181,10.061816931445879,3.3026497521461966,0.35252533856244017,0.9294089786325526,9.894133290426172,3.942565474464833,0.3874724512750078,0.9464875768256716,10.376580396775593,4.486954366565934,0.35529480098878324,0.954255002617731,10.436313768906762,3.860413305313588,0.38690850236372754,0.9362601900599081,10.309443861009465,2.5754171116719125,0.4398367110931567,0.9321560605119881,10.326748123654744,1.9561530685603707,0.2771953007657888,0.9395011960355903,10.133485953690599,1.2855966198143176,0.3755556309809799,0.9414005074544388,10.248845243365952,0.6006000598274002,0.3436137174325801,0.9521266105415206,10.217185946959116,0
0.39418440485710654,0.30826405995627865,0.9077811422473769,9.883543993082089,0.34778330404121605,0.24770741359495096,0.9348577922929907,9.74830140971283,2.0256274176816036,0.3149294401316705,0.8765950865202824,9.5585827545474,0.7586051530027591,0.20899301022280167,0.8864544309608593,9.898677038433982,1.979490297904409,0.2819415963027042,0.941918258863464,9.761170395784527,1.9693623430243217,0.32058595092779235,0.9529489008727636,9.867933595251799,2.6999654692091557,0.3338415525157939,0.9473356008416356,9.942651908866585,3.2674798434428856,0.3649906319879184,0.9524463593550664,10.1931381011472,3.628122544288125,0.3341092962656722,0.9616306101747825,10.292918360265933,3.4808320221829776,0.39556666542990865,0.938696966032248,10.185920410486574,2.401787543919126,0.4354457181738439,0.9341562420052824,10.204700258792423,2.7555249946716596,0.32968256336204516,0.9267885156314758,9.888046701985992,1.2514678576331817,0.38118398844678186,0.9434615328832401,10.166798325016156,0.7410848840423635,0.38897251379862646,0.9436271102085751,10.135272251400343,0
0.3803496732955197,0.34815739131132795,0.9268004794324508,9.852116452791151,0.29642881569534685,0.29484738807083055,0.9394885500600823,9.607640852386771,1.9287076907494842,0.3136646457708251,0.8950358464150261,9.50656432148942,0.6578364718505824,0.2163187647867107,0.913563561979357,9.814690131802658,1.6381688097661031,0.2906894165946135,0.9360814296461402,9.517424254518964,1.680232425637262,0.27601686110029916,0.9694410130286643,10.018572481389816,2.18733924915838,0.32456465010998364,0.9601109417331587,10.081348083556499,2.3283268792495155,0.3192049975269308,0.9645903469652121,10.164035478439136,2.6660390705271357,0.2913588535423163,0.9711592555481904,10.342922329371554,2.744562455950499,0.3676711683951853,0.941579982742171,10.19614522396716,2.100422388885354,0.4033880772443602,0.938472201652107,10.260822075841064,2.602205427917877,0.3484453305063768,0.9267158962558087,9.860204946616108,1.0839363723240951,0.35617339017648025,0.9449174450527725,10.227733311757747,0.7085253638044974,0.3734256759066902,0.9420607677734351,10.120450348856306,0
0.27162243730677726,0.30861590635094877,0.9533167994817819,9.924223555629354,0.26371969553598695,0.24606256468417273,0.9524961930380846,9.819326691069787,1.7011898302497563,0.30316075687920346,0.9171803945809944,9.48672337782666,0.5261440948582785,0.17255222264829606,0.9010796791290213,9.978507762259472,1.0498071719584763,0.2052338555176315,0.9526082391093469,9.748623578204388,1.2668782066553979,0.2193532554992979,0.9804317100168447,10.24557915469151,2.463080994432641,0.3365527678352053,0.9549379892109461,10.465362567548661,2.074088806334883,0.283993890027314,0.9670928040112914,10.46525051711632,2.4958003453509114,0.2771106525198468,0.9668322832716209,10.572219272742016,1.9125509530781226,0.31162242946937635,0.9573331222467041,10.347747654021115,1.5417847686109554,0.3524446457996928,0.9505344197161576,10.395525547526812,2.24903342638222,0.34758412216226187,0.9360211319286551,9.914725719011354,0.8077183858918624,0.2828955294330597,0.9609514759126977,10.237041318957038,0.5045311361137226,0.30877055059648484,0.9597223386436629,10.055720859593603,0
0.325139238209155,0.28942618799507974,0.9598777535392389,10.19224212740759,0.3096390192725754,0.25415116405013455,0.9623051339169988,10.042242988112788,1.9790018998380734,0.2949517821224212,0.9370307486831597,9.744944776904187,0.6052506196268896,0.184180294221611,0.8936163447749795,10.156607430268581,1.3718884840796026,0.2149486687283953,0.9544795396566497,10.009804555697272,1.1225901412351877,0.2250232193825272,0.9745435655469525,10.257903572141723,2.6200665783243338,0.37030982288568376,0.9471344193901526,10.426806483768557,2.0917415419985246,0.2789969590501547,0.9633040957690105,10.541450140004697,2.661951419463028,0.2572879794978015,0.9649696960312599,10.6429313339774,2.1276136335507676,0.273779469490168,0.9517282750477647,10.526360100704519,1.6188960751257653,0.31782918699121787,0.9517357338270157,10.492728915105435,2.501482104706284,0.30404865864979486,0.943185546162725,10.046460883709056,0.941353720947277,0.2612534831950062,0.9634995660884919,10.330603207577264,0.5697772159435266,0.2815504386149668,0.9601566830468367,10.169520445923721,0
0.2889506340344487,0.2529430813150968,0.9580164032107227,10.29489653621781,0.3233676580340409,0.25185260105237484,0.9583004258012771,10.344198729632083,1.1706915552672985,0.2072875809786159,0.9324969254457296,10.07916471014893,0.585226540284273,0.18957331941359326,0.8852208637131893,10.466321992056342,1.8150445313256094,0.2748554704713749,0.9589948352796287,10.268981240732296,0.931461626787293,0.2156001824030473,0.9669428922639365,10.577391858417737,2.5752026862901047,0.3856776788182112,0.9254055399140039,10.431047678912112,2.5775486838154276,0.2876715855877756,0.9464832050035902,10.440627641086635,2.4329826405078396,0.2300176592319884,0.9677406936683822,10.840074380306802,2.064098619831581,0.25377141878292714,0.9620280290672887,10.709986623484445,1.5325834648602714,0.2635509208614339,0.9435811104609153,10.472446760237816,1.7673886440061537,0.22487610172722308,0.9434000338695334,10.263379415877157,0.9580986135304403,0.23236171182315013,0.9342354216177428,10.37196786120172,0.46155817763506296,0.21234732861504735,0.9333847943880166,10.224733893559973,0
