AF3_alpha_abs,AF3_alpha_rel,AF3_entropy,AF3_cog,F7_alpha_abs,F7_alpha_rel,F7_entropy,F7_cog,F3_alpha_abs,F3_alpha_rel,F3_entropy,F3_cog,FC5_alpha_abs,FC5_alpha_rel,FC5_entropy,FC5_cog,T7_alpha_abs,T7_alpha_rel,T7_entropy,T7_cog,P7_alpha_abs,P7_alpha_rel,P7_entropy,P7_cog,O1_alpha_abs,O1_alpha_rel,O1_entropy,O1_cog,O2_alpha_abs,O2_alpha_rel,O2_entropy,O2_cog,P8_alpha_abs,P8_alpha_rel,P8_entropy,P8_cog,T8_alpha_abs,T8_alpha_rel,T8_entropy,T8_cog,FC6_alpha_abs,FC6_alpha_rel,FC6_entropy,FC6_cog,F4_alpha_abs,F4_alpha_rel,F4_entropy,F4_cog,F8_alpha_abs,F8_alpha_rel,F8_entropy,F8_cog,AF4_alpha_abs,AF4_alpha_rel,AF4_entropy,AF4_cog,label
0.8416488419590206,0.1691998659495217,0.9209695579337394,10.554428324635877,1.338925257556693,0.21862800057555018,0.9468498115900714,10.570832808013908,3.4283756679271917,0.14202737518327027,0.846295780067795,10.767473649204673,2.2333534392975936,0.18427743258171916,0.9297682969377363,10.746627821866786,7.61825019237499,0.2146924915422271,0.9169491252683111,10.526743627299965,5.402660405925607,0.2040902691886702,0.9379338168905337,10.656800214232545,6.179814086820799,0.22845366888888108,0.9156784273794732,10.698972388699996,13.32863269983181,0.2808608780733796,0.8784797412465017,11.008682461581168,13.80398016129437,0.26348752352267835,0.9203900094038532,10.801566699317398,10.471400772378011,0.23466796698647457,0.8975195095484901,10.68515877489742,6.601930763114067,0.24208727691537513,0.8820764341146914,10.499103706276763,5.487116544736253,0.1799986104280296,0.9168025138178988,10.695376096167136,3.498879025672969,0.2040546831507726,0.8276101396446998,10.367244663331936,1.7543135635379197,0.176673981455097,0.9062317924055705,10.630239521091337,0
1.1139637929313122,0.22444839808487924,0.9036155487248857,11.113727516156919,1.5768058055489247,0.27504499819856815,0.91943230728636,10.899177233815193,4.931906365109104,0.211320914982846,0.8050912002395286,11.16540275858431,2.791507352934071,0.2076179988435111,0.9232992936902087,11.282997542851891,8.616119570847216,0.25735923073699735,0.9213864185389039,10.817506363260199,6.704676496148002,0.20626037868592006,0.9269628879623503,10.956462687525546,7.8332420320081475,0.27180718581210306,0.9066276935908699,10.417358238864644,11.016466276761763,0.23026407608286806,0.8922011551536368,10.916434175581374,13.442179965389865,0.2745850862091883,0.8904784272438451,10.640280903460962,12.683353826131341,0.2889949908143665,0.871431869806794,10.785938375522276,7.10884762771863,0.2813900132787059,0.8448615569556017,10.886462526374416,7.45727252665486,0.26239590708111776,0.8530464541530702,10.958897358040772,3.7757233656984917,0.24895555495332264,0.8319710075583667,10.67626953865403,1.9855886888482743,0.2165804232397831,0.8876753364058763,10.892910735664406,1
0.9411517933342406,0.23136936634800664,0.9149432136497792,10.872625793279061,1.2659246998634024,0.24764559308681144,0.9334336019054464,10.73978343437567,2.845967593293037,0.20182597983739492,0.8594626512724769,11.555968352748009,2.1447302314722823,0.2011296105859745,0.9338016054773122,11.158024321884968,6.5328948480005264,0.259325232440822,0.9286320004094516,10.446768770323507,5.547135002474852,0.2329362099226572,0.902889960512844,10.482305684739767,7.912148662153772,0.31301508516630916,0.8736777783618438,10.440222011660241,8.277673348733487,0.20800791745021247,0.8983192653351205,11.139848858696114,8.66189772101575,0.20078640913834359,0.9153979260492906,10.851726862801831,6.746093756810135,0.23278047256103657,0.9046120286109938,10.636008723949544,4.757951907287614,0.1948232674350993,0.8265879887139261,10.854036015509092,4.288299188949792,0.26137766931649886,0.9206571218546468,10.874479897832083,2.523815460084644,0.2094007738847336,0.8491086271422916,10.667765788190994,1.2743246462642461,0.20044899163652635,0.8956797596421773,10.629605359296898,1
0.7430958643256748,0.21562299883352062,0.9108161090496436,10.865704268848749,0.8900266377178112,0.21471298808635025,0.9396216590889931,10.831292127492906,2.8771769471531927,0.2053474570596065,0.8628267628387447,10.965298782929615,1.4159444559096876,0.1556769121476866,0.9104376601922185,11.08738775861822,4.538903765835563,0.22976783994865355,0.959467049300102,10.56089804991575,6.303350208982663,0.25526157039133673,0.9085631947242268,10.539859911659159,8.867083869790392,0.3206532664948731,0.8851407856481408,10.318322807982362,15.052819985556294,0.3026022273472432,0.8331685979944204,11.129883025775928,20.843024828001212,0.3324130579252239,0.8221074895162301,11.077086395475675,13.055458871214311,0.3647300137347526,0.8345952479224301,10.694523173736272,7.113567299058891,0.28853393229816876,0.8157636392357447,10.674378546214061,6.28990385006196,0.2517171577269624,0.879712974341689,10.686964014647844,4.349711178995979,0.3211723590699024,0.8519623923277281,10.54533193171188,1.5781837027541679,0.22054460464364933,0.9077642429835504,10.456360638213779,1
0.7760372923643426,0.21143570886503116,0.9010756763471067,11.201716218437895,0.8398612758834292,0.19516823070975298,0.9322555096491215,11.152217060059293,3.002045478221413,0.1813338435178346,0.8858325707868752,11.114271726747102,1.2999745017516693,0.12688034017797617,0.9068296542439095,11.33855695430988,3.8362109523834413,0.19003874116498715,0.9407079573762805,10.690696636709323,5.8271118364245496,0.25279279695849943,0.9056336235858521,10.42637172066255,5.828489692496548,0.2598541048931028,0.8734021626352856,10.375354852439823,7.773000705588196,0.30111894347956125,0.910474863468995,10.565567409791594,9.64268965772562,0.28293782124673933,0.9322771784140974,10.619263711729522,9.478155796349112,0.36141933520345687,0.8636125245320461,10.63146150210505,6.493055100037859,0.2664545810932013,0.8472139546441154,10.87835320927568,5.7099423456227205,0.2352517361746269,0.9234402307527025,10.866308277789642,3.8208935963872017,0.3159061216391296,0.8642434612243706,10.80748728539206,1.6474399247074405,0.2332944542775666,0.9165229036167818,10.902414429226676,1
0.6391543478984912,0.21149481187347363,0.9362335843448141,10.813095452677226,0.7944581039451197,0.18400480114730489,0.9501411057550265,10.998347270754866,2.72048517901646,0.20283065240003686,0.8787913930446501,10.833030543924071,1.0519565352499751,0.12271441647947341,0.9075219907037367,10.78610352392211,3.888159233313766,0.18540784997570647,0.9474095580017701,11.020104515257039,3.7894335144805193,0.1559499454687198,0.8858097144570626,11.13474671136554,4.4557682136372865,0.18189175234539404,0.8714932863897293,10.826670806095766,5.883271868520957,0.22544615772799098,0.9368349479809479,10.81323235376643,8.002657705541333,0.19680592227877614,0.9165796841831775,11.150448634413724,8.462949395461198,0.2958290924423585,0.8879114275785075,10.817581720887691,3.9673863315727416,0.20626094812953244,0.8711054115535223,10.70030480032319,3.729205085612857,0.19693524764057316,0.9213806191456351,10.635028343106535,2.9375841858926877,0.28938521636566317,0.8958013792445321,10.65004360027886,1.0331828353696282,0.21300638218577847,0.9362499561024596,10.681680618831559,1
0.4999272075065482,0.18411978421617098,0.9127923785676085,11.093834591470305,0.5857217050796273,0.13514495754028388,0.9262142495616992,10.957894558563426,2.98012219659641,0.21282788392402727,0.8854241697935435,10.811861322335652,1.007744014098723,0.12621572959385113,0.8869614110785567,10.966008569771612,4.1727595741056875,0.100200854166751,0.8550316356581668,10.816652839325256,3.8115935652951105,0.12839627976451568,0.8881160810636541,11.017886400270603,4.785153534551848,0.1785588307749958,0.9018530032033871,10.76345996442755,9.638921278985013,0.3333331899718105,0.8887950775747986,10.562644072854399,9.89822786331599,0.2614414008119847,0.9025353529800026,10.621245927611515,8.314325643527296,0.30540776083182963,0.8871037375228117,10.685612172745781,3.227530587585893,0.22604821349638263,0.8962341711418512,10.768932080378589,3.6397002699918306,0.19496200655461696,0.8946365128194543,10.94522242094469,2.427904542154748,0.2872703209472501,0.8824458595632909,10.692011440801338,1.0091534693719746,0.19701648976480293,0.9107529034994812,11.085688329632028,1
0.7936844133924498,0.22808106612521936,0.8751566468755413,11.09615346118597,0.8853863653133571,0.1910269631501124,0.9413578527051943,10.948985776465074,2.427090710951316,0.14374152435494167,0.8680292171919951,11.072643846798446,1.091775766711084,0.1339191106199295,0.950024255225711,11.059847713077943,7.092845692899801,0.23078831984513895,0.8977904161261901,10.662863963581945,3.8394233255264876,0.13076642802965727,0.8541503649512198,11.364211054074223,3.0219114839174614,0.14847119787811247,0.935664573385565,11.056198307712496,4.228548313057346,0.18323007184032247,0.9204923254716862,10.849661909132438,8.171249465926051,0.23622571327237837,0.9170515115013994,10.75787343088485,5.988965402914318,0.22036571271612823,0.9254599067016898,10.849058074320043,3.155282743643407,0.18826130311750683,0.8950731714470711,11.007695894572857,4.34935511239841,0.1748460730896959,0.8714620284917814,10.993218238132634,2.436568990456914,0.24666367255420163,0.8845591075959663,10.916648048757894,1.2215953646437219,0.20651540268006524,0.8726622827035342,11.131447194040016,1
0.5013884835128053,0.2159874379982466,0.896136944292653,11.027498252627115,0.7477225561565525,0.18735041291620816,0.9096566524435511,10.666515317219096,1.6916935490226106,0.15949247636046704,0.8526354819351327,11.051564730445447,0.990490073083102,0.1572908647716537,0.9504145238945125,10.872647814222919,5.464667849442596,0.2165665187154954,0.8907584192068347,10.644485369182275,2.855663973683011,0.13346227948057182,0.8639822367603892,11.407200496990175,3.735049287540123,0.193254072526169,0.9522629518761305,10.799875150356288,3.816842356833938,0.17681037624609697,0.9256649397054805,10.929204351557198,5.878312552934858,0.18436493289718683,0.9342648869376515,11.146168587687992,5.687208115022299,0.24545136668954595,0.917177455014088,10.534568800343296,2.7336052030549003,0.20148035231934713,0.8905763330690252,10.83461080108618,2.374881584592126,0.1495049315754576,0.8836386799687742,11.338127067546901,1.7925560553590614,0.21773428856649568,0.8938485094565877,10.72680796813248,0.8262113497109911,0.19453762914072292,0.9001589696229502,10.99774040495899,1
0.38865210281534507,0.1618292674655307,0.8852681256911524,11.09355153304485,0.793495613515919,0.20353478455306293,0.9239145468766318,10.797862143742005,1.7865965627971951,0.17652470871217008,0.8728083581554164,10.490419227711635,1.477058029627476,0.26164415810856345,0.9055044295670601,10.59085012566128,5.448745785706839,0.20431048822837475,0.9051358944064887,10.812365250237551,3.457374140643952,0.159337605895973,0.8919889939858999,11.481690840750534,4.011687987414218,0.18992608162773017,0.9369624948274562,11.133894087105519,3.9095048527892775,0.15652528631926194,0.9079230013291749,11.359292344504226,5.663315931237579,0.17246161047602312,0.9409802732744006,10.940299382963977,5.276235060899873,0.23002996655635705,0.917640733238007,10.59018307141067,2.5014657275387835,0.1755766335279953,0.886355502320306,11.02867980749098,2.924129001033827,0.14994098541223275,0.883884084286408,10.988110676488592,1.6858033074891958,0.1854256113434119,0.8793897902140914,10.884511599162783,0.7907475426718107,0.16267923904189802,0.9073668123722153,11.095835000930169,1
0.4878655984046509,0.1604631104029087,0.9020455130821664,10.964749298234166,0.8689463707661931,0.19125140018505726,0.960412440490775,10.707285731641717,2.931920767675785,0.21958571157478066,0.89249103370099,10.404355398431436,1.4435899866912134,0.20518207570370198,0.9533783946595923,10.616173500650733,5.698594820718188,0.23583817273194155,0.9040032203956718,10.846656251596174,4.701607055371205,0.22813690272020695,0.8959904430601708,10.927497894055943,5.923799839761549,0.27429249730118627,0.8731988198406853,10.691875253653313,7.786284993973821,0.25640430417403914,0.8696190470756883,10.868017045052634,8.410674154730879,0.22983382500074634,0.9190454548522266,10.74499516913248,7.504396658347637,0.24410614867549732,0.8891074659782461,10.41481557667279,3.5330683562785596,0.19657658278294132,0.8704314522195112,10.650890553509928,4.492511001755046,0.23832196517226467,0.862257456015909,10.532866297211308,2.3929177589369104,0.18438225012220724,0.8555870943001951,10.57444230946622,1.1269550096595466,0.18680251935409078,0.8940326701207197,10.586211335821986,1
1.30616505448838,0.2481979006283464,0.9316070347727702,10.912276246596836,2.6495950079559556,0.20360041167639087,0.9284862348938312,11.205634918792837,4.267699503739177,0.27532922751728595,0.8785131157284061,10.452771408769852,3.134270209663887,0.20864017827762332,0.8906468161118479,10.786795109419453,11.3969207237797,0.24058621043761877,0.9205386214514069,11.090186811668346,13.87453402642467,0.2698786643934671,0.9464612879525185,10.804307887174556,8.842622557398686,0.2947472162162628,0.9162504088925963,10.564858279523076,13.308730408770934,0.2622139058944557,0.9419630903426536,10.661853324446634,6.091916447476782,0.1721915505660009,0.9126053089948027,10.880207519262981,12.062589082494071,0.24886908688084897,0.9208374352755103,10.632281796476681,3.5144115488610987,0.17016803083326695,0.9076112471551986,10.874777420820559,5.461077890953049,0.2368129746903639,0.9087541549869843,10.686926137239768,3.055799676861585,0.16346658453085516,0.8869255068091002,10.960704126632963,2.760570769849868,0.2480751942789281,0.946719105178322,10.635026833393336,1
1.46986787759313,0.24790143069111006,0.932672434547067,10.792036862162178,3.223451373181805,0.24298207737535188,0.927969789302732,11.00648419567661,4.509574075093936,0.2525912220058437,0.8596726055224906,10.432164569444373,3.38045115990981,0.20891388673497518,0.9194273512890853,10.789006376292514,13.085876944814562,0.27338638542047766,0.9235116758234916,10.917685143056922,14.210132406905178,0.2549881267740091,0.9560289511384753,10.802300414838657,10.080626948853732,0.2872546959811781,0.9204975464653653,10.525006108904384,17.487187791211657,0.2708471984401061,0.9253537720662786,10.624499808656758,10.68015023288642,0.24926894481212894,0.8682964680781858,10.607046698974452,14.719944113363757,0.2768961168053442,0.9071804895990049,10.520673645238709,4.85502853072386,0.17782916751045175,0.865410765866418,10.539034419699378,6.200405018528431,0.21056694817216484,0.8831243419109407,10.615208873522969,4.153570138564984,0.19123804425868726,0.8699359458359577,10.72125263010078,3.4010039687331397,0.24806168450400184,0.9342312895243119,10.569600424611389,0
1.694067025606593,0.2703737784591315,0.9374811556387004,10.738612210858268,3.275162640221224,0.244700747063872,0.9295611327104726,11.009256353530757,4.801573440514293,0.23853671038035276,0.8884238619768501,10.592196346031551,3.6239527219755296,0.21799343915431527,0.9318474162743542,10.733047795321143,13.779162796642822,0.29373160136863513,0.9226144866195136,10.70518783829194,15.863858808033541,0.2720027810270258,0.9329310946868177,10.732093512874126,10.422273424097646,0.31155186875161395,0.8930371203837174,10.538494245940377,19.77697321139334,0.3101955995796072,0.9080689375042129,10.631871500315485,11.001650135556034,0.26171122571431515,0.8988340950520955,10.56510821804654,15.232953574785075,0.2942494605155316,0.9039623106977058,10.518588586858968,4.618390898411314,0.18747886056322322,0.8963913440816941,10.564821067054535,5.7552055433877465,0.2071801619553658,0.9044071359176937,10.712551867869486,4.084174493686419,0.20333742911649716,0.9022092238304105,10.739370772885858,3.4350713367975256,0.26171399706677884,0.9413166521032589,10.491197081636127,0
1.4869553774424888,0.09720272609924406,0.7536919559565307,10.575871784256568,2.4861210772887508,0.06851280448406666,0.748999472223521,10.68803587695341,4.387970269721465,0.15012014019135977,0.8963741491797788,10.741940249222127,3.304573469569074,0.0908136921525688,0.8164085514228401,10.466097970725905,14.181129683298899,0.1116701356916681,0.7310644575303904,10.42368060239139,11.106696443670007,0.070376858231067,0.7604872938345572,10.610900348806544,5.71133113991479,0.09952502027494758,0.8243888479384803,10.861977017610823,19.721432414704363,0.1385931776958924,0.8525581546521313,10.852898638899045,10.530214650825497,0.2131989482070501,0.8887228626002667,11.15898879994167,13.914434195821629,0.1177976065331031,0.7886805187949147,10.648368622810562,5.817579107173048,0.14628514111933213,0.9132260122037522,10.849071040648434,5.929451545013215,0.1363037189217548,0.9217144087080842,10.689525773155482,4.2435170539195655,0.10995071253880428,0.8517473174756349,10.698971092580427,2.8616148182942682,0.10901250957655126,0.8131016431384506,10.580755113516796,0
1.2519815643342038,0.2719966429317865,0.9085987243415252,10.56072999735224,1.445246295955822,0.3022349583288868,0.9195603511189941,10.446928517857533,5.252871225779803,0.2860065432233551,0.8701042813613459,10.752580541534838,2.6116647374315796,0.2643234000885135,0.9113410806085218,10.51086003928849,8.082169175795123,0.3079304316139433,0.9208060604911925,10.440642596900284,4.437006751132452,0.215936961537179,0.8831613293339072,10.534426049406642,3.2483613335308115,0.16947498477559444,0.9275552088144572,10.755181424344952,9.563901120263667,0.2504989595923943,0.8575730701600403,11.17751535835426,8.684623796974343,0.24331196879922604,0.911352373926378,10.918089808817442,7.385402976928868,0.2602797767028263,0.8993498690805108,10.659133213223809,5.165585307932614,0.2335856290572507,0.8737683236466928,10.539985960939973,6.199431278515935,0.2450474268864574,0.8926213988146141,10.53784514495532,3.2837207442636895,0.2478135174682083,0.8872131270115375,10.484358255604368,1.6735360689976522,0.22692637979186442,0.9474857096035563,10.50285143302551,0
0.9196167754344209,0.25607388627644156,0.9302428694669885,10.664307944336757,0.8600362380911333,0.22426647436637065,0.9387606219419009,10.762651133856892,4.148086033703382,0.27213796499991727,0.8952572612832236,10.70558523483156,1.969183133382815,0.2644289229499826,0.9289560603222236,10.712806233071857,6.262205423502458,0.25549759712038156,0.9161305965253986,10.370228672663744,4.423800416370988,0.17726560026625632,0.9362658200848889,10.63035839429536,4.500334686936186,0.196111506161941,0.9401386796687562,10.727154514198688,5.500870251328312,0.16079420191793248,0.8910048009977483,11.544214805802252,4.488299524180976,0.14548703389516843,0.9574327894511767,11.222748256249721,3.37877354165618,0.17687470595809143,0.9436529541185757,11.13748454604962,3.623624475051206,0.2175933126894187,0.9206131909808629,10.880876005566982,6.09114565559815,0.28829274963828344,0.8968850871879085,10.554848928290992,1.6741757224410299,0.1816960480776114,0.9211885980488755,10.835029248229612,1.3055413598225472,0.22053819892923873,0.9556853946863788,10.905426065869726,0
0.9388475600610019,0.23360977593025403,0.8661250417699516,10.474907199569712,0.7006020228878704,0.18737499868588645,0.9187181269502985,10.5374066314261,3.943522230792359,0.24241136655783438,0.8172330095164027,10.596323140475434,1.5545084322057412,0.23363804328516524,0.8966949019316137,10.44655643560843,4.797003510139816,0.22301955150005714,0.9590567785782671,10.396295971421443,5.2317636174399595,0.24397736382556684,0.9408560131417254,10.789912145744886,4.523996158393753,0.23355879172247787,0.9042494728785326,10.672899602000891,13.965476103247482,0.3133598937742047,0.808881970788373,11.122844674243975,14.384650682431037,0.3056709939975835,0.8536778062206783,10.82516731323578,7.235086894311444,0.26483938420764036,0.879927542409728,11.041056131514695,5.055992330332563,0.2531601041821518,0.8554660441872403,10.778783987608294,7.468988819684132,0.29397370058070227,0.8470969809866414,10.543880301496307,2.988342983100496,0.2120019784838177,0.8119805558620283,10.675824957481499,1.550841147498165,0.21114916544962262,0.8454089613813002,10.584712788133894,0
0.7510716819474025,0.20837267547850255,0.9267432063496328,10.546509038873914,0.743972951481272,0.19102710338155945,0.9555259568655726,10.837001186064272,2.8969076214513927,0.22710569768634115,0.8880214096632637,10.58194856300635,1.9033403171095356,0.24003175117183315,0.9137131728881858,10.641526334840634,5.566705166041405,0.22178676577930043,0.9421411979397094,10.712902533219072,6.099743451930056,0.20467040471029213,0.908674713017919,11.144100717651256,3.436322620735168,0.14418737749561694,0.8947339791146612,11.03645011317783,7.312521129315962,0.221370928903385,0.9253645054125508,10.995401300797448,7.239502743349157,0.19586951580805714,0.9371996753709705,10.86185530349009,3.4773493469758194,0.1459318283549675,0.9421977651368165,11.040074526211875,3.2995262591415697,0.19991018141329558,0.9229142919626152,10.571650581259576,3.483235990887383,0.1915932062550027,0.9481168411329631,10.50245806939774,2.2698021426146004,0.19561071571137184,0.8869718512622626,10.592065881105958,1.1476703048285928,0.1833245441544414,0.9224360532605005,10.566068894365104,0
0.5732642265710749,0.15320421115168142,0.8581496532278351,10.400844566091173,0.574555238587276,0.16135329442267562,0.9423024629436122,10.825543701917336,2.30030949286834,0.19459782571914316,0.8609679593935272,10.646155752814199,1.9357585931144952,0.27049264865720063,0.8928337577388711,10.513127629809052,4.27863990277861,0.19065939255912898,0.9375628847898153,10.380994555395223,4.994879452485739,0.209628879409166,0.9193777803903522,10.916521062952834,3.9461655282566506,0.21171789441773328,0.9283124352363669,10.810926433354714,8.69415592052566,0.2715900279636676,0.9175556374750965,10.699003132029608,9.41505031303305,0.24531504374639507,0.9213799780530595,10.674861214169022,5.239257305165195,0.21981354615129872,0.922300426727339,10.721435211996427,3.6940070459153516,0.1848044614290249,0.8484933745378401,10.472526889237177,3.7915263107536745,0.1959662853817357,0.9250484308048209,10.301627017771176,2.8098820771171615,0.20431005460348367,0.7775662404123794,10.446285682368599,1.3424069635855076,0.18849057302884611,0.8494087747237705,10.370659274291798,1
0.5150244502653177,0.14713892884628776,0.7871498377639579,10.696707334016143,0.7986985767657488,0.20569366854391632,0.8852868660511224,10.87324642496601,2.172370310651315,0.16329050116567737,0.8407002369696192,11.110528021278986,1.7186143831726073,0.18929512348811997,0.8319913863110089,10.890402002164146,6.296450567408303,0.2727902805703282,0.8558410438397008,10.51662376490636,7.297843719905165,0.274061973883075,0.8602116398203259,10.895311341772173,4.166570811092157,0.22458023602629185,0.8627288632910048,11.046856008036393,12.015333087134476,0.3303606163521582,0.8606376576341225,10.727875687929462,10.906248884641995,0.2755154989415352,0.88272519023443,10.71397808057553,6.4998434326876,0.24923020815598912,0.8814722580646203,10.713320183971828,3.2540915900672474,0.16999379849581217,0.8012184368283422,10.589810769593068,3.2016557230830935,0.15428110779291243,0.9129231005934281,10.627058436084692,2.4284853540786053,0.1661416993049008,0.7667884696666938,10.621397745279166,1.044076006105031,0.13708254709422396,0.764696227626511,10.443013092078296,1
0.9441801065131353,0.24009798191362478,0.8506009567488697,11.031404471498323,0.4435979738990192,0.10685511911150461,0.8732432054563392,11.59661449764224,2.121309938340578,0.14820640405969862,0.9058451581103562,11.259355049312145,1.42448805963576,0.13850885695521564,0.912804308558255,11.100717491787908,3.6269289295159552,0.18389043937420166,0.8726219309701237,10.894789191454372,4.465203581917034,0.1636131508907725,0.8527427310803022,10.912043666254343,3.0376201697816674,0.10699926947126251,0.8274968623965103,11.532722157872122,6.845727975581033,0.27384635717344924,0.8932509723428184,10.837636265115725,8.142492288724108,0.26696880242890786,0.9360581743892701,10.629257037431339,9.507690682169756,0.3058472367917797,0.8687750582575593,10.952400359587894,6.227644015751358,0.25017150060717647,0.8342616012583901,10.939123200232606,4.286055246053348,0.1917495403939467,0.9109747534744259,10.86694294431923,4.01792578008226,0.2198409319202273,0.8507501762454602,10.974356624634307,1.752129540936509,0.1970581548364261,0.8488944830338371,11.308742266097893,1
0.4339644613854017,0.15885476442923369,0.8504308567784921,11.718512622854414,0.4636714184925655,0.13295966340192558,0.9055339835838557,11.574789014796576,2.280323959176112,0.18143307847152293,0.8698101520557382,11.365293284681773,1.2388007454378716,0.1425088510850892,0.9236142774240447,11.110055176634802,3.016535041416237,0.2004783925791373,0.9099923782021055,10.697045603869261,4.30037356374762,0.21284841227953405,0.8771436396353057,11.117390416746826,4.195725618729409,0.1754794120667359,0.8327678159107711,10.938272081909483,12.937384264009438,0.40906516188379816,0.8234466356823912,10.476431284573325,12.285160695682471,0.3657048237884175,0.8733320484159837,10.432931039339422,10.846584426306567,0.39909176948736275,0.8362287427944948,10.529362952315996,3.919304034807257,0.22540616480592704,0.8532098750144173,10.98860573997297,3.526078817249035,0.17979673487223669,0.8451179714900022,11.387409620164252,2.9594310918482667,0.21055273409587877,0.8373533835558893,10.893207914387007,1.0729555479433934,0.17021424321852868,0.8859807283505745,11.301409491935859,1
0.6050036778830192,0.17467918197809773,0.892927961702471,11.519009610573605,0.7462819285449046,0.1876401842859911,0.9306670752693713,11.056600586544745,2.6193274279840386,0.17879901074912893,0.899617203796221,11.218191275723335,1.0758798155940743,0.1320181709398541,0.9110865457304451,11.23470561531219,2.892759276195515,0.15500684267205983,0.9120500010931112,10.9900910030722,4.4491461904346385,0.21998453106092594,0.8672876426526358,10.968175765700625,4.189728382043128,0.16049651166719622,0.7682110146429403,10.775505022825838,9.155323724011984,0.35739134761958125,0.8618418174034194,10.419207776177137,10.414479970662505,0.3522549433184368,0.8940747486625504,10.412574661032634,9.466585903310868,0.3571184477541382,0.8664864406653096,10.537633962292347,3.9348448907107745,0.17197551021437507,0.8931955384103343,11.17115993066435,3.814506850253263,0.1738130828880977,0.8878349324645579,11.177403231849837,3.1330211202569425,0.1694528029506135,0.8970812428268241,11.159512937228895,1.1996060671573838,0.15429832944555993,0.9090453087643283,11.558680273645075,1
0.5131043327983262,0.1750019641522976,0.8972930723077845,10.862923487054108,0.8215693326004658,0.2588283768845636,0.9069083919424898,10.394408641789457,2.2673325619950653,0.18092451278987703,0.8428502131332736,10.563636332153823,1.1575810851385693,0.14940661749878587,0.9270035034755999,10.60781799693807,2.757215200546823,0.16151547481501924,0.9706490288906529,10.736669019639528,3.807160121515742,0.18694891717730214,0.9155355751215687,10.832261707299924,5.281046040337964,0.18680559068744657,0.8774393501249402,10.728226435010493,8.648220352359049,0.3434571900945265,0.894640669878432,10.343715749847968,11.475470703743532,0.39226049104934835,0.8710672126544902,10.315300276806484,10.114154306728068,0.3964242221752242,0.8336939575124301,10.256116213132213,4.185649389568134,0.22420151358308338,0.8617214606663064,10.700896246245179,4.155374878230803,0.19471980550629753,0.8710856757015093,10.615815618081609,3.2197302291673355,0.22649194597278785,0.8535576322038677,10.76181097183175,1.0987558650324647,0.16835442540641762,0.9017391913394571,11.010261495226493,0
0.48955765892749015,0.15640025368082092,0.8832601688173772,11.24196941153108,0.9069216745567259,0.2668015371026331,0.9069583391195005,10.718830048966968,3.0595573590502583,0.19735620457731867,0.8747588092312557,10.69514639313616,1.7158028306658337,0.2270665491435701,0.9227331362415512,10.606752539550351,3.23309950495866,0.20127821715270305,0.9478687743976979,10.841211287630394,3.9254444053158593,0.24311199754588042,0.8989752261833311,10.366817216311631,3.8012685830025417,0.18669247071477874,0.8683168505450279,10.52630154968962,11.684236162952338,0.3890911658376683,0.7968801844310018,10.86300101977154,11.436502399003306,0.29233727204989973,0.8856053007402591,11.053024646004598,8.944110528857241,0.31399296838677054,0.837892072552094,10.905778411130944,3.3364511024507943,0.15671633147681746,0.8805334759763479,11.304357774857655,4.332914822249821,0.20121213013212,0.8740738352861849,11.06728256312471,2.2275387728522107,0.157913478219509,0.8426222378760505,11.214841365531818,0.9141831014900339,0.13048092373036177,0.8883092752117363,10.82931291063283,0
0.9736356323042469,0.23484929757844414,0.8547678858416142,11.333509105763671,1.2055363120609461,0.2851822624777881,0.8994707248724122,10.905755843748517,5.7653918210079205,0.27631120544824816,0.8449695786458753,11.00568674710355,2.1387510754927996,0.22119102424118553,0.9233347430316079,10.846499828778933,4.595462548748447,0.22118494275597156,0.9298206018444698,11.124440911242454,4.169277863580473,0.2263448377688164,0.934381789915664,10.733044333774046,3.0098822507645644,0.15318096546432577,0.9043022766570472,10.907811084066608,5.86636452928127,0.19596282085104902,0.8064874185720879,12.211480347712872,9.638743030548524,0.2625582586658238,0.8594311035851748,11.435056643571391,10.12113318769429,0.3076614524691071,0.7990605233410991,11.304230995281182,4.799986826032411,0.21739055209387378,0.8505327481177812,11.395617999586856,6.984488078869568,0.2616122431025949,0.849221732516327,11.175663402176891,3.2774118042227545,0.23454947448537436,0.8505233480805201,11.200552325107783,1.487601656684869,0.20601862848266925,0.8928326959510154,11.159480386673593,0
0.9488292063615534,0.25512067303429853,0.8955602981027608,10.982803131410574,1.1588789259558574,0.26498079989649165,0.9175238706117597,10.927609074034168,4.186628103109975,0.25789184034914675,0.8597913849517071,10.870765214536338,2.2152876021251187,0.22466349968478222,0.9239244296096575,11.049713526579929,5.326258940323214,0.26442352413405995,0.9317750427626952,10.792075762222703,5.262359641927263,0.18922719835364973,0.8748911745174349,11.791644355452439,4.416944088773686,0.21274641842056283,0.8625195680187882,11.801117178022684,7.437918884820348,0.22642842804842123,0.7904583615669418,11.99396724602872,10.186548479232856,0.2603357175884934,0.8391351751158327,11.427685088284376,9.94954096882769,0.3538585718384701,0.828418668739213,10.92091756041991,5.561385143731539,0.25822319931748755,0.8766429077213641,10.918370966705195,6.227845010190246,0.2756856020171067,0.8633978534635884,10.750539135042871,3.525408348050584,0.2871497755117035,0.8526999563657267,10.857343762081369,1.6334626946122528,0.218048449755702,0.9209475285166662,10.670560024854833,0
1.1091243792811392,0.29339280546032687,0.8830478335787928,10.976004969691944,1.1695927591389375,0.2557057711399751,0.9106039330450766,10.947808256078629,4.967919873706709,0.24427666910152432,0.9062105016695918,10.77000773578915,2.387464497262978,0.2875461874721363,0.8810250751454134,11.021127639535312,4.604054424177152,0.2333139971653703,0.9184260092962562,10.852173995172551,4.595516717117478,0.18855270272628327,0.8311967774694687,12.01332832411457,5.211780305815953,0.22959865190939768,0.8804486081678307,11.422198772064963,6.359853147003905,0.17068962599289328,0.8224647102021307,12.036404206679366,10.645862767176553,0.20434294592922222,0.8899816888322309,11.22800904139705,10.92294163098567,0.30166455816588217,0.8573546207073568,11.04123897428576,6.105306546297698,0.2515893164208843,0.8754200502367435,11.193557104935334,7.033065729810955,0.2371686918806985,0.9337157409138163,10.77225308801345,3.7699166318119435,0.2939611779869228,0.8686412095859963,10.973562282639012,1.7720517170651024,0.25949964099022277,0.9060744209156146,10.750045695801301,0
1.0818143204720874,0.27191952706572464,0.8981445030171931,10.905678490734598,1.0358023579323798,0.24952709470284393,0.9220831449091771,10.853521507626331,4.756942892307178,0.236594788968997,0.8941494062210069,10.810549240879203,1.841929799765028,0.2385764924585035,0.9081878316167005,11.037450906548807,4.392397095952472,0.23465748646365805,0.9089767269868505,10.70297918642361,4.815165033211175,0.21510422127620948,0.8477222027375022,11.83391223500356,7.145518597841511,0.2789499822330499,0.8810673642130937,11.093897682107599,5.369811194375508,0.1661382008730087,0.8666464567204126,11.728365887747302,8.389205379774525,0.20837065871679575,0.9346896202024116,11.027267364901661,9.409181225423438,0.30214126737787417,0.8832189059370429,10.930438774177011,6.049295546733376,0.29433247552680847,0.8328014198189556,11.002494975240774,7.968484017348044,0.272888821711599,0.8873614624051167,10.67225196247348,3.474188098214033,0.32584366741810616,0.8429209924011147,10.928662301480571,1.8105628996839178,0.28432922107841285,0.8871076755339931,10.729425064959951,0
0.9321084279948298,0.2294052494848786,0.8948445415062041,10.654501103464384,1.1061261293126787,0.23901198379874283,0.8960274414922434,11.061748952285582,5.431598268529192,0.24082488662965384,0.8961698643914504,10.602768683876322,1.5501683431728868,0.18740605405774838,0.9147452443167499,11.199680696334832,6.528916366794663,0.30129420697393816,0.8825541804448006,10.857813647431465,4.674314616106486,0.1889362211562713,0.8852720414079565,11.711787350584451,12.399610310886505,0.3349616154887683,0.8599517991539185,10.827361930609205,5.937309949371688,0.15646616712183203,0.8745155730906429,11.546231965154046,8.145969639494691,0.17486766432292078,0.9182815853334918,10.871864745417858,7.176224924586794,0.2036757245965512,0.8631487209126287,10.574230052666627,4.454929000750067,0.2106944297215386,0.7839444655670774,10.587995843477655,7.609787570501799,0.27172570009509367,0.8677644449840561,10.547936236654284,2.801646232196532,0.19060454534735774,0.7353468007148043,10.787222794146867,1.7675908394822932,0.22303980918745883,0.8011547804930552,10.583900947260476,0
0.895454207525707,0.24641630294791653,0.875188888523595,10.603100088765638,0.8205974902686156,0.18412334262834695,0.9496322377891077,10.608245348562319,5.049591429654157,0.27198745398848145,0.8815227770266939,10.51970491175669,1.1211002902403928,0.19366319428793063,0.9160630880505745,10.936833349515586,5.161357046612059,0.26054149079141525,0.9375384223884179,10.373647726884212,4.718380603180895,0.2595894547102196,0.9103493112023961,10.902043887940257,9.710043653085455,0.3179259934144339,0.883610398104424,10.592017164114603,3.6772335062632635,0.13986005244678135,0.8675449543769596,11.443799697906774,7.245971343436622,0.22091372414329927,0.9232294094514966,10.902320330368338,7.601045121159078,0.2521750847010556,0.8767916855853168,10.655101445638492,5.988725558716075,0.281583500241971,0.8268607082410223,10.5601325360907,8.21847560308655,0.2766005098321327,0.9058101340347975,10.502197227989834,3.7777584792260743,0.25228206890681576,0.7824668037800357,10.584161260631825,1.723314190443834,0.22074566465059564,0.8063914927475058,10.522355698480306,0
0.9500923052725088,0.23403496843236346,0.8708419793429705,10.556274584763354,1.117560387131431,0.23391875594869355,0.9151476699917166,10.819861020329284,6.7906754754316125,0.31124952134230377,0.875576004041868,10.559414400471624,1.9814636793321252,0.2318927346955151,0.8724138426531437,10.664572793243993,5.025882678869456,0.24796953433433389,0.9218577741953209,10.765974926452975,6.801872104001436,0.31750460073924774,0.8872641195445248,10.614187639149307,7.919671484187134,0.29330427213052584,0.8528273348167509,10.6781905316125,4.5698501779638665,0.18948015393800907,0.9046678188244526,11.111620430429989,6.7493107641598,0.2184100838079151,0.92898724772852,10.666889919296171,8.621781179294569,0.2574727252191991,0.8129949354423922,10.531580224437642,5.977812104033145,0.26640283767655215,0.7687318665405497,10.355336878360205,7.984285621795478,0.29667298709841755,0.8597680220096235,10.545455587981653,3.96963688124115,0.24477937659805854,0.7739419536098321,10.331116701340958,1.839680652838069,0.22288949549517056,0.8245637749350523,10.507751892104988,1
0.8872429630143748,0.2664650931963467,0.8839317425647133,10.631890878747042,0.7127189816818524,0.19256613551002702,0.9336907664402393,10.843017338064579,5.106695209314588,0.3117851359616702,0.8724938952127966,10.652485334814983,0.845889551828961,0.13691566219151288,0.9245035389710675,10.714055102930407,3.90217551633094,0.2264780317269043,0.9307426926539231,10.720481069371445,8.894579428537265,0.3578598011246007,0.8198221407508348,10.629183493183222,7.294086514045677,0.2810288551593249,0.8632973676574178,10.59604799319845,5.338525724785361,0.17745885283668233,0.9093500447027498,11.298117029938098,7.007624207692457,0.18654242069021407,0.9242830017692615,11.017367849873263,8.648043690681284,0.2530058086725929,0.8631323485268069,10.61027141987038,6.129713175826511,0.2936052101375351,0.8065291683416506,10.334946560861361,6.793201307035011,0.297428201047081,0.8624975030117175,10.57985662368968,4.448641219017632,0.2928027089681084,0.773926910620911,10.321645393893155,1.7500109887491107,0.25016394169687606,0.8194719614969742,10.503225097820101,1
0.5977342783517544,0.18305201416794048,0.8696158992322512,10.76021549154713,0.8587677196041451,0.2107350354496354,0.8913012485995722,10.99163210713748,3.302613484656443,0.1925665422673497,0.8141990699528249,10.703406294612874,1.2758838721262247,0.13574669262528724,0.8087587093564063,10.87979107945019,3.2474470446171035,0.16472531679084754,0.9230723328121205,11.15370334586056,7.642056571998086,0.3650052076593973,0.8149490891821043,10.68364346307394,7.116440736451414,0.3157805986472946,0.8557869624061385,10.547095746601931,6.0743011204885295,0.21710466449616006,0.9224371146887868,10.717046370924166,6.508083519054927,0.22578664593790826,0.9319392410081379,10.633701179549618,8.08860886625858,0.26372276584732124,0.8852229939776759,10.680370457881617,5.093170218675374,0.2825435419223776,0.8244408537812038,10.451234694654358,2.9796886006918113,0.16158928470622005,0.8181559333585904,10.534640745551554,3.871409149613052,0.3232388777205989,0.8109129428793262,10.399949005830374,1.1479051771235744,0.18544967022956196,0.8530450574915996,10.596590395957723,1
0.6161830740489707,0.18940490741831115,0.8901584134583269,10.612143866379807,0.7616729131256943,0.16120061413187256,0.8454970917650528,10.69522468838071,2.6326747152795837,0.1571172829275522,0.7883137897444118,10.798611782669962,1.120767140437089,0.1342661477299575,0.7996446601746138,10.575417518882444,4.498304241828569,0.18722771153638376,0.9125784757942703,10.694262989887422,6.287237332792338,0.30785829089710526,0.8453245289211218,10.423233517444451,6.438112782743715,0.30002643746386803,0.8551278400284892,10.273003841787089,5.876730305654034,0.22090373885618314,0.9022529158156174,10.536179096786359,7.991744182135264,0.23583025852555708,0.9201434596432014,10.614916863479804,7.052138189563754,0.2502424747082939,0.871315994631022,10.426513979938527,4.427406224723641,0.26049564817375065,0.8256129218549321,10.355388386350063,2.435461292545221,0.11330284408236045,0.8524105447724543,10.908995335529838,3.225963849829818,0.2876557076010925,0.8396795102756833,10.44953807421584,1.382546246557133,0.21309899470768523,0.8651476960047453,10.554632690889033,1
0.5386821610604395,0.18373797099203235,0.9170166609836374,10.586595618498608,1.066042132361172,0.21159994596356496,0.8865178029597804,10.535609277796594,2.380230822348634,0.14718278371835383,0.8219050929899518,10.634786846762967,2.0880843510461076,0.23664458473003602,0.838763762449909,10.470032626627738,4.923118299137641,0.21342032409887624,0.9186098501293529,10.507052074072597,4.838877341724633,0.2819584678882107,0.8713310732956516,10.510810443180377,6.023573542417028,0.29623283047853044,0.864276349841844,10.404186579437804,4.6797909470513455,0.2040073829322317,0.908296278844568,10.584495611088814,4.427726122565698,0.17699435632572919,0.9117714859688497,10.823699081778852,5.761604321053541,0.23901952584684136,0.9090519796247336,10.747600978326886,3.943248681014247,0.27322727627285953,0.8684600919948327,10.488378939335446,3.3649731435900305,0.1694848338145478,0.865141659201527,10.791825760860371,2.29533899379453,0.2759224827744605,0.8761542146597844,10.624591770289607,1.0095668435231975,0.1867154443373175,0.8974442860725609,10.745755799957125,1
0.46461892311117925,0.12915192577605403,0.8492224313102194,10.656474021135708,1.0683799172311088,0.20155134720020795,0.8508363123020279,10.593736111654035,1.9022198432469475,0.10580556075781848,0.7653045656066811,10.907138186108533,1.9642481733162207,0.20275219727837496,0.8503642943420897,10.653624591761503,4.359207947006261,0.18348417884031396,0.9407506555784402,10.748087855849128,3.336339189926165,0.24826914157499191,0.9043362710177005,10.860273634357979,4.263083495023108,0.23250451365333338,0.8213527495383852,10.456317533103338,6.796601466870609,0.27218646436936766,0.8798800829926221,10.572780457528328,5.27133381054836,0.18281341153004801,0.9299690148619617,10.75283958725458,6.52964943350029,0.23476064413019337,0.8609661005203834,10.673022829901175,3.816840780583382,0.19116060226043202,0.7883476491864535,10.452740850942092,3.0284967617025385,0.1290467947026568,0.8687374322051444,10.821586906838679,2.5843348399719566,0.24095302283146283,0.8361412173621202,10.532553214662213,1.0957917924329466,0.15548548091594497,0.8560773778639108,10.871686215743797,1
0.44119675001804054,0.16848063091788937,0.9025451211761553,10.520915275333389,0.9091131233977578,0.21453262058234168,0.8343289816230312,10.296382553899834,1.7461629740950173,0.13838136481612376,0.8657116195880257,10.63475471420024,1.9594586464478025,0.25988055200326626,0.9228111011620345,10.439484379887757,3.4347332975035827,0.1989959561345321,0.9043403060315339,10.258120555384313,2.5574993852324965,0.25994788383847767,0.9257238814327292,10.587456460207738,6.081719982642862,0.3191312839055031,0.804551958387358,10.416207773707217,6.624890551784312,0.2618623058648821,0.9128639021716387,10.6085256385188,5.617178171906909,0.1688785960914965,0.9404933963867909,10.585059782337096,5.6609773704593875,0.23856040295883996,0.9131791691805643,10.653639111222414,3.7175691602808434,0.23852727580168492,0.8024753834866051,10.343441229384144,2.8436115171814764,0.16158675248651147,0.906066543403845,10.695324263626036,2.6266809737357586,0.2897416203086842,0.8356705668094768,10.411125986927551,1.047145602580597,0.17979850400154154,0.8745281255218721,10.687431521826,1
0.5932731437568519,0.1882038092208907,0.9244438073360881,10.763351816710829,0.8572795736468972,0.1903244768786262,0.9272012475156901,10.686419769462615,2.442720348980042,0.1770617601387299,0.903834454321924,10.849374881028405,1.4602996303210778,0.19606737274823158,0.9628971884805002,10.576557547260515,4.164904465643418,0.18101999293962873,0.9707219066572375,10.599775535619731,2.7527846125151028,0.18008748336033276,0.9478997114393392,10.740149114621406,4.200722899757178,0.24057328535455436,0.8945093728124346,10.510299406042575,4.626429456566366,0.21154684995801376,0.9554141170852284,10.638307084732524,5.542340542759306,0.1733969209525081,0.9660427570347065,10.769991093372731,7.240865885847843,0.22421486470022686,0.9470397103597774,10.724409913774009,3.9874962652077084,0.22474521217314578,0.8471515399793191,10.678368820414645,3.2449804087119714,0.19566286173450112,0.9025630282423688,10.768783573280107,2.6828779977905177,0.2802322045554569,0.8585583936690178,10.569211966309604,0.9935611925934584,0.18071095525323994,0.9154155724179526,11.092984449780559,1
0.2842159847583864,0.11368570460192938,0.8567336649896738,10.59797187829182,0.7218132718542313,0.19442769749151412,0.8875598778393794,10.659085133330889,1.2908655953310488,0.1046944310832519,0.8162885005116551,10.91658509100625,1.7531934459360576,0.21841817788478246,0.9149392913913149,10.546432420493518,3.8344051485540835,0.2020688343918548,0.9377352350173631,10.75285156550809,2.8132385601060323,0.17273909500384987,0.95577180459299,10.988325779532776,3.339383845090346,0.18724245366720818,0.9294800714169524,10.793321637803368,5.362575082852062,0.2399117500371439,0.9479266083355636,10.558021870366437,4.467560914090933,0.1987502087870093,0.9489640854960911,10.479499178859253,4.970656435443261,0.23901060956750217,0.9095074684409353,10.383519695109317,1.4551398072679618,0.10878001943350492,0.7762996262691301,10.358603142091972,1.3247432099194545,0.11005207312536762,0.8682700966201368,10.566729598274815,1.3769077139011718,0.17931778686569236,0.8330663426289643,10.276531842879042,0.6203811869301309,0.12084202586971737,0.9100390222435778,10.734156094909386,0
0.3032911608666359,0.14429961390359078,0.8290352557889027,10.666313896089626,0.755080016541626,0.21040213490290915,0.9111102568896576,10.585401181191333,1.4641514304072925,0.11197948557131004,0.7954668876442854,10.775857590033537,2.0569588922214237,0.2392964934824205,0.9122558782359422,10.499101540639488,3.5224308534326916,0.16579910378605,0.9303270731294876,10.80269153094267,2.36372574291119,0.16755055118926138,0.9110994001250153,10.722133979843717,4.518995725818501,0.2668492136929902,0.9197378980475633,10.671924716195893,5.284529533989262,0.2021306121361439,0.9444756140067856,10.884325377471045,3.433384333341016,0.15523969269701318,0.9784348531906283,11.04139696061048,3.598636333018213,0.20226141065405023,0.9589226491610857,10.448696114151454,1.229479662488533,0.13245663249805187,0.8771952532351336,10.771004782538615,1.051444429882672,0.09168110764363899,0.7681324244746501,10.590770946756221,1.019085988450205,0.17291540245079634,0.8557142099541766,10.64627503191497,0.517494366790849,0.14977840579403895,0.9122270022771312,10.75896542541263,0
0.3304280234619281,0.1395167055296929,0.8735863865074749,10.636105612640632,0.551772401842929,0.1613443665374564,0.9063300926699955,11.136607047166468,1.3863375488595109,0.11977272315932265,0.810559715621116,10.723085623286462,1.3796198511119238,0.18238996331386048,0.9050510277407662,10.831652988596792,2.9263805698970162,0.14127762762784193,0.9045868865486596,10.788068606603895,2.714344708753927,0.17502026818550384,0.9061330708117369,10.738797359140184,4.979604823179374,0.2831327112200031,0.9119090710626442,10.726123728516525,5.303276169565865,0.16537683592477967,0.9368101173632143,11.124838543515953,3.141957363264951,0.11979563618230495,0.965634260490047,11.320107918931594,3.325590118116973,0.14085446920068215,0.9290126400286166,10.493027482650295,1.411639731214657,0.13980108979172576,0.8905931664270206,10.80014060804291,1.8153416178698265,0.15540937864089288,0.8642796628313748,10.506501549731457,1.406628155620988,0.195438907756974,0.8866479704840714,10.686853103969316,0.5694847716882685,0.13743051295107148,0.8707181967767326,10.48620620131439,0
0.25909702319576317,0.10955975367192673,0.866917233979824,10.900494596197069,0.4975917521135585,0.17741930100170686,0.921280803817828,10.966661302414419,0.7512599110579619,0.05898008926856178,0.7381254913405928,11.1982608657684,1.432490179359816,0.16906549123572845,0.8569360334958926,10.72453238375857,2.2536165313912577,0.13498255891888944,0.8853858412614645,11.006326984429883,2.569540573767638,0.16461558279234428,0.896889778031579,11.00951337094379,4.345202748799826,0.262683420152664,0.9096308822457017,10.657751276205502,7.137640502183617,0.23797835598050102,0.9000600686294815,10.954118089525336,4.94584933125838,0.17114907606791277,0.9428694272319793,11.010218466325927,4.199001871577144,0.24675449030929084,0.9470559724555302,10.52364453288976,1.755933317915334,0.1784204048355464,0.9361139107129115,10.95914322578118,1.3463432296054962,0.11270868303325876,0.9077844706077156,10.778991944868315,1.208138142728839,0.18814503335445537,0.9214452320284497,10.638347604154633,0.5130920221801161,0.12659053460245692,0.9391363004018364,10.568592448502187,0
0.26948664772610137,0.11933758253200095,0.9237236049404461,10.676585186490698,0.36228015024956034,0.11893251970674444,0.9444022475814943,10.795310145056877,1.1702833102534471,0.10543334113085616,0.8735441338231666,11.092737176863514,0.942679982538634,0.12548048633563763,0.9475908379764795,10.804677172842489,1.5867611776667356,0.09062377886215489,0.9257631500992106,10.951019144914378,5.4324214729914955,0.23413996183116362,0.9032412715597138,10.651597939126484,4.228713302648836,0.21871656111827806,0.9144668619750153,10.747322028018422,6.506977686242315,0.22776799265383843,0.893688870736176,11.266269721830295,4.230262854951993,0.16355470105298436,0.9698876241763312,11.2288254231932,2.9593597554235687,0.1587716940232261,0.9739408646347716,11.006568031447161,1.1376585334591454,0.12179104709349006,0.9352399200616336,11.051243700724099,1.55321024617198,0.1321348524521153,0.9235435523124782,10.876714494101622,1.2178387241307334,0.18615507342970788,0.9309116115531838,10.377389245744816,0.4042924988844275,0.10612888877485616,0.9549276282519206,10.722642011513155,0
0.5094720044174594,0.21909498708453662,0.9303984068990684,10.799129551914348,0.9171084149153355,0.30265151629457915,0.8918785391184247,10.863657666572696,3.178615491704331,0.21748105563837772,0.8898791473821824,10.997021200739736,2.9559435376740764,0.32817431897266536,0.8505479709241774,10.660952930090785,2.8033002039115478,0.18568198827450108,0.9419418853783079,10.858525283445484,4.109852487985533,0.21217460869023116,0.9256692758524403,10.545431900047372,4.090070857515168,0.23789318153364156,0.8749411585765227,10.439294196829806,6.356885374774267,0.22052635888821384,0.9323731360813351,10.760237171237543,5.564271421899157,0.19724454006712697,0.9575233959174513,10.904798823442993,3.527038851944187,0.186359028615427,0.9486180106905681,10.789188019020338,1.950611191440372,0.18849819884619676,0.9441383046582228,10.77823302737937,3.872970933644505,0.23034594884231732,0.9070875495172264,10.940906654784955,1.530441458173839,0.23224747569830906,0.9269842500103639,10.47659317848727,0.37833145693642395,0.08700324008706795,0.9631500120175314,10.91240125871491,0
0.5528326939814883,0.1990540601098445,0.9131198266796988,10.6895304998543,0.6983815120662551,0.21082063910162258,0.9535090387272502,10.967155298220169,3.071883754676658,0.21769126834317157,0.8972385271281683,10.541953054918357,2.125526946964932,0.23685544201637782,0.9108127626149641,10.716188340661294,3.0583725592968705,0.16344339818268055,0.932570265963326,10.837024249451888,5.093695221537967,0.249371203262218,0.9128057982209696,10.604168871542734,4.342212487288478,0.19370449415345117,0.862649378437574,10.816094303488429,6.538339079252081,0.21643187599143957,0.8791551925893165,10.982634667133631,6.713047799498057,0.19358945463749708,0.8895453284643127,10.808881614088714,3.9408554217390663,0.1598487312536901,0.9213218546477765,10.790705451216924,1.7807390737258944,0.13497323936383365,0.9361950286983522,10.772214623432616,3.241301004275636,0.18145253083837795,0.9257378441759134,10.696502127299068,1.5976102411146602,0.18348597548169718,0.896302819833991,10.520457115163584,0.5596826899796041,0.09840148102531869,0.9393300209544896,10.56620562933078,0
0.49068581570939396,0.1888416874439665,0.8930573376083781,10.64369732601441,0.7826008662346174,0.2235972512503431,0.9150524206614711,10.886073304193795,2.909698668989802,0.23084811993994617,0.9102522184283478,10.54844975000553,1.6954739020914404,0.21266562683544082,0.8819633208169048,10.838660779091533,3.3429524740945777,0.195641218254373,0.9262173053274441,10.571870648446804,4.179636191971009,0.23114237442489924,0.8538306150904789,10.152564139443093,5.483335650668088,0.24548715364486434,0.8727092748326327,10.687747253602858,7.85031312816101,0.24677864486761347,0.8874065015568228,10.87996905031096,9.377282485379963,0.25914619075693734,0.9027215474343371,10.524732337554234,4.922477284871035,0.1572458506926263,0.9056642093923313,10.7601433917578,2.0094940851891145,0.1399009044577669,0.8851325856295622,10.602335034548958,3.0590927073855143,0.18030271267564574,0.8996357503805983,10.619839031087288,1.6672609433345769,0.1738076350062996,0.8731933548044166,10.51120563754898,0.6565349765459535,0.11881901958517901,0.910409877854173,10.69483949742012,0
0.771300057842355,0.21114349329206805,0.8873101231587893,10.813919116273377,1.0953103576415484,0.23209225208404452,0.8609691116329148,11.108350113624716,4.350640206704863,0.30843166526858423,0.849741122015028,10.718456323004238,2.177482943653192,0.23534678382595528,0.8272675690078398,10.888612710816565,4.6273022871127125,0.20445683911607518,0.8927095002669854,10.923954730589424,4.62823951282147,0.21654119303874764,0.8856936300773693,10.485898799464893,5.822604380890384,0.2665828690343347,0.8273371541385045,10.983355043137218,10.292747797030643,0.2637126961829451,0.861016022758056,10.843798949596136,13.153098450783036,0.24372265922575206,0.8253519857962057,10.564657995325112,6.743639218376148,0.1911991886266913,0.916709497897215,10.49762810133282,3.445944574222912,0.17542726778292786,0.8707486004348689,10.698064864309295,4.2723833516921985,0.2056596373662452,0.8942032041213037,10.592387320034588,2.142213163192952,0.18265590679511534,0.8493957515976293,10.532183680946543,0.8831288581498475,0.14446477136977826,0.905782876514609,10.710227366338339,0
0.9322293420229961,0.2228565119083291,0.8631904666812764,10.558281381913092,1.0736241281618761,0.2452107595904951,0.8980676807160316,10.729572196984032,4.252332074395943,0.3025126114387125,0.8368783937734017,10.341251203727191,2.4613553331060682,0.2259015588789603,0.8573675611064854,10.728327671191664,5.5392697895024785,0.23880812545462282,0.8859279689508025,10.63171454560816,5.3400596051710085,0.21365575840342335,0.9007537735355217,10.664032010294816,5.630094427214566,0.22568137140354283,0.8639035476230146,11.047804300326948,7.509956336457256,0.22567616822294156,0.833773594332484,11.167736729341946,10.28728747713074,0.2392096712101711,0.8722252221055703,10.908238015610166,7.923861930790054,0.20976422917837947,0.8684207370151594,10.479920165891123,3.868976702896933,0.17812184168172887,0.8489966929741312,10.3968125592661,4.336431408360658,0.19866659293435396,0.8770170022311787,10.384014055046396,2.601648505884261,0.17386447779086403,0.8742383570505564,10.507597883169105,1.1902356163334555,0.14731144715717154,0.8849230559745028,10.557558621055735,0
0.7839724792942305,0.23713367101341556,0.8665179789446057,10.616407996812972,1.0304496489498396,0.24280907353926998,0.8365233284963866,10.615626061522985,3.201712365831364,0.25013365819115585,0.8514626731900989,10.517000606344661,2.1486991247471536,0.2156225202954966,0.8088755111708047,10.472764927660611,4.9483311858358725,0.2609209222495785,0.8210156427895192,10.422879771173058,6.112743997098254,0.24496203918700676,0.8614322904032997,10.690498512254566,5.1053081138871015,0.24460960123551226,0.8778683796107983,10.85760571789306,8.323171676665625,0.23756080472555277,0.8806604971164879,10.96162852441405,9.762601255542533,0.2264581485658738,0.9070253399118001,10.844413029653612,7.271242887395765,0.22692255870806027,0.8893000827120222,10.460458987476079,4.064874633823898,0.20216410706046045,0.8704859795659629,10.601609874951748,3.5476644311965213,0.19564632813513522,0.8948935931302553,10.564872791793963,2.874207267482145,0.19433034621074408,0.9028916942693122,10.660553316812777,1.1777533432097465,0.1698750791504616,0.9187911739957186,10.727832307583078,0
1.3900139096191761,0.35680944359246075,0.8312306843923972,10.481256054398552,1.3708213469017922,0.2658929669726841,0.8656497832077314,10.759899755631567,5.75468365478603,0.35631553955372103,0.7969913278960262,10.491102479043768,2.279358000499617,0.24640056222359175,0.8425803202473027,10.524507495850852,5.303574069761791,0.25770877992657015,0.8861509577966171,10.656053109736078,4.523650062534318,0.19879543448794437,0.88814837860835,10.93000144143274,4.467552420277154,0.21552824451353572,0.8584736677814487,11.418652524695121,9.234089315375327,0.24670718626587873,0.8963604466450262,10.866346018417751,10.049694629517015,0.2244757198199827,0.9262234686200588,10.943190272531892,14.807323641451635,0.3318395538916477,0.8609356979509336,10.533505698668204,13.04724469695409,0.3905526765244628,0.8158659942225116,10.511697449083728,9.033241410338169,0.34823961305268014,0.8435471594225283,10.480376078792455,9.089790574939299,0.364808087417235,0.8428330553568498,10.511062890596332,3.2281078423602447,0.32708757760597745,0.8738290097580997,10.482296879683133,1
1.0330820828816187,0.22564140205974562,0.8803055883547938,10.376063828572464,1.1430646339223482,0.23096071207334176,0.9048509974290538,10.559335845715566,4.333210601404393,0.22374107065693483,0.8649494134132397,10.262468523719843,2.425907250932682,0.19212164683475258,0.8964274606165697,10.389866023677719,5.316736355906216,0.23820982316443073,0.899840377921322,10.697661089260317,4.688933121046461,0.18773023995792681,0.8956760426664382,10.823021996402236,3.8319750470153315,0.18206363487997687,0.9047673737521303,10.550214575007608,11.878828705531868,0.2977968069836374,0.8794276121249547,10.747572120937622,12.572628537974904,0.2637334959788048,0.9130582028891502,10.859447253478635,13.57193807718577,0.30145189223942903,0.8776099845212978,10.449182914825078,9.995664367200833,0.32077146930157713,0.8676069682177747,10.277863246307483,7.282864917177638,0.22679447664843708,0.8984744425102196,10.33231752912976,6.622188550747544,0.29965513870422433,0.8946582216433671,10.312359675647695,2.468225144615052,0.23553331360991792,0.895991188768474,10.28949667995427,1
0.6898343549993846,0.1875836022697427,0.8584340476120507,10.494609056596934,1.0005559702085784,0.23187549691776876,0.9022544894467692,10.646648871764064,3.1969694420713233,0.18712649818555455,0.7572045956251198,10.416534922530529,1.8178782493844918,0.18027326224794285,0.9021197290946148,10.502577158172393,4.224620235560388,0.19308058889855664,0.9239323359927767,10.831537357520922,4.752189592072414,0.20017064549602204,0.8612278465253118,10.747508629253558,4.154247314139834,0.18465520364641907,0.8706989768238605,10.581083401190389,10.851365942819331,0.2749619735404383,0.897587370456115,10.456100298302964,10.653315668501634,0.2544482222620768,0.9248270640609229,10.462849585763392,11.199366149768586,0.31670038362795033,0.8722041674701687,10.38561573291531,8.711973210472452,0.35744509160457505,0.857224135246863,10.356932464350797,5.532367096344893,0.22069414163300025,0.8479403802341832,10.513233487240722,5.934489726188162,0.3048111719919598,0.8909543135511725,10.34860456125034,1.9774406731372214,0.2435896629254454,0.9182939812989741,10.396800118488613,1
0.6478365230111145,0.1934836949125604,0.8784526530264746,10.553010086750524,1.1940948276875945,0.2538765176571115,0.897136755667523,10.76044067065319,3.051804518249964,0.17782794951331893,0.8317523869755009,10.387726079417277,2.09687707660939,0.21545239539658917,0.8946083450778035,10.583410888369897,4.233081527838244,0.23617694381122462,0.9030312511386552,10.986371469086146,5.389079546471375,0.2287463767690531,0.8636818986912157,10.426318620821544,4.159854881744963,0.1669832685498367,0.815092123587555,10.539566106582704,10.304562411854414,0.298253429470435,0.877596410549076,10.3564586540751,10.132694207589925,0.29802806938297877,0.9323817338786732,10.250273918116433,10.974049400654712,0.3183776866660402,0.8822350670061924,10.294042079116268,8.265433206707998,0.36790281257645324,0.8424862377521284,10.320958217332416,5.415874629831154,0.21042875300748717,0.8834178012643098,10.569776233199006,5.541251253578198,0.33899694786118323,0.8566576355486285,10.379160729658292,1.835395394616824,0.25393570810392146,0.9273799550314319,10.404267209787827,1
0.47945604253031215,0.17226859542296072,0.8983458697001029,10.774420088511507,1.019851577660756,0.26622739721091665,0.9152183212916959,10.46971546742757,2.183129203571205,0.16227896763490665,0.8065842616753502,10.521286574717996,2.6841132008329165,0.2512160091183543,0.9139241531592059,10.538177102583843,5.658086003635893,0.23549606147441032,0.9306353772788695,10.535492066038632,5.346242346343238,0.21829248002987034,0.8831015607443218,10.597088139743265,3.258544483636123,0.14783718351416975,0.8658286024229515,10.55700530789668,6.775248772647515,0.22565793380096594,0.9297727844650789,10.739564270459239,8.223957365769698,0.24190691402912073,0.9268940301495867,10.400476799255639,6.4534775792175125,0.22894639986125104,0.9154908835359523,10.654833992454435,3.3035680611839324,0.22075226290397856,0.893299245214836,10.724827791081077,2.9491624989117535,0.14833478632219352,0.8431150548634962,11.233893641051885,1.8672535270200223,0.18119086471378412,0.9198214975042808,10.705684396946829,0.8479539973946406,0.16162715495732624,0.9195464748712977,10.77250247312804,1
0.4218505953834555,0.16663973998307569,0.9148034463880073,11.26770974055549,0.7413574219440126,0.28120382869705063,0.9150503483280509,10.752529682202999,1.7554745292385796,0.1424950631573689,0.8606120422287837,10.695710539506544,1.6665895877052266,0.21250706751579637,0.8912440483972954,11.002909156799742,3.5109689363684335,0.2224468099085091,0.9529861658256488,10.782793774219426,4.685776014801324,0.2606074050073876,0.8690800672016472,10.622810827855474,2.4169978112006234,0.15658067182075808,0.8933084386285975,10.922785804231475,5.780527926349987,0.2091202581199536,0.9090915044998928,10.35209036041945,8.011523670321584,0.21494195461942606,0.9024293161284004,10.229085403961628,6.868024626742878,0.256087403895525,0.9134866452476631,10.573694197606072,3.803687948620348,0.2515190974338706,0.8711580688606838,10.985966132472639,2.665395902892989,0.14150895458278584,0.8726101853707868,11.013195877749052,2.186768548485876,0.2471980217799479,0.9160869596495308,10.799333610456365,1.1824891954495085,0.22789698849678264,0.9234411152505433,11.002298927121336,1
0.5194575094603078,0.21684404043066902,0.9294367933979558,10.586837662499791,0.7808423775598623,0.23950865968522622,0.9273587412891312,10.430703567424967,2.6680555237430914,0.2417279867496253,0.8972713022843896,10.584834077824336,1.7572462150225137,0.18505558338993777,0.9284400194673641,10.746391297108351,3.5788754734580492,0.20076111808505656,0.9306729206920644,10.408429821959785,3.611153852433323,0.2096347077471113,0.8758703211916816,10.686306687930418,2.1544828662169984,0.14452784538946276,0.8500906163864053,10.956835912916201,4.7477898250868344,0.18487654151966615,0.947437759038287,10.665158230717509,8.761602206570371,0.2546379824765729,0.9282486796108991,10.383257183528983,5.583978274595755,0.22968172711931858,0.9316325719082867,10.642357854577648,4.035835873815868,0.2712785303268392,0.8909788614268912,10.577812539016971,4.881033443030826,0.2947607413359345,0.8988568891277336,10.493813480503658,2.496197696836578,0.2654050209743676,0.910103777546506,10.55023652721405,1.3673444197389237,0.2866673040592974,0.9353000814602204,10.495015374801724,1
0.7883858733856126,0.27379208736484184,0.8977643714838355,10.462320267249554,0.5964168642767206,0.20401550607647154,0.945163105089723,10.472910436721,3.9367151873203072,0.29293477612482405,0.8175711211237803,10.345057304456024,1.6265467141199978,0.18562154056032104,0.9181507323880926,10.618776518830025,3.224514678784884,0.17615338686785229,0.9129974506735772,10.405041923348243,3.3853360469723848,0.20342938742100092,0.8514589219753559,10.85718898376134,3.3251504008980994,0.1789773437711159,0.8905671435424056,10.900306040142869,4.121706295695652,0.1607468458325572,0.9522991262661805,10.65090676530641,7.134852034505403,0.1953199692161256,0.9264563768970627,10.397147547687778,5.537807741511224,0.23105236747389116,0.9196554912333227,10.782224596017967,4.672625206085436,0.2755128778564712,0.9065578861179375,10.690410691969921,6.802708556796891,0.341098750493536,0.8698482415407139,10.391604739794285,2.3522079889848806,0.25903717303075857,0.9248941552560079,10.71281156295132,1.794057709863811,0.3278291653880079,0.9000044171342944,10.429574086887722,1
0.7163383124196057,0.2356907040182174,0.9161452180244737,10.785533395016827,0.46385917713289077,0.15810286093362133,0.9452047689677063,10.951202083771408,4.08695653444689,0.23364119809587486,0.8760065238439956,10.761167128896803,1.5960109771620141,0.16020902657418098,0.9034673256943385,10.863127284145135,2.42957721058555,0.152289099855342,0.9231275760879067,10.814122752171057,4.190293416326043,0.22938279763209293,0.8637728385387503,11.23234893794057,4.953911981565523,0.22911193136993327,0.8418666009325857,11.41382551186502,5.8271287852559555,0.20410411798026543,0.9308395211609188,10.621437328845891,9.441931502767844,0.2108305017577265,0.9149844571609597,10.488346250596015,7.959869741884275,0.281833318071734,0.90288079665805,10.698832424638523,5.018507532600188,0.2962099111263354,0.9032406721281725,10.638524079119168,7.040940191739935,0.2876040965993024,0.9041504488069315,10.664725057181565,3.550210784130153,0.3243301524410224,0.8881505512491068,10.642735974918747,1.8964731638122534,0.31378999702095134,0.9059085367723724,10.588208313799283,1
0.7993257096264093,0.2399444119986037,0.9147940404218002,10.874864276630527,0.8911491623854133,0.23836578042916565,0.9011916085176992,10.98081189110477,4.603519845386961,0.22713679731851627,0.7906426236742417,10.458988172659643,1.6823698353573546,0.1792159662178897,0.8647598197413632,10.830030252328793,5.555651043504068,0.25126232352935496,0.9021022923170494,10.670514161613397,7.951419443022866,0.2931232820951555,0.8540562525968592,10.904256631237304,4.763630212629234,0.18671023855967048,0.8609892916116177,11.273053311122878,13.197553441123144,0.3153179899368295,0.8364299574998842,10.83846190954656,15.537012168546234,0.26919161473230113,0.8781281175631579,10.760707680181085,14.677960541421944,0.3570301860079782,0.7848173379740296,10.972747972654686,7.925409021247966,0.374404050280117,0.8317471990446017,10.724709802139284,6.718610881846741,0.2745813908196896,0.8994149350182427,10.688206504597206,5.411433210194193,0.42246569855212607,0.8155984146567121,10.59784443596931,1.8323084344192953,0.2956964536684091,0.907145035032288,10.563561949126264,1
0.5256507772512232,0.18449683533021272,0.9110886722297142,11.011119369512976,0.7235612514865235,0.19994071269800764,0.8854830966776175,10.764476710487216,3.7677743239551234,0.19490992102706564,0.7772437232950531,10.713859728147161,1.4260374094321984,0.12858039323705991,0.7540225797172234,10.862749777240873,4.550187546200368,0.2290549922421945,0.8513317064893903,10.518944798398405,7.332888570077971,0.35455715421937456,0.8543180790509605,10.596883965792195,5.224240200776935,0.23217309532437516,0.9009224998742548,10.756927024968416,9.82469711127677,0.33571523366255196,0.8699913789919547,10.587889997689832,12.967768502895295,0.2845262232035956,0.8820363605445198,10.666946833981626,10.49480649057442,0.32197322762041297,0.8454188661569206,10.682472573428946,6.534519948106826,0.3602867095110721,0.852751862156253,10.643340288392372,5.5694887460125955,0.23873130624458597,0.907985361454624,10.729590195729141,4.573881574524975,0.39202551889820725,0.8330512253711376,10.55784291366982,1.658209419645617,0.2838883539826754,0.8989628414683486,10.704079846153839,1
0.591796822743939,0.18857698075259954,0.9022531573935189,11.149666062178778,0.99230463490389,0.24690299291942466,0.8641598050683064,10.900064700576715,4.1507803259181175,0.1996884428579686,0.85442871381054,10.829525215298823,1.1303654843709718,0.15767993973914396,0.8597315985281095,11.173119437269468,5.366294567401344,0.2867921707628043,0.8551552567712337,10.81525233716536,9.192438820669574,0.3251000803273407,0.8876277615257611,10.617443798254397,7.0300016807421315,0.2746497492970673,0.861831990954215,10.684768936557898,18.198865583283773,0.39039340981524984,0.8535830552778806,10.357922898745988,19.41232563124383,0.368038894597385,0.8717689014948369,10.368163417235555,15.486769453730654,0.46402837139097225,0.7615725371775861,10.410500752555041,6.825296526172244,0.417198917199813,0.8172034168189052,10.459179750631609,3.865301949236525,0.14398537627270205,0.8708779871294774,10.88087331557254,5.809298216868008,0.46082384736483717,0.7761362115451835,10.446663962083178,1.317248496796565,0.24969648793649904,0.8955977667433281,10.68389287587876,1
0.3737614957710179,0.11195995685869152,0.9226528145122261,12.047563678250294,1.0857829527913272,0.23804978789573988,0.8851679521515464,10.758510391773491,5.193360262547467,0.21639028838265711,0.8933815581583514,10.586647790701626,1.0676164345100498,0.09932929133431001,0.9060754527001061,11.39547746010345,6.762405737545083,0.28752883278149755,0.8387508078016787,10.539277341091863,7.720936437704059,0.28388907639503147,0.8824530670074644,10.617535558252547,4.538579540259998,0.1941453712920595,0.8054188670421906,10.362595252527443,13.870269931331446,0.32346152992978344,0.8679662982653769,10.389137363206302,15.12853038973037,0.28495159444153234,0.8906230063246268,10.451610538565857,11.46479877136846,0.33859748294503206,0.8262722650699073,10.727483954506559,3.7796351970966247,0.23098254684876088,0.9102344908168657,10.93698807973175,5.39724490271776,0.18049524375011095,0.8987037372666155,10.82327412542211,3.0057679867312013,0.27412954446381377,0.8988298101507641,10.767367895697426,0.8671781541507,0.16900157454642975,0.9364636007146937,11.096589719524278,1
0.6251768196695242,0.16278347069755741,0.8801461351324407,10.88284332245205,1.1316101252008706,0.22365415581264367,0.8352767179850146,10.54855172023074,3.915694018511943,0.18595720184572953,0.8624550934461758,10.610426717765119,1.077430495962675,0.0944706967323349,0.8232714363560726,10.634748016720755,7.438576564329626,0.2614023140843834,0.8187341324717475,10.659336961671903,5.043034761363082,0.20489587025045408,0.9077151756938282,10.987053099366998,7.341638232898203,0.24963215997682067,0.8637502758793955,10.47450615614653,13.452495267441972,0.3472357317905462,0.8660222125665923,10.409314556316408,15.865720131037532,0.33490610459686193,0.8815821918571752,10.479488600924926,10.558510303369719,0.35175743827276995,0.8326365325631382,10.394440626104572,3.4199705473324564,0.22023342808986168,0.8770678988352274,10.50335125660448,5.619112535598821,0.2062278262966321,0.8626521868560599,10.499018916542756,2.8553620788887626,0.2218123904190279,0.81940034051485,10.524463465438217,1.0599208077689268,0.1538655324575856,0.8800206302517142,10.71144579876826,1
0.8061301417536924,0.20423845666827772,0.8686772162513624,10.581448496927706,0.8782713424960144,0.17807038631088218,0.8435600061161205,10.73664463149311,5.587235373045335,0.2757143451677756,0.8742400122708278,10.344799744872933,1.2199541238343734,0.12063799546279255,0.8697373099942307,10.633813353586705,4.647522094873466,0.18594690358702765,0.856728393405263,10.805720547279979,8.204442327078247,0.2899171188669219,0.880320798880653,10.706096536452902,9.635658323968771,0.32310667116730546,0.8577957213321111,10.411887917904869,15.836702332971786,0.35265120270723055,0.8506811058782019,10.390588770986337,15.910644554167956,0.30671293333318267,0.9070309238346158,10.528899730959452,10.72834623540231,0.34672273622078403,0.865487183650666,10.34982246425483,4.8188511597580055,0.27339270009559236,0.8544096107694673,10.304663777194547,8.484912368643577,0.2931201660766202,0.8718872820491844,10.42663658848554,3.3943282234502963,0.2240968535472583,0.7535357003211914,10.318149172690598,1.9498857388161035,0.22583197775153824,0.8748691227223752,10.473547653723898,1
0.7865888380180103,0.1738737683713701,0.8262995043217264,10.561993050624967,0.6152475544499425,0.12386336224372672,0.8590058351463554,11.007375877332072,3.0524762486558115,0.1916765301213933,0.8535167062154233,10.30415037658601,0.909268065367449,0.09342460426866164,0.8326300652318742,10.67916716377592,4.877821332243194,0.19082575390481787,0.8927070633122307,10.747068367562834,4.747598709137486,0.24614894247744912,0.9261015525813123,10.851582008397594,8.01312629058681,0.2999467436580925,0.8387139507208845,10.408006147736698,6.295211751821764,0.25836578720764525,0.88845910666947,10.65608522580609,9.813086725059412,0.2844960780535245,0.8869519852788629,10.81983940293332,8.05440518998731,0.2871195514140397,0.8790343194437527,10.621071184935477,4.833110436154791,0.2200337839756118,0.8346271279816214,10.630941284629312,6.778724058880924,0.2742685691477695,0.8452975204680461,10.537517473158545,3.9703350558641493,0.17698972953604555,0.7164752843978249,10.659427028345815,1.8006601152105977,0.16089378051145842,0.8473929633691634,10.681484017140656,0
0.7304113055638062,0.1988223413934689,0.7408108664101392,10.286267602290655,0.45886253816216027,0.12382891063556528,0.7722138616711482,10.761543904618192,2.1041879294198393,0.16684719220871766,0.8307585566655099,10.31993569334861,0.7822710544175164,0.10913964522392376,0.8661512702607918,10.825110652169707,3.7029727808706783,0.18419298873365586,0.904199844139183,10.676707790846184,5.521893581614365,0.2926923541095302,0.8743132574040865,10.819045700336437,11.047853629932677,0.3701981046004475,0.8264262237756796,10.566137723909776,10.560265391054024,0.3098056886708005,0.837007610628297,10.957544636330086,12.876724626050999,0.30666525668043815,0.837968780408082,11.063270289282812,9.167650974574544,0.33556143734318855,0.858409541562371,10.582958621672018,4.3803529089146505,0.22601083334639296,0.7823498114192895,10.379551157574253,4.733042004539055,0.25046301473231575,0.7870447052024059,10.4095539442342,4.010614933306834,0.19428800513250039,0.6777783487988791,10.49724071977069,1.804036297274669,0.18044435949944293,0.8071231469012305,10.484626262342735,0
1.3875905692604218,0.31165091710081144,0.7451154419752167,10.65434467090359,1.6102964808506637,0.25574628238446906,0.8269752377138856,11.05533359193193,2.879520120686524,0.24312618609640427,0.8604532299587978,10.560111686693729,1.478069347135433,0.17691349587462255,0.914802495778831,10.947743489118658,3.7675397366184793,0.17453394236947342,0.9214932219416807,10.742339167224083,4.381301431984159,0.21560288971732547,0.9078522993185482,10.888422115031087,8.456701792973128,0.3537660073148366,0.8558956609010526,10.415325257029144,7.175836454140828,0.26903453962801427,0.8652763220617548,10.534115956094253,8.283007990578806,0.2626705919514896,0.9048275073611604,10.698755793216929,6.117562267074655,0.25163892172242835,0.8972461520668806,10.754077126027832,6.796113432718532,0.3031399722213643,0.7549464674422178,10.642422149486489,6.090084926248301,0.25403779385580355,0.7493648833672846,10.651586837726018,7.524780562051726,0.3168941010614749,0.7052737066833629,10.621278679916449,4.0386006250378506,0.2953637341238888,0.8116203913481387,10.622756328145206,0
0.8476981423517037,0.25662565784903646,0.8259481236525279,10.670559387731531,1.2498221788424213,0.2655825635799444,0.7717064144839256,10.735357321783694,2.132477548601379,0.17841824960817396,0.8849065716889835,10.764981790220816,1.5595718495900253,0.1984812157573571,0.8664717615081954,10.834940697547028,4.948768769784651,0.23660962207368597,0.849547715276102,10.58342378284521,5.2127316856330745,0.27144709326578886,0.8908723221826277,10.274719061572195,8.169802903363617,0.37502511131338545,0.8411568476684921,10.25213178862441,5.268810900349579,0.23046832980628112,0.878865015424793,10.687380967471201,6.5428330022449614,0.20970033388660514,0.9317915151539665,10.877222039184334,8.567057990977542,0.2614923710675334,0.8609945287162616,10.739598057005212,9.742695797561902,0.341585654637035,0.8129672267667385,10.690664789262247,7.306584732575442,0.2790789901672739,0.8122611321399043,10.638266676564507,11.218780994164923,0.35649336900819223,0.745842083180915,10.77234963397931,4.521216487992357,0.3342683614417625,0.8091106285188144,10.872211003613932,0
0.4949749517879193,0.2020943007932847,0.8886698338691278,11.002267427371462,0.5837558957526208,0.18130035599426533,0.8930205212408393,11.030869607462066,1.9889752452728353,0.18443572590306884,0.9049319395211507,11.178034409358393,1.364422194294679,0.17998218511364636,0.9201765373269486,10.965143441394757,3.5804742423807077,0.20096057525946015,0.9074276544414791,10.801481519132768,3.504200814413348,0.19757831925922517,0.8915410246384247,10.356751842735317,5.343815769952557,0.25807815042129717,0.9335302072237567,10.487795423258378,7.221339303267278,0.2364727565639118,0.883068929106636,10.714960422645683,7.37840257896112,0.22449389498791308,0.9240611563719602,10.887889177264165,6.8720356449251625,0.21979882229095984,0.8856296800113882,10.96862765627268,3.7271447273634895,0.24951343905312406,0.8766555213237361,10.710939916467616,4.192449475895101,0.20218728971665403,0.8007468477262155,10.712136225866733,2.391065271379677,0.23947542252407908,0.88108711017279,10.753593760721216,1.2138983238159917,0.21459309897025344,0.9202698725558726,10.772491666923802,0
1.2442233692269669,0.33738425492179874,0.8388073776186306,10.602743323476123,0.5083404643317135,0.13011649659875407,0.8792163543245325,11.410054428015803,2.9856504059058264,0.25042941982564904,0.8854099180541143,10.780892931109504,1.3976358074084319,0.17030355070185035,0.9184749983044828,11.13257498324214,2.986520117573806,0.16378164971281906,0.9129389206828478,10.757660929533696,4.332351045356226,0.26388848389927155,0.9101980779725098,10.526583675176454,8.098826279595828,0.35684391689391187,0.8455009989953066,10.480497644309827,10.082283925262873,0.31996906859169105,0.8524872187173692,10.675522824625569,10.670180828906133,0.29948000676723424,0.9129424478192639,10.710582837142884,12.833578955671477,0.3480180218337935,0.8414540169038314,10.612501411423269,9.664657141686689,0.3937403710590629,0.7925699663605503,10.659717430132613,9.453798893963986,0.32962436189572775,0.7774973836670194,10.609676290720689,8.066148248544962,0.39758238799469076,0.7985828444177385,10.595352545208538,3.4916919551506895,0.3259131389859564,0.8292434869539376,10.824861221782252,0
1.1800559219807756,0.3259132389546838,0.8800019525781038,10.491267504646327,0.6336520309043662,0.17043473286498348,0.8991924264130902,10.725919057989485,3.2686832656614415,0.2929860318725492,0.885602348581386,10.74779605940086,1.3861524833378924,0.19701146804280886,0.940672668689957,10.896672042796776,3.4901334094528824,0.19375700149960073,0.913959518690991,10.354183773854297,3.4731940756951425,0.18843058923831985,0.9279003103729148,10.54456934302291,4.886600788600972,0.20819280652353211,0.8881793241696005,10.852944472318777,9.919191006618275,0.31116783801989173,0.8554167722419678,10.965804381676291,11.021983245621081,0.24315232979568296,0.9100334051446584,10.956185352684518,13.708599664605718,0.34216044322366024,0.8523563670085768,10.570460628429236,8.00989719485251,0.3987370717177808,0.8239071398791799,10.46233752184407,8.22935969019085,0.3436575984656557,0.8494773619580945,10.375950672463988,6.308865002914191,0.40280049849970906,0.8150616850809238,10.392033491529453,2.9411934101958725,0.36273573554823446,0.8470984755505154,10.47496849965915,0
1.1682136607767224,0.28835625571937673,0.8873644663473106,10.342281581016945,0.8758104653531028,0.2169146903954925,0.9443280120949727,10.45955443737748,4.081345151530494,0.2321893553765761,0.8134017653060766,10.648657642620057,2.2512978172410447,0.2044154101291893,0.9367380778347982,10.799232067988722,4.405626775792738,0.24290873811588742,0.956460438636222,10.468639406646378,4.420351057660931,0.3017800387246691,0.912388912742467,10.497972633940552,8.921326762554456,0.31328519584394166,0.8514211813387442,10.624279938754105,14.216345995790126,0.3452958718661946,0.8303913000521465,10.70191113217693,12.246262933848826,0.32064699668854724,0.8918345096917872,10.6097437671898,12.224090363097629,0.3472873249362965,0.8857846878745009,10.482934176440349,7.264097178736731,0.3610971099454303,0.8651149059392262,10.385172696341673,7.317000285284085,0.2829431681676801,0.8010148737360566,10.327426143379851,6.05490075096707,0.4144370812835078,0.837228013079316,10.337024074413332,2.5993127250644266,0.29581400735152297,0.8767521187742229,10.463772221578497,0
1.270536083252602,0.3070409546425035,0.8660908531817706,10.240798082862405,0.8432595785676246,0.18700628443694753,0.921675597515821,10.868864817443207,5.25431756289739,0.3155351146943062,0.8265677788072788,10.400184962170194,2.2764257806163206,0.2224171301382191,0.8718002876969634,10.614481298434931,7.0251313936615265,0.30676115732559656,0.9009589016749805,10.518870967001755,6.960101421867718,0.3548942846085127,0.8913160997370727,10.455412327421405,8.606036411286714,0.3361244424397208,0.8352435072983321,10.36257444214761,15.863904532411397,0.413070868597401,0.830156903668315,10.468356203356265,14.663091561397115,0.36786236729796823,0.8796833847719863,10.43650918652948,12.66446343504165,0.32731271264240286,0.8941862878211204,10.379657512713544,8.09705579349562,0.34914845716531856,0.86499085765836,10.536372653686124,10.33097650935996,0.3037780125064814,0.8490449422158799,10.274301352781707,5.899856404636871,0.3702867680330115,0.8563206811431382,10.396178913796199,2.4432081926255003,0.26584647297002284,0.8987325540239887,10.434393464041277,0
0.772299040045989,0.17300408817900834,0.9287347127448977,10.567204390861885,0.8720219258541729,0.19216049250198602,0.9207634161987254,10.827894498940182,3.23088461857871,0.17065675686571152,0.890082153690657,10.935485358850539,2.11981524796652,0.2239378362322138,0.9007963226869268,10.811938975066917,6.472312979140953,0.24268331210417549,0.9038570334188871,10.45882710602189,7.373328953284284,0.33004707382488874,0.8992944456366385,10.451709418389067,9.890039618278173,0.410071628014032,0.8057680109290247,10.411335148323932,19.206916234195038,0.5375890987169657,0.726924233636295,10.145585814974346,20.364847288407972,0.48569752009073364,0.7591011868074211,10.134012581027418,17.7034822399282,0.37535733940458615,0.8591687534584116,10.2064552899208,5.908538613123539,0.33617276903837967,0.8880643132671513,10.341297096860353,10.415065441045693,0.3473440053222973,0.8527572938046525,10.255437709386307,3.3637323748292736,0.27283875370656735,0.8978481874900184,10.485119240463627,1.0869947017999335,0.1744136053771332,0.9348590445415068,10.527904924763185,0
0.9152496422604708,0.19623244064954334,0.8830673973633911,10.837523654553857,1.5996848525448812,0.25743710121297186,0.8408690084098409,10.721038857669663,3.8551452450107937,0.19593280701221197,0.8494853604801627,11.112989709412838,3.0587114479287543,0.24234353612542406,0.8126256755683672,10.668595686950473,7.953073657061454,0.28888000811040404,0.8531787461645335,10.439562049324428,7.974617108638467,0.35747600089629933,0.8687121908540593,10.44416739202387,9.881892735578282,0.4257736628299526,0.820687360560949,10.367390323803184,19.545383241186023,0.4861849685191892,0.7644564082917636,10.22139794412612,22.99513330473072,0.4554248610196335,0.7951935215769418,10.246920522290699,19.03218080808577,0.48027806031067716,0.806564481224305,10.238864185537377,8.64894695014576,0.38141578815981014,0.8614694034606851,10.477374886143581,10.016327347434158,0.35010479686713636,0.8345724774580399,10.307987788940814,5.153022349260389,0.35688702773613573,0.8409974767371384,10.595822161292428,1.3814683306563669,0.16254085799256862,0.940863701634723,11.256284534866241,0
0.8757779111197617,0.1984477777381347,0.8647971615052441,10.596945654320843,1.5042923036752371,0.28684643479716976,0.8295536657585056,10.43438046520432,3.6574476385859227,0.2092352098991188,0.8612904516648248,10.866026721616894,2.42031777320112,0.24274041127616197,0.8057512375028061,10.588585496330248,8.542531040570406,0.3103162461656871,0.8441791948135516,10.26492334659995,6.29927715628898,0.26644723864488395,0.9054266026291397,10.63560997074091,8.923214980936256,0.3786800470080268,0.8623481293751313,10.413692182504365,16.87970273514662,0.4616122059804313,0.7776489856423295,10.199145635260791,20.58662437894524,0.46227834833865256,0.8085711772578132,10.224599351404294,18.511056901792298,0.48483513270809847,0.7909587116758809,10.155911339513287,8.688977163366015,0.43389228753033027,0.7878094960277453,10.242749912693137,9.775829882220457,0.3602992876338403,0.843132506620879,10.296911996486596,5.205720515462805,0.364469325677708,0.7975547082675644,10.276876253391332,1.2111626999229919,0.1632503195140627,0.9108551197723707,10.702790410356618,0
0.9213066326753737,0.2156223519870068,0.8738684167706398,10.867438039895552,2.3198106249936425,0.37507796118596315,0.8332106476792805,10.430927000676583,2.775650576004993,0.19208375505456024,0.8665450493384431,11.134517968164335,3.2275725205759707,0.3132497608752271,0.8010788626988035,10.606070004882673,9.941314711353659,0.31209325937692467,0.8665523334017022,10.449380727797507,5.305441349856302,0.22637966864040332,0.878997510499646,10.611139424420404,5.179079743555986,0.23283877687516036,0.9247220971683272,10.860872485426636,14.270491550274599,0.384162665057138,0.83558096436867,10.391770696539064,20.046555762189183,0.402519983679264,0.8396124039562252,10.362788915109872,20.133622889676165,0.4273611523073937,0.8009901170182182,10.27811700557991,10.6267114105347,0.4367989095229572,0.7860442726011723,10.418945642076086,7.30637523299512,0.3415944326067872,0.8742037196080986,10.560691911801412,6.050147780560737,0.34515644976965004,0.8154876465854868,10.408261201165914,1.731684922558254,0.22812632004039038,0.9013358857489334,10.924021991461805,0
0.967760805831106,0.2599514440178937,0.8673387428312158,10.628897771449386,1.8469195246735532,0.3696516262157003,0.8466841174600476,10.520729834107007,4.989947558147873,0.3109607764348236,0.8205730067034545,10.616449050289301,3.063944316514246,0.31703075328912245,0.833716520754563,10.597736146679798,7.538643034589932,0.32823622851880857,0.8728152486621796,10.456315786372521,5.563362260782024,0.21418396707366374,0.8797130512168582,10.723786949031023,4.580887994601343,0.18781636293039092,0.8773185247140536,11.24846311751026,10.179527925896767,0.2328827246310785,0.9185770091085927,10.699010961024614,12.443738567510826,0.2467335435660145,0.9351248999508226,10.760484437357398,10.72107752348294,0.3324318213611116,0.8847937393667843,10.56732158428898,6.249786513775678,0.3669600570192974,0.8287690198090901,10.518747671226114,3.714134018268893,0.21284449851801135,0.8958536539009095,10.88457620281628,4.391511708126767,0.34221775365322765,0.8548466006578691,10.459582178338064,1.5326664042595088,0.22559605061914703,0.9386181657439965,10.896326297680229,0
0.9798445510656297,0.2543777436408637,0.8964614559433791,10.5948052312846,0.9507196025541018,0.25823039627754096,0.9248004400174856,10.807038826683712,3.9027045230902755,0.24724245599576072,0.8238781413112213,10.883421379061595,2.763241942853518,0.32395648151402673,0.8714229228180665,10.77710712626446,6.302707055947716,0.25961662614117204,0.9192368449986225,10.475456569497664,6.665028803840392,0.23870828934052427,0.8962401112123933,10.848904339436222,5.518571358195148,0.21149580487755731,0.9230970457851476,10.90219413331134,7.850156801425847,0.2897246904207072,0.9053289240205572,10.50200553948132,7.869612902173904,0.24016920613473366,0.9430358708778214,10.814295271290097,7.206957278382006,0.27497953006942427,0.9045791786211683,10.69989702220019,3.2587931328685285,0.22629475162389184,0.8968202578525265,10.916932803152779,2.8601362606465406,0.16571416869403868,0.900647697389946,11.324162947460236,1.8492788781472096,0.17143167464167927,0.9271660465146038,11.00669412078846,1.0727535416855432,0.19227519591077671,0.939805484836487,10.75852126513152,1
0.842417886925818,0.20856662494717118,0.863066445435788,10.647273245436724,0.8203706585191535,0.18539554745748393,0.8640751542387775,11.102193402728647,6.514118124318342,0.28720370300072234,0.8002942205318427,10.92627148817678,3.0967154349864288,0.322648689430405,0.8555425801062948,10.731382176767404,4.433254965102128,0.18211441209174725,0.9054995718223916,10.75259151034949,7.562156918621622,0.2897835945790087,0.8718968825710948,10.772632198388735,5.619533713121722,0.21030035139667982,0.8607547612522705,11.366565304355984,10.386672803261629,0.3460846481358357,0.8781657394219852,10.392932649860077,9.529322005612272,0.2803375398180912,0.9283382184876875,10.729757920436159,8.17022806907256,0.2700384334612625,0.8743528410842647,10.944311984400782,3.167717567077678,0.21323985383648794,0.9024276642811254,10.993009721729718,2.922651145148717,0.14723652442386687,0.8859231638749041,11.458328718415368,1.9634763493879475,0.16170909941687844,0.899196927524773,11.165779135034768,1.0946344800781058,0.1905311748239778,0.9174621780732147,10.953952627138685,1
1.1161849702836564,0.2963198680608458,0.8425414237347608,10.557033647828769,0.962697814365698,0.23671423168387462,0.8654346409691347,10.722516530008042,7.398146212543473,0.3168511224022443,0.7654005954561073,10.751301001519924,3.662069717646021,0.3491574286909127,0.8449325450537343,10.749601199846873,4.852302350579223,0.21574947661723665,0.8925993410408798,10.589299621859737,8.63858793728374,0.2704902202883279,0.83536611082261,11.190249500362828,4.951806739135497,0.18262082520566172,0.8174831020331327,11.664208071172872,20.06994305294447,0.4108003846750294,0.8252221892990694,10.380890994575788,34.69572609271768,0.506298109505196,0.7436245697725442,10.498160908027344,27.742430528378684,0.5354557007572283,0.6936110134340667,10.454369371547347,7.45340036036562,0.35149597417827333,0.8138999983840427,10.46346279949989,7.9656421454754245,0.2806773370634298,0.8137532509079226,10.85478441720807,4.101627787639477,0.302873191146983,0.8092302279175271,10.723130204839062,2.105100332533062,0.3124227740192044,0.8643630673872753,10.567478394131458,1
2.722340653185695,0.4554135202293933,0.740775514026568,10.605359515771704,1.1438883513191596,0.25994755555498933,0.8409661607990263,10.941546948804623,18.913227519543796,0.46452531615197057,0.6922249472345403,10.686966550701012,6.0032999702070455,0.3681996077991128,0.7605427867280959,11.013686161424541,6.800832498457998,0.2753209117032351,0.8869354794644905,10.683603948873877,12.404496880065784,0.3637959843666157,0.8158259699826741,10.818448335263184,6.976415632726876,0.24989979237469265,0.8809716990275563,10.724839532782987,11.000930738544152,0.35176511014767026,0.8347109647373417,10.221628127714443,17.13813149194,0.40409072275354985,0.836203418738956,10.362566827642073,17.271549170679773,0.4789035072436868,0.757338789542311,10.342715556437486,13.161292044734537,0.4957704033588184,0.7237434682134298,10.443896450162358,23.382289939700772,0.4898952802895291,0.7089384627273713,10.533249171392987,7.039424517122955,0.3999227736201292,0.7476881553214111,10.730416344175792,4.408143708344712,0.4285418680481707,0.7678476293695832,10.629686269631488,1
1.8668956451784098,0.3875196374632462,0.782016628417225,10.584593307367628,1.450244574215759,0.29354224988862143,0.8680435756564971,10.631970935209695,10.212878629549836,0.38841372536305024,0.7531133062409907,10.703004155630996,4.195950861771858,0.28808436337251386,0.8484784494486631,11.063693729849161,7.7576073527640075,0.2842901116638757,0.888085023891471,10.692167755729994,7.113374126957199,0.28973892314389127,0.8662934048403618,10.906234789177516,5.485739895532469,0.253349940161954,0.8879664711872431,10.77405587321203,15.940231924008629,0.4225007139531968,0.8173354903901354,10.27652061315371,20.957059615613144,0.4167512201959589,0.8423745696697088,10.36068946822998,21.54137532677834,0.4718634445003288,0.7700408931152073,10.362984317387435,10.52946183132739,0.40122080949073685,0.8263084860040294,10.493590365888261,14.914773491982244,0.4068119533178824,0.7685368360349446,10.61606967864782,5.661649224431973,0.3305839805842392,0.8226301321696269,10.724566086794548,3.0224753654940404,0.32350481545548376,0.877576739473021,10.662889596178374,1
1.4634917303690393,0.37741566672597493,0.8140443665551881,10.525319935508726,1.4247011869738866,0.28171228905496637,0.9090735623609925,10.571249681872798,6.83190234163431,0.2958279709278045,0.8160561970279038,10.862184293507022,3.1100367106514692,0.24241400472746327,0.8653214937130644,11.350105050505725,6.326808154752383,0.2652032467505042,0.918282178270342,10.366862168482758,6.993342271012341,0.2700810039330815,0.864749731416122,10.758908749075257,6.4067460564173695,0.2506373142229481,0.8672600021288509,11.136616483430254,15.190788261682219,0.42121699001650975,0.8040324459014647,10.249844110871805,18.231097555415943,0.4252603433307492,0.8275637795393587,10.302078516869392,22.312777795049115,0.5506038658315174,0.6939386084881161,10.255161190308879,9.998858126151315,0.43536307107636796,0.7638052656167709,10.497717378562808,13.492792727354736,0.37754290692819925,0.805344262768282,10.56880215543396,5.426365752317932,0.3770178125412057,0.7855003927468912,10.59065693859682,2.594172141876554,0.3465099580705685,0.8539269458108234,10.571724911628475,1
1.4150688506526352,0.3710823577550438,0.8073902632407152,10.546480299825019,1.381617733169316,0.2706808893325266,0.88660793579352,11.03031515944926,7.622927281122565,0.35028980304548635,0.8235268550055085,10.71443191646513,3.1504269999611205,0.2629979664206089,0.8533858119171915,11.207329997555451,5.30877322151334,0.24043948588470312,0.9237870057656747,10.725066531554074,6.1942992210348,0.2607067091035305,0.8598364317903368,10.63221941516133,7.032109912804554,0.26673534480348005,0.900453535066799,10.959360310886392,13.037642124439726,0.38938980474524076,0.8282594837769875,10.47129313607297,8.925500755326308,0.25820169088628464,0.9183616335718562,10.40207233017389,11.312823549055288,0.35851201475458283,0.8159204805715465,10.52741341171162,7.254389108775268,0.36215644612679604,0.8272611857536049,10.610848700514204,11.156752471222063,0.4059323727197492,0.7916245724225847,10.564808551685449,4.02456643762953,0.2989214430741781,0.8168655784660007,10.697563732909183,1.9811591081835926,0.29785935983409856,0.8703102403570541,10.719149928084256,1
0.8653395141062039,0.2811212429914279,0.8445866129308098,10.515849771241449,0.8872686802333252,0.18749248256585302,0.9055741289229726,10.8843133515946,4.320841688990718,0.22850584052136214,0.8545623529895141,10.549098856612568,1.1447838940994872,0.1252655854447681,0.8991362674195792,11.027089176767982,4.366910774367929,0.18055049153631653,0.9090882236309007,11.059181203364014,3.85461541326639,0.19324251865507414,0.8610782640390867,10.934125323227478,4.600884055285674,0.2343395516030806,0.893356651225541,10.909919159966147,8.476295228307649,0.3332340116967074,0.8887337973897781,10.370183694562341,8.035027907549962,0.2739903628382495,0.9218403158897597,10.41441571771487,11.143991800784157,0.37948413643219164,0.8095135049671601,10.398487510482036,4.990067131554086,0.3132906773027647,0.8683983368645898,10.544282229458956,5.542306786556759,0.24941987743015107,0.8901070610069816,10.585151569650662,2.920392041063885,0.274664478756357,0.8513717941855622,10.47853267871463,1.134093145170279,0.20626706858894345,0.9258570981730404,10.81378329356091,1
0.7842993852587365,0.24156991392281854,0.8716370727885916,10.872643501136029,0.501804826959401,0.10229095064579022,0.9249678344605253,11.42533182701719,3.265802297094912,0.200697464185737,0.8076900024191852,10.726555193869451,0.7811836054648249,0.09951210994492407,0.9095044953369873,11.168331066984951,2.5310925860233353,0.132085973815488,0.9230640258648148,11.415181440081414,5.497297414300236,0.29691053081767776,0.8490087914396883,10.544556396208222,6.05671729682413,0.27654202517891596,0.8043387349090103,10.922302600086109,5.714169649800218,0.29346720553459804,0.9003303368727951,10.601036135716962,6.9882768485104485,0.2700604581551858,0.918101095715376,10.548822010806283,8.079003400278157,0.3146755389607878,0.8701223892491292,10.67914833357288,4.596239006996078,0.3046055123159102,0.8531591641886005,10.731121162757647,5.361209473561221,0.266326626246906,0.9006163715478072,10.770127263550375,2.801475603821074,0.2426926980106956,0.8303835954775874,10.97414817797469,1.5224747305835493,0.25066744174846645,0.8859440736458788,10.975908054996705,1
1.0093795854024772,0.23147000457544903,0.744993589016375,10.476996320385908,0.7970429280610357,0.12870861728612829,0.7603143529770218,10.986980229108624,2.7047578417234592,0.1502832759831344,0.7307900047945763,10.571786976008894,1.076122793147279,0.14251511011379275,0.8917228797830921,10.945049550916336,2.3372228399476946,0.14492711856530346,0.8869021898140084,11.374137786594915,5.60250053556959,0.3106552949254442,0.8728854704170149,10.323067210355832,6.887203564637929,0.2546413703452223,0.7263545737417619,10.384652144469568,7.236298941079463,0.245008511077225,0.8605702365643378,10.69165347908697,7.859791420192172,0.2634359153764408,0.9152798916115984,10.564596539009882,7.087792516544408,0.28200596257095706,0.8112727757404633,10.64951130183993,4.782688061115495,0.22940435904165088,0.7502084597868358,10.468734852344616,3.956109875174811,0.19496459506286662,0.8250894607065795,10.58828234481686,4.476912870133321,0.1951608826133809,0.5789093498362907,10.371443959986054,1.8484402163471203,0.22753566156511917,0.7604087898461045,10.463558643991357,1
2.2214506676148766,0.36505507165399015,0.8080096969036943,10.441968937871668,0.9709868776265044,0.12533373190106972,0.8225472956622429,11.139263900245044,4.957218699225196,0.2531206525083693,0.8378814781827701,10.411964541868041,1.4723605150057129,0.13368563067629022,0.908051338777049,11.044590891551739,5.00386557999385,0.2039634029525465,0.9338432495729024,11.001914766687491,5.545276532291029,0.3000169050367655,0.8620499628564319,10.324999623195358,7.105715395857828,0.2525265170806301,0.7627297023626661,10.344427036679944,6.965281773343474,0.2754399973704252,0.8698595046682646,10.442943483303681,7.412410113872487,0.2818806483111396,0.9153435350388764,10.496007184094383,9.260064754012046,0.3015639264554444,0.8381572293860517,10.580508852602273,11.237636280068632,0.3344399540207412,0.803431892758641,10.472975923683334,7.351213936885703,0.29912580061334626,0.854381785227591,10.452704717596571,12.423868269933084,0.3105918135445435,0.7575068265358545,10.386673600239728,4.854364462404804,0.3211541349330725,0.7779716406740567,10.458777047417737,1
1.8085509558114172,0.38868551676082935,0.8126864496865335,10.30967878727262,1.3095052879668194,0.19822056946968977,0.8156501092039772,10.652167465521117,5.306314576294746,0.34877915308255275,0.8406477382921754,10.405976690682325,2.040622775636599,0.24898349068098377,0.8913970587754834,10.718901856403004,5.531095914125197,0.24396572849183598,0.9416802859962888,10.570251249004585,7.250436469796886,0.31804393602106734,0.8872625138723337,10.285566175989215,7.84154619863437,0.2998021003372683,0.7927657829716094,10.291085266639655,8.253914438571808,0.31077701146062287,0.8497101070200545,10.342643903007838,7.223044413875835,0.28686421386475275,0.9104671079317419,10.391529024566935,7.565590559898609,0.33266968301300165,0.8422074282516835,10.373323953998622,7.482593320293884,0.3434266254901238,0.7889407831816345,10.33147695537935,6.791782408780939,0.36493741392935414,0.845562745167183,10.349045334667359,7.883721725700171,0.31967031020349196,0.7040816228122814,10.222965633367368,3.4482959767380286,0.3430472321749358,0.7799864980064588,10.323737850320345,0
1.8710826850272326,0.3835680096178359,0.8092606931665001,10.26282329805579,1.3032812430453147,0.21120042932628508,0.8260438707875336,10.510275599102203,4.957957513422379,0.3164821842701584,0.8871101847012709,10.33019848551267,1.79920364008055,0.23173345697243758,0.9068280518633044,10.523870484924482,5.5819697304558495,0.22448699353556725,0.9424551659472438,10.452224361276839,5.806729878773708,0.27040672573338104,0.8993246255616373,10.293501807115755,7.534163609533237,0.3398188081048842,0.842447893659,10.281963855533762,8.652142450148723,0.2876229135903287,0.8884955306904498,10.38413723313353,7.505895893839503,0.27208704079070795,0.9247895318376588,10.418565124896887,8.483675854015575,0.35363756619007497,0.8155607271392802,10.29681288640058,7.941089624353334,0.34357379810774985,0.7757412704719924,10.281463783364787,7.028797619901989,0.32294642097316073,0.8890789354549902,10.362231169762417,8.028522119867779,0.31688083981309156,0.6693958945207872,10.167026432065471,3.4702905398511357,0.31434814135100786,0.8017198652367644,10.274686423464777,0
0.9557350947103012,0.2651679102006032,0.8986796611837908,10.40773143321105,0.923991550741933,0.21001006582480455,0.889197717671092,10.616492516499987,3.863875672900354,0.2992265494070471,0.9024262553035086,10.397049497907839,1.4706105060200585,0.20683453090010254,0.9346609128754538,10.521104087105549,4.535740604094025,0.21095318207980093,0.945528068508339,10.46593336013909,3.8561645302770016,0.22360457532526368,0.9138707162675447,10.352608134215616,6.380938335927919,0.2965912247351073,0.9150483994330075,10.390212922697682,5.8129421198854505,0.26494652365926663,0.9415614600847997,10.497984437885695,4.993707177369731,0.2011481258267382,0.9482767790371674,10.589778261252563,5.155921739016537,0.21855467890488203,0.9113538052252267,10.48706115941359,4.944790425336981,0.2559288711546582,0.8839757382935878,10.462241153551114,5.110488614671946,0.2755114292376784,0.9027038640283518,10.489363088366773,4.866675009701205,0.2812335374091914,0.8219074713824444,10.279849985311644,2.4075639931039445,0.24701366728360694,0.8764793187824313,10.384737835275919,0
0.7005827638306923,0.22758226015948335,0.9187082942923744,10.54020721211744,1.0079747540198893,0.2500353820241499,0.9374108392250563,10.663347926103643,2.8234052768961666,0.19189704168482605,0.9355505891978418,10.556006781234116,3.0825533419502613,0.31868368154464344,0.9126146274215085,10.25586998698262,4.958317958419286,0.21379021487544064,0.9306406633001262,10.472972911039212,3.8521205678552533,0.2110660455630569,0.920950819695718,10.310128273085336,5.508297008978979,0.30402858204039773,0.9209543126756571,10.469974205991468,7.770103620777002,0.32233321012938887,0.8980317621649516,10.751274509802727,7.178478719101967,0.281690414432497,0.9302020156230235,10.575353664646144,5.822501611869739,0.30700397030263094,0.8775497935714469,10.29540224258024,4.529971632304862,0.32826184009357623,0.8643937759932364,10.305756055918243,3.9565987310380306,0.2628919762603074,0.911936521038324,10.521417670416277,3.869141033061389,0.3479936443455257,0.8366398076427245,10.293574294530247,1.8006742081293499,0.2935733004080458,0.9136244765777101,10.377212071095002,0
0.892503051266925,0.257228245410405,0.9163528296061184,10.677081721634249,0.8918347209717243,0.2617862266416004,0.9387478984657335,10.591681261094019,3.0636771756507364,0.1853016057070376,0.9235135831135423,10.615260330643912,3.2586912295447537,0.3037835967498036,0.895765578070453,10.25658731315877,6.88096977948155,0.3114476634809052,0.880519992274798,10.423521372273964,4.885642503163506,0.2480894786220478,0.9164778734126076,10.776776413611097,7.0948178687702015,0.2342963032481087,0.8853226832921712,10.951176915367986,7.707187003861497,0.23911442357783355,0.8398494964430326,11.604598761195435,7.039708896631785,0.1873654298396666,0.8937367315463004,11.409188398013955,5.6187576300947075,0.22895683802475955,0.870958374338871,10.676283656438551,4.240120067506931,0.2941543053064557,0.8845076262299781,10.49899948032322,4.5301829001346965,0.21420686353570895,0.9295142965978864,10.791131878695378,3.5189161777355458,0.3014012850260387,0.8567838384873002,10.37719786637709,1.50349355547944,0.24581694054856387,0.9406402661647557,10.433134551459073,0
0.8762397558632788,0.27475173734559416,0.9014401197039711,10.589731589408238,1.3649389860438017,0.339702435489916,0.8839448886272532,10.574116523892885,3.2051288925886796,0.21890801207208319,0.8624707656398564,10.461252254959305,3.5872880013818147,0.3423905301917485,0.8742693713432783,10.383837494332765,6.003592807354804,0.2861961435229387,0.8790003622805919,10.615124107355387,3.074130321832272,0.17199679064366172,0.9142313389089542,10.965182610541929,3.2734649895088284,0.1657244614645173,0.9451819484725058,11.074934331739033,4.39577504462349,0.18456288508550997,0.9214678380881282,11.630559900044574,6.245013375274528,0.2205977865542602,0.9348783521131527,10.962040900406235,8.114810670178894,0.34566927492495564,0.8602062732555251,10.400857962349118,6.082808440180221,0.39906832405344267,0.8299188854484345,10.342089760718382,5.379937710214417,0.28950263499168627,0.8876889983498795,10.37347236563517,4.091434028378718,0.3954730952565709,0.8191877732950668,10.2708438509562,1.8100337247760148,0.3014881915476439,0.8999130865319993,10.428270592579052,0
0.8699398631379318,0.26456361585626514,0.9007270994489891,10.59766811894199,1.0868116040901328,0.28784903145300156,0.903417073780197,10.786425589279798,3.1794263528083984,0.19655452312642496,0.8418300967455343,10.47395701578644,3.102207766181921,0.3013734844836872,0.8762251139194331,10.434405484440582,5.245818551454451,0.2717195262985939,0.8943740308345585,10.634091743599914,2.5886307396360113,0.15298751799123392,0.9323086629961738,11.157827270760276,4.637531664034777,0.20214491630217687,0.9545887124008741,10.925573084899012,4.7825489316401,0.1572230530971215,0.9443619358980038,11.667276808857403,6.261666440568229,0.18433607310938205,0.9628551410574512,10.990473099692752,8.737226526449817,0.32906508896639675,0.8902441281785343,10.371808217840343,6.445351741389966,0.3694895439563639,0.8659232940461035,10.31469926794416,6.009409903524994,0.29867281878253077,0.9098496371077003,10.306384523261936,4.088200853948086,0.36507402315023774,0.8427876350042287,10.289226938659766,1.6726812116647016,0.2868023328636867,0.927041572463364,10.38874311151244,0
0.8283960569595216,0.25390295170029753,0.8804920787693997,10.555195374521112,0.9459717024610499,0.2549628322486843,0.9047439075302823,10.65889467553004,3.1382146143598693,0.2179408522138224,0.8372376350433387,10.448843378655306,1.7895696142186637,0.20992264956802928,0.8922160252833392,10.525816734384629,4.399151058543399,0.23907332287487343,0.8662620280977852,10.596957740993822,2.791434033721285,0.1576665195820009,0.9257821311397983,11.060357098244229,3.9711060133278253,0.1660236074188847,0.9430240799392812,11.055011613614278,4.172224818791791,0.13998313369294518,0.9298852634580155,11.910674350634359,5.3670073982953985,0.16595964958910037,0.9261129943616496,11.433359338458082,7.037331820521856,0.2926827919252351,0.8772121412991023,10.53483807864383,5.512927529499192,0.3510484441140841,0.8525663114053451,10.467064429226685,6.268573799932934,0.32536512800889605,0.8594996796556591,10.421566617419247,2.7770382565101186,0.2968808226904438,0.8428363312165262,10.408806914660623,1.4652526614028616,0.2654393458659077,0.9200477842276257,10.34522630561405,0
0.44243067791586765,0.21311471216748304,0.9143595663714693,10.638918599059343,0.7501998445953285,0.23473099823747867,0.9103732786709512,10.926157990615062,2.139306081773416,0.20846096254191687,0.891027669805135,10.583058137383595,1.40947936416607,0.22967074276530203,0.9024791944713446,10.588304364589082,3.119820766020882,0.19042803711282338,0.9191315714072062,11.095902988033824,3.255002650755634,0.20927481987963872,0.9441439732953445,10.676590128479198,4.094216397329022,0.20173303246751886,0.9359922622003038,10.722185128356044,3.465451688975447,0.13863861014102355,0.9625808062663898,11.0863141433034,3.071014632260379,0.13898224670981932,0.9464384848191477,10.778515387830641,5.732992115713898,0.2744200542272529,0.9098380977805891,10.414879002721582,4.8730974642983,0.38626910499066447,0.8292994792297594,10.27961723068115,4.507781508407877,0.3635586448735597,0.8818632476772763,10.37932852780145,2.399595401846269,0.3333884017739757,0.8162031422053978,10.328387408361785,1.1925056605919238,0.2740347953371281,0.9300149167828418,10.372411502928,0
0.23738114575445896,0.12161117940710613,0.9013989698205356,10.63485529954439,0.7314243328311091,0.19607710190022584,0.939753522089955,10.921882405585604,1.3984306132353068,0.14986213206310592,0.9227987093874732,10.52085824418881,1.46443116365681,0.18859464945107285,0.9226721854135209,10.677124579662065,2.013536809213905,0.1320509290635622,0.9276188766605561,10.87973347454202,3.039761614337568,0.1995911614625337,0.9421453179029657,11.21678246266427,5.096157150087775,0.21598286255856,0.8787795921685234,11.06290082565439,7.368789938669313,0.21167895665552425,0.9023955772723826,11.28518520999025,7.994285655297764,0.24369149580863558,0.910856870987183,10.653687100822559,4.093724719083707,0.1906195037845013,0.9323290998304803,10.609009185154312,3.6233505143469538,0.2633669194613036,0.8843596450468988,10.437356826015316,3.138586010726098,0.26783597393008995,0.9184353860852796,10.648584444559075,2.5749773815501458,0.24736893566315152,0.8742023805358435,10.427467246786799,0.9280798983732871,0.1999208705855551,0.9438172746414583,10.562089507367496,0
0.4193888229517266,0.19694136592876446,0.9275783357259025,10.455107596209093,0.7437903710566341,0.21476899571824065,0.9027295332012331,10.440200541259363,1.998982824979433,0.2050636937922195,0.9387870781824389,10.378739563208375,2.2226763907163587,0.2491025134306731,0.886303896980864,10.21726330646979,3.4347708698963193,0.21019467629650973,0.8969989249863962,10.526558895955139,2.6520407598094193,0.21473692339413586,0.9601169708786308,10.681157045894398,2.817145888505505,0.13855317096858186,0.904008176283777,11.392489067400971,7.394942793252357,0.2541733281888467,0.9261740880342989,10.479294198750425,6.754671482033638,0.25198165566650416,0.9144983053647968,10.213863722019447,4.986050960491301,0.23182187337974752,0.9057120922127502,10.518226039370218,3.0113292023732834,0.1933277021570293,0.897639330638476,10.685219385661538,2.2354224413879615,0.1360963645482553,0.9247120452901049,11.009342871127183,2.5818104265171504,0.21524844803307486,0.9114650860390988,10.529128173014401,0.7359623849913566,0.14306378722100666,0.9460177374076674,10.821896874800167,0
0.47822947174255426,0.19582014155663574,0.9041924789373753,10.411603760248981,0.8335882778446837,0.227335190178666,0.904277740437316,10.590737912789578,2.639336553527997,0.1680373375643445,0.8727547584643988,10.353595070709561,1.8731640854620422,0.20522616395542456,0.9231340411705679,10.31729445786013,3.751478780260703,0.21261680277089173,0.9165493478168517,10.693961031030273,3.6440309669681894,0.2341329858156368,0.9322567262663873,10.734614879181782,3.1930845273435513,0.13669888910307734,0.8988092687026441,10.869595363709868,14.286957428360253,0.4678746987690917,0.8103511443175052,10.226869963258947,15.350663032492971,0.44781692213846785,0.8172487321166519,10.170586179959614,9.50281432881593,0.3323934019688676,0.8387346831225243,10.400703702520847,4.503435906156858,0.27962679146684405,0.8434099793278992,10.398687608154049,2.834155932669083,0.17056791671621221,0.9050788358350611,10.304512771156388,3.3595536003987077,0.27111942827290825,0.8459987631024116,10.378645396806453,1.0506137080882083,0.16080177125090117,0.9164407616130095,10.504583849821305,1
0.6537353861727115,0.2253711561207852,0.9243884132343743,10.202490641638386,0.9484359195745511,0.23646652141112068,0.8906703925381,10.448625636142735,5.309230878484811,0.2714236339116049,0.8892424066184136,10.358510273642443,2.280884109385494,0.19933745372423703,0.8959708464328987,10.358976800962106,4.204815158831332,0.2040082421314718,0.9278786032402869,10.459119041407664,3.465676490623504,0.23390665680641778,0.9251502560345884,10.37375067425737,5.915735430110652,0.25321184034214034,0.9157462593491332,10.712787895079162,14.061145645277723,0.46121331885508543,0.8159459169333202,10.147574436070188,15.847308531250247,0.42695668942932313,0.8359363779983874,10.1379179806905,9.052182990417775,0.3336632255495072,0.8353142888139908,10.302905270594495,4.09228399820768,0.25302886343109976,0.8889070143199637,10.331353334338809,2.8692015402013533,0.17415027879158254,0.9503608415819874,10.471725617258304,3.2807400960791724,0.27827447648825543,0.8701278462189918,10.30236773125057,1.1773779490007241,0.20963658941225385,0.9277556026485848,10.530505938180438,1
1.2017310021592857,0.36830032264896584,0.8564532280356774,10.43923757572238,1.48844473154425,0.26160714977217236,0.8901412552504054,10.481264535015558,7.280972776710682,0.2937664412998141,0.8285792838509508,10.83652800264707,4.5220073201388695,0.33794320039524584,0.8832845010550837,10.509375430454657,10.640224596271764,0.382010977114515,0.8575757370098194,10.411839752317404,3.258168116717886,0.19425916701573348,0.8985307141270926,10.450069671482218,10.852778240450156,0.36669756082540744,0.8488191620877517,10.339093851774912,16.968404417302505,0.42097766284151417,0.8096036457786745,10.436787993334095,16.796066014507293,0.32707074263339164,0.8816482571239618,10.538034525653742,10.369688196022404,0.2905048790606063,0.8689281079430207,10.743148133157584,4.09675685278692,0.2355473082864393,0.8701188278451254,10.893830203287921,4.219442205155619,0.22063347685333062,0.8892859079346058,11.151934698537245,2.767198249631031,0.21717561627429044,0.8605888790262243,10.718497140265464,1.382758066210504,0.22781707915714292,0.9135723540720342,10.779665351598393,1
1.1415252866458603,0.36135353448346347,0.8649713230626825,10.362884810997851,1.1589884454355646,0.2307270121031093,0.8725693636108455,10.505700968413526,8.663389874396334,0.36401765925266066,0.8138846319941823,10.540915507175225,2.7138437538521423,0.24033694673218897,0.8820987423215494,10.600320181027815,8.426784696942834,0.32023596320347203,0.8792055767335302,10.388100945137476,2.98400359127994,0.19727041521473393,0.8762559744234025,10.363890018753237,11.74294861317085,0.3672932621963267,0.8354000639367066,10.413019335571034,13.93402840635329,0.42880984221400026,0.8308628260132459,10.350388026776258,13.55731888190266,0.33743111901592715,0.8956929934465999,10.516410400433237,9.680391827574656,0.3417016040397703,0.848724907684017,10.529669256095332,4.27875145789147,0.29053273397853513,0.8894177733545067,10.487552153636576,6.668009153002369,0.33279969925566255,0.8681074356457188,10.495127948178565,2.768514226729345,0.24944686179579503,0.8646598716589501,10.499562823802135,1.3893856220149465,0.24767961728946214,0.9033780118610425,10.564506054847483,1
2.2096600312413224,0.36127433783038204,0.8057821005980434,10.850274198706419,2.01508440582005,0.2765327682838048,0.8495953034185943,10.797398111311711,9.459669840863224,0.3411497031841431,0.7846695555394759,10.940751145486653,4.084044746311244,0.27842246692072264,0.8765358906197017,10.767607305032332,10.783891521135423,0.32061740161139146,0.8629953495656,10.613670847240327,3.6972014355559106,0.2302660938894767,0.8990449638161158,10.53762430871295,12.351147305436706,0.40869346288013586,0.7921753745211718,10.17166106249619,12.775491505472424,0.42115260056345144,0.8278769077320409,10.397826251048503,9.981788192940574,0.27383870613892924,0.9162452043328281,10.671713290576601,16.572071694144853,0.3425568828079066,0.8302735405201866,10.745766119634574,8.87993125660233,0.2996762372832157,0.8493709033699982,10.965972595674836,10.826526573790105,0.31816603789260534,0.7852469866458822,11.137973064853066,7.307127418665527,0.3282650493477989,0.8129107235506539,10.951084734673007,3.468926991379227,0.32777706091908987,0.8244697597005098,10.997665866214463,1
1.9708550855648257,0.37231146977251234,0.8111667943847138,10.397192870068924,2.0602353164857714,0.28773097426927763,0.8263202190752531,10.649951723505229,10.628836073813241,0.35235382431493856,0.7661761760945006,10.636163566871256,4.307739841447442,0.3048317780694717,0.8069475267477398,10.505647860375738,12.142471715499918,0.3409715963354872,0.8421264868148074,10.435852350722731,3.1769959726178048,0.20562561160147924,0.9220627716998948,10.945921319129676,9.837341096427265,0.35216289414004337,0.8425396415137547,10.301341551996762,11.909732711096954,0.3602130819139792,0.855852010479254,10.475334043204196,12.168133541248778,0.3151245750367167,0.8781184960062819,10.710289827792725,12.752295159717153,0.368827507162295,0.8088643080763684,10.65492245612252,5.966656059428443,0.31702427391775867,0.8535919521477532,10.633552184564858,13.641427964422528,0.3634595047990625,0.8057583681390037,10.617715602332273,4.095768496078679,0.2888528759373037,0.8301250321468848,10.752459108917957,2.7176528189819114,0.3454301324956423,0.8456808156697281,10.606288857592665,1
1.2375809828427407,0.29795463689006263,0.8511634801885527,10.337907894105186,1.6998914264525529,0.27227164850323876,0.8142364893265241,10.50504243572866,6.003836227989438,0.2946263329562541,0.826830513134085,10.499692569367138,3.7827455800901606,0.2284419596428716,0.7540786110717939,10.375203158411825,12.440218071347061,0.3548608307684027,0.820654773002301,10.440820634793383,5.242257632257379,0.26038715572197957,0.9323699183133063,10.63676465623237,11.794105930049858,0.361628464960155,0.8354899582716588,10.45026373316425,11.61672929707444,0.38293582265067094,0.8475533809967757,10.355768824621828,12.057581080500242,0.3634473676847878,0.8777281971896449,10.357215478608712,15.235336653997233,0.4404227962828192,0.7752355246975904,10.394343861460225,5.721717067993119,0.33000290324162884,0.8720447499953506,10.545586234253388,9.712328467036087,0.34797130178762775,0.8496846274239557,10.49235563598125,3.997430274102788,0.3121536063225607,0.8503049287805243,10.633440428235623,1.8935856151731785,0.2883806462159174,0.9000084990419251,10.525479836177139,1
1.397559932372724,0.29379288416416505,0.8625446363076462,10.632127102391818,1.3596835456635403,0.2765814354489732,0.8341275600009618,10.53791259587729,5.25670410997547,0.24499993456268945,0.8812238069960211,10.813322771638033,3.9224663656841448,0.2774765645017029,0.7909883797694915,10.508950790330893,5.950739893760085,0.28883241965010864,0.8269472935150445,10.379733748771331,3.402475533375062,0.18513859118629003,0.9155233864078174,10.594861624184897,9.876509948336993,0.38291895712761465,0.7921832337039261,10.242934684458486,9.999729221983927,0.35936254616606833,0.8321225517523045,10.411089382774296,8.54373183013021,0.3361762768622116,0.870454542550992,10.309394303836562,13.118706656164491,0.3880656483843448,0.7890042474599155,10.47305605205687,5.616998549816284,0.30316797019912806,0.8730624468647745,10.693811700943382,9.05535224397691,0.26695626738651296,0.8547491330972876,11.033526641223297,3.602994448905375,0.2931151988391493,0.8402803463198145,10.6940977799999,2.14021781185416,0.2880326823495192,0.8845694060880859,10.77047914187863,1
1.0322450816513598,0.240100309213096,0.8758471676336139,10.710483602435973,1.0566714069248302,0.20325049288776725,0.8252393543223372,10.903865182056041,3.520539614934469,0.15844291808932734,0.8556799276309569,10.372167048525084,2.9332189792678367,0.17439503411135004,0.6998932788129687,10.809667915934243,5.380407985246139,0.22012309508711927,0.8096930746726885,10.676083335665307,3.377147056140236,0.1673292417865265,0.9176786331301855,10.944387494817155,7.592988454522537,0.24983471325432702,0.8761322656655175,10.789393200186584,6.7642413039589355,0.2678693716533855,0.8980892633838637,10.802844326251837,8.016577644502902,0.28435085846740626,0.920775128025631,10.713640859628853,11.146602088946832,0.34192087211059,0.8228801582603718,10.766646617529714,5.949196680132661,0.3620893458067433,0.8355453814443085,10.7225128463806,6.0247369596205855,0.2928720845478205,0.8571996967359496,10.190371700446393,3.9271903918399813,0.329790432234125,0.8323010575146671,10.845099871625813,1.8097263868550062,0.29149034148144903,0.8953440833827898,10.454066033442803,1
0.6258062071558972,0.169188794774431,0.8894049649662352,10.776717707548501,0.8242181195786524,0.19736827842032525,0.8483749447388329,10.767608400218318,2.457058035849777,0.1560381054266249,0.8877245453354347,10.973819218429453,2.208878671767147,0.15372637407238302,0.7479183903618583,11.004995749208787,4.149990313289534,0.19687847939254044,0.8100306920339019,10.446506199186247,3.205714747291598,0.15547450628253898,0.8899521165722425,10.834505629756434,8.724914143818085,0.29516003113451716,0.8293739641915521,10.514233600553391,5.288324705722372,0.2625348268848339,0.8747929609786953,10.77662519175649,7.598394966019052,0.2951867549788796,0.9050628844159188,10.831173820707326,9.082697924678467,0.3368350826565572,0.8316750254399247,10.639015798342898,4.203801986721432,0.24349734513552948,0.8577889331289928,10.695067509013334,3.2726396509853815,0.17989360769763846,0.895106659514694,10.642641313003796,2.8266698380945785,0.24829365468702885,0.8592949204904972,10.857064730870334,1.0780873889852018,0.18275641506711962,0.8947950240397227,10.762617356252038,1
0.6039571145807779,0.17261771030816508,0.8437093574744108,10.744704560516215,0.6186604319275023,0.1660584509717203,0.8392431816222142,10.75434701742198,3.0611814656590277,0.18193956686891544,0.8853879628487421,10.72683955356637,1.6497031859392524,0.14724633713569374,0.7570860957763313,11.048551755904239,2.806021752774202,0.14767480298398314,0.7993217438915302,10.607308847811288,1.5140814924764032,0.07972184933498155,0.8624543735786192,11.206872749136597,5.436641767534558,0.21188973139487932,0.8405685633185174,10.60679052768944,3.6754443483794574,0.20508303304736583,0.9204416484242182,11.188621499576273,5.5337085411706965,0.20850856636272427,0.9244878327621484,11.092084868192119,6.4515363955754434,0.2575258674348914,0.8295869175028094,10.662790490299576,3.186610832915619,0.196168078473759,0.8412816288325586,10.5491595009858,3.2753225965179484,0.16483563134293533,0.8616779833397399,10.656377606498138,2.0825217302782693,0.20352482618398302,0.8456729355677464,10.66705493511478,0.8726748926399198,0.1510735194770724,0.8678138133372101,10.648406156833355,1
0.4615723520715764,0.11620394551988474,0.7628162828538283,10.899742661988789,0.5869719839297508,0.14197738457004638,0.7976648281470591,11.003644059042575,2.202155999074119,0.11202557104983407,0.804208733511056,10.96543863669321,1.5607179444119779,0.12015714008063048,0.7643468354344206,11.246197347310682,3.376528229242507,0.14943655915510046,0.8006620462944898,10.826220793384891,2.626585762111797,0.1304528777473227,0.8929404230810323,11.30957263604806,8.60915759271071,0.29052032694933616,0.8221159831053538,10.693860372555488,5.478016445834516,0.2677122897784355,0.904925931307395,10.873424547330224,6.205647725724637,0.2068840411779989,0.9185973548138219,11.08577851106038,6.3794488998285575,0.2233070479628814,0.8060979212652032,10.816834905242338,2.8875182655881595,0.15142167225817274,0.7904994887463209,10.74460212668257,2.032040325545552,0.09168100755248353,0.7613971436425034,11.03954391045937,2.218332586099235,0.17474790169743074,0.8160408858430628,10.880854032801103,0.7701779818554777,0.10681502899435717,0.7918000308581576,10.905212842426746,1
0.7855278357249911,0.2085935330287489,0.7884966809200328,10.548189846766986,0.5096853944155995,0.1454661855194173,0.8497983499932036,10.900242201128485,4.851687002287937,0.2468415221428855,0.8592933659205912,10.651626458249115,1.4062386710474435,0.13133072333790935,0.8661616042195913,10.970187395283165,3.2188890020127747,0.20198471872994955,0.8721308483341336,10.645901597897884,3.537474733902147,0.14023437602586128,0.8760627156950807,11.061735201422485,7.37826943767338,0.27248811838329395,0.8440583872375135,10.450915745719167,12.726012143370134,0.38619279053567734,0.8333808901067529,10.655381977446083,12.166660000376702,0.28886602436234676,0.9073264235297771,10.772275117218895,11.189696085674544,0.3455826719402639,0.7889753122309696,10.563984025164705,6.190097424329236,0.2964641668329324,0.7695239185479803,10.448929284334575,5.811288690098246,0.2123156190051335,0.7992738557685858,10.636346689073209,3.1855232723330067,0.25624448000393574,0.796793840327786,10.573824831280751,1.224245087629255,0.1774135533533043,0.7893812805942338,10.670403317127564,1
1.4277226079282344,0.3445629935904096,0.8056498470762582,10.418574913557784,1.7062829800722452,0.3520948873436263,0.8580713761101114,10.4806245138018,6.172552143410691,0.2975148351313221,0.8297476720852136,10.475896350698275,4.119581946428465,0.2946189968732447,0.860585824223852,10.556201791880154,5.811658582060652,0.3027904345044841,0.9084059046910684,10.58435556962216,3.2964826157834985,0.15498455258753013,0.9383546704919321,10.867968215627377,5.889975101489637,0.2233377997559776,0.8273522809316919,10.37558663979909,7.043870882237678,0.2572777293138181,0.9046238990286489,10.695179803582763,6.548392336937464,0.2134809228430843,0.9483722877070523,10.663592025608228,8.085737469049407,0.3109134149088163,0.8431276635176091,10.455781847992098,5.6887844303737385,0.35304337456876084,0.8213354311532816,10.349926328977938,6.491349035985439,0.2580132589461897,0.8137075801749738,10.52956873308483,3.102696131772027,0.30274717031981685,0.8369541410508328,10.435091216392285,1.5711918015159247,0.25693669241647793,0.826365888784323,10.50167665580913,1
0.7485283213336729,0.23557210242635485,0.8627954349406628,10.537513610400168,0.6216286703147142,0.20984423349591924,0.8628148307919252,10.764771617771641,3.915873560634127,0.22889489418185396,0.8479352354131281,10.551147710772288,1.3014026475772038,0.13382980702163108,0.8716614332992655,10.750529499322036,2.183439526430767,0.15390062872144306,0.9251494614115757,11.19281187994582,3.463718372843007,0.17115245544700236,0.9326539620471609,11.336538261388371,6.955236781172756,0.25920186554722696,0.8660197669595515,10.73380246575727,8.75006676484883,0.2768676847638963,0.9001909227181855,10.743441237372208,7.830511034548438,0.21228607764832444,0.9474647603790445,10.738172012049867,5.922427624972941,0.2837830977460807,0.8905783354137796,10.520386791251436,4.047264843242673,0.30691931638692516,0.8630504541592823,10.48583643111897,5.167657988865397,0.229714041893784,0.8379659464379786,10.546191754467555,2.5376042623252557,0.29386072341834724,0.8718100871645795,10.506913974524588,1.2389121858860355,0.2177400758711165,0.8759195025385856,10.708547720555497,1
1.1507888849056076,0.3053872073723266,0.8983188957588123,10.54046727981348,1.1638491611440065,0.28407714055625244,0.8858029888631037,10.586903113595433,5.077893396052433,0.2555787219620626,0.9046982819073542,10.484642471726813,2.5163021751409396,0.24522079381150652,0.9184953389097202,10.733201815152837,4.246082365616549,0.25167627050263786,0.9246581869463215,10.666224529681681,3.704150953289031,0.20185199710223314,0.9581084731052915,10.800908796188338,5.421069848496594,0.2331267582473408,0.900899439696769,10.49128311301705,6.887468814776592,0.2919432614856649,0.9250981764527867,10.715321657512426,6.681954279996831,0.23757364934369607,0.9187003015209099,10.552596424291956,7.405343331369035,0.3143293366180533,0.9245965225810834,10.385174197981694,6.077140077654785,0.36427916651036213,0.8768649277274424,10.479777427227283,6.784070422830903,0.26001687015993236,0.8881795780601092,10.619271005775088,3.215120269035511,0.3278690958178798,0.8804075390990923,10.44898830363477,2.011896144978425,0.32077811647493987,0.9106360546380617,10.566343235546768,1
1.2423138480548601,0.38387388844239967,0.8839191001998505,10.318398065451433,1.182194032977639,0.3305508063353464,0.8800508751759584,10.384458819006285,5.571944341640389,0.37947440797765664,0.8714651184363168,10.244553661012471,2.3796757595054174,0.28480873762216713,0.922294940741273,10.361539421562838,4.878132848552347,0.2915245177381556,0.9010649121441826,10.45905277674208,3.5001013780449934,0.2335914990597852,0.9484228032459011,10.636073212310595,4.815533274695839,0.23721297013912346,0.9021221003926256,10.546470287953298,4.832593394915788,0.21630273822169338,0.9353228438656827,10.608947256067605,7.838518251760917,0.32489231182958356,0.9275260554219944,10.394716310802346,6.289125767121396,0.33461268806401845,0.9101139698953892,10.402730002195211,4.897047430111897,0.3459905367425141,0.9093428358038883,10.46380182569724,5.796071324374183,0.30890625157055596,0.9017557861296894,10.529165190648845,2.8519472121954768,0.3434020488799574,0.9023802292528565,10.341608866519469,1.5553853649379272,0.30788521656231027,0.925754207178901,10.479819472512814,1
1.0199353623154468,0.3515245905053624,0.8949765538968999,10.267840017919884,1.5905391169329102,0.3299310175562275,0.8532874853220289,10.277793215375857,4.678104640155974,0.34091162767682953,0.8889020877295185,10.259942622599263,2.0295099493666044,0.19566151354408234,0.8752396381300259,10.487503974589758,8.114369798183105,0.3544447358191131,0.8651730116893497,10.306006922259403,4.949257697477501,0.2748868125872599,0.9424094860458366,10.658808161281172,5.443371186351684,0.26241200965082123,0.8799283437348432,10.58950043883805,6.717344119216433,0.2698049843693466,0.9269198164369422,10.731343010064123,8.068608327532571,0.2750825175338247,0.9470023321979956,10.532090019805175,8.859611482571568,0.3422987690285963,0.9035710557036133,10.291699745405031,5.225709691757138,0.3137488819616125,0.8940997278144488,10.389592941314843,4.605805173386118,0.23301238611475877,0.9247699602223655,10.58820021443787,3.2547894479484016,0.2756291920709538,0.8939559636863165,10.359674334329245,1.5184902249733172,0.25780297907176547,0.9514845626287798,10.486952384877421,1
1.0518499421476786,0.32696607077784107,0.8861175749669562,10.259026418401183,1.3057280320010394,0.3269417458087679,0.8859755110135598,10.269810477828418,4.885474580976405,0.3023787080051321,0.892197173656616,10.193361320577,2.451211723464836,0.2604707758941049,0.9013293893405447,10.337515761849197,6.344521686407061,0.33094183957765483,0.9014681332111943,10.302733356260541,5.258349164990578,0.2778755717646769,0.9239477895325842,10.505896743109359,6.340175645172758,0.24141586277041524,0.8512291328023126,10.528504262238327,5.1957556685113335,0.22159190413384716,0.9244512243039202,10.48708701860769,5.529782333358469,0.22068225211105463,0.9504220199444007,10.383362745599854,5.993241859271586,0.2857195331557012,0.9142539344963103,10.192369625481719,4.981555178099815,0.30383327320611925,0.8813295280726785,10.30470232601057,6.02273456371271,0.27532298965296675,0.8994153790190875,10.405641432449368,2.959086205485325,0.27966880181225684,0.8841872536289319,10.395998925508172,1.7105022725590158,0.27955200195974456,0.9224427437834976,10.465841422115522,1
0.7530062373956862,0.2820552055979406,0.9235429714816542,10.357032174967303,1.0150410716881288,0.243686552680993,0.8852415421432767,10.365786190732065,5.205954678330848,0.311504079235835,0.8484204420280538,10.535721421560126,1.175208786221526,0.15114968974341175,0.87758825528982,10.339903551611245,6.138482678536118,0.2981171203244364,0.9015509064368684,10.25385492240922,4.98489926228798,0.2820535429569376,0.9209963532220645,10.742801010749123,7.165198602726599,0.25937533869511814,0.8450475689616664,10.688953871461878,5.274889182074642,0.2272385219876006,0.9351731737615175,10.58713326137636,5.782284030809924,0.21843376592480196,0.9561631242571602,10.544068803842,3.9660796580992677,0.19650066524586754,0.8943313745373027,10.480150279617595,1.974498895791311,0.1539933682985144,0.9257554873266461,10.832041659947894,3.582599529649439,0.1827672039424744,0.9229449414746171,10.791046722355002,1.5058952982023603,0.17491374298075346,0.8850091961593483,10.64776683270505,0.7839006260272767,0.16343289670189473,0.9494346798815665,10.891004509357039,1
0.48507134663981794,0.147771180009293,0.8314817530392901,10.652158911750835,1.163291672908969,0.24088607673746987,0.85799938264194,10.428473075086817,3.852514949629568,0.23364198591323176,0.7705848105408168,10.42897632374561,1.188930119191758,0.1195895053376938,0.7941008716866584,10.580366410390296,7.40690417937094,0.27176773510554375,0.8871773128121441,10.41954913584486,3.7208803855606787,0.23707031171549992,0.941241690602894,10.691859850052404,4.259055248226126,0.21106420184560212,0.8252956081695344,10.471583863513866,4.147413730562088,0.2081883434795026,0.9296558759730609,10.989280654930253,4.488824067306484,0.18209498883776254,0.9402507287241375,10.980785870358176,5.348420290024974,0.22301697654471106,0.9015163684497499,10.521085505706848,1.960373883984818,0.13978775854662454,0.8818476900565153,11.1484885173114,3.635421725341493,0.16361476200507322,0.8468305631941152,10.550720508494058,2.0635477758902456,0.18717790940360016,0.8443550334585042,10.757977739329624,0.5730740380830268,0.10660323772131908,0.8427950454835818,11.207929847337937,1
0.5755105434225452,0.20121471388248965,0.9200479684662565,10.68086905328428,0.6260404437548579,0.22263081316998973,0.8640151534348659,10.414383127364705,4.094365354308932,0.2447712927607689,0.8417460825687454,10.525839507069458,1.2775148519860873,0.1749253621806761,0.9013643923678664,10.910451923498604,3.882789804135085,0.22458276671231936,0.8938659917636268,10.357780803375837,3.4431972823567065,0.20905384831900556,0.9405602805983084,10.67234980125597,3.800001443778293,0.19436311998282285,0.8901764326854283,10.396637458719862,3.199477798200816,0.1697060196681362,0.9564654467518489,10.960725872129615,3.94239275757273,0.16476390731677162,0.9568306666850869,10.653743782997331,4.217770740255513,0.20772939068980192,0.8506737884300828,10.40648968872911,2.0057677966378713,0.1699195147101124,0.9150319497195202,10.927510665570287,4.739338232838424,0.2070154086564787,0.8757818265877088,10.493552994566274,1.6377036963930154,0.22426035787591977,0.8942756874289536,10.460983363625324,0.9130918504413136,0.19001787411416465,0.9104483838588706,10.668452918912273,1
0.7441157193145013,0.23693782513185915,0.8651230227588385,10.858570184996015,0.7704518318467772,0.20466796714452315,0.8760419949777047,10.555437527064278,5.718679414860216,0.28885231924433447,0.7136773240749543,10.543448339865591,1.4255537592216792,0.15651710706113295,0.8525680137843278,10.691717816499693,4.335794864133653,0.2045328507564517,0.9036528586627354,10.440798723573582,3.0983608484520158,0.15289325628071124,0.914540848452112,11.042301794300922,2.999474823983846,0.17599275871535353,0.883724616480122,10.399638988293592,3.3459748473740967,0.16238714717168115,0.9443236566380996,10.725094028712222,5.11088850789691,0.21774431643328515,0.9548097558842605,10.499401097375076,5.470478425679949,0.2446154424882364,0.8572355506199055,10.539347173635438,2.4812791133106717,0.1892479413475721,0.8976025898207325,11.268954542109443,6.490486903526576,0.2545464285316845,0.815553967375838,10.630439786069593,1.8836205615735977,0.21437123729382984,0.8909042240440085,10.841136026226652,1.0433636662871342,0.20541179868428497,0.8889841466499929,10.857444387166337,1
0.6031026729061292,0.18624553576842037,0.8447927678911882,11.289060311639087,0.7630230265707371,0.23563362530726034,0.9019099910423879,10.649020019560387,4.141287285032935,0.24534382944381625,0.6843912662552886,10.727813885808313,1.2874827847542147,0.13495255218545504,0.8095399493789549,10.801296037774796,4.8337233569570515,0.24926763925502085,0.8750749064912171,10.772293261011768,3.6266853019742555,0.19450339618424967,0.9084753355271672,10.75699555263776,2.7751506130863026,0.16107263681143472,0.9094922892613051,10.768331699745344,4.366620761103723,0.20804580928147873,0.924291331754699,10.797471779484113,5.777713460589792,0.19488888803775867,0.9214039951770508,10.658793777035331,5.467277555438275,0.22491215918870439,0.8692881441931625,10.491844024497363,2.7341068727515103,0.19866928886538804,0.8661277583911328,11.355627392429405,5.013367769581303,0.2194958127262707,0.8539936003531561,10.730435479189971,1.9564077040516998,0.2351638466256515,0.8712490193722047,10.933983108303954,0.9633226378245161,0.17459199148065568,0.8707109794575278,11.12428456655586,1
0.5515751027801328,0.19213714945671567,0.8999860730462276,11.642822114652846,0.9724473825092399,0.22817813907265463,0.8838473735204483,10.942145029336194,2.748782441189424,0.18743116404039833,0.8016928773478326,11.257290687425119,1.9952829127354301,0.20031377886437446,0.8252867890868504,11.295898598705177,4.993661450390276,0.23145212783639504,0.8890744472100406,11.020494411968086,5.55831931319264,0.2437968833018995,0.9124635649447966,10.568210831081615,4.889550544157257,0.2326937560471749,0.8880526037122931,10.451126440594807,5.64534760406243,0.23507662634803247,0.9441484016961181,10.637714100205143,4.586123791368018,0.1575374949409038,0.9562368036997959,10.976493368153442,3.3741943797501,0.18221905697269497,0.9128237197967894,10.856652578795778,2.4337501576852394,0.1804228026431066,0.9050134451654787,11.409745058827678,4.314490319714738,0.20393986996083865,0.8707349726547235,11.038753673955693,1.2921329559872776,0.1741979001510023,0.9052331604247472,11.352162339156806,1.156362788772532,0.1772874773945545,0.9199803161423568,10.986818422659914,1
1.0713853522885128,0.31849416032126665,0.8624413968245098,10.803124960513093,1.0756741620810644,0.25577802875062716,0.8878575373829072,10.627964368978091,5.054405749764067,0.29416240347703737,0.7709276027776015,10.560404757809914,1.9298521526781292,0.1840282051951333,0.7746769031616583,10.648570653857314,4.971913550584574,0.24655301487206852,0.9120387124956706,10.884430380746572,3.9433963696819685,0.18793246657095555,0.890941247476902,10.765983306618017,4.513976446124558,0.19488357591925412,0.8675502070658369,11.23202024729778,6.5074078834290034,0.22995564050966463,0.9088853410617094,10.849705817255582,11.381734503402907,0.2854177949979405,0.9103532969649589,10.553506942763999,9.819582238071442,0.35460471815714684,0.8601548856822426,10.471777654029163,6.930004557697903,0.3477823073573478,0.8225244514654617,10.690323743930211,9.8618983231114,0.35623193286618876,0.8254651519256438,10.557909035962144,3.4199271083720726,0.32340943441798103,0.8514049793520072,10.721042681362281,1.8001492883643349,0.26328364475142224,0.8960098630827643,10.733907720567698,1
1.154826870087213,0.3183894384915265,0.8602955775092825,10.781430170689491,1.4617976725165833,0.3218025339831291,0.8658600267444091,10.714698048014482,3.58772116928303,0.23126170729538978,0.827884234278606,10.694633179566969,2.2092435919708793,0.20980940950342922,0.8052028297582815,10.831027522662295,5.903135948197025,0.2860659308191241,0.8989096401603748,10.76069944863833,5.036728847436618,0.22331593030051078,0.8863737132363346,10.51799649134825,11.184422388885286,0.34039062230379624,0.8181500410702317,10.616943707540681,11.936001153726655,0.32995411352849946,0.8331462463221182,10.564938871562825,13.79244200881699,0.311900850728351,0.8617485009753841,10.820651022195285,17.788356812126295,0.41951643135975,0.8007767110200255,10.494957875585408,11.318421755672585,0.4235872107631097,0.7763503120175999,10.568920954046876,10.443518230981608,0.3699484019304969,0.8341471665743436,10.545291724985104,5.739081065881713,0.4011543916038581,0.8100425491330123,10.559074740827516,2.1545059676210943,0.29138475589030693,0.8779442345271171,10.818060543837783,1
1.1569713819142107,0.3757416135885209,0.8684097859209307,10.533284991703974,1.4134745239775959,0.35427921258913214,0.8721151675453592,10.429863010655119,4.240529633625768,0.28386918346972123,0.8685447085793677,10.459307228332053,2.834643474924301,0.29695649616877623,0.846901346607253,10.655490790240977,6.9178468830167406,0.37064834286278353,0.882322485221397,10.451505396266919,5.249726779036774,0.24233280919981348,0.9021230396975906,10.832407838984807,9.538975032075381,0.3563436054714152,0.8564255918540845,10.365464196033667,11.077359370257383,0.30777704535202244,0.8451324198327899,10.459638618255923,12.34378018990581,0.296239340805725,0.9081991767807146,10.595890578417366,14.374919205122342,0.4568420002399406,0.8103050181810427,10.341739143326134,9.043291853488647,0.44382039455229916,0.8115742843327645,10.37703292880147,9.695321416948225,0.3754223904569492,0.8382330561239075,10.301256531764148,4.686817901389447,0.43894031816012286,0.8271408504583708,10.327340016049627,1.9633906363153122,0.3353860616376331,0.8991085001621919,10.470015463342866,1
1.131049256797554,0.37557406296717805,0.8434903838142176,10.577463882581354,1.0253449167702935,0.309838734980788,0.8861891214505684,10.70834618690103,3.6490862857062814,0.26235063637434314,0.8657628473394626,10.59645240261816,2.138807558383059,0.24215420548763403,0.8754297644677673,10.72424284154676,5.765210357719836,0.34546915774732767,0.8715897847051634,10.742127814344876,4.120999273953338,0.19503483151678577,0.9343725294839489,10.93456315708871,9.653640717788992,0.38294384102483825,0.8347288344288031,10.421089808789953,11.233961461195342,0.36327816423196235,0.8558736713628659,10.301563855802115,12.009386592849033,0.3324790371875479,0.8909656311027019,10.548246572557135,14.956098767952819,0.4991795218839979,0.7712720341279289,10.293066404724405,9.628225884257233,0.48975365945309446,0.7632589614513265,10.291195256238806,9.436609087818448,0.37105497658412234,0.8565184638031534,10.32128377206458,5.077888735918299,0.46216958727114044,0.7516865560320793,10.255898413122322,1.9512588775570268,0.3442642624400173,0.8517967801918637,10.460163433915893,1
0.9307435441240802,0.32574302816270995,0.9018175710051104,10.560816585522828,1.0722620700316021,0.3392357979801052,0.8788895883555301,10.576087487487825,3.3814590335009473,0.26499008105948296,0.9094333305423316,10.732253975921394,2.3539432199024026,0.28450212310786804,0.8998592214104545,10.701403163971628,4.648594609320493,0.2791436976318695,0.9095063342062284,10.77499923506038,3.8229951862542855,0.2250650616434558,0.9011942807775718,10.87276811696049,13.723221153036189,0.4784346609042678,0.7734546143669668,10.352620532299886,13.729756662595822,0.41125305493247644,0.8518697877562469,10.24698829263111,12.369049390888492,0.30348038250170883,0.9077849038136676,10.544130356741087,13.256118867307988,0.4123375412387467,0.8269265780302614,10.277908209546169,8.411514526212724,0.42483885969763185,0.8250641578136997,10.254303634891738,8.119974346811802,0.366152276313408,0.8718640005146876,10.321930042699952,5.454813432454235,0.37496644217746505,0.8462351937122965,10.246399549195912,2.3158807312193397,0.3395432104651852,0.8865604921242004,10.326053413070822,1
0.6991504469099113,0.2653812187104193,0.904025083693497,10.61086859411134,0.7912283686535141,0.2320772758367918,0.9042734544926744,10.791978221547597,2.6302021048935327,0.22835464111622705,0.9272671901129814,10.675061852865884,1.6026429394952069,0.19995912735989618,0.8927199277030579,10.79822058965232,4.064214661117804,0.26131934099432513,0.9035715738353444,10.97672187146059,2.4434131646186437,0.1505226352919016,0.9266155393650753,11.157244966614531,5.196946137659662,0.25932241860777144,0.9124372735224016,10.659793857852359,9.324898214139054,0.3427278695594634,0.8952019367931552,10.362213692547854,8.179340839081936,0.2598683474674328,0.9359316614610045,10.699330839863322,4.487731124017559,0.21340424614476478,0.9173081157631727,10.654889728952197,3.4802185803266887,0.2798916693129577,0.8861934575810579,10.415754613253563,5.635392575537826,0.29143080769439555,0.900222921762742,10.375665263094614,2.2110618347861317,0.2362836868502296,0.8526907805426761,10.498525281850208,1.3680932092001492,0.2853180441251554,0.8602150352655815,10.486964091663202,1
0.6900186274569148,0.24224562045949646,0.9242321597016205,10.312683034394874,0.921731551864751,0.23261563386247794,0.9353982973963396,10.389963129114024,4.514106580722679,0.3126638873025852,0.9001662608285523,10.2845724330037,1.2806564689082354,0.19265597481842575,0.9101119612041574,10.409268946616375,5.132667581991559,0.2618535664279102,0.9303479613787421,10.562271329432056,3.347975697643718,0.19016886888808182,0.9532317512103649,10.790031706406747,7.664206418492095,0.32422641417012754,0.8938151875354008,10.478114849046555,7.6359230726635365,0.25038961086401906,0.9259002256877379,10.492814819543613,8.448551262728841,0.24087638672949221,0.9198151944502194,10.326856869335744,6.620864211246531,0.3351754430776078,0.8531286238972263,10.195813642582266,4.3956111215615286,0.3266604745226793,0.8639535466390491,10.221502899123726,5.619381571321382,0.2779547776437923,0.9267532440833215,10.333476179421655,3.07571905960924,0.30525829101857194,0.8089839973469337,10.157238251149629,1.3395483701623476,0.24155701688723144,0.906320138943927,10.322009472194612,1
0.6914687719212376,0.24723925475361025,0.9193166469148467,10.659619727762701,1.0833279911368636,0.2639553773718326,0.8908768513702753,10.380961951525489,4.707005175886223,0.28373621459659754,0.8682386907351196,10.331427446900271,1.855975920207241,0.19494928442373055,0.8526309665816053,10.421647737883493,7.458500026281862,0.3390888397756542,0.8609896467307512,10.468214502151737,4.078493836415488,0.24734677620528767,0.8980261493829759,10.492208990122904,8.63397375009441,0.33422198802300934,0.8754445212661242,10.530076887921409,7.293327993044436,0.22900061161201737,0.9040047592256095,10.877825713595435,7.7985118936823605,0.1986082483494673,0.9444128388651318,10.819896909629493,5.503135632016119,0.19365263370293737,0.879053378324281,10.720644294995099,3.554912240449907,0.23497053055801526,0.8638682116450599,10.5561437301608,4.810553281081224,0.24188775739980123,0.8786293471409568,10.693236788900016,3.2647986053522615,0.2766470628806515,0.8433959235067162,10.399705632322085,1.197861272122977,0.22241036930967933,0.9210536710904408,10.55572470752739,1
0.9637818419125945,0.27604039700095967,0.9057437590403647,10.722221283948986,1.488675366639879,0.2839586518893792,0.8905311584623592,10.785342509988933,6.212767088291423,0.31916288034640844,0.8533909706143786,10.438289736074072,2.108776134963142,0.23314079300694987,0.8718949232931861,10.891789150043117,8.221028513305443,0.3398426093056858,0.8854247007536219,10.611788222662948,3.6615753717739565,0.2251988205070649,0.922925503091431,10.630172159013282,6.411797538400635,0.25577868608208043,0.9091166005687227,10.96729815995475,5.115339730404557,0.18094167284524412,0.8837390196548469,11.246995856371496,7.440070782271903,0.210956455452227,0.9226533489257268,10.674087944941364,6.745827856676385,0.25268430367406985,0.8771164115839581,10.396737629853304,3.5747583912061827,0.2673576934309728,0.8947794986790789,10.619022335527328,4.270198772383482,0.2168847189898687,0.9106203979170655,10.611550911142338,2.884968465354051,0.3126047118455302,0.8527058841688759,10.472872841858498,1.0573227816422124,0.1957101634835699,0.9224424389219354,10.7846658386699,1
0.7878103932303244,0.2688784854126103,0.9020564700604897,10.638737109731789,1.24033646583208,0.26209820315048704,0.8745777478388609,10.562820261706657,5.026811387372116,0.28375302941669733,0.8263834050018981,10.547113098485447,1.4546383593870487,0.14855623054827644,0.7588849026268125,10.808909615176418,7.805792571846555,0.3285536906803995,0.8871493703391828,10.488114927356659,4.263089945180711,0.25144779315166776,0.9116894498742465,10.546212792652566,6.691528077562892,0.2994836424107198,0.8857796629447471,10.800787949683173,5.65880062786368,0.2015676019666053,0.9020711225133285,11.059456083862496,9.06020973302908,0.24528272294196232,0.9316033210303499,10.683132782317731,8.201940069437091,0.31767276577868114,0.8619627779270093,10.43912288490563,3.968526586555225,0.30049996349749525,0.8651922877755208,10.591955163890612,3.918484975679563,0.21567372496717038,0.88424645578216,10.68341682505313,3.0496541881489843,0.3067574353675621,0.8707021880537806,10.451265030096897,1.1435513711609802,0.2060045436570999,0.9172217072060371,10.7680739442428,1
0.8323436407697413,0.2772293256365473,0.9071971548709616,10.511147801761396,1.4570969800616513,0.2700842424240718,0.8800605098123103,10.393324337795653,2.847969014923426,0.18930207919179184,0.858894044339887,10.692780702876764,2.1690644072787317,0.1961117777477584,0.8057005181923865,10.449641219571724,8.883767028441502,0.3420101753571849,0.884473027108023,10.400306061050015,4.396953762209051,0.21470681757417628,0.8866732463201611,10.632655268148469,4.683971472786832,0.22198562843728906,0.8963938443220748,10.956931048980396,5.437692478434065,0.19735639378390676,0.8854131115437711,10.834132704771504,7.027283524835995,0.20510307828703028,0.9512107490977004,10.78626015690798,7.724007631292078,0.2793892468329806,0.8889994119272379,10.587755651107315,4.290355210358774,0.29993824613835696,0.8662844651056476,10.662010192876469,3.5951311630481753,0.2109651526655368,0.8864786646097865,10.744599862873208,2.990030953111406,0.28548462313310835,0.867508196751055,10.668324242598125,1.9287147367842863,0.25485938087218146,0.8597294709893886,11.141613461594254,1
0.9634727210439649,0.3310351707888645,0.8979112948883348,10.518059671085762,0.9718576146295743,0.268529951226134,0.9025068359337922,10.48462576877355,3.41593586381121,0.250507669478249,0.9223762947449831,10.55825787075566,1.26323807993841,0.17681668109166332,0.8274508668005643,10.708167710628722,5.6143930274467015,0.3024122156713011,0.9205469873791318,10.552681305675122,3.4408403138596437,0.2289325069470588,0.9055183622655253,10.404652627818342,3.3141376735677532,0.17000562746123155,0.888177919141129,11.316931390623829,4.117052616608391,0.18755419861378478,0.8882419310513534,10.931279614637742,6.251149862165221,0.20962992842686612,0.9424719285514305,10.980421356417907,5.936213605331522,0.27120978074630286,0.9008901018131958,10.432310280036623,3.442389582119222,0.28284649230176545,0.9115864533799153,10.620506539130387,3.849836426569474,0.2674975447658605,0.895324014294461,10.51351515678601,2.0478086510175313,0.25930915441766794,0.9020752548898319,10.770900719380691,1.579184921374454,0.2325643784230278,0.9201666712499235,10.842461639841652,1
0.7770915223412731,0.30401833905987136,0.88954717619226,10.499782131380998,0.9286555217326248,0.2589904812785976,0.9018217356248042,10.576919937510239,2.4686041388552127,0.20819810461910432,0.8744822245647388,10.704166257652506,1.549553667461313,0.20474173740916582,0.7915535792470045,10.600094002705854,3.244509365885363,0.21737215725492537,0.9416246855813026,10.594271884273983,5.441329412118324,0.23832709622767193,0.8668843407342666,10.265079674021408,3.882501128653169,0.18139184595509522,0.8452571432873874,10.901521831492115,3.26748194356887,0.12984925520378568,0.8679918588836131,11.053866638054695,4.949777068786504,0.1505534788460094,0.9073469423204158,11.383430377011523,7.603183729564303,0.2890009184785244,0.8382941248121482,10.805523969764785,6.846776414697667,0.39732896613850305,0.8206876190496962,10.554157438314233,4.5987146279458475,0.2757885245990705,0.8635141421459585,10.436595971002737,3.7720613238611214,0.3506923517214652,0.8129161499497272,10.688641243588917,1.3804895336411487,0.21306934176047793,0.9410331296259996,10.792377283962754,1
0.5770627832303603,0.21294141980348177,0.8950848550189385,10.586729626267195,0.8279073715462026,0.21630946983745122,0.9628191495250727,10.771325787655824,2.3661990556937536,0.1568370782144695,0.8477972760196177,11.044231199842228,1.730284338565386,0.20428177771879594,0.8772092360922586,10.899100167342173,3.8352187353050398,0.1937216335477558,0.9411654007667938,10.669147347924556,6.083277533847447,0.24939010843808623,0.905390878915202,10.47821648944278,3.130607987814749,0.182116939972028,0.8194520663361592,11.079443095415359,4.494711759172196,0.18233324761268896,0.9186539488342286,10.963587353070041,4.031866976302463,0.1605841715358158,0.9496488006112287,11.19063116134277,3.785892052359158,0.18625985315130217,0.9157259042141067,10.540474573898848,3.526459124673747,0.2772734971947832,0.887033441036427,10.359031654939326,2.3014408930826966,0.16325935426040428,0.9107942509997174,10.890393833625168,1.963226790425165,0.22866045896904316,0.8647318680490806,10.432656230655645,0.9285122219248347,0.14102833707777127,0.9373552145543381,10.963817552624405,0
0.8034039501071573,0.23649541711796926,0.8968993020954541,10.442932031890896,1.0854305501158175,0.33851955002936424,0.8922396445962112,10.620820273092841,2.7086063237413214,0.18016724592797734,0.8672313029801721,10.843866191190314,1.9974124471313826,0.25386833998573705,0.8790803137608992,10.800411820283982,5.735504917589753,0.2982824365688605,0.9010667060528252,10.667180576056872,6.6480373375298845,0.32769747875303273,0.8645906231263134,10.436397974096497,3.5757466895281174,0.19917617986594674,0.815056789475697,11.120605810385406,3.5669908941303192,0.15578341703226403,0.9177462131324522,11.354248924758481,3.4323260115081347,0.1267466475844924,0.9325347312892432,11.258285196199356,5.284436811399965,0.20948624094474194,0.9114716630531601,10.758141832395696,4.341439997419132,0.2750005694052472,0.8807787619490652,10.376556740115921,3.1124794236936615,0.1769272779936607,0.8852299840405397,10.833865423553586,2.768227870417169,0.24465605967480433,0.8361005254433745,10.456995884708983,1.2112435437942712,0.16441143557861376,0.9240572157015654,10.50477099233579,0
0.6390894615775736,0.21883119146562477,0.9081438939891456,10.894029534399891,1.106841609123473,0.3050975730582191,0.8665545005541334,10.976600761586104,2.297112955187932,0.16250271925243018,0.8102012054861357,11.441594316765947,2.25284911724101,0.26869823575367296,0.854785851085242,11.071997165612354,4.539701312933147,0.23915066624026887,0.9247444362461144,11.049575381234561,6.107787022828201,0.2628132991409867,0.8924938585979366,10.455478204306417,3.4027774375347652,0.15992028499237754,0.8206671010347001,11.056385240318978,3.7798987927578787,0.16929250521376737,0.9327473858495662,11.051498959362048,4.5594074787475325,0.15787885107234548,0.933275243707483,11.050892805176508,5.059867599519876,0.24315309744651992,0.9216990276733726,10.907786016030483,4.775074332284337,0.3069411715151946,0.8583654609593787,10.633508042005765,2.950214689523766,0.15193772140394413,0.8896510727531781,11.119686981861083,2.826841687837174,0.25484576198256725,0.8341295829114707,10.627369860272253,0.872118821393427,0.14163348449391513,0.904959085351508,10.810500543183831,0
0.49678772825939455,0.17353935312032653,0.9206331835990174,10.598724844317857,0.7358806871229144,0.211633472778103,0.9508037741461095,10.797144285651932,2.1045490825305304,0.15305756264681514,0.8548311999019044,10.925915619026501,1.5615498870394602,0.20163488799804738,0.9256048108688854,10.815834878886037,4.801825901538843,0.19858471291210836,0.961808334192109,10.804839452427137,4.082679373098932,0.203834202037055,0.9456706925132566,10.957851078985785,3.6639915393795217,0.1617796112944311,0.8458513016761088,11.392635833093463,3.2135033347923683,0.16136283567602613,0.8998196447824688,11.234149695641161,2.7945486066645353,0.10529921271677696,0.9356680108026939,11.517638892797477,2.8751652554841236,0.1209463642631593,0.943822373768757,11.317216962382718,1.7416368942305485,0.168544519021514,0.8992142472250804,10.518087469084639,1.5901132283664086,0.13242789577133174,0.8786287461707933,11.11190275123636,1.5088585133930827,0.15959036448660557,0.8749442891161414,10.567252347787884,0.7449567234299037,0.12366523997235664,0.8775801578195195,10.556770234763585,0
0.8540409554691993,0.27552219788700755,0.8997328344970785,11.013956655833422,0.8290646613801647,0.22808258002905468,0.8914356360790996,11.229636939863866,2.8727766768266116,0.17036397398699993,0.8746655714036665,11.638019283523573,1.9192243292737836,0.25763842533954234,0.9102914910775206,11.182483553245017,5.407400303340851,0.24305289618626572,0.9256542312826778,11.002604622392463,3.0604446918610937,0.16915017166331905,0.9404852943928809,11.136945371851318,3.2904945803833265,0.14813568117229442,0.8416322370619941,11.170675533284829,3.7477396972318706,0.16729658996267366,0.8758486017904548,11.80019044407923,4.276786582758734,0.1552628144971921,0.8932067380138161,11.882145275814878,5.243053748599637,0.23316883420242732,0.8821964208436229,11.470947765069752,3.733412490040375,0.24262508281333858,0.8919109573111995,10.840674024719144,1.881181286938879,0.11279536811844784,0.9083991774952197,11.278785985036482,3.7193743495107245,0.2846154547048043,0.8692598197299666,10.819136578835655,1.6362427349891935,0.23655699792912663,0.9028496854399508,10.753572800159615,0
0.435176538404557,0.19066450259110027,0.9363281321604494,11.10173195282426,0.49843044164207756,0.15550201563887855,0.9562977424031412,10.912020019633323,2.1192135122498517,0.14383225872250602,0.8995039515375866,11.459080594825776,1.2785168062937649,0.1814845046042474,0.9599787785869361,10.883222745495454,3.5252047991848077,0.18161002328217155,0.9618104871133997,10.783739093645147,2.6012762141952073,0.14556743992031126,0.9379153490061809,11.204832039067504,2.6345826619445933,0.1324151555711591,0.8289138592539479,11.550361817357468,7.74525207039814,0.23246434322838336,0.8200441003356956,11.75167450466295,10.540568384760117,0.2654527771295222,0.8740144961754343,11.200239560848557,8.540437052840476,0.3331337686382909,0.8751577377531136,10.766279951852564,2.2688788563213516,0.2259396062001467,0.9266811796840981,10.724992853403037,2.06906876239132,0.15756605362867826,0.9220681062898597,10.945854177400527,2.229929981073787,0.28909169777994126,0.9104932438762142,10.4585867423888,0.8805275179231483,0.18107798787494592,0.9614447328614557,10.521059908544897,0
0.40681804215959433,0.174990581063306,0.9332268529554166,10.929507822106626,0.5245665613911756,0.16331715150067685,0.9423380134851936,10.792251191549273,2.7243083393992835,0.18409718328020014,0.9046772726260573,11.247285470934866,1.2494215816533565,0.1660273002704615,0.9607500497942238,10.763104753553423,3.0167284002072767,0.15905513142364722,0.9534961390195159,10.734149715581792,2.154281985175413,0.12672596401473504,0.8818529197806119,11.014333358973992,3.5528646695884456,0.1538877795216551,0.8879534131528118,11.001101950832686,7.463444992610508,0.19161450255012538,0.8662341990073855,11.707094699808334,7.796541688982671,0.22412709975843548,0.8893685503086164,11.38119358381022,6.707166187955499,0.29756074466894017,0.8797586023911474,10.740453832483873,3.1282241835860085,0.26339671662523356,0.9037149653608803,10.514691104947827,3.745873903301722,0.21488570980397004,0.9073733839167601,10.675447865335922,2.7196701097093734,0.32834394071693357,0.8840896326263645,10.36507977038037,1.3195186009960027,0.2512676089969473,0.94786007986806,10.540304452704857,0
0.6681069270869597,0.2251570552677735,0.8599134972386807,10.773717595388126,0.8796455254461291,0.2448575007739056,0.9323544450069498,10.569351911142192,3.132119229556739,0.1952206731077409,0.9031606677127302,10.980216419942135,1.6984079033986161,0.16983084707737617,0.9288853029613466,10.686011518633219,6.184924623558265,0.2774794429280383,0.8993711481572441,10.652988077371774,2.048546459802805,0.13443016789911622,0.8717635956942523,11.082507555320658,3.8016444146555033,0.20826337216580712,0.9196383667716479,10.833642391410876,6.1597828303894895,0.17528514531325262,0.8349912482638223,12.030479419975322,7.176252116750091,0.18916965555171836,0.8575025554565161,11.751969615043505,6.4384957261789415,0.2731935256219762,0.8582057033129628,10.819300594165584,4.077727734790437,0.2859744100483199,0.8699782275347369,10.43617033323573,4.860634308401669,0.26309305052536214,0.8935051071593727,10.695137571215497,3.0830843301829987,0.28059512422212607,0.8472961507182796,10.343691428824146,1.94646649980389,0.3036617954655245,0.9091039735820398,10.387451866820113,0
0.6513959450176994,0.21806278709563964,0.8679592881638661,10.559859831642605,0.49130043935303624,0.16673945362451428,0.9382382505914438,10.566490560518682,2.3984349011062513,0.18604419338320805,0.8978442373773675,10.791735139767018,1.4403443282736936,0.1789540017604044,0.930063104144043,10.641466446736766,4.113185208808012,0.21064808219310702,0.8883895571628814,10.620307221086557,1.1730455520062448,0.08296247323683392,0.9010127081875307,11.16586841394138,2.8296582809053477,0.1656252829934178,0.9234550599396054,10.942160386080403,5.248362654553146,0.15839154975035827,0.8460769689121117,12.009843130691214,5.288636974069563,0.17113065544372044,0.8916122638276186,11.722610189340648,5.830675459288368,0.2541007934093661,0.8674423296088563,10.771022377611105,3.2986102205929333,0.2321904856887352,0.8759946762812665,10.36996528589211,6.112355756351837,0.3290505938494779,0.8640804353251772,10.47038739056227,2.8419447794930868,0.2831655007684807,0.853654569288194,10.24720835173021,1.6373646221482168,0.28689216123406863,0.9187898798032715,10.365413195602645,0
0.4812317680182733,0.2138847207500779,0.9036365396441904,10.696933840551603,0.5543339837169015,0.194242996127254,0.938516323508273,10.724145678467364,2.118172636194222,0.20939325074482718,0.9059081855346891,10.719324117570947,1.2894679231051154,0.17350558658316267,0.9255681196277297,10.712706520149721,3.939099155502042,0.22685958648787571,0.8878794443909833,10.778094175364782,1.7484173483747183,0.09885096599587495,0.8654569580067083,11.322955277023304,4.219524765218216,0.18350884121653194,0.912668345791936,11.161576386203889,5.487271896361226,0.17340645143988564,0.8761929726650565,11.459550989819531,4.216883137983579,0.1536394869060403,0.9311895391208432,11.494184912245105,4.285258232616031,0.21208803177135527,0.9180390229216291,10.675078904689402,2.6908344707130247,0.24259318640163616,0.903661249784617,10.482826575567048,4.345781573511045,0.2619227913900653,0.8523814706807747,10.500107831289549,1.8605618659152436,0.24312485181954208,0.878641689658167,10.540121947196067,1.2203524765269018,0.2513628936213155,0.9350082738291787,10.525531489206312,0
0.3943847021618192,0.17147980397455187,0.9289196876556657,10.860427628148246,0.8797190485323104,0.2297479939856351,0.8890607881056937,10.800158069217021,2.139984198086345,0.20535081749249548,0.9036040794690129,10.87288597997189,1.3185081495599846,0.19052786559203164,0.9143444527641211,10.794052716093699,4.903479329346472,0.20906772916475963,0.8872764048202221,10.96837822457999,3.770243113185262,0.186250532362574,0.8445532590631997,11.037862009495708,2.642618830506814,0.12269438611562093,0.9028186672671289,12.30126362330084,4.394862175233743,0.16167249926415364,0.8620004098349365,11.949091271965326,6.506914402411741,0.22196327929787849,0.9298751684385471,11.159516800247703,3.2567988674382358,0.17015449332856117,0.9221918399185767,10.934604962828713,1.9749198325818444,0.1688467790810772,0.8953611023690312,10.713332840480392,3.561426142967698,0.21557797950338398,0.8671985206286884,10.861479152668975,1.4287182090935304,0.20275328921153896,0.9047878552188652,10.609595835236911,0.9752490160352355,0.23347720904699557,0.9429900894944329,10.532025463232584,0
0.5055478044273715,0.22835479805667244,0.9260206259458356,10.574116906970122,0.9067993805119864,0.24888865957744136,0.8998791046899728,10.693667854667584,3.1168568034203923,0.26181588855385857,0.85964596467758,10.777856423609618,1.8636083180159737,0.2538154586085177,0.9106909872941338,10.569673972148795,5.058644604211725,0.24820321451310803,0.9128492202065428,10.593303875466223,4.119159660781758,0.22013831290152208,0.8947611045590355,10.729350772732065,3.14809392111425,0.17898940892725496,0.8970767710051416,11.420843800514598,5.580180301554597,0.21550295971944544,0.8624075627324096,11.355359274260707,6.116098227281199,0.22302305246532725,0.9478564329619353,11.057747540432787,4.2220912121802305,0.2188303838166421,0.9311161383868491,10.875797069883344,2.448541471360664,0.20285203746836902,0.9259442313668514,10.71640940073027,2.866320023556265,0.2064071609050739,0.900165109218915,10.709798228753852,1.5712099195781166,0.24032729957205895,0.8933694862367635,10.575265645733538,1.1534477837668267,0.2602084062763733,0.9312674822296261,10.596255622105389,0
0.3577201578233194,0.19957094762210112,0.9484340997093482,10.586211576287388,0.8636376128926925,0.2553870495506583,0.9109275619946253,10.450977217656826,1.6613317334850157,0.18829826361863514,0.84083961972799,10.716799107364208,1.83500777415694,0.3050071004547178,0.867250445895683,10.263057047429179,5.230057763819435,0.3066204644267416,0.904464663147556,10.419777016810883,4.966877097523874,0.24913954902060637,0.8974377994882512,10.732527633563105,4.000419199544416,0.1880462422396365,0.9033074931998806,10.934371104227491,5.953526046142828,0.25639744041409535,0.8962141116886597,10.887792257710306,5.966545872371478,0.22179194986383385,0.9728573018170101,10.734847707161238,4.274632075613214,0.2304791358840552,0.9337543428884528,10.683388116231965,2.4156004269446485,0.22120676279706347,0.9130025324535771,10.679021515994588,2.303299819297527,0.16608929830455635,0.919406504783403,11.024913240399508,1.3579416062653018,0.2298380559283622,0.8973733669669817,10.50223149909103,0.6449949577996342,0.18554030262224896,0.9527189368982424,10.950664844291772,0
0.4940510538758277,0.21966318273779364,0.9194132641332401,10.4141049790944,0.8911924780616063,0.258015181180901,0.9017668052523271,10.565413646793104,2.3375165929362893,0.22315135135671915,0.83428779693233,10.496980759654333,1.9675683310298195,0.2962745662786266,0.8918075174026846,10.51158856406067,4.96175746199882,0.2707896437475941,0.9337565582831335,10.472780087201988,3.5423836841564618,0.1990256994499146,0.9061318750553391,10.74173781423692,4.038013635142431,0.23497505708238822,0.8433413616847564,10.94875399942091,7.8626099661131965,0.3171739262372574,0.8719664523321549,10.667554155610887,5.064237669831036,0.2284037378973596,0.9674371937632944,10.537150852120103,4.027403024977501,0.24122138886010436,0.9263528662687199,10.843933996654764,2.457153078849874,0.21702659080724443,0.9165509866301977,10.610639081831597,2.4129117716994406,0.17248448171591843,0.9107555195458482,10.910160136638982,1.4179235898929285,0.24517114491262304,0.9086000718853257,10.484674738757162,0.7345137635181864,0.1760602294428582,0.9289995286853363,10.926304247023754,0
0.7045027121712119,0.2477973187947848,0.8876847835620657,10.712734293179391,1.0115874946593055,0.27346895064567567,0.898603028452255,10.724699516288826,3.2872453522080765,0.19833346324403858,0.8391388816382663,10.75512535918384,3.0504914901573286,0.34504950042694776,0.8739481066790815,10.500624079892726,4.208889054509626,0.23977997474287696,0.9262008430464604,10.58764592765842,2.357315772590728,0.16155820888558325,0.9315684471541156,10.727180199029398,3.358335097452515,0.18376758673748536,0.7982087018433273,10.638361238928734,5.846403543933661,0.27807451793755367,0.9092856479804867,10.427204725037598,4.120627502412326,0.17956893696022086,0.9730393104459527,10.624966311260637,4.150138060619633,0.24664619204194085,0.9331797171055451,10.773213193323212,3.6037484894491048,0.2557081549637292,0.8674087476726361,10.854025096063323,3.6724080600695745,0.18710315563758384,0.8909628916441295,11.002009954003826,2.2916468431869195,0.28678299246169353,0.8567282529828375,10.667086956238405,1.3517681579285203,0.26416672360998833,0.8806278475157698,10.808599042082575,0
0.5082846469347796,0.20237814198285337,0.8914176044851427,10.800967111119865,0.7968288082728334,0.2683239514672239,0.8970813503438823,10.498858966163477,2.5394057707992324,0.1789402134624928,0.7973960818412679,10.628714126740311,2.513693912350756,0.23259489993741098,0.8289177872320767,10.68649713175458,4.239123133846406,0.2389922237959654,0.9127092754893902,10.487451576497975,3.5943958912299974,0.1714141391247719,0.8861920630895398,10.727808494343103,3.9970787297567756,0.17406386370810006,0.7732063204150307,10.932379199135351,6.719876797835273,0.2627289189313706,0.848853674326612,10.431196746829235,5.7255092422256855,0.21074055452568047,0.9354391197978797,10.639505962294807,5.626574907201225,0.24298902876520612,0.8588609512713702,10.8835108138655,3.6609096646402506,0.3115015956580623,0.8767328648346907,10.595969087471435,2.7280173777787144,0.17250199823393747,0.8917073233208611,10.741846754432625,2.3330742704230016,0.2956584876878757,0.8701179507547613,10.50637908151334,0.8142208675641078,0.1953759075138676,0.9227504521177098,10.814461814121703,0
0.5474808636158706,0.1724125255415336,0.8762925636272758,10.968045313622472,0.8169606670688077,0.2358680794781609,0.9264500563974246,10.551436630441803,3.386980780333331,0.1737110744820087,0.8056752233359458,11.425466995290595,2.3951972127809293,0.23515251532896683,0.8532142222696353,10.558269449665234,4.095697321127881,0.19716783593253098,0.9334456535371412,10.651903831297245,3.2626117806539328,0.16220730875972078,0.8449204196670389,11.1254251081083,3.5723125466355503,0.15383298309369564,0.8479046074374131,11.048090904408056,5.577075824789833,0.22310956572465038,0.8543928485425671,10.452702759711704,5.4996802241187766,0.20124654793830002,0.9156156714670414,10.579815651620953,4.121840711589513,0.19300317800941022,0.8709733551182036,10.733832133235682,2.231318621618741,0.15598009448915287,0.8884553904941136,10.676185404600805,2.928672982145131,0.15331978225428092,0.8785726511973151,11.082751977652407,1.6774550521961862,0.19625987074218199,0.8276583405240258,10.493009809868955,0.89632684523504,0.16105630119473807,0.93295072111102,11.0690169689623,0
0.5429890098842063,0.20642252815784923,0.8534712188437293,11.00496555227525,0.8432909212631285,0.2170968097936837,0.9172498477367875,10.550317976032305,3.1750735022510415,0.17350277529813746,0.8016507287927306,11.48903116029723,2.501274360336085,0.2610378365091944,0.7974648247485773,10.444551282084788,3.989856211493748,0.21943677299636763,0.8957453815989241,10.55876627898633,3.7281565106869046,0.19924486689697846,0.8847679143125615,10.732489607385444,4.363237618319025,0.17739225606411535,0.8394860601847174,10.906620335939042,6.487015472456611,0.2585766701033966,0.8913517384168679,10.550369440103754,6.918899356654951,0.2528189779822906,0.9261656635283143,10.718564017301174,5.224467510494382,0.223252098883472,0.8789437657316866,10.847445762174898,2.733920054590971,0.19546370791624132,0.9096268754936662,10.913912216344546,3.03133081313819,0.19121325432873554,0.8909641065000642,10.924102077489096,1.7782197147341834,0.17990715173411953,0.8864192088411632,10.655614323228066,1.1929087262961293,0.22434332073838892,0.9264025480686486,10.814447745829218,0
0.43616525234071135,0.14066573689947415,0.8044201187061646,10.838682714452892,1.594101133654211,0.25201892347306615,0.7309203749992981,10.3896786838738,2.013104439147354,0.12422785749880681,0.7657552729876258,11.769332425353173,2.325478948224338,0.21626821591229894,0.7852274503834414,10.600223713701698,3.3704543940810634,0.17298739484231893,0.8459687480162879,10.79073966859348,3.577024696241816,0.20165210625144872,0.8211636370035096,11.108297477833098,3.259083962779156,0.1492743333184288,0.8137163848665461,11.021880377298881,4.733394050555423,0.1999433729112553,0.9111626131047669,10.951587237499222,6.547150303633916,0.23383163676685803,0.9286845792965696,10.814099386642027,4.463410144713562,0.2010890174497559,0.8737991392920476,10.777614905403258,2.1343586913333885,0.1791839207644957,0.9214302295653738,10.751672364966865,2.3163970078876512,0.17337086897550336,0.8953028089426998,10.981851168660045,1.3995017583812004,0.1598424452309062,0.8392988173501337,10.796821600572677,0.9747279702491382,0.18133490452130815,0.9315643598726283,10.70463299225562,0
1.7708119325782923,0.23786926119553417,0.9226967153852608,11.076678624225785,1.7967817102690815,0.21279122270253037,0.8241469640601842,10.597611548005236,3.723850827453676,0.1695439232046516,0.8495357043461081,11.363872953548139,3.3933050706711896,0.24732982302645704,0.9218053561353226,10.994158425189555,11.815502049004133,0.24441134147550864,0.9265835054369296,11.074279616145716,11.84130253634427,0.22964287532348698,0.9292178778597153,11.048956351306765,6.743789528262033,0.15702021952052375,0.9567346428829655,11.287721124618427,10.445164704078735,0.2699926038583514,0.9192543426486702,11.062853262475208,9.931748371586743,0.25095800196267093,0.8962739445405215,11.293374953238894,5.072842544509082,0.19419992359075391,0.8905538278310866,11.195362119682407,4.638652142370095,0.22192325039855013,0.9191908488899017,11.124251217945597,5.189250150182072,0.2142356400884327,0.9382611323322668,11.222757736680112,3.22870995807475,0.1716300042416463,0.9152315838586096,11.004314427311261,2.833600033597665,0.24955862045772953,0.9187893992319305,11.01057170343159,0
1.845828265645839,0.268941969424544,0.9223790331953399,10.903897301824077,2.0131703394277043,0.24516276704406717,0.8288053221768007,10.504342820619238,3.256093923772827,0.18702958668441425,0.8348262151026417,10.68899441421433,3.5505260249598813,0.25090693175768164,0.9275044727921397,10.9670150981689,11.923572571799568,0.2637921120437665,0.919072442594054,11.028010748803444,11.905190950986432,0.24113802239716195,0.9276419772201855,11.042447982019116,8.149665669325476,0.18521565705573115,0.9440255710742775,11.359378611471998,8.710803781596695,0.25194766047550426,0.9293517495659592,11.103773217727765,6.719232623917168,0.19905194474860913,0.9394403143985425,11.388178529815747,4.507640066179295,0.21270493259728246,0.930478151311896,11.030065543084318,4.905630105345363,0.267744014708086,0.9041982523310923,11.051254791284281,5.772399431653163,0.24780685019493429,0.933381979905927,10.95662443661612,3.660695042525031,0.20276245928098138,0.9429533943938772,10.970756829721376,2.775946493933668,0.25906966166837064,0.9239401651904097,10.94257996388849,0
1.921202805808158,0.26755197528303476,0.9176557802141789,10.902282882619456,1.8280625237044428,0.21182134512927075,0.8118717187037431,10.554321228698031,3.104847600757341,0.1906774023517738,0.7996309659481334,10.715491374109765,2.7358212801662636,0.20396082392698195,0.9272605723510948,11.113855706547826,11.324281917836215,0.2381942232809899,0.9279619889217887,11.100273339202502,11.435477514372579,0.21635622612777053,0.9301548282551823,11.188580263984989,8.28328217354898,0.18495826489833847,0.9511892943028357,11.302188131266583,9.348647501371566,0.24045194402501535,0.9323327439624649,11.152318361726122,7.48039317996666,0.20357594169480078,0.9349414697382677,11.405920070506003,5.811223742139266,0.2252505936057858,0.9280690324605978,11.081417102232868,6.2256356217905235,0.2723354888944283,0.8933783938066195,11.018833270310468,6.371943491643205,0.23403595807463842,0.9467726729916196,10.944469156022887,5.30889426777855,0.24718861079937868,0.9311176886879297,10.869564145031926,3.1798180160520615,0.2630598231148201,0.9239369280046241,10.947200368594585,0
2.20139446293364,0.2501776326335514,0.8678422854992673,11.455056971050652,1.2449263278899734,0.17966861129315262,0.9166622442598368,11.175943127109415,3.518102082665931,0.1803209233221218,0.9080047730070229,10.944098431749172,3.773919148854831,0.23833976123840567,0.916377341314483,11.277815442646299,15.308708887728093,0.22888293748008026,0.9023564771569886,11.403783723232639,14.90494838871447,0.21193177438026026,0.8991902550461575,11.427679864920306,11.00067132191143,0.20646830509001235,0.9156076390558657,11.464106300382792,10.476034524443463,0.23008579947739097,0.9084673035781261,11.178427833012822,8.840860511844049,0.17119834017394545,0.905044327210183,11.388407576282344,4.880433517615774,0.1845520687058038,0.9226594669093343,11.297462390909246,6.060167438330366,0.24479076317642748,0.8678145248572033,11.436037187717785,7.093532944453701,0.22122726461685407,0.9024525768857699,11.477099621168406,4.4515401203931635,0.19036112422112045,0.9137813068876721,11.448442522378945,3.3680902524390923,0.242434355667631,0.8845599820581398,11.41062086460565,0
1.1422854712217398,0.17044749909389975,0.6206818768527329,10.440848569153854,1.3752704175080115,0.1602492748525083,0.5389894490694321,10.308109173994623,3.3011086134718886,0.12195987390325588,0.5907174097234347,10.359354787510176,2.822235119788348,0.13585549823418638,0.5429678810437678,10.458382397396004,8.747650708490372,0.14954397297394925,0.5137412792810324,10.301023646114873,10.09964686416184,0.17450823894987133,0.5577384622078487,10.393408168443726,10.583259391806395,0.21362377830551493,0.6079998709315331,10.520096667625491,10.41459604411174,0.25566440546202784,0.8261997006861177,10.684505101499013,9.07460004757102,0.20688442071880705,0.885501370486912,10.926151094383831,9.12836728412311,0.25792302768157926,0.7938124598028051,10.575128014558834,4.350397559502303,0.22466811193957933,0.78595940574079,10.55576939126641,6.698509516978684,0.19730277882216848,0.7055587699619014,10.389371841862793,3.0085667375600957,0.23001887030771012,0.8280308586940985,10.767806278328607,1.5942007226692243,0.18419127429969454,0.7934685604176347,10.557013871158958,0
0.9504568469326845,0.18519558970243374,0.7124287981085842,10.472546629637067,1.1649629184534005,0.18024799600746402,0.6090928890139543,10.318122563229325,4.318930201860036,0.18355896440683794,0.7499181655959171,10.520338132583205,2.6585009094002032,0.17952543811357638,0.639834535159862,10.312156310793851,7.124057122760722,0.16334911139223812,0.5891374105281284,10.16528705320643,9.347427279400442,0.2063998576391783,0.5930156362634057,10.374722470983823,11.61189859970981,0.28709626190587256,0.6602803775229311,10.482365183274142,9.513492055081343,0.2859561343751664,0.8136399669683958,10.578185821057987,9.64593082900146,0.24921731463296065,0.8960785614304996,10.724940864126966,7.782898600928565,0.25865678140744924,0.8011925509898904,10.558594173556134,4.221623009454262,0.20877216712871055,0.8297417286013984,10.720501011598211,7.356944217909877,0.24292145653473973,0.812277127588769,10.567171955833254,2.7715952137868705,0.24169697960377629,0.8315651245960511,10.829388785852881,1.566948799270702,0.20230641492156873,0.863720752526998,10.545562978969222,0
0.9919727224793267,0.19813777163209298,0.6529457562177241,10.285935087745342,1.2200393237340679,0.1920123064382128,0.584511223791813,10.289280773346558,7.349845976079266,0.2151207296225395,0.6720553698365175,10.358985933083945,2.6381223769676234,0.17320040791502536,0.6809094120421499,10.304960001743115,7.698937898504955,0.1743075728092588,0.5692834880975287,10.186585653751898,9.868567863591599,0.20677458791616243,0.629532073056401,10.338396566147013,10.14600443844167,0.2660965907940842,0.6162636668747429,10.33272399955629,11.631284894147475,0.3353580847869449,0.7888572673921688,10.441592082662448,13.889509283406696,0.32944228610773874,0.8695647278693716,10.579172880862505,9.045623940365621,0.29360478666345174,0.7905614944187324,10.395181611264722,3.932138112116686,0.22337279131015295,0.7858358998035347,10.368955974036945,7.007116996297411,0.26602414274356384,0.7438650232982722,10.18209877597056,2.8583733377653946,0.28638810956417987,0.8039693202454603,10.437980078658056,2.132647157177091,0.266205651492928,0.8302580699626317,10.322779793065031,0
1.0673875974391092,0.20993638111124327,0.6357168702045365,10.285511644267956,1.2602844557803554,0.1880536792488066,0.644259180245001,10.312571866089208,6.140696557165719,0.20928110935367036,0.7012643122822073,10.450544185051948,3.288695606033997,0.20869055772654635,0.6343868717522092,10.400920091363073,7.386974916195331,0.17113137479224952,0.5725371921438873,10.234105963933702,10.573715753361297,0.2224392938762339,0.6040170173691125,10.344061090335785,9.022525053417874,0.250350140983383,0.6661324037369426,10.362985832222073,12.793363949263835,0.38794888038492215,0.7624985291609777,10.348385370687556,13.985300329018493,0.37557523942859106,0.8421241453417437,10.451505290147795,9.048147331610679,0.31706839458145425,0.7770957922077856,10.305960189933204,4.261199356374488,0.2418960075999641,0.752293920649498,10.23383343044215,8.258029911660365,0.2750914106521058,0.7603391105361311,10.262064036178778,2.619352730439067,0.23649947337020238,0.785372640417115,10.40916502345555,1.6552448312734611,0.22399152995865143,0.8014436457428687,10.38378778342122,0
0.422603331992019,0.20087266917957075,0.8319560380380085,10.431079800532938,0.5167768605967087,0.2203278131102311,0.8544902393643322,10.629263948348406,4.703252533536161,0.23434585949635223,0.7273217002065488,10.364818948240247,1.163972079918836,0.20636241573404607,0.87220415595236,10.517753876067106,2.560123279933222,0.1966856759801668,0.8886865277020743,10.660273746155399,4.64898838320809,0.283018491471632,0.8818076896409179,10.629249734182475,6.021485217014673,0.302999911791554,0.8506749114079554,10.420635408210845,7.205538137587515,0.36229371586646086,0.8513412710207936,10.309032541808625,7.625517380515337,0.3109178070826321,0.9254237432064525,10.428406585760953,3.8473014471164704,0.23524731223403314,0.8822712861094757,10.379141237861502,2.3795164493169243,0.2069368433726704,0.817338482579149,10.321905028448088,4.12762758724009,0.21810002632746794,0.8090151823178356,10.440190300535694,1.578554469233061,0.1943741724298553,0.8629629179124714,10.465855095925036,0.9302366912747196,0.2362893529891765,0.8889784082201856,10.26009294216773,0
0.756073622808151,0.31691554414395656,0.8538131675650237,10.492145480035301,0.6815092595847787,0.23554993636008068,0.8802744617324304,10.63074829452365,5.6435446577240995,0.26930598784320325,0.7654914398406949,10.516343823691487,1.6578207758036225,0.21441462805349093,0.895711189071754,10.535490796573379,3.697391237303261,0.22232169424748988,0.891464173997615,10.519060132916806,3.8528383174611904,0.24073145324066325,0.9107793689420505,10.776517568781735,3.61743276357635,0.2284910172078951,0.9060787739005712,10.417044280721923,7.053553597382422,0.31182672040249476,0.8941344634423642,10.422179818444683,7.554542286708177,0.28887206732002735,0.8898539870520739,10.829693809343448,4.550287975037455,0.26221401914848086,0.8902981878311,10.573402615108254,3.66814406706958,0.29887501635140706,0.8448848960332443,10.43822538419632,4.642197314988662,0.24669443899387677,0.8477335847459194,10.588606408500523,2.2961780937271645,0.2651902805578729,0.8417704881749613,10.39563011363418,1.3937710747589769,0.2974364073702843,0.8866100511672697,10.51859018794214,0
0.5365439245296744,0.20553846861174768,0.7943721686223357,10.414695791050864,0.7432230033521035,0.21506454059064312,0.8340769937943464,10.50930583262239,3.5626024829657097,0.2375292518070392,0.7632822126386573,10.369484849138571,1.7185460661007348,0.19508942588393727,0.8733428289204672,10.540140512747813,3.73248482578359,0.22646228573748078,0.8506368636474435,10.46315524014148,2.83750526656482,0.2009502908479368,0.8911834357453986,11.009661875851133,4.251766820191005,0.24743482255831206,0.9163010548669092,10.520154996630799,4.996565317249634,0.21830005675605155,0.8723712163947135,10.426970837781981,4.5956348376118665,0.18191673489760768,0.9377096914984053,10.947752719647276,2.796025320306401,0.1363772194909494,0.8199835398191206,10.827906412610318,2.4583019223938636,0.16104482761187036,0.8148310723842282,10.412940865454148,2.053325391483553,0.1034745605381343,0.8060202007286206,10.635922858130233,1.6237406201801428,0.16580253132532313,0.814077686703556,10.396248914001562,0.7966240356535729,0.16292253395055198,0.8430418029365804,10.577250431667732,0
0.792679318895883,0.2546070487399415,0.8079936407046043,10.745070242042337,0.8599740111786482,0.21252652767792354,0.8708326432348868,10.597303618040929,4.665520585947301,0.2521759155686199,0.7985697326185768,10.627500480688326,2.113780864021238,0.1977352941088682,0.8453851253051251,10.526320352801969,3.9389686242094912,0.23095051566588742,0.9144421641906545,10.666012173879812,3.18040738188375,0.18077969125260707,0.9432489280574131,11.171822284091695,8.1274284162022,0.29902777855708157,0.8607024276830999,10.948345482010216,8.92914699140213,0.26067534834149525,0.8949589186336494,10.872381012440712,8.42049381515201,0.2277903094750659,0.9286533776502893,11.031170565742098,5.8433671909442975,0.219880608007347,0.8377646145440771,10.725618311527507,4.935598893579467,0.2435912948835835,0.8120828350562999,10.710190584269279,5.423951106638116,0.22604891510594316,0.8341871003213475,10.802045330710671,2.681381552618593,0.21533893210366106,0.8068654241706882,10.646213504270076,1.2465443913149845,0.20342266356828595,0.8537240979391904,10.792953287506572,0
0.5186427502833624,0.2017841918320142,0.8403463141112808,10.902544149658901,0.7046579327081662,0.22566553780109172,0.8673279459728154,10.492205037664329,2.71936174552518,0.23102382685275025,0.8263583507289932,10.710270973906578,1.0955686673281984,0.14029471755771783,0.8208135639005619,10.786524555258591,2.8122521171970716,0.19068697382985847,0.9243857999193194,10.65711360357772,2.2570097612387476,0.1766945889213918,0.9198625967837947,11.15628371888149,3.6421132303698336,0.19313038475160352,0.9124880691270084,10.850423396974193,5.740067978049682,0.21763127876785338,0.9361020344941524,10.802091221110095,5.637815494597409,0.19430723243575101,0.9597912433015124,11.012832024001021,5.124694552393709,0.23702634615032242,0.8437079650691471,10.782824845773,3.7840636844981224,0.22289472834945082,0.8395041867084068,10.724770816751981,3.526590973558151,0.19294211542460643,0.8792253214392532,10.945778906949961,1.990587047899369,0.1847290822346823,0.8163117796368045,10.7233877070936,0.840993533023961,0.15690030182967155,0.8734835702003637,10.980971714228925,0
0.34879797342441365,0.11835308034882093,0.8098640735856648,11.291278341072383,0.6534077732263412,0.1605778657666817,0.7919475606793457,10.555913595572159,1.9868761645912092,0.14658636983687137,0.7971757715242803,10.915218470692833,1.4599070451623497,0.15302037917525815,0.8239016093857959,10.704083242251786,1.9849183069962295,0.11086584431446292,0.8504068505779574,10.925368764515037,2.46294748735086,0.20690662216607342,0.9285379836970304,10.722637316473985,3.335931049715236,0.18847449757331397,0.8982980095959584,10.762745195265538,6.090598202671837,0.23293901987694876,0.9420986687051998,10.74682027514018,4.661205701098254,0.1688064703613336,0.9764132656564435,10.881085129528962,4.695726192616927,0.20277519443753358,0.8539223844503229,10.801066074586556,3.0240463819900705,0.1785586012683574,0.8327493376872503,10.872705800671532,2.9245807263636547,0.14170411014577292,0.8711382564523336,11.237533956946299,1.829078396325859,0.15537581732419528,0.7915891145961608,10.838541282029437,0.7715040031756384,0.1348359610778118,0.8561269521052471,11.124640977117645,1
0.6026611037121441,0.20369497629630148,0.836285263576608,11.331679889604517,1.1185053589774416,0.24725239896048407,0.8867919902302992,10.401821543557412,1.8074777597875362,0.14859518055436116,0.7859544332472375,11.979145126847072,2.2782185237243713,0.21923207170101155,0.8560432929850239,10.573536006867991,4.935040659007033,0.2628699893088717,0.8992088267260564,10.412480484649608,3.6810898229693407,0.3033319432463757,0.9238458049475368,10.580853309650147,4.357190475490857,0.21453654049538579,0.8846717211621515,10.905883660908508,5.532381970979178,0.17693702492946453,0.9379518560161048,11.154704640723029,6.177449206275405,0.17045043395155898,0.9514687675724259,10.9386476169528,5.3716239438536695,0.2074421624537124,0.8801982086109031,11.131934704766458,4.01955528394604,0.19959227776172023,0.8516680241946738,11.227260805706107,3.5963539580838355,0.17665447072409982,0.8623343536027201,11.608460225616096,3.26594552568861,0.21996985221109194,0.8244698478051619,11.022117621723432,1.2816840531706903,0.2037093727576881,0.8747932228913041,11.269383212323405,1
0.6969179497387212,0.2796023852486647,0.8658330842766048,10.5658619312508,1.2058407756951666,0.3763138877591967,0.80571463346221,10.097345495278883,2.5544332166270127,0.23802169791328007,0.8479978461676976,10.733253404121855,2.4277886593798494,0.35077590872686765,0.8311899958955872,10.173899443935877,5.575329241145433,0.3238205324907339,0.8561940000804048,10.241545328663829,4.742787802767711,0.29975103329019354,0.9146652707145669,10.718449918878749,2.5158446633633997,0.16423501433750182,0.868565348695454,10.424286031733127,3.8185688272564184,0.1803479733893731,0.9678065653690887,10.888621215653188,3.8182051791811955,0.13945763298399444,0.9812252670369487,11.051515399421849,3.6307532294642315,0.18943303015128593,0.9374324097694589,10.562782647141562,2.764218639619516,0.21806594781328914,0.885743328261398,10.486995750725804,3.0140409928384204,0.18388215539359123,0.9344291096701987,10.867628443188831,2.481161104628212,0.23871641507012958,0.8555014869259572,10.417912120202951,0.9884879736883487,0.21498452748038618,0.906834487200813,10.65194586759851,1
0.7732104500370593,0.33888502165683665,0.8452312160950373,10.251423727927119,1.3996372863840183,0.35370534082883676,0.8181033382371131,10.254056762540246,2.4616011210629423,0.24446549195041484,0.8500898313460041,10.401084604339873,3.147271780933841,0.371280747394294,0.7952020268659866,10.195999518924571,6.0979723063016085,0.3117529010343937,0.8437151192901442,10.350639828969149,3.448560502308454,0.22485560265989465,0.9360936061192323,10.751489643628108,4.2247465233040415,0.21442578278601085,0.8597281265609381,10.701926075872496,3.3053711693557135,0.18494119920454852,0.951471885412881,11.17179323070573,4.066173648711967,0.15823385213439195,0.9783633444914396,11.250588294799956,3.902346353491388,0.20995067086988428,0.8928679756799014,10.729800032370564,3.083725420404648,0.26236689357417375,0.8836331700605894,10.396763023246294,3.349139962822934,0.236658313407586,0.9439828987417905,10.674354029402876,2.604465627061175,0.26051727685550097,0.8402114937558692,10.36707086039794,1.1612921389410615,0.27931367370381743,0.8878283701435803,10.31215402530796,1
1.0709435827099885,0.20964624155032513,0.9250951350255731,10.356870014000078,1.4686828802271485,0.3225165323815989,0.9049789036527222,10.25581839276165,5.260864672121212,0.2140856390108143,0.9198972259030848,10.47577719940036,3.545661046294874,0.18394660898756243,0.92215844584264,10.27059578587563,20.697560375353813,0.14562505601324902,0.8666434082062239,10.435415959338155,5.70450369239244,0.18928527440413898,0.9048646251890896,10.711006001031734,5.537957785703787,0.17845982767802618,0.9232716446437197,10.504797385721545,8.832363235532643,0.10127629874746094,0.8993350597320774,10.71537401056635,11.790041414749945,0.13150083396364776,0.9072532795305884,10.776470537164103,4.224192359362102,0.16657984921911906,0.9187263848332476,10.604184118164126,7.042430236889791,0.1894138159873998,0.9049466656485424,10.441800446218043,4.163564025634858,0.10229592660917297,0.883717934845066,10.587858617498632,7.864396000174477,0.15952943714611134,0.8942267806928061,10.450102207330755,1.6450288523819452,0.18494856293836287,0.9106596950270418,10.400750685727724,1
0.7344708094375894,0.2245003694222497,0.9233421442104575,10.408694152977937,1.3237686381121097,0.3210139228260581,0.8808972807538105,10.302573193607959,3.518596344601527,0.21427626970050695,0.8589465343197135,10.374481485198372,2.667318565987639,0.20566859027952594,0.903871285434474,10.357726606016202,11.591026272089534,0.23692948875563533,0.9495200609759312,10.334071145742682,4.204248972836757,0.16706539087531533,0.9067502793369276,11.154471690064774,4.560324616371123,0.16192563265047874,0.9096956338065042,11.367898405564542,4.945844605144094,0.1311860561906651,0.9669596780719332,10.861634684625285,5.465234085745396,0.142701809190846,0.9722451433083139,10.945916744865585,3.4056101522290367,0.16883056683688366,0.8943107175461371,10.774583591716244,3.7111729282572337,0.2358600091374625,0.9343934510052665,10.383964703350903,3.791606454120019,0.1668265088404502,0.9089275986622463,10.50295262223931,4.036098762228076,0.23209109463422797,0.9500311436663917,10.459630812950184,1.1087734727430287,0.21519474499858135,0.903299967342053,10.415339164460763,1
0.5238837419681424,0.1875641498811656,0.9608120460832004,10.627436421726843,1.1096742796370673,0.29276475044513034,0.9004419343367494,10.465333186602926,2.915669573641201,0.2060831775540287,0.8956376419938713,10.457977218200002,1.900164722750171,0.1504567181241188,0.9058718963694736,10.668005932203132,10.583204578412083,0.22906058169017726,0.9576673687264939,10.384528898377944,3.686232645079458,0.1561768898169131,0.8835272310204227,11.408491690717106,3.0572620732499898,0.11198679107068396,0.8850747801171701,11.26194928861683,5.8149958284795495,0.15129560835393255,0.951587980735785,11.203290284551448,6.36355204116857,0.16331725498993008,0.9540046062853706,11.003302072777965,3.0752201412731592,0.15999237224185928,0.8813942537839511,11.119258571208904,3.731279134856656,0.21892571062097715,0.9456636408873472,10.476135842620844,3.8788623291611173,0.15815920891881385,0.9389171073094907,10.570972875927811,2.947871586761331,0.1851213451931464,0.9667405573566172,10.511563513300736,1.0605452065605692,0.20404263356474564,0.9458448984323816,10.523215098982234,1
0.6192464198823184,0.1778557381753079,0.9333704672016714,10.649097104349181,1.1394992086308713,0.21688149139683607,0.8677756421022724,10.498578981659636,2.8201857382312463,0.1472804138768405,0.8615831965773224,10.672534491992334,1.7974956846870846,0.11640190934886127,0.9026777554944586,10.874699914244685,11.274105206747189,0.22342371508100456,0.9450657662077784,10.327505110382042,3.090156546213482,0.12532935809478304,0.8358605371199196,11.184674341559504,4.507033951807003,0.16767317710406868,0.8773072207068218,10.892906103439648,10.085577365254185,0.19766181003830352,0.9423172084551172,11.04338807375539,13.763425896400122,0.2381763778989385,0.9234026404255372,10.92836317723134,9.607094965976692,0.30103159581209354,0.8683274830542869,10.656112719700923,5.4201982730476095,0.2407922121458076,0.9170065033501656,10.449496695795434,3.943166252397805,0.1258648813553844,0.890959798374069,10.578424417175633,4.329959326395188,0.2246061172801551,0.9470757576540507,10.468206237561011,1.142452527745546,0.16928067236055397,0.9308321139906522,10.786263625112163,1
0.553520925495568,0.1807352356680386,0.8770284014983182,10.954368233293023,0.7895620413506567,0.172118791941082,0.8529991678881635,10.827592360711957,2.205286964559845,0.16457312696340431,0.8274482152531731,10.641798755778948,1.0887563465083367,0.07942239090780473,0.7703555917749504,11.567718268982475,3.4128947201803594,0.15053363712315515,0.8596283809577943,10.778731810470637,2.146441737531554,0.12171431792205123,0.8988739580328609,11.114365353787154,3.9049098688547694,0.18296747927053908,0.8954488829652179,10.894402408757262,4.374904598414476,0.17794287200985864,0.9115957916152967,11.320770407898774,6.367706153225374,0.17485295510078108,0.9096545908859544,11.12371254018656,5.6480605913695765,0.22140328971135956,0.8502076321479174,10.802603597998317,3.1101169331464007,0.20122580916322247,0.8556866128235839,10.896410704123374,3.9274914896490136,0.18158666133548493,0.8895373252571441,10.846199830025684,2.0058431829574,0.1944683095873013,0.8677115788984561,10.87027516315495,0.9099174314283212,0.15928123513135672,0.8834753411356522,11.116412177137182,1
0.5184787823096975,0.1785102204830696,0.9169762280208629,10.696319042691021,0.7420347006779852,0.1791820001354226,0.8522940681124112,10.856304473596643,3.1916676764933416,0.21796083169609606,0.872877028509743,10.518547263605484,1.2753447619694747,0.11251007650937608,0.7884814739072629,11.042971138508504,3.5483287881454957,0.19126757640683636,0.8676257179458254,10.507766037103018,2.1256769008621146,0.11013963064850153,0.8944277084382948,10.868038239622004,3.9736655056009433,0.1669591487497924,0.9390382308050435,10.751579118597432,7.284878607294639,0.22653137103863236,0.8821291689973388,11.305076983074407,7.754358506165563,0.2130744607704051,0.9054792490047064,11.343175624616228,5.219398293774917,0.25092815735545987,0.8747372620996116,10.928167527380538,2.807675083828446,0.17027125981792324,0.8787637651895236,10.956313841520577,3.6867592238470728,0.14819970203008392,0.9098082408971425,11.018816621902298,2.2773662679679907,0.21516076192571748,0.8962342720134302,10.953838895398121,0.959335480428382,0.15624959923818824,0.9304854641968193,11.04377303307352,1
0.853657171563566,0.2460893757011832,0.8906761159952171,10.741861297148379,1.0956114018955585,0.23688013469593425,0.9003434137465326,10.52623457078963,4.148419936448727,0.25712596174471186,0.8834312524304037,10.807628319326593,2.1834574819074826,0.16468475367091756,0.8200098598434642,10.700801960829809,4.337143726817333,0.1989021414899102,0.8592482992685311,10.448422906096159,2.761644863940993,0.12094954382637965,0.8388645881726227,10.548680596468582,5.934399039438366,0.2959785521540754,0.9076011248050445,10.267105578252444,8.630014130629508,0.2573217318168054,0.8892389618317775,10.973383819225361,9.981906508357516,0.25498032282084593,0.8634135328705993,11.259077050689077,9.97754802971377,0.3405096159936024,0.820818451375148,10.82571876881079,5.724085116316302,0.25209494620426764,0.8691434495147073,11.01056112597829,6.131791761258868,0.23219730803058342,0.8842861921745065,10.9761296569924,3.2537949176919296,0.22733093209396382,0.8823184933573,11.04134881302595,1.431580426066056,0.20663935418817117,0.8870575891006196,11.18604575676178,1
0.9067592200585296,0.2858977501460877,0.913414167809577,10.629559152960164,1.1808857461744635,0.34227554687118955,0.8981670506784734,10.489505950453447,5.997254334805227,0.314500920706274,0.8861477263731597,10.346573125217448,3.1710804649421678,0.2703647486540718,0.8523850853092172,10.49606305231669,3.2352118580148037,0.18727080277842792,0.934622196575087,10.54143014790961,2.2683830620073304,0.13840657906036788,0.9358199618736425,10.739957555755957,7.330102978770389,0.3004909177902775,0.9101759996717309,10.559688752011382,5.457364223063306,0.22779218504553392,0.925917258768081,10.75640649432328,6.135731614683673,0.2264449847836246,0.9200776745557505,11.004564117129087,6.67800786685733,0.2993322699929525,0.8465119019779753,10.924205658864476,4.448060381393044,0.2901200986503533,0.8764993729587154,10.896193613013315,5.430746562239544,0.24725605876844314,0.9036489054058054,10.865771135146332,2.504429768932674,0.2418848487516518,0.896368257738392,11.051214621004569,1.0869001997790009,0.20524876545149323,0.9019079702937391,11.00524587744024,1
1.0079828997788032,0.2726406089942917,0.8972939359929515,10.61363385442152,2.148137976389404,0.4059638461566713,0.8407977411583948,10.620730188410244,7.849903350526244,0.3357536791659925,0.8478987028338508,10.559433765413539,4.822185770025022,0.3615511757517521,0.7954818895263526,10.495269968164033,9.8370989886595,0.3331537765628182,0.8579956392877098,10.876605570986614,3.0184397717933256,0.1319020365984959,0.9182388735416086,11.255919513083937,6.867500873467263,0.29622685538495547,0.9200455195329911,10.368256371735841,7.887252049776896,0.23852223239722609,0.922630553205397,10.903016351282936,8.049882278952346,0.21641851000878648,0.9273828202262807,10.970677699571162,9.052935164439448,0.3319622427181039,0.8088896936656609,10.741902112844864,5.60218087293511,0.30052749371687626,0.8490506195524502,10.630447452320544,8.262124903524219,0.2908886686278734,0.8794657353685705,10.75051566443111,3.366086629230217,0.2743069782715257,0.8612799636136476,10.682642672303102,1.3962721007983756,0.22512436687455875,0.9082224375320693,10.680212656050312,1
1.4097356150849538,0.35844287599912805,0.8743429701170052,10.463499217592023,1.4176982547430144,0.3151531211300011,0.8898503450143755,10.41555535785388,7.929691780270239,0.37656095095019365,0.8301294382317819,10.326466637071023,3.210245583091721,0.24457356886139683,0.7701899537545025,10.4892217320813,6.959954877680133,0.26028016253891795,0.9091821769756161,10.38041685011475,4.085775459269231,0.1766919293156194,0.8963154968654126,10.956980418451504,10.156602614522638,0.37253185504194203,0.8465118787249553,10.53039807538116,6.135544439214395,0.25558464411412374,0.9056895778915903,10.746749432388457,8.634826814231047,0.2908017320525098,0.899147629986334,10.703421176963582,10.811329154486284,0.4406206951667688,0.7917333881055393,10.474802970543903,7.040183596817814,0.406199662564993,0.8332033079224004,10.493470119655578,9.751316780789843,0.39710695045697186,0.8358143077949093,10.450687774855565,5.328816173687365,0.3794856336504009,0.8480081288989789,10.546768148070552,2.3715617621833345,0.3350472460096694,0.8805913178173569,10.569339548099173,1
0.8798171042712885,0.28463032622773765,0.8901886259779342,10.532916666311325,1.2391579384445752,0.335359499673755,0.8582698065354262,10.56847683367528,5.064621306536083,0.2708117852794537,0.8708962905749377,10.42862946005646,2.0991687260628353,0.18963199006169254,0.8451092245127173,10.81395263205187,5.965269822628571,0.3320769679612381,0.8829978310369808,10.344189740414565,2.30990553413824,0.14005656393202454,0.9282548085967212,11.248943063425026,8.001377153814662,0.3434379141870444,0.8766026666366376,10.504262080347607,8.424271366497571,0.31616280394093854,0.8759015666313398,10.572376922819627,10.363615764864383,0.3506727150961943,0.867185364482804,10.482934813980725,6.789031397080218,0.3421653978133235,0.8193103825111063,10.355497807981479,3.7908441871335836,0.2950607489215232,0.8457024284164038,10.314972043216978,5.97189706828402,0.25911368472821306,0.9057571871011866,10.478548796178519,3.1750035447075,0.2675319380695222,0.795424977973117,10.287156032953856,1.3735286968061047,0.22790637324851576,0.8997489842047909,10.470728626294134,1
0.7761266293058257,0.25559888087870397,0.8937917289012186,10.406722564441953,1.0802249433836302,0.23804725213490482,0.9064730309858302,10.657481918297261,4.180579410941512,0.2519911146234402,0.8718800521005894,10.48957118309694,2.1629181866905016,0.1808225759235976,0.8749940614824693,10.744563886770354,7.609392604663144,0.32586973499700506,0.8889332631011093,10.559730403507197,3.9961968898342635,0.1802889387119255,0.8908175422470345,11.461774038833289,3.8196547530315,0.20404653680863957,0.9297369393511441,10.642173089325333,5.652192288696716,0.1964798140598675,0.9204600257298515,10.818754704523656,6.677416957939574,0.21848815679048159,0.943117883245912,10.656280526069693,6.683674209654932,0.2887628639456271,0.8627730600720063,10.37045735594222,3.564779184024364,0.22524053708853367,0.8664642800141562,10.252948508658765,5.643748953135115,0.2714739013547264,0.8561068244508494,10.306812537945476,2.803880512134369,0.2473070126966586,0.8410388879815887,10.207588824983134,1.3759458622574765,0.23494211671260487,0.8949942718918552,10.27733900281045,0
1.252795527231696,0.2556071130663405,0.8347916591808314,10.473909771308342,0.5191380060611807,0.09728521278879004,0.7979393642028804,11.20468968497144,3.090738171940238,0.19183449128130353,0.8153071879317103,10.54351471864539,1.4184480809593454,0.14576364952692894,0.8927969850150145,11.153413700870585,4.36359092484283,0.2266394018470143,0.9224408673295056,10.551085056954998,4.853277396773957,0.2455198939493495,0.9255787676889784,10.591272513525352,3.6749608614030485,0.21587405777073812,0.9132771016552396,10.641151470336167,7.690971049645243,0.2633406696916669,0.9198138338858295,10.78507273694635,10.514628684478062,0.32679511351826407,0.8786066352096396,10.866383431800477,8.233067774456234,0.2848388666699824,0.870954352871413,10.733409874688489,7.089901736590397,0.25959072524725657,0.837983846785087,10.523001831918021,4.991959218277256,0.19955645706497352,0.8118580364190847,10.534959761043309,6.598797953860199,0.22786111696041458,0.8138076397779183,10.437139813233072,2.9786882612601935,0.2390311943119247,0.8154589126294414,10.459708863980596,0
1.0721696441652693,0.257899933848587,0.8426343473484939,10.355428926199387,0.4754470801326789,0.09716312422627967,0.8463938511003951,11.392675231224914,2.896269976067769,0.19007081361934683,0.8745605642205213,10.46038718630993,1.217372487161101,0.1521005000121887,0.9572717914763379,11.193967019026857,3.4766070774138935,0.19761435420701542,0.968918060869442,10.590645776374547,4.472095443603326,0.24726973167530725,0.9272774551201064,10.461884998761256,3.8979170832117065,0.23089425537302058,0.904601510580014,10.441871127578253,7.16104599022403,0.2566486976860715,0.9290261577909549,10.510320269982262,8.079103807905039,0.30299630398427807,0.9333776396530703,10.565417325249634,6.621095699648236,0.26000085557910374,0.8785650017422271,10.523852752621892,5.5612187783359435,0.2613640856948748,0.8027885514519657,10.405728515780323,4.615201495952853,0.2101896116489126,0.8061996650005442,10.430779925879383,4.914231115124244,0.2493749104246938,0.7882507549327911,10.353768971260735,2.257186730107453,0.23215401409382191,0.7679364258913272,10.36803565890584,0
1.3247669970783593,0.28426482171209394,0.8723811197038712,10.40290243818912,0.508287213595636,0.10383500456783125,0.8144610012606169,10.912257965720615,2.7733465312629138,0.1901370119777195,0.8931040215128723,10.362911423826109,1.3449014071841021,0.1597259133013954,0.9312970610685077,10.799481567163195,4.336992315361078,0.2171230590096695,0.9331736885270585,10.66143910622275,4.961666543328463,0.30822003891253213,0.9120126350738891,10.346466620918482,3.9317970877742052,0.2260857895073727,0.9231321599366987,11.054347389359378,6.772051649629886,0.25325621373656165,0.9437719689633917,10.784401722145002,6.102625716107056,0.19938599240341534,0.9466937061928411,10.987099295747111,7.699364825556749,0.2801580425570638,0.921695378714755,10.56909101840488,6.381475197657298,0.28813550543265115,0.8596718405895817,10.384303128430858,5.470945515103854,0.2610833606183374,0.8657254676126447,10.379834997787524,5.161752256805308,0.28638732197009864,0.8334000101343754,10.357017641255915,2.4020414702133914,0.2317106898093804,0.8403671779657824,10.288073991040072,0
1.5218355336566973,0.33456506673192976,0.8147359871678559,10.427179038843345,2.1747663299051996,0.2824083222384037,0.8120423931313797,10.877117572933425,3.5645782943316595,0.229838688136493,0.8414581816779213,10.598430990055288,1.5149387012852986,0.20586580190924267,0.8878202130356243,10.721889466683193,6.160872136471039,0.26486518201315207,0.8942777066993939,10.785141565942958,8.0115796900724,0.39340187702364093,0.8589801865665243,10.511108379326494,6.685598364084397,0.29944716702332114,0.8928329581868788,10.609964824720866,7.8350558164374675,0.25272262979834076,0.9027527996199122,11.115701398900713,11.549258726279039,0.2780426700806276,0.8549231576648947,11.309106535628183,6.82567965788884,0.2583336385110225,0.8667046785451076,10.999786909615436,6.553232335138576,0.28756753285244857,0.8650130374429542,10.477081126132765,7.016855297117762,0.2939159625105007,0.8499804034419545,10.643887059429456,5.817645703498437,0.293830600108463,0.7853229432302948,10.344258230457191,3.2413273460799368,0.27993284295205034,0.8221496344785939,10.425422903233837,0
0.602718784046988,0.22855969974267004,0.9253974398674211,10.687167568345476,0.5246008042955341,0.14164298193125444,0.913595260304768,10.351992114640067,3.4716059441463276,0.2371269798540601,0.8674677900820912,10.574556600767199,1.3293205396893004,0.16532419270880727,0.9216437681149894,10.692578261784492,2.9372372671503157,0.1643281398162276,0.9191059303321228,10.432701433550257,7.713251101332687,0.3813507214503206,0.8689484824827761,10.361242645359587,5.553624543871549,0.2691034476774269,0.9043943114463502,10.58822824295922,5.571926443303562,0.2292184327993357,0.9273445716199169,11.021219340475504,7.840217994558887,0.2452995251931317,0.9233608359580878,11.009692310726107,4.577174748124968,0.21000170909867774,0.8756836608196806,10.607035211932912,2.8466200369103687,0.21661361361871342,0.9341913394630699,10.689663578338319,4.2503957169879785,0.2423987709890379,0.8806339965425045,10.806453740177371,1.845866621701058,0.21044512182013012,0.9072030466526999,10.573700961693284,0.805283235268734,0.1581149621733478,0.9550154765732722,10.803268540244924,0
0.8080372375084794,0.2837754775632755,0.8664099259040295,10.680129646297138,0.7191682748599603,0.19657918716312686,0.884689525139994,10.497460380118627,3.3447294448208345,0.23929178934278955,0.8823422799963412,10.627308762583974,1.546146068963399,0.2335037514339659,0.9121003375656817,10.757877010824087,3.969885604685542,0.20322499732679844,0.8764401906009783,10.588517245622587,8.891061170304498,0.39645044871135954,0.850021192195842,10.291124935043708,8.815198053352141,0.3552264644581292,0.869404331557167,10.478272463651008,7.970261179031495,0.2635991477991175,0.9044226337466137,10.915608466878139,10.542550910945334,0.30726491926942867,0.899374378543475,10.74536251813555,7.063957961636138,0.2987535662004097,0.8698071888839171,10.669082133387818,4.030900463375528,0.3012057372055476,0.8901335443711816,10.794341892338918,4.6851872221551245,0.2662980325891557,0.8793302594369331,10.90272746305138,2.451692604878244,0.2658055986050932,0.8891986914633156,10.734559832986799,1.0152521099956888,0.20124729147236345,0.9492346815117597,10.947513812622919,0
1.1376336446837143,0.35276650787850855,0.8400211503958084,10.452056008777568,0.7919696182082945,0.22368019305010678,0.8561388167039532,10.375048494902703,4.371917856421982,0.30513388047707,0.8649786774525066,10.55519960116864,1.9443151347874932,0.2443762876284425,0.8446604144482033,10.839100949955826,5.88918447286064,0.24629271589610652,0.856763425981078,10.48794492509081,10.459346649269458,0.41062416958418285,0.8275917720068184,10.342066720053515,8.443464328893914,0.32741102253533333,0.8931967476853508,10.515688925703188,8.514936386270998,0.3055719065261317,0.9050477920299981,10.757655180184788,10.917967138909676,0.3089207339535782,0.9113412168355225,10.707719454009485,7.261102842997484,0.3322608010578816,0.8432962534240239,10.572809184312545,3.5937387137376535,0.2868202207610913,0.8848148689928307,10.709957420135888,5.207587618504072,0.30140867849326664,0.8669883953085534,10.665726025971804,2.0366855834946724,0.23174364578646414,0.8893719841270374,10.756039621733303,1.2630855287457312,0.27603847846817586,0.9042155493615047,10.693643831291,0
1.0057012369404368,0.30374947908123395,0.8888774180345141,10.350853288763581,0.9840572331745651,0.22066986100784552,0.9226912717028887,10.510662469702556,3.4887460055178474,0.2105173036741243,0.9260832149950069,10.583474854215787,2.28366774276702,0.2602698224573869,0.8952471553158111,10.670273636354544,4.2883027743589235,0.16275676306633927,0.8945277693966983,10.614750324237518,6.030360662948525,0.24588322672716745,0.8439906671248399,10.541283079029828,6.318851359936788,0.2256639245063844,0.8302751846114153,10.430379700790692,14.481005468856242,0.39754361217706136,0.7586606450205468,10.538348184242313,18.2224311789058,0.3889269334666756,0.8178077303964165,10.545639283812175,12.922088138400454,0.45542949444719943,0.766193960806147,10.38352660201743,6.199011765843808,0.40053096819421025,0.8263392571662178,10.589593984100901,4.344883690202754,0.2562376442865393,0.8887973690548366,10.68942873239441,3.262400462548552,0.32504880699736766,0.882996549181404,10.532944941266267,1.309236696732805,0.2551521844723945,0.9336598547690149,10.570361636264957,0
0.9684564397737141,0.29778462309920745,0.8577973002731449,10.379842677184016,0.865632837194649,0.2451823430165677,0.8811865525146687,10.440906320460273,4.03482932636089,0.28342213586592013,0.8978167311379408,10.611942612481323,2.320277391340308,0.25624656115395417,0.879698435434706,10.629443704941979,4.975906553848997,0.21891992449148787,0.9017752356584812,10.435431562529988,5.810263228867287,0.2547179686344399,0.8289843275321035,10.65684191978776,5.911522353741374,0.2455332559422881,0.8691987493544294,10.443313477508271,9.946647032976541,0.3260514841731907,0.8136755269406645,11.011862585343685,12.229088578840777,0.316901827170594,0.840180897070967,11.10306148830266,9.257098439700762,0.394686449600764,0.814895047329471,10.453756545602404,4.929018943470455,0.382793904593352,0.8351597067313764,10.362961977417939,4.12463779351725,0.26706720530163086,0.9006598879542812,10.461807844506872,2.7378008568009964,0.3415391176626079,0.8755444500465192,10.334724171199346,1.3919000893416797,0.3343701409617393,0.9039292901870501,10.480406512183768,0
0.8847940724226739,0.29897017984197505,0.8922791626534617,10.43856292767329,0.6685796582146919,0.23108966584322396,0.9198404028157903,10.434473879990385,3.3855622149307756,0.2437347479963586,0.9049206087070596,10.711111063877087,2.462874387046409,0.25853088113711764,0.8839981113062204,10.48772450178627,5.606359409283615,0.2461919623296852,0.8905770614598469,10.589662327603504,4.187501790731643,0.19860460066167276,0.8337337508270293,10.84510419124236,3.4158854104105125,0.15655499866500036,0.8329322474705166,10.716284590946398,8.359492564734275,0.3108570125314971,0.8040761216617056,11.172155634136255,10.31321618022399,0.3100933838417037,0.8366297210216889,11.126291016260454,10.632197732682211,0.4657176738249486,0.7879893781476257,10.341715882548154,4.925598877839896,0.3673479942661574,0.8691393285790799,10.405511489547562,3.526753723891635,0.21386772792707776,0.932592503302811,10.554602882807513,2.4595542257816345,0.3548006812118966,0.8829293763771311,10.354516736747627,1.4980900889097106,0.29620800261537006,0.8978316194308741,10.765260714186,1
0.4873052711192558,0.19839738666179718,0.915942336289181,11.137442779395128,0.6027512282159359,0.20635636248688594,0.9376211481560509,10.736831838227724,1.824840240589332,0.14763245241049397,0.8883315947734148,11.650406100175962,1.8133879310270045,0.22642983420863885,0.9382592987249355,10.853892485420515,3.505383821062632,0.17151090153319595,0.9540038302537411,10.894789366644817,3.2958735158360843,0.1792537829918791,0.8632502566767729,10.876309773605627,3.9713783788123855,0.1597547297212455,0.8107384235037569,10.435923823274937,6.799565528774509,0.2844027447336644,0.8387600445038675,11.08835152534187,9.780838371871262,0.3194715871424813,0.8441517146042934,11.039048328570926,8.484536434894782,0.46407547376457536,0.7965167551811034,10.249801729012232,4.857726468137066,0.41154604714498466,0.8339346698417651,10.445274550647744,2.7993164174559007,0.19550001313509013,0.890752079885806,10.834718588076505,2.9140198811827105,0.3619509589494761,0.8224065324722242,10.392284468434502,0.9506709648874088,0.227279626988579,0.9207826495973989,11.156252807534786,0
0.4767644859339486,0.23912389185804128,0.9345881024137814,10.821590102889019,0.6898368545465279,0.22897573288410866,0.9261275944939312,10.744568703526307,1.9291671078434094,0.22267514675641092,0.8917609063551358,11.248145431169974,1.569404525954849,0.17098823677536504,0.9098809183745666,10.794117365007645,3.4178064726362134,0.19903362491344206,0.9528886138690417,11.03080047706484,3.4991223522679555,0.19435876594146667,0.8983639512811405,10.630589887165721,4.864481586800046,0.19463959081592483,0.8847114997673431,10.42368742562057,8.164930656669902,0.2432205770321892,0.8903824269349653,11.088204683044014,9.684740549790396,0.28851297576483886,0.913024169244904,10.648885284095167,6.8365659029528105,0.39971146875683394,0.8486482779219578,10.196361342049466,4.279210211092208,0.3407671863524498,0.8825289935649451,10.357054422148284,2.6413133672368057,0.20951173522966574,0.9366248311134723,10.791573729313201,2.399554580902455,0.27790178416572503,0.8707113161889969,10.334988387433157,0.7572464244416116,0.17307838470650885,0.9226354741731286,11.088143366430431,0
0.5771450864038279,0.22399683770034493,0.880113083018979,11.212091800892596,0.6948751888353291,0.21365211815882132,0.862187216284588,10.653145039715476,1.5244565508355592,0.14493652196670162,0.8544766302186445,12.083339893725416,1.5181619679915843,0.16939425980138248,0.8464004551006978,10.976120502712979,2.7261466371910963,0.15376425681040912,0.8656037153035858,11.372396064196437,2.9676650848221864,0.16752691371300293,0.915648871628716,11.033980143451625,4.180197216644858,0.1837050359595586,0.9051784978093608,10.590831132817158,6.301687814912134,0.26121207454727596,0.9082503483693077,10.825067008867268,6.081965426626907,0.24532751669341066,0.9119786296758793,10.697240050434443,5.701154801021936,0.3680616899598944,0.8473177625599977,10.288673235463149,4.304410418272874,0.31334487457764776,0.8795692013021927,10.567858177868077,2.528661066866718,0.1683239304431278,0.9355956994436208,11.306759479284834,2.4421393896074166,0.2743091484873373,0.8684722446620562,10.519516539040914,0.9685529581850232,0.176551675049768,0.9102776069577749,11.25728037213716,0
0.6145935690803782,0.2560266206611089,0.8651819713822718,10.4726924995728,0.7784797249614698,0.21558780426929655,0.8914136890142489,10.494226909752228,1.7053816295440245,0.14827025118150763,0.8750149075127562,11.019759535614533,1.7972391490591586,0.17567761615022376,0.8761387595644851,10.651245339944147,2.6363451873817882,0.16027719870887083,0.912396942961718,10.997955570624757,2.0494574914988064,0.12373558238152024,0.9705352789578034,11.264466333541478,4.007403592041671,0.18388786604367557,0.9246005403907718,10.54356717504955,7.4909379021907405,0.28966505207191484,0.8853899992248797,10.770452435159795,6.085406092750558,0.25966927053486366,0.9342636243075049,10.749172683573343,6.624107986547596,0.39485698783632034,0.8608346589600863,10.287892896576937,4.572362672510226,0.32709185421127085,0.8795081806843754,10.338772753225639,3.2642310727578976,0.19772869639860943,0.8880810138482494,10.66999634506599,2.639441920061248,0.28941000990085614,0.8761492560059935,10.37597512167867,0.8641628070370214,0.17312351767564285,0.9108642991515302,10.572075323429019,1
0.614513192334754,0.24240862438388502,0.8796126866133027,10.564129884328347,8.98816502822861,0.1945362129162037,0.8472058709330307,10.302187374961305,13.577092144992722,0.15759414522016363,0.8591200202819015,10.31919164489523,1.976836343779488,0.16116875099660366,0.8548560971003648,10.915765195182779,4.831881974451518,0.17676102575412625,0.9445157292411208,10.678354022865458,2.957313998847134,0.0782536946183283,0.9041629911363678,11.674595128359838,3.652560892815061,0.07547021292839041,0.8619937562776353,11.112173916988205,22.32864910020836,0.3175369497381452,0.8972878069939423,10.49023323843567,15.893660607136944,0.24474598840659795,0.9204129635777233,10.474818656014538,14.227228411795515,0.20718635367613567,0.9072149912563041,10.310156108256383,12.805092198515512,0.17702674276311245,0.8811487303639854,10.306841516793257,16.09851567598949,0.17583750285436361,0.8926974062161847,10.360560165083337,7.268178524971761,0.24930913276758476,0.8995395623165113,10.336052139183694,1.9266475674328538,0.2524770422920559,0.9447224682112845,10.450193651464687,0
0.5861265745194122,0.23386770696569845,0.821835117705767,10.393028734922678,3.4183021270068235,0.24800319562250733,0.9570849807460937,10.390653333361215,5.126721424488313,0.1835951840489921,0.9334716107478293,10.341144032367069,1.3146196533805206,0.1272257276082438,0.8696749322739595,10.686509189982731,4.805384869535942,0.22917155260181168,0.9254570496465342,10.583514712733924,7.203386121092025,0.27822484713358586,0.9405211133235452,10.54800959834864,4.9093712685797035,0.15577192791235148,0.8651350725170177,10.759007022843157,15.955230145725674,0.3703752591795129,0.8774752437944335,10.359002333270462,12.299828908796055,0.27603210423549857,0.9259848178339866,10.454590431353997,14.693178443929012,0.3696568001385953,0.867208348972951,10.328804317046597,8.095925020920705,0.2660205334511692,0.9265707882295674,10.369719485908693,9.541239533247891,0.24466198454509164,0.9187042916297776,10.343604786593767,3.6822644996341807,0.294220881515834,0.9190305193939011,10.50623290693158,1.2039333825510348,0.2271794460624208,0.9213168488390014,10.490824895328787,0
0.6652069578755702,0.22777695184601723,0.7749350400283116,10.317301528733811,3.2660639528353332,0.2523872922037757,0.9574316424057411,10.326371344843919,7.608351718546649,0.21985588450124674,0.9208118482491097,10.390549283213527,1.0572035413017926,0.13183925869046353,0.9035972380714116,10.79120746444205,5.464579854625925,0.28493627554793177,0.9245075552935655,10.317400531165164,7.385877201712694,0.2431313609570987,0.9371857828737025,10.481842388976466,9.009807201241358,0.2274147827055536,0.8630423056614885,10.352068253587737,17.978064007045898,0.35816680795144223,0.8843942760272296,10.270105411889645,15.376837616200492,0.32257767126777,0.9039011936580253,10.295803527701475,18.118603084355026,0.39990377177164643,0.8205656223054026,10.181262588768247,11.304031132902391,0.32727909299986274,0.8811032143057405,10.237939629841712,13.180822937050849,0.2787461547392839,0.8961894055474078,10.278927452624817,5.104655408531633,0.3629255018080433,0.8713825870225588,10.273123584739498,1.5890841877538147,0.24623048859030147,0.871536146585456,10.481370003088921,0
0.5095593162540644,0.1655417673096467,0.8149934640989895,10.331360882703452,3.3481280459001623,0.25953663974979785,0.9509886073770266,10.316361856137025,6.429399039107516,0.17644397664651315,0.919579500849771,10.375021966859668,1.4718572230580014,0.16734369824009998,0.8904332663973538,10.579573496152749,5.803297074372057,0.29770606886082496,0.9395659374290588,10.353510103241373,6.969023398150949,0.27136445810386123,0.8969390560049693,10.36251076809988,9.051183826769362,0.2403911349362036,0.8437423880780672,10.596791272741793,17.046360074556485,0.35080608905757793,0.8865760558339276,10.381244130275427,13.919721189703559,0.299703913085036,0.9186194113108231,10.36096432825102,15.735405228592787,0.35236777887978965,0.8526254652561298,10.149583083329112,10.446654483479163,0.30050852810094325,0.8957502559180006,10.190889959099891,12.281908165266215,0.2593760657091929,0.9041271115460681,10.260652781046646,4.6677005891196,0.32583751848803316,0.8964823930310482,10.24642314963621,1.4824767834724708,0.2282024205936702,0.8993180207826537,10.426080659977494,0
0.6204037341538322,0.18600151770319043,0.8114769236600645,10.710427982857194,0.9966126932284547,0.22765331683728285,0.9135414752060891,10.693097921515252,3.7113738404818104,0.2019011954317018,0.7823148193609394,10.514109597271135,1.9561370122914756,0.19326154292530173,0.8956680298390396,10.768660647893814,6.899514264382539,0.29590789757822067,0.9306986501813607,10.54451627411276,9.427556852926163,0.31162716461725726,0.8813955043852898,10.308075034964792,9.6572894944854,0.26222511646309876,0.8363953285675352,10.538560740148872,13.602800890165673,0.3254785429455569,0.8920675361853209,10.499787264722276,12.058012365175635,0.29978972065510606,0.9053444170603061,10.520414380619375,13.135900025970969,0.37062689845156493,0.790604456755754,10.325166790000322,6.466155396470523,0.2903470377307061,0.8175333831208016,10.340665187453448,8.571739497511906,0.2934707426666169,0.7828617951666761,10.364337835863088,3.7797835047175043,0.3000960773124705,0.8282680753347861,10.38547140854305,1.2861499513797547,0.21592265383324305,0.837453888250548,10.579103288066275,0
0.8563288940484407,0.23990269669653747,0.8375377785743113,10.664149230600762,0.7506037742850942,0.23873144581423375,0.9181409767796684,10.549799265585818,5.994025085029502,0.26987124078130414,0.8152582150341123,10.718222238320072,2.0753626585831113,0.25620143803737977,0.90665558326596,10.563157099770217,4.297918246935985,0.2348994517502919,0.9478950813522008,10.637024104741775,5.996640359423224,0.2747050483715313,0.893229544289017,10.257551308063084,8.450539819247169,0.2871126462708807,0.8656614936414276,10.521658959950003,11.581309073654634,0.2562064941216784,0.8483338953305077,11.12132395855866,8.064450370856338,0.19161237060858877,0.8948867404555786,11.15689075820258,11.02654553924509,0.316569822598624,0.7871429266405577,10.456223556719346,6.5992986156068705,0.27267932207837564,0.8330508955986533,10.387794967755871,9.025478405833292,0.26703426723428886,0.8019925603974246,10.735250006970839,2.9222955404674775,0.23881673294018246,0.8440171966857662,10.459077069939843,1.4539619629847482,0.19136101226817093,0.849685064413647,10.982176978243189,0
0.9229649764533616,0.2744148905073284,0.8947264066464795,10.46335229857043,1.2025882741698353,0.3630727222888822,0.8869438950469851,10.437975391752682,6.840929607272818,0.3622242542343451,0.8443345544561834,10.30574191473439,2.4849483002838695,0.3226769349903531,0.9021336113802683,10.46459481112793,3.943886867519128,0.265238757729743,0.943206755950897,10.593819079441856,5.875309129218947,0.3568430374415295,0.8649533280340215,10.243887539534702,8.82375767030228,0.3810313112019047,0.840577565735518,10.63086425776864,7.797093323018178,0.2836370185751741,0.8986748171391983,10.63204159215844,6.788447286908258,0.2379666739493835,0.9473000606970909,10.783657123930185,9.24241855303786,0.36240683108155997,0.8399139144179241,10.49103338056403,7.103668967155858,0.35161288194816037,0.8288637534888643,10.300165161601056,8.23636563038977,0.3220149250993857,0.8173030678670811,10.298859175835265,3.542361834684649,0.31140758107204003,0.8665873233975734,10.40128944254339,1.748297336838815,0.2661398678347253,0.8844597467395688,10.514447641100187,0
0.9459411860837649,0.28464317454407545,0.8580314211424112,10.50723758396491,1.0327787931998302,0.27666645752354646,0.9012894039169879,10.387681419654065,6.05603258578783,0.3113655407696818,0.8319992614188106,10.343990820565203,2.221882651130362,0.23176989865705727,0.8146367706905538,10.408346457557947,3.840580418370619,0.24978411448565485,0.9240879354480234,10.459664826821022,6.989533542461692,0.356947695870968,0.8477901157656376,10.404323538047217,11.235467816066256,0.4077975711167378,0.8331264740780814,10.520284353855681,8.095525622247004,0.2894196254561057,0.8918274666839872,10.684492759611322,10.322406577705408,0.26402046105801397,0.9243502550359511,10.897820207395243,12.104796311901161,0.38272325819479214,0.8335607327557392,10.433382873087002,7.704699617986941,0.35670738995713647,0.8099136741495274,10.341875690543795,8.534101305634211,0.3202298679105835,0.8130673560237109,10.403677844079866,4.58741227942594,0.3396999628081064,0.8100091927143429,10.42619010134803,1.759668531145826,0.2575135186135046,0.8285754232860424,10.510255982283638,0
0.8636857539079972,0.2649568355658619,0.8846151740583442,10.462185958231142,0.9373181894964906,0.28128417885687707,0.8810051460671205,10.440374814775593,6.0152419769409295,0.3221721249514332,0.8630275790581226,10.367242650457772,2.4217256926041726,0.27997634328544796,0.8381867876221573,10.371687833607066,2.832426338705999,0.16663693203200253,0.9325928474278576,10.594204442725598,5.9120757396293016,0.39523088330223666,0.8478691583674224,10.380051524257967,13.488057082026701,0.4482067385363027,0.7980076991278852,10.421232125443227,12.95577630864949,0.3858585099703108,0.8175409594431201,10.708895081835031,12.113792132980711,0.33948586526171676,0.8999505845645274,10.610669552575093,10.732020668962688,0.3916755100098288,0.8057769607805141,10.430781530018805,7.262940584384877,0.38432465307853975,0.7846257061203401,10.302923545405086,7.7858299779349,0.3230619719335956,0.8341048369490628,10.44799177610628,3.8524151450005935,0.31607903669706705,0.8543343521276591,10.391060204643056,1.7086496960536595,0.24861281606246216,0.8954044945429195,10.529604329564835,0
0.9794947012300976,0.2881526730349066,0.8674032136037436,10.546425295328127,1.1306550882132318,0.29632852574629964,0.8266792614897235,10.541320210389296,5.94000010899061,0.32205834220072327,0.8468915405449666,10.406445273994297,2.793651945511206,0.2799162428530504,0.8205576330860677,10.422213073024414,4.428788433180403,0.20633609835847674,0.8958676656076763,10.66221715834922,6.214554501948367,0.3720425486845866,0.8388194451457881,10.474307938134627,12.100664248202769,0.3661388547480127,0.8180696855897316,10.680457367012998,11.994982919919153,0.3408806567214612,0.8315195473120943,10.66740370581011,12.268480959506135,0.34046487158273714,0.893814026886777,10.486812752331497,13.862360754231126,0.4288698382246643,0.7619225152897326,10.459387404496646,8.651391403239238,0.4128897932936754,0.756964687626933,10.385428113766324,10.230716857623156,0.42053322914687336,0.7703991254015005,10.457676686471281,5.079841872899337,0.38076029676612566,0.762722502273049,10.434141451575847,2.6833594138460906,0.36943947256562043,0.8259243142589328,10.58139549149375,0
0.6688081337115112,0.24533313212600055,0.915373530538423,10.533708304869315,0.924033283515332,0.23910550272738484,0.8892993905929055,10.65294127955684,4.039605101642995,0.2516691185837844,0.9089726656434249,10.513149857571563,2.005121474522337,0.22078671135492006,0.8399459841638346,10.42085987726915,5.341418515436397,0.22081054098790928,0.8963521577970704,10.484483669004927,4.131496565293989,0.23373893235791748,0.8868515039280287,10.608624648336678,9.265901659147966,0.33494858046840603,0.8548999766148591,10.651135696521699,7.603841730487342,0.2606592401555467,0.9043826848745778,10.676785692201722,9.028598475730096,0.25306926638317495,0.9337208984420879,10.667140563976462,7.973410032044823,0.29151078907262773,0.8565207372094538,10.560979202137347,4.146465825915238,0.2809835234553576,0.8261242691680156,10.502370664794897,7.191209056411006,0.34447527458384125,0.844677171995754,10.523187180891265,2.5272931806836554,0.23928060502177234,0.8299902241355247,10.637120100951826,1.4721851340170438,0.26842366379173893,0.9073994175202582,10.546913605215348,0
0.7210309568132972,0.21328636652653835,0.8897159191710096,10.549526765784117,1.032452262165138,0.2560038571367503,0.8875854913062967,10.624254622613876,4.182921875947654,0.26132996009838544,0.8787608661946485,10.651347826774739,2.0887100801784877,0.2302780054571106,0.8726016286537939,10.424474032931204,5.903477493147699,0.2464797801256138,0.9015052130280016,10.608376085783453,3.887234562835696,0.23500272640247793,0.8263948057169456,10.449761833915828,7.0211669804148755,0.2887813698342488,0.8776020891433605,10.571185588339905,7.777405236168177,0.23990817474765702,0.8883470686701709,10.957125435752157,8.167584481404084,0.23123472115503124,0.9408548022693783,10.674531146475806,7.0617505101906195,0.2411764381694049,0.880495863293123,10.671318673520148,4.3470993402910905,0.22624855327432347,0.857225043499838,10.531097174122555,5.516013215671311,0.2583836807648345,0.8783085679664734,10.555166852446662,2.470994856787199,0.19426191337640003,0.8646219976066938,10.56409071711203,1.7303877632050937,0.23711373821611353,0.8879727411178714,10.579283495767434,0
0.510821505156508,0.14694915900572803,0.9143963203296049,10.685214402438332,1.0159315210925512,0.23198793606625379,0.903458948288358,10.644893705555413,2.7949418254576552,0.20342204289825377,0.9293286230676187,10.672377203469496,1.325112974682642,0.1753540064168196,0.9121310192986831,10.711265676178138,6.443546413754042,0.26186540964167265,0.9016709483047661,10.517442731498203,3.1149495029353496,0.14693576036903216,0.8836592871400127,10.53030932460654,6.814923424377286,0.2787620624912456,0.8731643803563339,10.635325041149041,4.463274468618183,0.18103054050587097,0.9150445171379287,10.590689688388267,6.246820327068821,0.19842608687616078,0.9542716975275586,10.567721797818418,5.536999091572199,0.15990975673388338,0.8694163289678901,10.500288903160687,3.3876953939632477,0.1532633901338434,0.8738886572063828,10.539897932605117,4.397674493152409,0.2122282554224505,0.8821840235278693,10.442734026065445,2.4868561811866186,0.1887755499435864,0.8571794997601947,10.567539552080882,1.634113271206378,0.2194440980127457,0.8714269774780622,10.490443533765061,0
0.45431949998416754,0.18072917370698774,0.9217430714589134,11.034816372884139,0.7649702698933523,0.24924813339662516,0.9217086328864565,10.594466382808125,2.156440345512091,0.15232228110435675,0.8856056183507791,11.501990378933439,1.3566303934772783,0.16473104101697536,0.8710376886527954,10.872880264665413,5.20760124577846,0.2915544108972526,0.9166982089122537,10.332861284903059,3.6302805755251617,0.22785819163239118,0.8981997970998146,10.632588334150427,5.5393502309156695,0.2886192733660676,0.8792430326958063,10.58996103366262,2.7793338874837135,0.1329387404978207,0.9293640632984288,12.007140169096285,3.1998088007478236,0.10805058483518822,0.949164686176879,11.97306825837469,3.950174331646478,0.16272548211000099,0.9128442956473108,11.282703945018559,2.570278379952959,0.17207428394648944,0.9148494892081683,10.96746331079484,4.203168192543743,0.1861136020097007,0.8778756541114745,11.16087020280623,1.2182034518654128,0.1563082512356927,0.886730034631804,10.907868646875926,0.9762199482541428,0.19296203730132502,0.9121880704717416,10.693582590648333,0
0.5967852337383643,0.21554887577798468,0.8944193960161011,10.823471507099365,0.876455377066718,0.21968872896485656,0.8701393847735547,10.796670909306858,2.0186676920828077,0.20506744214403322,0.897500589390295,10.738415822950904,1.6179854679229506,0.1702858737591463,0.8752470884084858,11.2832722031637,5.649904152924034,0.22320435711604694,0.8812740886411997,10.78418105731398,4.073782638803059,0.19136104979904514,0.8899102409369365,10.916212279849185,7.225785508592979,0.3235722055121488,0.8852422764541077,10.368231880478021,3.382548966056625,0.14427749759746045,0.9530786832307768,11.037198026980244,4.093145949190275,0.14157485853383017,0.9572077938918091,11.262740614201872,4.505084066221678,0.19239572605149474,0.9095560256914541,10.897357946410985,3.4266309553161394,0.2194159445233408,0.916311377843956,10.632878395886776,4.573764628071926,0.2214487204944621,0.8872861003136704,10.61016732195141,2.095576909949063,0.2387978270729291,0.8898596051319929,10.527871328706343,1.461017498286463,0.2456489056054872,0.9013042711255941,10.50592313945856,0
0.4681692482417428,0.22756971245811844,0.9146358636664607,10.779192348802711,0.7473656156209627,0.23551905633918396,0.9035260485608299,10.79679838902282,2.3365595158231627,0.23974403232387367,0.9148654541340223,10.880409270172024,1.4665184009132757,0.1763378200069618,0.8804713705519769,11.186575246286178,3.988558224086891,0.22280015680454515,0.8825745537706491,10.630089061827812,3.9834414884594547,0.18854636555993004,0.9083477925140712,10.86913760144331,5.958655329360735,0.32352442239639095,0.9048095722338605,10.357103513880912,3.9497844793770227,0.20003037916674862,0.9079450763025741,11.435145651764719,3.1621693491644525,0.13764825710521628,0.9446367556401857,11.625795856278005,3.611357032029736,0.1817200170295269,0.929644034962817,10.85013932096475,2.900979464639448,0.24304062894615638,0.9402309261347847,10.536909911850618,4.189787638038061,0.2329552034235657,0.900162782825859,10.59816963309053,1.7712931482484269,0.2700225922857207,0.9029487860776761,10.388224120643649,0.964918442734055,0.22781952375229303,0.9089124183450068,10.340258444954989,0
0.5874199906763091,0.2695070501825071,0.9012295126828443,10.47279983435259,0.7364166242773108,0.22492353537422433,0.9151268810568778,10.606427399280415,2.4217572640919136,0.2586289881852602,0.8581202219462127,10.422344158801543,1.9360437084710045,0.23347510955240355,0.8482520985573667,10.576488197588374,3.5882380076908973,0.17670853503591008,0.8849284681625252,10.600609339255776,3.4003099157427736,0.19029089847458255,0.9220714131334927,10.84977720391188,5.02163289936559,0.2989220103344654,0.9189082710065424,10.381641000472113,3.96788490907538,0.21977415262825917,0.8882726678270348,11.423529969762903,4.199626599397451,0.1807399414773466,0.9217380571338533,11.641671014250692,4.925583328221073,0.23961240539723963,0.9372133867408688,10.755762404631684,3.109020630654522,0.3003288347675018,0.9044620202406967,10.453434938949147,3.7095352911764254,0.20089439194069247,0.8772173694278063,10.599256953333024,1.832166475273783,0.27539989802721043,0.8722671072501458,10.301382380315513,1.262028858775572,0.27125927093094837,0.9181528564392436,10.445931950215103,0
0.6608441598062189,0.253856605386571,0.8843302352156251,10.668308779765004,0.7739843527945084,0.2312252869469622,0.887654263861295,10.672257727311223,2.6723748802710325,0.24207113859901247,0.8247477307074449,10.615324959837965,1.7505268010678987,0.2368201085236288,0.8588590631326255,10.508437555088605,3.9423919245594803,0.21044824980195548,0.8824396983451256,10.589645666197972,5.174949784453184,0.26732268212303817,0.9151833097823017,10.647615825460198,3.8970476757396146,0.26291568646245717,0.9317173773027227,10.585944794648196,4.147920329539247,0.21329026353315209,0.9429906681013195,10.609826522196482,3.661527449830696,0.19112811565126364,0.9611494025610888,10.672783357008669,4.952274081869626,0.2755960755731556,0.9181537726900427,10.556311730707154,2.9623814424299053,0.24699392042691884,0.8830837826014253,10.562609697016516,3.3123090470766043,0.2034066088911117,0.8627815557510303,10.730698966318124,2.0656482161816427,0.24631413636249957,0.8314730190424101,10.434313352717426,1.0200639543177765,0.20473164768994123,0.8847338982836521,10.433777048819632,0
0.5685554687996198,0.1958318233844112,0.9380013751115717,11.057306704083334,0.7407760730630758,0.20391235285359688,0.8482203215878753,10.694149760405768,2.4938445504569717,0.17303094675341102,0.8331672758739672,11.060216216146433,2.0839296871127315,0.19739256495973512,0.8326658562462992,10.660033861606871,3.6210024695347327,0.22412587059119718,0.9183842646075392,10.626804064250459,6.987532257767906,0.30295489301632317,0.900643369841214,10.712900540769827,10.53426230756016,0.40343426387483705,0.8324009494196015,10.355665497523944,14.236723359217903,0.2981688317300606,0.7884040272217018,11.39278834974913,11.140213602781749,0.20731640717284663,0.8175680014617046,12.08909389023981,6.009731266064378,0.20031821792997292,0.91371582488561,11.354015678530578,2.6984459448816063,0.17296277160755458,0.921918859076934,11.249463670940084,2.5166881273962116,0.12503074342656909,0.9051057886326692,11.46348804174838,2.0716348160042015,0.19088815160220338,0.9086261635195702,11.227166832640895,0.7829707584449832,0.1440114936503091,0.9475302537027241,11.047497174259188,0
0.554712728564736,0.21032974379503933,0.9047307711783167,10.950015065961603,1.2464466544482993,0.2216006553910358,0.850234001880091,11.19584309982897,3.191797727642153,0.19633607269561945,0.8126795830811092,10.816479704217205,1.9998761305379564,0.19531151376422787,0.8553380730301968,10.627289012433767,5.488471302400218,0.25330276993599665,0.8933330282364388,10.872728697802826,6.666054580982359,0.26227753998901365,0.8525624768634524,10.954288161155883,8.059900252455781,0.3488879923284914,0.8909717906620546,10.308627972054387,6.567418857024924,0.17045480519275047,0.8071478808936084,12.248752862475246,7.979000645950763,0.17774632529809356,0.8450353108804147,12.227184552353771,5.773010576179628,0.19064528550847523,0.8522666781331977,11.587664749581592,3.0976332823817145,0.19744190847792703,0.8673599487699999,11.252827810431835,2.5813971064295114,0.14507061879525213,0.9057596889582354,11.430232750697224,2.0876382149708905,0.17954833460349975,0.872068807398549,11.302780732608305,0.9513313601125623,0.18259176668329408,0.9227893307222887,11.000717785767746,1
0.4576986910746256,0.15799033844814173,0.8870410463428213,11.681921810756323,1.042809086738842,0.1451833393058756,0.7412395504721405,11.162996751607384,2.3964849546104805,0.14814612700508029,0.7912801218911454,11.301757972591242,1.9192929627068303,0.16034242280794694,0.8109144198639829,10.788027383387329,3.735479506820701,0.1597508041084785,0.8344113600290561,10.997927014769267,6.390554728623627,0.230818880206616,0.8667917432008925,10.88446018577827,10.958969251963172,0.4255372392067706,0.8153736876376382,10.326098407215937,8.572079316225633,0.2015566774893948,0.7852556599445644,12.001305291665778,10.41317544029788,0.19723611603231306,0.8411838165118625,11.787663685455414,8.066873940955537,0.24530355399154047,0.807607222758671,11.404185375080827,4.412372951817964,0.27036306574830327,0.830073169148279,11.309893104665473,3.483188692430403,0.19169273884722018,0.9008025769158303,11.442512310674172,2.6989948625382234,0.24886123838341642,0.8236720019725724,11.28155820737705,0.884631880893116,0.17850286149953898,0.9128451137142921,11.237993657795135,0
0.7547237160306628,0.25309142113375693,0.8525476122383202,10.672142981769541,1.1287003126945037,0.17453096179064456,0.7740984366617305,11.4312678882082,3.3133121530253415,0.20245249721922443,0.7651589614681275,10.66734200954859,1.9195453590632816,0.1649247373513811,0.7542865050891564,11.153174375405682,5.002701469422792,0.20269201297687944,0.8590984051018332,11.259332241125101,8.912838624067218,0.2839669963930899,0.8409550256965606,10.819895860330796,12.86947363966347,0.39394668704028973,0.8062485425454056,10.315871747240957,9.220884279036117,0.20431303984163365,0.7613008577236058,12.275221356997736,12.495694569293798,0.22386724309184325,0.8540359920966168,11.712029057266173,7.667038282265299,0.2701598833698236,0.8091264588585307,11.270806823952668,4.751087187650327,0.31200640716992206,0.8385279566367527,11.084458017921188,4.122851472799144,0.23152835878612713,0.875132998220153,10.946697073042397,3.175439330731057,0.304802938832382,0.8385697010414278,11.037045048998444,1.1726814382737738,0.25246378570746886,0.8964449536647402,10.963979973467021,0
1.1489668677176659,0.3002805152966583,0.7666441464299036,10.701826500086325,1.2429726305287196,0.20862633702716246,0.762344826791701,11.28973712048434,5.186217032154462,0.2761188669886492,0.7408394225511494,10.744092071297336,2.2242201496872673,0.22070071598853136,0.7909869436734374,11.10237880808417,5.558959542011691,0.2012568686003952,0.8302798990124501,11.131383339801276,5.259198794332068,0.22497651114525088,0.8660286776339324,10.698719565006705,6.60207715022819,0.2779131836378027,0.8545923417004856,10.296139721358097,8.765787566716616,0.2884434884591329,0.9052051176910108,10.718775623220003,12.986598343615801,0.2893918848392925,0.9201198080446856,10.644314018791347,11.74241825862593,0.33853180471639777,0.8133588691430856,10.823404697833954,7.750532486008972,0.40259873292125403,0.7938974563801281,10.781547150498024,6.368868025268335,0.2765609213259116,0.835608233066783,10.878247650939322,4.188890664288631,0.34955396916723047,0.7929291760386663,10.944814993745437,1.934953268159645,0.32160088059689024,0.8290151752067456,10.881785359098805,0
1.0534353096890685,0.3139699265785507,0.7905408879735581,10.577659771525392,0.9214204354313392,0.19249081055615017,0.7572825214046164,11.077385286453577,4.964287646952161,0.3168938312776762,0.7554301088828279,10.496089840302695,1.833944450259601,0.19349556991036546,0.8430681229379838,10.99721718502237,3.3833870245457405,0.1665625893453021,0.8251038114759534,11.24633761322078,4.886449732838229,0.21340832136719498,0.9181630491231803,10.469536646053749,8.148085686026512,0.32926728708606534,0.8548929965616902,10.445810805456688,9.115412282374749,0.3184145485206606,0.8905611555119937,10.694991863610243,10.678876334233758,0.30127548001258087,0.9022083053669636,10.786892390253307,9.83920711281161,0.3752994868684724,0.8126708730508728,10.67130500324835,6.404409794902001,0.39879989876280114,0.8185797850787765,10.66139365448314,4.869470669746105,0.25545511419671185,0.8730081817740264,10.666993300496863,3.4043275852846246,0.3619639472361335,0.8041556104084547,10.782878699000797,1.2980885590412596,0.2768015999034458,0.884821579627607,10.729349020027193,0
1.2156994664546177,0.32752442578754754,0.8308769704966467,10.54064130395494,0.812481314843434,0.20077573236349763,0.8723326205325795,11.025519853332822,7.954808587544738,0.401056040799325,0.779216056337831,10.28086448306283,1.7320369291501694,0.2074477067958268,0.8216081766382579,10.874074826814695,3.407328042423086,0.16356439378014784,0.8588708194745617,11.279465415826971,4.251032827849218,0.24357022347348622,0.8761209053186031,10.468517360296877,4.731494563531485,0.2414642419876919,0.8921232003001452,10.592058648975048,6.874932656637418,0.26470958418698765,0.9143867227425664,10.549489704152728,8.00817875777938,0.2626565486961795,0.9341216262962416,10.3803794091065,7.987545415218962,0.3113961226631042,0.8712426659749792,10.567522813406201,5.088270417812749,0.351502189848219,0.8698221052781073,10.614887692541116,8.995997836999454,0.37899588764976905,0.8364386403809665,10.485716491731587,2.929489564685524,0.30602315029626154,0.8565186930064401,10.897255044118076,2.0982086518560865,0.3377199254538942,0.8570755965075085,10.756725888847054,0
1.0648495486419434,0.3821301747285648,0.8371593832474801,10.396651280562775,0.5488452289925989,0.20807551367686625,0.8659635246794012,10.564289360158817,7.116042088533852,0.4400004774745342,0.7683850439229578,10.158009965515436,1.3674853426221785,0.18421089232520033,0.9168284992284699,10.771979929730707,2.7025708351732876,0.182645063270321,0.8874671439861372,10.517784255895,4.001572637038193,0.2198208236894581,0.9457089355028163,10.565085134920928,7.4890082980137125,0.3185296436705433,0.8776266734117382,10.534767868664781,4.940136004305322,0.2575893768100755,0.9242362482310442,10.295379745878389,4.483510960410791,0.17051968027288258,0.9589927923790843,10.633594471650936,5.481585116345553,0.26961474379039174,0.8842864051103295,10.597005518024325,4.030044483661815,0.2915795923226706,0.8791783999665693,10.812262668695507,8.68044151306172,0.423696195017018,0.8328334427063806,10.367669069889681,2.0542317391953206,0.2465765751909341,0.8658452015419666,11.064244398939664,1.5666008609640105,0.28750019263527027,0.9070646714143188,10.771319690704235,0
0.7341069021634887,0.2959685549985644,0.9020482658993437,10.516296859088175,0.7472735585517549,0.21697979237508705,0.9095071944853016,10.423304691902146,5.869545804678607,0.3943898837647285,0.8483418676881918,10.204454261801995,1.2046578979310612,0.14798415109172253,0.9431561687496934,10.622090435505832,2.5021642951508336,0.15254172628803905,0.9355687504855146,10.596991753101483,2.545448984553706,0.1352541322650527,0.9257546527678582,10.999408949257374,6.922573022131763,0.25740879729698696,0.8832598159453325,11.251441210686206,8.011930321287629,0.29476544334917454,0.8779283954892496,10.763904481212604,11.219496696212245,0.3190410787854399,0.8644410404950543,10.812102536921785,8.495254488667369,0.35828026059678136,0.8386144547398954,10.63262101639999,5.427942266288515,0.34308993085253614,0.8367561696354445,10.740802892384954,7.743998902561039,0.39053012561966005,0.843243281632944,10.550395025901707,2.4418241165875463,0.2469127717339787,0.8845133404642977,10.696036162635744,1.5026518289131283,0.3028866123391278,0.9278599770133376,10.540684309423835,0
0.9574101258985921,0.272893315701849,0.8549860608376502,11.122724470618286,0.7000364468855593,0.19361472763680873,0.9335458298132476,10.816120911198214,6.735108384773953,0.36284462355627883,0.8489559984924502,10.64348774711599,1.3177861674096736,0.15565017479812668,0.908832463133938,11.17517903046883,3.238040383718418,0.16897148749648744,0.9293742957114701,10.69268880796601,1.9224901774401628,0.13699872262206322,0.9285776663105186,11.29776014086271,4.844997652486102,0.2844115832391379,0.9059343855898614,10.860562245114375,5.011613869178069,0.22719483639224916,0.8777048753600462,11.106393861597653,7.050920529958425,0.19212875351108966,0.9087081639041185,11.272542466370691,7.01521540054909,0.2449328253073614,0.8086841964357274,11.637293227070431,4.350354382114785,0.2708109195518685,0.8415680311357607,11.148487548811719,8.612065499629972,0.31923873513639434,0.8321041193902249,10.936300431598045,3.015948136097277,0.24714648444168524,0.8799180102425089,11.075068531283092,1.6730778591038018,0.2513691082677434,0.9099532134603314,10.932546652620825,0
0.7135151411554626,0.2506791027259592,0.8936517047524911,10.972957261075655,0.7767516171161675,0.22989842359153642,0.9276971540774125,10.715703890846106,3.5457307985948505,0.2474216530378904,0.9090277941761755,10.901947859478488,1.1928645202973247,0.1416120896774156,0.8950509118822256,10.981270546990004,4.794560382748742,0.2705096317697646,0.9118807003919527,10.62868872200874,1.9719463738933005,0.15251483785179748,0.9368293535023922,10.86923987307437,4.540565432050527,0.226524666760534,0.8619416062413536,10.703156057831123,5.562627564112176,0.20266785995973488,0.9007028609716657,10.763665743857016,5.22161910527786,0.19369622042605653,0.9219267502432763,11.102093289683758,5.341457529232084,0.2727946384460323,0.8550280457743512,11.237057289221099,4.33770037189072,0.28996210240541015,0.834883662673025,10.728702399025337,5.389112333071779,0.2588414779309341,0.86345093650704,10.978813993424234,3.0655839508020932,0.2828067770681532,0.8259565528681097,10.708672359067615,1.2782512367156773,0.21325078554058416,0.9297971445317675,10.87004840502731,0
