AF3_alpha_abs,AF3_alpha_rel,AF3_entropy,AF3_cog,F7_alpha_abs,F7_alpha_rel,F7_entropy,F7_cog,F3_alpha_abs,F3_alpha_rel,F3_entropy,F3_cog,FC5_alpha_abs,FC5_alpha_rel,FC5_entropy,FC5_cog,T7_alpha_abs,T7_alpha_rel,T7_entropy,T7_cog,P7_alpha_abs,P7_alpha_rel,P7_entropy,P7_cog,O1_alpha_abs,O1_alpha_rel,O1_entropy,O1_cog,O2_alpha_abs,O2_alpha_rel,O2_entropy,O2_cog,P8_alpha_abs,P8_alpha_rel,P8_entropy,P8_cog,T8_alpha_abs,T8_alpha_rel,T8_entropy,T8_cog,FC6_alpha_abs,FC6_alpha_rel,FC6_entropy,FC6_cog,F4_alpha_abs,F4_alpha_rel,F4_entropy,F4_cog,F8_alpha_abs,F8_alpha_rel,F8_entropy,F8_cog,AF4_alpha_abs,AF4_alpha_rel,AF4_entropy,AF4_cog,label
8.657640536733797e-05,0.19856716379310246,0.8716830605647038,9.93082022958192,9.174739593416616e-05,0.16503796093802642,0.8935881434432903,10.400624299582654,0.0002499491469053045,0.16002743145681475,0.8673042949145305,9.841826611111124,0.0001599542539807763,0.14510046846460464,0.9041581875536956,10.119413152529711,0.0006103270231100869,0.17702389581641054,0.8580364352081273,10.680216545162285,0.000279694307545114,0.14096509580260963,0.9332286706118265,10.32747590912145,0.00031264955872944197,0.13972657073839814,0.9189730004183365,10.513125831739957,0.0007474532217823209,0.20053334806983586,0.8716921666675984,10.751773112965362,0.0007710974245197537,0.17456907736865182,0.8735615002025866,10.705198650756081,0.0008392732840641907,0.25732422449990183,0.8858499262504201,10.110761005834744,0.0005405309813044022,0.27926981671250345,0.8998494043737332,9.97154715204644,0.00034790039031664305,0.15635170099473392,0.9218244205540304,9.678850131904772,0.0003041282735481217,0.2696247046457492,0.8889861592550639,9.840497099717155,0.00012352778938715158,0.16355660830382626,0.9048989074418925,9.626976006832795,0
8.016961630350135e-05,0.1731054767419006,0.8377507223075839,9.945093056651729,9.195952311396587e-05,0.16270852641540015,0.8634587459258489,10.502568614506979,0.00017164653045058685,0.11708529677776296,0.8903182564887833,9.867921810445312,0.00013115620383249808,0.1089633727856546,0.8837309152545774,10.474570036672585,0.0006285722868611856,0.1965725989832102,0.8669320157062667,10.756781678528105,0.00033798137193823504,0.15240284834938309,0.9215824272657847,10.212271182877677,0.00036900079220075007,0.17457854298488742,0.9326676299045235,10.509325848519069,0.0004484923707893724,0.14150525449697574,0.8776842873417554,10.91580396828638,0.000521355321156658,0.1406956206989771,0.8896175777656383,10.524336359101401,0.000634273316043373,0.23577672855893012,0.8852063074326666,9.89184230826793,0.00036935853855614735,0.2061411673744597,0.8880413650084443,9.55776802597507,0.00026982788632193603,0.13998777489187125,0.917890568569784,9.476667032920348,0.00021558136642744856,0.21428914448574443,0.8886420868596535,9.496776237598276,0.00010622852153774927,0.15751768646251318,0.8779601303865717,9.546312963909434,1
7.279225108549365e-05,0.19300559435686682,0.8416930820156011,9.965856101135412,8.221914861226742e-05,0.1687246083175049,0.8658386300751785,10.543688895017015,0.00012290980830289143,0.10650461761078249,0.8880431272122359,10.09295456714847,0.0001255022477152062,0.11177930604822241,0.8994709335097042,10.462065124106665,0.0005858554765684978,0.24647608643161023,0.8603854724624248,10.845213568051298,0.00027324892001346214,0.12109502451451418,0.9163657468386744,9.764202366309098,0.0003754420521279088,0.18956943638323115,0.923241803649685,10.408110724268928,0.000358316184927007,0.1179020341852107,0.8852920276344589,10.717052078077826,0.0004198362196692928,0.10576775883200742,0.8926364598890554,10.330517264339562,0.00047285266849945323,0.20258790561981116,0.8844224957739547,9.560061285089022,0.0003118997291631394,0.18694952156890554,0.8863639204384133,9.576769958645011,0.00020703322337019717,0.13343824969951018,0.9112226173661372,9.70902005656526,0.0001784395326910917,0.20201223587002842,0.8959265459409338,9.470052997558444,8.903868441128293e-05,0.17369300167688795,0.8578046062270226,9.523319549832577,1
4.7607340332061205e-05,0.15391324039746396,0.8564037861511837,9.62071207702423,5.805124443320856e-05,0.13825465338796078,0.8596127462725801,10.042545458728025,0.00013173667563524602,0.1297883573523788,0.8911794344280025,9.86511549988546,8.03888235022837e-05,0.08912571156050388,0.8764169998219631,9.7717610748565,0.0002833766446024461,0.14139346543368483,0.9057990482560152,10.37378332153068,0.00027235307416495556,0.12699369588112064,0.9144996736131896,9.708682473054004,0.0004269861266447624,0.24402785118912868,0.9108450606948092,10.236935198095711,0.00045178721347068426,0.1855484891776559,0.90302080657386,10.394359038775695,0.000472788450055136,0.13378771085101404,0.8832925433594089,10.239828744331312,0.00046874410739640703,0.21309329836124363,0.8637536426935776,9.61738395395043,0.00033503920690693134,0.21122802743784033,0.8653794005795981,9.515154722668733,0.00022453269354391733,0.15045760265254257,0.9055783334582825,9.741804511033214,0.00018347380226068976,0.2162023130431548,0.8794084319621008,9.433095499274518,8.47784391343459e-05,0.16469613268691385,0.8648235663636769,9.642632521185487,1
3.551331365382143e-05,0.11475750275584631,0.8391488960245929,9.99816574886249,4.349135838026644e-05,0.10832924070475135,0.8373283727939386,10.31876210047754,0.00012208053866741473,0.1061462030352073,0.8662362438862565,9.855795388813242,6.396023133504313e-05,0.07100018107733072,0.8293079803466116,9.813341852663651,0.0001892606847805675,0.09956922412543157,0.8903349615752989,10.188680054695205,0.0002078548069825558,0.08911521818906099,0.872389183295188,10.077172883494466,0.0003509899867022913,0.20139539629575035,0.8901281277641776,10.15283343441565,0.0004408101118278688,0.20500895626904644,0.9060246517478766,10.661256138087065,0.0004664921782616187,0.14158756858104274,0.8823036972536055,10.316704240684924,0.00037318940678372314,0.18195062391194244,0.8651846913024522,10.005316076316971,0.00030728793447904834,0.19239968346480316,0.8624504624271154,9.86154900469481,0.00023248472038362377,0.14107597278059955,0.8904121451323691,9.888510625872176,0.0001669620852011906,0.19433527733629688,0.8704581935087771,9.82553342415937,7.57159767670211e-05,0.14716129684145784,0.8569113661697841,9.918219080511026,1
2.6130939857439178e-05,0.10519004787670819,0.8952499890184653,10.166605702357304,4.142961268280719e-05,0.11745745683758094,0.8954974054117686,10.34163501178888,0.00011722939862806209,0.11220882716739634,0.8970701313735143,9.960918504245978,6.89132811820127e-05,0.0923323874948945,0.84146947329305,10.03228125910118,0.0001880247351197206,0.1101112800942539,0.931072614076475,9.776871035009274,0.00023568825194013023,0.10752401051056272,0.8727482549990998,10.862299724136076,0.00034508978806046327,0.1871069640430583,0.9329738780845663,10.477433305116907,0.0004596776957965162,0.2060553806992005,0.9118490981025842,10.495254363967948,0.0004633593984906338,0.13922780492960912,0.8833590910887648,10.037157217527099,0.0003592993389390819,0.16992904817637758,0.8734925077404202,9.723329956433377,0.00023464209753303034,0.1828413827019694,0.9113321561599622,10.027077658242819,0.00017003301658161603,0.1103679868795812,0.9170363988913677,9.93873950533977,0.00012887795467307362,0.17181224409324186,0.9011665057198424,10.055109109247807,4.249314596654732e-05,0.10226644481764652,0.9097567777078143,10.02978625833677,1
2.4913690578339583e-05,0.11646139988352684,0.8941808606087543,10.076561183029579,4.322524169856579e-05,0.14122037257534492,0.9053105389262894,10.217231687256637,0.00010732516800810097,0.10709853361745963,0.9040309182983566,9.878949768428912,6.196299534155214e-05,0.10533645506900464,0.8515967005201068,9.926185513380746,0.00019710001904109335,0.10073237249719469,0.9103432134850343,9.915517107619944,0.00028947846764024795,0.13796813179903014,0.8542619870046199,11.555121064617065,0.0003081916907040019,0.1536908590350642,0.9364139751928694,10.66358995873368,0.00041628570689740516,0.1831028744081363,0.8956118793769393,10.346808320875299,0.00043579010786002096,0.13145746816231665,0.8639927093507178,9.701101269979208,0.0004103878917761114,0.1792579337935132,0.8642243407845813,9.59674443853511,0.0002168646367125252,0.18093665100882464,0.9076243606933326,10.018631204346834,0.00012855589172702407,0.08778822369525627,0.9134932001745067,9.921173336291416,0.0001514065933947894,0.20220220473730582,0.8742184707478495,10.07631325272928,3.754425015443633e-05,0.09169186975731146,0.9122760122745005,10.145142424294058,1
3.2590148373968824e-05,0.1413775892528398,0.8824708274877585,10.41436548014592,5.571339598423379e-05,0.1620403337192786,0.9204563115877755,10.671645007935076,8.289142857631813e-05,0.08038638832181541,0.9065553240273472,10.215403491770157,6.563162197780813e-05,0.10397964668048705,0.9086450758273731,10.788093137409685,0.00035023726949944364,0.15858826301057588,0.9129322631067142,10.22195045281385,0.00027856888402480457,0.13193376402873572,0.8575073747500122,11.530172560217396,0.00021719307101213914,0.11592271732782422,0.9275157374093722,10.876497014274245,0.00030922375172663815,0.13232034064899556,0.8806158694043102,10.41413606586254,0.00037409060046914933,0.10947855181737627,0.849758714050185,9.23412872435337,0.000417243451632301,0.181051094951634,0.8306643219800035,9.302800310255012,0.0001804125394709525,0.14887777803155455,0.9132766897736422,10.423849561150826,0.00010107579106974708,0.06677729240130478,0.8900633294686291,10.565728560192523,0.00014636113297693688,0.18367135701608528,0.8707994795214586,10.382655154200066,4.726005023467481e-05,0.11203540523214855,0.8939079043010586,10.601607648330905,1
3.446055136616546e-05,0.17159267665661646,0.8699278366190158,10.580506735332072,5.402765502836411e-05,0.15758608683867706,0.911282857348514,10.809801810705027,9.976055436602355e-05,0.11482098624368599,0.9097369937613659,10.254046090444145,8.523340066348643e-05,0.1610180564008987,0.9494485799113338,11.069883956178428,0.00037721027104821263,0.16942743325463178,0.8983518538623814,10.273870205437163,0.0003056194257963251,0.1684488677468988,0.8757553902222569,11.26928799003339,0.00025225908572064766,0.14424176602547412,0.9253850439369938,10.912562916059878,0.00026561621736275354,0.1204112634169136,0.8784533218335615,10.124395912602433,0.00037996053485075596,0.11585040988519557,0.8505146828134293,9.068907817703636,0.00045003990648717705,0.20544072934197208,0.8434133110199233,9.349167874204486,0.0001509647114127307,0.13620702388645817,0.9125455583741092,10.55343126207473,0.00011794990466096138,0.09420566651737293,0.8815137716667065,10.648479161752446,0.00013640928606982634,0.18129227071929493,0.8619010224566981,10.539342537510759,5.407461108313043e-05,0.14592745518439162,0.8779842447189935,10.915991203080393,1
3.2466778401739974e-05,0.15907427094651455,0.8635385658191838,10.822009994429646,5.904034783540687e-05,0.1652005650815681,0.888285773956039,11.267090168866268,0.00013846190403252656,0.16643988246644437,0.9124910580573083,10.294317056015545,8.298397588292929e-05,0.16602785020876878,0.8942156688140774,11.286146594184682,0.0003729016275815484,0.15273372252791823,0.89272375067545,10.742070202406502,0.0002282392373271948,0.12300516000094713,0.8998139449867173,10.678180595856173,0.00022057266284917796,0.14126965470663708,0.929260707797028,10.360002188434827,0.00026820238017909284,0.12705682672500046,0.8947889563494102,10.321672683938665,0.0003499851984900487,0.11208617081369733,0.8694425816219251,9.187562179937684,0.000407405282892206,0.1957147510613608,0.872307599591029,9.65862479101477,0.0001494279849573017,0.12418101596690706,0.9155534029497324,10.739742394932758,0.00014980343188332934,0.12066847208549368,0.8875724754293299,10.74451728146759,0.00014550295338421225,0.18812118647222617,0.8621692756635458,10.884159434119251,8.126411393884001e-05,0.19107028204725715,0.8755986242949739,11.271969877659485,1
4.149106588391365e-05,0.13373495472829672,0.9147014681652096,10.606498686439643,9.44328204945771e-05,0.14021705702334317,0.9228889265283962,10.904845468522186,0.00022741316495993556,0.20783224356125182,0.9183802939109341,10.171403602129336,0.0001355867853457741,0.17697607884681263,0.9161406098500507,10.909550825149644,0.00042631527609152695,0.1432374702227252,0.9221607830569674,10.57771651030193,0.0003630137951115958,0.13378326552362885,0.924719368495195,9.729549589289446,0.00036252836162984086,0.20779918387985247,0.9276622524098055,9.927089829762334,0.0005037482976275529,0.19144096978953293,0.9114683830994014,9.752678655265296,0.0004613888028940514,0.16742625970092684,0.9188178600805978,9.32571184862675,0.0006501894883378682,0.24783949265919084,0.8856035189979614,9.763510879835865,0.00021490619668461914,0.15438355985736085,0.9352005667537766,10.407070700268788,0.0002757335609917129,0.18429177355475615,0.9253179847029697,10.295341532291156,0.00020115843521589352,0.1938638614893665,0.899931620039922,10.783293998303963,0.00013133358891247784,0.19253319568056546,0.8996844795176384,10.794905607930579,1
5.412275131102714e-05,0.1224734747873557,0.9365205269951372,10.23165282704294,9.454180405930675e-05,0.0965282117515754,0.9470315823996839,10.571826886701249,0.0002969872233546186,0.23300345125743124,0.9417910613124697,10.234209837631113,0.00014097949525294153,0.13206968216878423,0.9359578324518829,10.630451535479192,0.00038035571569218523,0.09673395017271207,0.9396523215873844,10.468237052206073,0.0005052715621026094,0.1317786663156009,0.9308416159888661,9.876632886743252,0.0005835848388903218,0.25149717160422375,0.8917151197218967,9.994279659873667,0.0008830459658236981,0.23036039556471685,0.8921452801968066,9.804808518665707,0.0007278763558424731,0.2293084217659336,0.8985588195786082,9.896668112700937,0.001075253230413617,0.26713291178949616,0.8591010315443149,9.946900280584574,0.0003286643671853187,0.19266818503829664,0.9414615425758168,10.32597056609781,0.0003775618757305176,0.2109630830903587,0.9374094704043571,10.28768246793193,0.00025852771384495655,0.1832970017487101,0.9273718177318523,10.550934829962625,0.00015636005962350503,0.1692821749738823,0.9219426987931297,10.557735931327473,1
6.892303378693162e-05,0.15092744148147108,0.9233405158876966,9.896794400038088,0.00010575078081648773,0.11020012368227619,0.9426639039236985,10.320165785290607,0.00032986955992418264,0.2493414874013954,0.9314718089872664,10.102365829269525,0.0001410453603817141,0.12584234708902692,0.9374524264732602,10.243209833833157,0.00038036144262942146,0.10080860284172596,0.9392237629024377,10.31047748198807,0.0005273766443677993,0.13503790694299617,0.9277929963049718,9.968929512511158,0.0006405166493030367,0.26739743741638267,0.8707659479278695,9.915200961052255,0.0012724762201763128,0.28752569844705766,0.8556247055429805,9.954641063929872,0.0011010534584037792,0.3098383880073775,0.8348304444087854,10.045335594647756,0.001273790357495447,0.3044049291905215,0.8142984158195614,9.935460811773673,0.00043818394741869355,0.24366254485694377,0.9178561677399203,10.00377580871644,0.0004275188415257823,0.2135660762126943,0.9229274685681358,10.05809233607576,0.0003274670952795755,0.2221351314513312,0.9165830372452868,10.174615684487371,0.00018895895625561506,0.1838636012359243,0.9121264651241705,10.206410378638314,0
8.646284519860388e-05,0.18194297147885613,0.923870465498267,9.817759666778294,0.00010903358914172333,0.1158963682180058,0.9447341108016998,10.15818981827322,0.00033292035951418145,0.24046580726929365,0.9328845762932735,10.049463158354236,0.00015314010578282072,0.14023120788668078,0.9450002325885188,10.173600695370059,0.0004553649568583013,0.12834298375193798,0.9379591462524207,10.184342132998555,0.0005771089687863223,0.15286779211206433,0.9368719351201444,10.120121583119172,0.0006664283079217509,0.26651583902330983,0.882217883947884,10.06887096891901,0.0012982741408029915,0.26956518001507473,0.8511021813261096,10.02584132288501,0.001159626490194985,0.29548237203316813,0.8192056643656602,10.064212219922133,0.0012527972559707523,0.2953369404804388,0.8145335111638959,9.881814701342208,0.00043168483020324805,0.24382299798359783,0.9147420166008167,9.904579621907864,0.00046881129499054503,0.224148176405464,0.9203046558120495,9.966013421147341,0.0003100712715809929,0.21022481935591306,0.9165375884964543,9.966741501712008,0.00018350715433744069,0.1781932732318831,0.9184086698706876,9.843050232812493,0
9.187534353164264e-05,0.22447314807106683,0.9076237350507393,9.929449113819757,9.689174443594586e-05,0.1481369621125009,0.9255473345682669,10.279176402898605,0.00029750958901304705,0.23031845907439322,0.9142473891940897,10.312791412998738,0.00012573686111475471,0.14228560776013904,0.9376874001257322,10.33800372575524,0.0004967530882990643,0.16955971437710876,0.8987569745310359,10.238990124158036,0.0003828731002860213,0.1348011930250567,0.9396545838779568,10.368656600540566,0.0005392249442232812,0.24945216058944542,0.8925882946288951,10.315836692539106,0.0010694303546022084,0.23048392313575838,0.8200683171253029,10.255757241959039,0.0010500890875543437,0.2717682318310836,0.8135893119109128,10.273254528845435,0.0010050440302094505,0.2812824816727762,0.8107238944683683,9.972216164536722,0.00043330383217506357,0.25614821048865544,0.9165301884435174,10.049494863807677,0.0004966670894309604,0.24825110654946242,0.9059553463104875,10.202154484831372,0.00026916858358883434,0.2113667530778781,0.9178540581656749,9.955482262082699,0.00015968092808207543,0.19531865082216138,0.9036741068483232,9.883108445147267,0
7.571548031900255e-05,0.25574014594015176,0.9067051568657565,9.94343244429501,9.371463222824063e-05,0.27249567758872173,0.867388672619106,10.366375794740419,0.0002420377298462943,0.20578123003557292,0.8657250085333305,10.229002112376632,0.0001247363515943833,0.2127630952566101,0.9210176083934314,10.3271303694512,0.0005334841493222068,0.26103878709857053,0.8692263651702444,10.27026970217268,0.0002778487353450957,0.1793295676904228,0.9344914844023924,10.8857039304779,0.0003184077183008327,0.19591018226319723,0.9328781710004928,10.573379888159259,0.0007584269164880775,0.20963157471814325,0.7817451699036405,11.008950523337143,0.000717796612633217,0.2127192091746968,0.8074342344953184,10.502595854230945,0.0004791131657457009,0.21357593537949546,0.861608028476309,10.000603801835833,0.00030256367949536595,0.217703887743381,0.918242838936466,9.934357364086452,0.0004003167188525044,0.23374186690797355,0.8879799000719383,10.064905315142878,0.00019826296829401874,0.2217705661695052,0.9184707098740832,9.818109972059993,0.0001251413551051913,0.2125904637459124,0.8995650675580777,9.8665602572574,0
5.828107927869695e-05,0.19213115308374126,0.9039805607891096,10.12159750438397,7.667924026238989e-05,0.20411072478047546,0.8537649114180518,10.582025584209235,0.00019703703846694887,0.17327998275025047,0.8356896121097035,10.455631347897288,0.00011138622943984429,0.19246263186266177,0.9053276381381604,10.64794895854529,0.000513072152662164,0.20956659618938386,0.8680052539439725,10.489476200128212,0.0002460735669497394,0.14783420112144494,0.9324591839099561,11.183269350815474,0.0002986380894356968,0.1670886314338899,0.9142966565414828,11.060037270286243,0.00041838039813447145,0.13497585982531027,0.7997894618601507,11.77046188029787,0.00032441648214926095,0.11129577215820301,0.8700338401125963,11.18324207097299,0.00016518472170583577,0.0897744343735097,0.9111418358620873,10.286971955962548,0.00017988397909324754,0.14743693875534553,0.9111106193362963,10.330403514899372,0.0003353793550418967,0.21287577332924623,0.890062851325318,10.181594769784537,0.0001181387336806821,0.14861559519451387,0.9040597363047279,10.088067528817897,8.377318749366676e-05,0.17191689977318164,0.8975127991678824,10.120363256661856,0
4.224643900847808e-05,0.14407119865909374,0.939101360488791,10.147366526690044,5.942341845483081e-05,0.1654007995415516,0.879447837928556,10.28531671201466,0.00016024156098236965,0.13882544728310273,0.8633756072771315,10.464435092265749,9.628722993412067e-05,0.1644508627038017,0.8918101179988775,10.406298028322118,0.0004069101763350285,0.1684365779174923,0.8800705131011196,10.358043062650511,0.00022160380251626564,0.11458004288935054,0.8978092822961441,11.403536792505951,0.0002481303527345989,0.15319497570711307,0.9040920819344253,11.044854986867676,0.0005817194243986371,0.1850673138796283,0.8207880606206571,11.83682039759156,0.00038813687340086376,0.1236909563455409,0.8825587619475233,11.447123322558438,0.00018609060543070273,0.0927854785497943,0.9116751124510635,10.47746656094472,0.0002111657204167917,0.1639086743395005,0.9037978259337752,10.164165969046635,0.0002936440587371409,0.18045194285049443,0.9056353030087163,10.048430648320958,0.00013477987168075423,0.15649860903441168,0.9199619295134124,10.284841602599878,6.938237980792115e-05,0.15021086764710595,0.9351681009524097,10.314784311294055,0
2.4215129966696525e-05,0.0893011832765166,0.9420765800778046,9.696058870499808,3.399347785063725e-05,0.0993219506930279,0.8764627135871016,10.097333056305203,0.00010418854463106772,0.08843520898815932,0.8880383088669487,9.943016702640515,7.046971091572695e-05,0.11629988720680674,0.8731124988324802,10.15872529402856,0.00029923160563373376,0.13698126493524868,0.8784140509724633,10.48082288360087,0.00021984828097051755,0.11073257024387227,0.8771034759514852,11.319588735554168,0.00017785621164531938,0.1155661983183584,0.903313711180439,10.947924270480147,0.0007318929197557803,0.2645511673348905,0.8230438321193257,11.936687509815586,0.0005100664255547178,0.16153081062944466,0.8774218782872311,11.556656959029542,0.00016059314194846706,0.08129887230341007,0.9227109216866904,10.425775559781282,0.00013183674935408522,0.10993148389641981,0.9173421545522693,9.77672482158104,0.00015922916922129146,0.09570088696694766,0.9100923405249984,9.347913466511713,9.319632081792375e-05,0.1084595819763919,0.9251166609913922,9.86448419239625,4.071964590757429e-05,0.09210900050415423,0.9373206239006681,9.938418714475477,0
1.8845897877615472e-05,0.08116703069609343,0.92247961318895,9.791569021994675,2.436870833339129e-05,0.08235180242104713,0.8647959429851892,10.818954658118772,8.022555941011045e-05,0.08167671360041132,0.8851440844635892,10.04399510735394,6.558722237757906e-05,0.09952164799449098,0.8561535963309793,10.623699261258915,0.0001624481215995086,0.08719180619889291,0.8668675543357299,10.839325320824269,0.00023441417907822088,0.11254614380519944,0.877136748615293,11.413905688503826,0.0002506027091216162,0.1745628449474011,0.8943690558894632,11.443044757662818,0.0006735533893981157,0.27601461980384784,0.8529737700833803,11.618987707681658,0.0005595621872403803,0.18448441618193653,0.8827957510108961,11.424991755233544,0.00021623123442033487,0.12901166139111314,0.9089670236118222,10.761279527218672,0.00017260655354457816,0.1521102609813663,0.9307709359659706,10.008861504679029,0.00015337755053973604,0.09682901304523199,0.9126300590524069,9.410257330523368,0.00010257610048778541,0.1312705313389499,0.9297915583307059,10.100500305278759,4.2146139623089104e-05,0.1044084595976012,0.929104758748522,9.835101005770946,1
2.917488742348328e-05,0.1314938100837375,0.9113275615551777,10.790969673608469,3.235508669465353e-05,0.1211056874167543,0.8556422704983232,11.39845626129807,9.173147916998275e-05,0.09090659273850163,0.8599434629496356,10.77270837583809,9.20834115725496e-05,0.13659133940028018,0.8576058654271361,11.202376523266626,0.0001748549054470445,0.10865778078761673,0.8693692937591202,10.751598440338999,0.0002629682412639082,0.12970625638359534,0.8669921355215116,11.310701353807717,0.00023762706467625835,0.1617077173114387,0.8789048191089619,11.598126179474136,0.0007900026379648751,0.30452102047802204,0.8491677722842486,11.680608853557144,0.000709841187969131,0.22748943984854716,0.8610011173831997,11.72566201561206,0.0003649876219018952,0.18810824876499166,0.8991394110558754,11.43584162479127,0.00023181767782378494,0.194119464429921,0.933007421531154,10.682868335990293,0.00017100170521760344,0.11319050388579094,0.9164233332072959,10.172204550003391,0.0001329819240264587,0.1601537625620883,0.9393687267961913,10.784030683830286,4.9999796658503265e-05,0.1145075195057478,0.9204441616243518,10.530921318881326,1
4.127040728956935e-05,0.18006260516471242,0.9002763178427471,11.277618922239073,3.7356535789661464e-05,0.11966410465762896,0.8704274247161782,11.242303876572313,0.0001477155617667253,0.1410159036551262,0.8465053533229736,11.249438910634389,9.176058144582614e-05,0.11733591184518743,0.8774973192959334,11.380574284111981,0.00018412750906189352,0.11263827595847724,0.8965549044971463,10.942003269761924,0.00023312567485935708,0.12480743688569575,0.865352732338723,11.332137313138068,0.00035497705072670325,0.19952240959235304,0.8419994946070679,10.62410012720436,0.0006610166152979716,0.2871281940044992,0.8803053676923761,11.270126027703288,0.0006694078609935954,0.24617125830916142,0.8477613106709659,11.622306687562498,0.0004507665501425775,0.22371511679207326,0.9141689203002831,11.290960753626223,0.00026242091110765625,0.21230835732564235,0.9318940114387324,11.100445361088978,0.0003038676406353484,0.19366228547014555,0.901356608556474,10.775070970054434,0.00014136571074931955,0.15640989311656764,0.9473840421862719,10.921513922729067,8.711810440169852e-05,0.16966354550371585,0.9106807903333646,11.189695958351711,1
4.364903007433934e-05,0.1906767583438366,0.8899353356687162,11.514215638900952,4.5741782299780316e-05,0.14778616966169297,0.903170887799407,11.10014927562123,0.00019646788262340663,0.21026121495175099,0.8313276037532472,11.467094734920801,0.00011849637682702068,0.15529464484671932,0.8956199472285244,11.448265424872261,0.0001761340476064145,0.11257382925714528,0.8981751228250242,11.007026994622032,0.00021998366404639148,0.1194488896721864,0.8686512868421616,11.420993490797644,0.00040145984716357817,0.21566644201005725,0.8348861349284693,10.495917784238419,0.0006067656952644145,0.2877367807236864,0.8800062454599901,10.62134402217595,0.0006644614018481245,0.25178563266550474,0.852253529823935,11.040225917469648,0.000674947000438769,0.31962111983381564,0.8870764313759691,10.925322690392939,0.00028653692780747066,0.23295056379220302,0.9104350213099394,11.193408653791037,0.0003111132401129014,0.23753069299281185,0.8884084349911618,11.0464322272225,0.00020396838919503501,0.21019054763926848,0.9307367103439301,10.814582460871051,9.295837172705634e-05,0.17431302593384945,0.8983731751148251,11.326388043630264,1
4.586115918913005e-05,0.18091833150683373,0.8959368057337559,11.154310307777395,4.42479408480264e-05,0.15142530605152194,0.9107283372904373,10.753889169581534,0.00019532910663801653,0.1822925462037931,0.872200789787496,11.230563531591253,0.00010570504889382976,0.15537579397201115,0.9271334778484164,11.247669410332694,0.00018197319168724685,0.11788885076244529,0.8955816449860166,10.985354947960094,0.00015365898426544948,0.09507714074262076,0.8737555039248794,11.085325040978761,0.00032898367550148925,0.1685378369197659,0.8523104182351928,10.127848817056718,0.0005197751535451461,0.2579819867179292,0.8890645768549353,10.445556956909916,0.0006070442626206175,0.22099106363566948,0.8621997721289862,10.951018952016575,0.0006803924675112584,0.31925416916798055,0.885055034412165,10.761984452477773,0.00026587003953566806,0.1990022733847926,0.9217413209591657,10.994611619846246,0.00031344599793423783,0.20099449148626602,0.8861659937609969,10.95099071061037,0.00021339241023963156,0.2128112455262253,0.9291808433016373,10.580653034021656,9.472863098679342e-05,0.170552023768099,0.9010379407159204,11.066413974904426,1
4.1983896617840555e-05,0.17461489371701552,0.8913512287387697,10.437576832746997,4.081418688458435e-05,0.13802558545491664,0.9135160455430592,10.235372225489806,0.0001834841334657348,0.1937456044886623,0.902733167791541,10.919855588062745,7.399580180856655e-05,0.11103558439295515,0.9487518806107337,10.615450561353152,0.00014002840220999504,0.09670880550350686,0.8711764789924886,11.041563242439507,0.0001297035320624092,0.0875605997742678,0.8709881483299217,10.319524616501207,0.0002928416668061283,0.16664792181593602,0.8673555898214576,9.787506278193957,0.00039010148576736135,0.21520944490405944,0.8793315211265613,9.759015552805069,0.0004909403722466125,0.1895772675468651,0.895487676434018,10.217731736014427,0.0006444552005410115,0.3223440113264822,0.8776869684760649,10.204559482705244,0.0002616937110322401,0.18385271514288645,0.9059573974397233,10.223798498334645,0.00034244732668694205,0.2066287724722243,0.8758881739758566,10.643113159371971,0.00021046886471901696,0.2087638801705687,0.9255274852815064,10.055836674472236,0.00010689485200924183,0.1856726755590606,0.8880776287450413,10.392706302777267,0
3.851967156364184e-05,0.1393838958324901,0.8889803931729366,9.940482844886668,5.267840745328259e-05,0.1548105876104207,0.8939781595765297,10.446993500237856,0.00014297200599604643,0.13461786594497868,0.9281884642553063,10.426874198307628,9.9301164331507e-05,0.14699811007607755,0.9366709709588066,10.50777081591272,0.00013705519777274612,0.09038861531132532,0.8735411811045098,10.94607019236474,0.0001480207445481225,0.10726697767024461,0.8952346807963513,10.079020803531794,0.00016270270846861865,0.0955222119441355,0.9054363110133129,10.28385169289667,0.00030782528335213685,0.16832785393008648,0.8877006842913826,9.770020483076838,0.0005037160844728232,0.1745848340599557,0.9018076443361165,9.992734698401858,0.0006332412990313795,0.30937001331614183,0.8710632556726805,10.134785436391418,0.00025144215898497476,0.16309412031490553,0.9044632538309897,10.08629182144253,0.0002568164502992752,0.14670470754943113,0.8875350801944788,10.302505310120747,0.00020825524605255484,0.20826624731295737,0.9080333082237004,10.066501755318924,7.162269296347442e-05,0.12777350332632167,0.8796141355076631,9.649015619412673,0
5.359269454977338e-05,0.16307558080126044,0.8666857092694177,9.9212053030968,5.5578652194541004e-05,0.14637246354586028,0.8796858871638135,10.220275194844223,0.00013884487659667472,0.10787818775818507,0.8883643471116442,9.989712416028901,0.00010403515834049023,0.14253132202481092,0.9164817995738777,10.293855788591463,0.0001717524290823609,0.10093502034161221,0.9147874385571058,10.523050216006597,0.0001846757747500151,0.12476869225288237,0.9003680234836546,10.095628788938418,0.00016274059887039645,0.09730127605588436,0.9107088670333902,10.80488904452489,0.00018901303242479655,0.08515429735935177,0.8579000350135673,10.180548816800451,0.000405334405694117,0.11708144321601122,0.8815642724828723,10.09104128760833,0.00047440045851777956,0.20038406700507513,0.8836585807815526,10.07714705158743,0.00028488349620018477,0.15977209908395426,0.8875295587881497,10.012178154578729,0.0003395966687018227,0.1602140615455827,0.8768863125396779,10.275081739203609,0.0001933385914647611,0.18974195670267985,0.9024730599773055,9.954485488513464,9.258194708911005e-05,0.15617589851460498,0.8661508732547895,9.649350736853798,0
6.590366891324231e-05,0.20427258344895385,0.8813913694666138,10.322136715642381,6.497147165791938e-05,0.15926319727238608,0.8830940110358967,10.501720843615166,0.0002257393451050782,0.1733402360540913,0.8962928052193739,10.333993120967536,0.00014981890822683155,0.19224278884641685,0.9017912785219304,11.073765434790861,0.00021881887315714012,0.12631416547546295,0.9103761104415309,10.795170568546649,0.00030361940779731955,0.18059977360181567,0.8980120027099181,10.732361114171649,0.00027268277246969455,0.1452685529245136,0.8993445395491245,11.402351732277392,0.00030823596527376046,0.11421070824288532,0.8440175688698218,11.050486006228029,0.0005160517693452509,0.13893026093960148,0.8649583103146514,9.983120354126639,0.00047866522003778446,0.1924585626808748,0.871571887362264,10.140740426528994,0.0002977360201329488,0.17695339236633043,0.8935513029863111,10.320073420715575,0.00036606846316646194,0.1911395245457201,0.8898267446671756,10.436893375533206,0.00019455477925761042,0.19872921002071334,0.8862018566824743,10.189836710482236,0.00010211479511082128,0.1700515890908076,0.878905175066496,10.064411828340372,0
7.568066062754557e-05,0.22404097874734016,0.8801575651218897,10.599890901747754,7.992307786192425e-05,0.1925498799019314,0.8985741502537254,10.721518393031538,0.00028880800103133115,0.18847425341174978,0.9041169112510028,10.24700089619507,0.0001689566160649362,0.22837837336594982,0.8868761162484367,11.138211365291783,0.00028001125383465397,0.16959747741958733,0.9130286337970723,10.899345807504021,0.0003205367301635023,0.17264351389914923,0.8755540438246535,10.979386140959603,0.00047113268271014046,0.22190073811042324,0.8721092932632001,11.474460017926427,0.00030209747920971605,0.10608611885375668,0.8322387176106392,11.337252781175263,0.0006835385300927222,0.16831225479952946,0.8596364372777306,10.30977958808265,0.0005606762450362538,0.2025904966557825,0.8710965092202432,10.51190938414995,0.0003130729128457245,0.18833225034305032,0.8771062802857806,10.684531952012888,0.00036188725610923346,0.16569345814577657,0.8953045443684771,10.482883636243441,0.00020921548938196064,0.22499419515766156,0.8768273909851275,10.396493187706614,0.00010620385054496325,0.17628550805680382,0.8864949840093348,10.453514702154214,0
6.896838512218151e-05,0.22664487368698058,0.8918227756810003,10.700848626916857,7.312781676376893e-05,0.20716025145915273,0.9049370691818927,10.59591464734713,0.00030897816960572303,0.20741237783454128,0.8989590280196258,10.338308460476144,0.00015621960276207016,0.24214256214684618,0.88753977523218,11.115900616574699,0.00030158699758251443,0.19413766164884774,0.9091546137133861,10.81894594628791,0.0002986484710863174,0.17128004321512133,0.8731631021892855,10.94702626097488,0.0005528855495374029,0.2576959811047002,0.8438236197440091,11.575381021394543,0.00031773241891045476,0.11180915147878698,0.8455963084015186,11.687011212742824,0.0007700337071094949,0.1982126656600519,0.8696586419745203,10.786605875363403,0.0006425396919900778,0.24366990962449783,0.8564561405245332,10.90398473042207,0.0002771753619641983,0.18723463815156877,0.8935491094626126,10.799162608438635,0.00033006978708544185,0.13725501638380172,0.8664159426307417,10.697258800942592,0.00018317462559024533,0.22586487891109713,0.8928886662556038,10.349556920912468,9.88077008171357e-05,0.17762152465839184,0.8671784503632396,10.562140976843866,0
7.155898906184089e-05,0.25629191611143004,0.9126323624916333,10.80698510338575,6.706397796514508e-05,0.19950214085775544,0.9067674495384651,10.72296977687982,0.0004166835569256888,0.26750311819469813,0.9041964954315603,10.759063383610265,0.00014092869875818563,0.22282736574552617,0.8885728296703911,11.428269073283527,0.00030003506524607827,0.2094008680877279,0.9181063455961102,10.731449700238796,0.00031022866511433883,0.18988461928672043,0.8954766767045417,11.296692968181635,0.0006021968936582292,0.2650357388676649,0.844902577364761,11.659989613840164,0.00035363022636176485,0.13299944052228496,0.8857158857092066,11.677905849082984,0.0007529895281974633,0.2151686418013594,0.8869511688632103,10.85862753746237,0.0006878451067190168,0.29699705428681467,0.8751077629971383,10.927426856375062,0.00028847902159456957,0.2313627372535891,0.9203594270713622,10.92236448956694,0.00040182031983493935,0.16626118259349604,0.8829621597875661,10.999440768941783,0.0001805877719816163,0.231672216198395,0.8907003162658559,10.463308440575263,9.458905359208171e-05,0.17469063774263982,0.8698901425471377,10.446613461932623,0
6.865019133091231e-05,0.24372197497007103,0.9242961740649114,10.572564151593024,8.369048449380442e-05,0.2450879093889438,0.9131664778439774,10.513285293311425,0.0004127000526819901,0.2727269682627694,0.8986183113468544,10.755574772764355,0.00011546752600508222,0.21299814213260668,0.9095106628040187,10.847814960759129,0.0002692481432135897,0.1911326781992222,0.9257199114566899,10.574733730529712,0.0002491275443902996,0.15600142581057816,0.9223170123848294,10.999841856155756,0.0006235194778735885,0.2767211343569494,0.8910971576910683,11.482404053058048,0.0003073263309966708,0.13232668618335258,0.9135132996052049,10.96492464601224,0.0006977634073152821,0.21042543846125977,0.9054957374475224,10.871326057887089,0.0007936832038200449,0.3250900647149182,0.8903271473144608,10.74640969620212,0.00035110631211875273,0.24187559517074433,0.9185735539193968,10.458664891638104,0.0004326209046711495,0.17334254959660333,0.8847696271379675,10.840164406733667,0.00020522045348340837,0.21280551074606993,0.8904879749479548,10.048026783419846,9.842310191050181e-05,0.16969306060274514,0.8731244005360076,9.84107155481616,0
6.218765013879881e-05,0.22035181427092573,0.9299050476159464,10.305074936417995,7.752785341874602e-05,0.23349418794037044,0.9175255151297382,10.27606233833639,0.00038521690741881215,0.2706897190372825,0.9087363893442485,10.74046628237052,0.00010587741513212281,0.19288852966303294,0.9227404094071487,10.508027417534215,0.00023637448395589833,0.1548086709797553,0.9294448223200344,10.46209124079437,0.0002571531091631253,0.17504817345061893,0.9256598554794971,10.930650529590347,0.000512327404944073,0.2435258112598733,0.9024484205670628,11.08870658429282,0.00027835733205134905,0.13060199940488457,0.9075002027300774,10.819826943234734,0.0004965800762398612,0.17020755503638174,0.9190935760741857,10.776827158381357,0.0007392324116297649,0.33293640906037036,0.8935243154451219,10.581505514486363,0.00041703404725871066,0.2853581626505528,0.9052611967605408,10.237569941187767,0.0004503087922865516,0.19438820449154048,0.9020933552052373,10.714040280656874,0.00030490547435512664,0.2799930918577704,0.869927407841034,10.002543878711405,0.00010405462756826208,0.18782871745600974,0.8792604917329486,9.659635003965727,1
5.664347076215058e-05,0.2058013483585439,0.9183970687253391,10.220809938368728,7.353150784977039e-05,0.22640844397572998,0.9121754139939157,10.086541477782996,0.0003528378861818194,0.25193991407015914,0.9051890679939874,10.738301111006425,9.453823995250185e-05,0.17895352893232944,0.9170160676017027,10.226419177162347,0.00019707236924523542,0.12659578944582867,0.9299922024530568,10.330184022635457,0.0002929170010124673,0.18976073855979067,0.916471050082639,10.763046673740853,0.0005048669193996834,0.25555377724011763,0.8980401041694018,10.692898086691617,0.00024352380182190894,0.11956911116101836,0.890967419650579,10.343889329461486,0.00030285458334378134,0.12227073583198168,0.9100204378614047,10.093996423937142,0.0005560208729930266,0.26279817627994506,0.9117890207328347,10.21744758923798,0.00040748685625857683,0.2865085241571224,0.9026823264873206,10.12000262315524,0.00044579025900254424,0.2340960952879534,0.9181456196509913,10.619022446003067,0.0003245965877917406,0.29629746288566156,0.85583716644212,9.9398041310759,0.0001089169457156399,0.1989152661449688,0.8919285516931396,9.636130222425152,1
3.8586555228213266e-05,0.14822450846618176,0.9211022135113535,10.037285314763993,7.101321547595216e-05,0.21411394055849345,0.9169226801505218,10.094083886080693,0.00020402667090284782,0.17131149180783117,0.9292163018261647,10.179130195666223,8.277482593281403e-05,0.15884938731783405,0.9357516012510254,9.908909889609246,0.0001727222089106968,0.09510263381106344,0.9055492470159304,10.618784811247577,0.00027586676658692777,0.18878840991553617,0.9092625071665744,10.390248142148735,0.0004929573532281899,0.26701551747464686,0.8536911580434344,10.35220327238699,0.00026450347746925394,0.1364556198906721,0.883695915162147,10.108754432756912,0.00027717888579551224,0.12677357261392058,0.9073360591351183,9.976147529678698,0.0004320054217756795,0.22319516115800853,0.9189243201226199,10.088852088728832,0.00034168704779489925,0.2489532581890604,0.9040671106471287,9.974556148260657,0.00027329661533584724,0.18448057998915068,0.9218256653271402,10.069633020385684,0.0002846845845686205,0.2899824231392446,0.8594965067263869,9.891878867638626,8.763296209938388e-05,0.16563910301674192,0.9224662713056563,9.618378897225439,1
3.7049694019739536e-05,0.15095698666248605,0.8981550557243398,10.018507077382978,4.0530266633404585e-05,0.13320191404183918,0.9077655978177939,9.795540915042162,0.00014650670974881627,0.12286867393309958,0.898099082620522,9.772767879347409,7.605398303070986e-05,0.14061239324793984,0.9391567127436506,9.501547135587318,0.00014524084470834053,0.08265388701099712,0.8926664364794636,10.22036131892499,0.00022878622210086128,0.18651444050820848,0.8955609610731324,10.201102403151255,0.0004730945148341087,0.28763724128473905,0.8359359097844599,10.111163081160683,0.0003256422973977063,0.1689773469183761,0.8696344085208261,10.463410847892705,0.00031763970206494837,0.14055305550342548,0.8963828720486563,10.453313911579684,0.0003763822659538097,0.2153386447722285,0.9083123366595955,10.380736923994762,0.0003012461406648121,0.2625423162768408,0.9068052165979305,10.26888738654862,0.0002158379163375207,0.1542809297114473,0.9151642604805288,10.322708387749564,0.0002813342133599622,0.3559204480143684,0.8360483261767881,10.234040134167884,8.848616305704048e-05,0.18322888038260438,0.9306890996569233,10.145269378979428,1
3.614419289497187e-05,0.15162114674197882,0.890637649655245,10.253718071482828,4.636776524075473e-05,0.14457687091566868,0.9094715386422983,9.810646430525644,0.00012832515311708386,0.09814935767050555,0.844837998131837,10.031347663337831,0.00010916881920226189,0.18114943442835152,0.937793503261726,9.88802952354275,0.0001774769574787228,0.10550539286463563,0.8892548549822582,10.108027930005635,0.00017915573683550495,0.16336910090892573,0.8870511436630236,10.100475166436505,0.00041297153410969564,0.28152704825619923,0.8406315178490007,10.005616049738533,0.0003951252081727583,0.19733269613362522,0.8551268126363941,10.557349606258812,0.0003529071224162659,0.1410004808697015,0.8658844938084521,10.63583437701609,0.000385858956502094,0.2151138187553276,0.8949569402611474,10.633099506299203,0.0002342940464764961,0.21392016001918773,0.9070927711089826,10.522695685986319,0.00016295305177300423,0.11828459501616419,0.9273996248107474,10.550539161952377,0.0001907933687022638,0.2838399481456479,0.8692643863252589,10.448582108543397,7.104221387591869e-05,0.15448589160170167,0.9236003509496242,10.299864326845093,1
3.536574977868552e-05,0.14174856982232667,0.8879979566812629,10.283991401513633,5.340665646288001e-05,0.14755768893085036,0.9102424125620954,10.302724202337796,0.00012185692562696344,0.09485674092191744,0.811137881846528,9.955688750830506,0.00011706861856309794,0.1717091398470142,0.907396480501218,10.307891107666345,0.00018580901006003781,0.10322442277378426,0.8861703085744937,10.295486110673588,0.00013130767606088742,0.12219652534170447,0.9053778542311861,10.538708571844436,0.0003980658182909818,0.2758618265779697,0.8538082132973831,9.857946866527175,0.0004179973775656308,0.20336207268812487,0.8764600804801732,10.667706833507959,0.00038466374326414634,0.1485669448081097,0.8689785751170884,10.838989529273752,0.0004473525562335784,0.2369929206550508,0.8912440693719118,10.765413477036336,0.00023862678315766613,0.20794176349899382,0.8981868279835065,10.55438457459853,0.00013609281599683104,0.09430273394511587,0.9028147500748933,10.460447824877702,0.00017271546543337087,0.24733775195613525,0.8872768807198953,10.5914408363328,6.336404638516711e-05,0.12639061472446605,0.9208500881617926,10.28940266497155,1
3.433717598862964e-05,0.1502906794678449,0.8764012368240851,10.107195834271435,5.4209486242317497e-05,0.15432736495103747,0.9182590508435631,10.331459651660937,0.00013827577831256418,0.11625044533878161,0.7930393364510282,10.019531061666738,0.0001206360825991295,0.172711033159422,0.8818227145567654,10.33229397601303,0.00017299369132261304,0.11202122321990152,0.9371112004906393,10.226538208164055,0.00010149159708087776,0.11426075223683903,0.915140916752107,10.80250609008739,0.00036516952971256465,0.2846932323620766,0.8669447467280331,9.977549083671832,0.0003581926253197883,0.18209135342282964,0.8746010338359741,10.790378043257688,0.00037645867023555844,0.14389010053555967,0.8630145860358921,11.050358268085276,0.0004323272045156469,0.22858353258675437,0.8922869949239223,10.77055820507811,0.00023128261470019905,0.19942378537043065,0.8704934703964577,10.544225562865758,0.00013329887204096308,0.09479855912634212,0.8810752263239522,10.49120338677494,0.00015649827221100624,0.23965661540237648,0.8882671825715115,10.540515174678905,5.7040886678073354e-05,0.11738035627749584,0.9186844181448471,10.225631578813367,1
2.6341025016860617e-05,0.12264107049467132,0.8845611645614845,9.902465095260178,6.0729377201770857e-05,0.17058668949262584,0.9152184908627152,10.458430849579054,0.00011907322951315321,0.10719112989944081,0.8080673911775158,9.880703840040605,0.00012334289654170727,0.1764837182562259,0.8685966185277414,10.63129334347448,0.00018531560931111697,0.1122574962479433,0.9162770096154893,10.552118642011086,0.000131341659205851,0.12112900560942147,0.9307413607370518,11.16683983537835,0.00033358846734220194,0.24441668297607266,0.9095104247898759,10.341197041947646,0.0002460318001580124,0.1287008332263156,0.9149944176265251,10.858040112119822,0.00024307505985687522,0.10668493122205319,0.8981009950854185,11.050497439812087,0.00037446733951790204,0.2001044587708165,0.9062909791838033,10.793125960866798,0.00018756810314232863,0.16777128163388014,0.8619512903517695,10.474643159861301,0.00011335798520112749,0.08716539568533241,0.8675014981188951,10.27059749674445,0.00011690720703648279,0.19307950544316366,0.908215546095976,10.498697054321013,3.226028378336582e-05,0.07090484743592149,0.9114019584686542,10.121224386291454,1
1.4570966959965238e-05,0.07647095513556854,0.8959024570788737,9.560983399999865,3.8134390755158155e-05,0.10809763299765122,0.8940109446468649,10.60384652960942,9.533125389015987e-05,0.10646916878161765,0.8635288732443084,9.579563098337022,8.022308662384046e-05,0.12014059730555536,0.8872898271454684,10.789202369362549,0.00012366907694497852,0.07017302124787056,0.8731432661104247,10.676039229688723,0.0001197033082103718,0.09659125974939131,0.9156139626636814,11.207136405598474,0.0002848899074796371,0.20437343188150772,0.9324932725140691,10.607589417501192,0.0002408501217094584,0.11719076235456012,0.9355323120115661,11.0322196474959,0.00018157348465170736,0.08736377898288825,0.9203209472676465,11.074840836845622,0.0003035911318809125,0.16405444128326502,0.9112043217368178,11.075759102588878,0.00011106987464960231,0.11556606975337949,0.8736071044330812,10.56808990932629,8.228172269678805e-05,0.07844938858544734,0.8406375266583901,10.331887032497674,7.488574917953534e-05,0.14025159459938558,0.912168388475958,10.714859445174698,1.5982729337756554e-05,0.03801782405427042,0.9020313199467339,10.009868147582305,0
1.6734672542005237e-05,0.09650935000157018,0.8826892121244955,9.849353727830271,2.7539376079628385e-05,0.0825316424329529,0.8794918027088467,10.720713611920479,0.00010177510547275562,0.12736230996566297,0.8839895309228564,9.865293343792114,6.307041272526483e-05,0.09975182621827751,0.9167577904958553,10.837165483245403,0.00011540315487548373,0.07147611639618266,0.8597509266227006,10.6715180741982,0.00011161527800676071,0.08874328860268813,0.8773244721694978,10.862731244549655,0.00022723231353893148,0.18611649951443887,0.9343054122943691,10.808794103883184,0.00025865844241416936,0.1021700219619557,0.8708858441400925,11.00503902576695,0.00014859927172172896,0.06575985243912685,0.9142184335331726,10.799040716047866,0.00022776530092620276,0.11855052452023841,0.9253880072665118,11.09336793773274,8.47928769384708e-05,0.09884315903410663,0.8954400777760402,10.674155145086216,7.496061842736341e-05,0.089831915286766,0.8227046490368876,10.220214915953866,5.910701951454883e-05,0.11627664954890282,0.8793733689861577,10.624924737577926,1.4888756084610668e-05,0.04411780623693891,0.880684865368424,9.736064802420902,0
1.4089322786813019e-05,0.07761476191509106,0.8665421772952807,9.986657325772569,2.5419560398275485e-05,0.08169507184844782,0.8772764129451126,10.622000636476942,8.621478089711692e-05,0.10327865670465367,0.8775041444122453,10.0347826698288,5.771875292862319e-05,0.109299610416657,0.9207269963526509,10.218314871538883,0.00010301759701289826,0.06477514429132994,0.8548111152989704,10.756452132054282,0.00010505456308894468,0.07304733623319862,0.8989898571454549,10.921898431993872,0.00023606620624384196,0.17563986309596138,0.9478372963417594,10.734769941086578,0.00029876692804887034,0.12069760706841859,0.8671554508767954,11.093118904592878,0.00013157334813272616,0.06004462404611337,0.9061878574881107,10.671336473125717,0.00024112716663343543,0.126337650812713,0.9225403984664396,11.259720788233786,7.204774540208576e-05,0.09670929766424517,0.9013416640700683,10.632326312880343,7.48420365002385e-05,0.08006193029709616,0.8372080016050417,10.477150990023594,6.300588963768794e-05,0.11787737959875184,0.8732029309397896,10.52650346456198,1.81669716789167e-05,0.05451868809035631,0.8794872419408054,10.146999491893862,0
9.042464289955453e-06,0.04875930451097039,0.8763599857916704,10.813138267354104,2.1181438858109293e-05,0.06767697808981249,0.8901228233686332,10.305075147745772,6.126785880241863e-05,0.06994774941652086,0.9067355921366109,10.760275818679808,4.560030240186144e-05,0.07908820390304111,0.9123756179465963,9.738674329044068,9.0847391553549e-05,0.06076718418971962,0.8860108630201463,10.233281998245438,0.00010473881843403906,0.07298237124110293,0.9138620249374294,10.839652858548046,0.00020651172045826224,0.15966678617425573,0.9201187331882644,10.176616140809461,0.00031921058618356247,0.1242709574797714,0.8477717036690624,11.015147728480493,0.00014453552897791504,0.06213448414906249,0.9138323961923203,10.480434054981792,0.0001829497405330747,0.09989183198013961,0.9152054394515331,11.182343372562705,4.7563611135528046e-05,0.06041913000112918,0.8946871487877226,10.836647246396174,7.324519402559943e-05,0.07549295664816959,0.8666870236629297,11.171460765107605,4.9522107030410364e-05,0.08872476432489776,0.8684921316437323,10.5144721202351,1.6190106272643594e-05,0.043418453485822295,0.8991189637924487,10.668571891917479,0
1.3960874371646574e-05,0.07750533855286576,0.8846562118382545,11.459482958478654,2.6180403328725788e-05,0.0915417736355113,0.9021105999466122,10.57384445759316,6.760035377432113e-05,0.0762909498557815,0.9219903868351557,11.42486941422658,4.9176653324775035e-05,0.0845375656004342,0.9146976770479079,9.85620001990669,8.654834131300601e-05,0.06483707367945246,0.9036096268581589,10.287558729357066,0.00015906256782886562,0.10330513373877978,0.9222066943035666,10.277161222091033,0.0002395086943737064,0.1750993708222344,0.9164018666840944,10.01852596687704,0.0003348075811410483,0.13581750092878794,0.8471013346544448,10.82499665044991,0.00018559686620520926,0.07605229888857566,0.9097810802975875,10.171973315433377,0.00015313654461139066,0.0780186436004455,0.8958276158837475,10.416929173633541,5.798363790007896e-05,0.0641033654835269,0.8875115459827435,10.450900312003016,8.917086496843514e-05,0.08540602733325349,0.8926649014006595,11.507112158571436,6.12813937871649e-05,0.10977219429101456,0.8854981044420096,10.236393352962642,1.9632106392632766e-05,0.046958636000887496,0.8868526544903972,10.821430812502353,0
2.5610514326642074e-05,0.1289760110125048,0.9027502178179513,11.586807219613275,2.8893379675621193e-05,0.10076304718611805,0.9066628076746847,10.650503976031636,7.909460003296858e-05,0.08357264253848648,0.9143020913784878,11.360326428504768,7.280949374751603e-05,0.1232002161155645,0.9148406887239849,10.371409584763242,0.0001045019957871246,0.07104907483652145,0.8951346426997545,10.516354936855397,0.00022977797783974976,0.13310387888166197,0.9120468360996418,10.137312525041608,0.00028326419677767123,0.20294756419645865,0.9186657428963545,10.189227444367988,0.00037319362395587933,0.17946791477278157,0.8861787276339301,10.794649554694931,0.00029167333136230196,0.11848594898785085,0.9109373671067552,10.417912077677945,0.00021187247625434325,0.10905068032565123,0.9089095667490924,10.65825476032917,0.0001313060740624107,0.1274447831240817,0.8967268094762256,10.80592719110546,0.00014475226462298032,0.10909122873437556,0.902308765305684,11.616874771116425,0.000125688514927536,0.20804910603920698,0.9150317504414617,10.678498713529295,3.343380404734698e-05,0.06699880616106907,0.889304551272834,10.591929979833916,0
3.123777333022965e-05,0.13588849657016652,0.9252164685885035,11.3778322755293,3.675245132598676e-05,0.10795167054226966,0.924371985009567,10.716539317935384,0.00011672640206115526,0.1143547549262865,0.9167916306427649,10.606709606147714,8.936367295821622e-05,0.11592033276172913,0.9135199275585894,10.727863292385116,0.0001499684225545166,0.09873601090718857,0.9145656532990738,10.332822429294076,0.00029390084415478935,0.15186291433971555,0.917294768629538,10.054885057100654,0.000311172297104117,0.18035533853221955,0.880323937347259,10.493148776264912,0.0003966847825710825,0.16669353241093018,0.8457065915945667,10.476217723904684,0.00048814237426091344,0.18417092685592876,0.8919148678861847,10.387981370747488,0.00031918952438259827,0.13975936181100243,0.9119458833393287,10.55740355189711,0.0001782156903969988,0.1397161066558726,0.9162656995200043,10.616387507830678,0.00020333078020380547,0.1402762185074395,0.9197958807991833,10.990816490603175,0.00016448810711756006,0.2319712717836284,0.9279572040631147,10.647252163240761,4.303294503109104e-05,0.07466406031069375,0.8960013690488927,10.349783218449636,0
3.4599954546996776e-05,0.15288915759064126,0.9150246177874191,11.26119996170337,4.524037983340998e-05,0.1366705207838026,0.9220916877882694,10.589381759941192,0.000143532283930568,0.15269819618990008,0.899746433471152,10.542793991293916,9.027028510055295e-05,0.13450551690314883,0.8976857516244406,10.881299947865818,0.0001780149009080696,0.12037460445833,0.9159260568334521,10.505892373637057,0.0002945524510660141,0.15867607796356828,0.9104255759820358,9.78989677822804,0.0003543865703469596,0.21514407889066225,0.8765389407233183,10.70798959544142,0.00047458268482659667,0.20205048990112043,0.8719978564190953,10.505377422316913,0.0005836429232589121,0.23441165850718781,0.9033667671368454,10.505720162753091,0.00036542699401907985,0.1530372116971416,0.9067894868543321,10.637244035455918,0.0002064784813017296,0.16085462690292454,0.9261331258691604,10.347227892842248,0.00020773010435929098,0.1449808816408024,0.9231047312586892,10.67129280014245,0.0001740495040148862,0.23143369390610338,0.9237970639018953,10.51180039327274,4.4826331369642454e-05,0.08210638293050963,0.9078170029145158,10.277268687870368,0
4.9070355170641666e-05,0.1968942224717798,0.9223802707736788,10.572361960388216,7.104737286804339e-05,0.20227348661122949,0.8824065302157867,10.126716336068156,0.00019231867511219474,0.2055088162489737,0.9167903990709122,10.23427553080477,0.00012715322793372958,0.18440450753904244,0.8962449048128845,10.549617602449871,0.00026397880232577613,0.17135197052865397,0.9181858286424606,10.300521236736602,0.00038656566602511327,0.20738842659203802,0.91509192813159,10.485621510492852,0.00043196458591094895,0.24631666557051496,0.8485709318549556,11.139624700857393,0.0006192222700107144,0.23573311362473845,0.8785986465067882,10.590242066208967,0.0007893239210223369,0.28350839809335265,0.9042333008691331,10.704856268843747,0.0005249545218993582,0.2185195080566411,0.8993166972265096,10.506666076810289,0.00031336498966087745,0.23781540319434,0.9105931991503174,9.97923753307171,0.0002499276821684277,0.17251351938595116,0.9408906111905179,10.239184721350403,0.00021016350002465252,0.26160618701685884,0.9124774489528746,10.16423077202784,6.64608941429564e-05,0.1236950727437936,0.9271253618366407,10.152161743767344,0
5.1790701678797074e-05,0.20544026302990964,0.9256182108665674,10.147071082387573,9.12474689653972e-05,0.27617105074882176,0.8564224834844131,9.971731401996918,0.00022393988048628342,0.2521201305945834,0.9263927796071341,10.013824256248528,0.00015639594803055286,0.22382318784221153,0.9054439572603188,10.169141180058872,0.00031484347530113475,0.23853799228204184,0.9398409224572334,10.250365648941441,0.0004887879426749927,0.24184167383274352,0.905512027217895,11.29341759189326,0.0004358134335589563,0.2354534606284645,0.8453060751679695,11.363476327457727,0.0006052811191320737,0.23354267143822974,0.8942559241639791,10.850577382375816,0.0009422997937463758,0.321937194533201,0.902587892853432,10.952107225123374,0.0006504240611613573,0.2499298964652731,0.912854706882428,10.499538984791446,0.00035111420778504224,0.24001530011569094,0.8996510408329046,9.783818754194433,0.0002497396903557853,0.1785357014545554,0.9412810443140349,9.988933105452444,0.0002344335129762397,0.22027170748621033,0.9104286133502293,10.156481626112424,7.824423979150254e-05,0.13941636983310093,0.9342254566038338,10.451705065668373,0
5.2125525240211364e-05,0.2245371788092701,0.914985224451374,10.128823589614631,9.666628755920645e-05,0.31489510092072004,0.8433040019568706,9.877313387346836,0.00020549844997011187,0.25885394878294765,0.8851672804567662,9.968168678161991,0.00014946332948110732,0.2738692184952006,0.8967048113714444,10.016171457358118,0.00036455182486252015,0.27080451373511766,0.9165011959808886,10.304042493682106,0.00046322586100174245,0.25518314900237027,0.8901907427199109,11.459925347055032,0.00043742971858795447,0.27819228452006145,0.8663136308702748,11.372842882257205,0.0006508311463149596,0.22331879028749368,0.8862193136228378,10.866228708474619,0.0008723068213785949,0.23412681749590694,0.8843713415880604,10.959643369219366,0.000588675125333175,0.22358697397935318,0.9053593040371959,10.376042455777775,0.0003514022824417835,0.24176949826280947,0.9038305862587855,9.805506332245008,0.00020465712748408136,0.150705239404547,0.937676207397441,10.01138008681337,0.00025074920979442747,0.2014887740431836,0.9019493447622474,10.094562374840846,7.95508579595635e-05,0.14578213960182979,0.9391437024817598,10.595937191134546,0
6.067908959073963e-05,0.2264283598647349,0.8705671994422159,9.8364608402268,0.00010597175610881575,0.27520990945983775,0.8394594294761754,9.634584033156854,0.00021487823018130587,0.23377139616578463,0.8840250309272708,9.698337694934803,0.0001751370201515361,0.24134355846171968,0.8890641506488834,9.665709403923394,0.00037775441907277497,0.2258085812129156,0.8747385004708289,10.107257933999236,0.000491715727965634,0.25214778323465714,0.8819789720123018,11.431912131547456,0.0004514666767576024,0.26540224464570933,0.8728118294548115,10.944128136903327,0.0007801386749899472,0.2561201251531377,0.861498531969127,10.466336411257478,0.0010603274474711162,0.2509772474295767,0.8621995038026509,10.453552099023156,0.0008626627804187825,0.28736468633229706,0.874144490947125,9.86031707567938,0.0005184745262150342,0.2928676776497446,0.8799484731633163,9.56732968636046,0.00029431026314142477,0.18677977705488247,0.920048454425254,9.75477373542606,0.00038529150881670617,0.2523792090930235,0.8887132901136724,9.808785337970786,0.00011178436814870754,0.1628803523293937,0.9271714699775476,10.075034081768983,1
4.881691699470584e-05,0.181207623507042,0.8888376189650122,10.054065943298037,8.195072297872085e-05,0.22892593918355558,0.8580430874645844,9.60255597579223,0.0001919204836555918,0.19708122628506178,0.9133610895617067,9.846292775709427,0.00015370222727499068,0.21665003221415582,0.9042848659591933,9.583476006388869,0.0003232565097204756,0.191485875400187,0.8581095144671286,10.197574452892487,0.00040392308737375465,0.22531089362256249,0.9088508510003953,11.212582624683764,0.00039487067742211056,0.23945789193766154,0.8833689576196156,10.708080861976983,0.0006820417716976772,0.23069750474152606,0.8808269103063741,10.34052114738076,0.0009241595412774512,0.22435318380172264,0.877922585618908,10.158864490930204,0.0007670614986533687,0.2669000601536569,0.8820086399452719,9.774536076925813,0.0004585631322314549,0.26634711091336954,0.8985107878955473,9.620143453412885,0.00029519700294687915,0.17114830880359883,0.9396932875235438,10.013188665718399,0.0003516106827019281,0.21574103825830576,0.8992078017906026,9.905617551814748,9.731104098093185e-05,0.14445879930952266,0.9235118733161937,10.171604670765523,1
3.2713970273625784e-05,0.12781573971399257,0.8973066600475604,10.055583899826944,5.605360500316925e-05,0.16148258400097612,0.8769448206296706,9.555997403925227,0.00014976534143487625,0.14528382580877094,0.8913481321743272,9.897953692048912,0.00012739041059214352,0.17525177420707513,0.8910671279681605,9.53252961443311,0.0002511162833387009,0.14222794176006762,0.8701694754342039,10.260334051880214,0.00026114435274001574,0.17837804988780184,0.9382816484937434,10.4413272202644,0.0003575634445187559,0.21458542523873647,0.8897662009373907,10.545759907146223,0.0007553338356972,0.2633649143019783,0.8842960737958019,10.260988359169195,0.0007896200402693091,0.20817744315153466,0.8717820321553629,9.87666838940414,0.0006583193108465742,0.25651647414479306,0.8837100469361624,9.654014782587227,0.0003583803631584493,0.23689729338036233,0.9056681749651019,9.496612272189765,0.00026052380352203035,0.15883339030164606,0.9433414096641252,9.997983891111398,0.0002671800063744463,0.198472883248273,0.9048490642166566,9.61411625344991,7.546273985954677e-05,0.11982903139350289,0.9291045711407528,9.861955037996808,1
2.9706450140709988e-05,0.11880601597865867,0.918467316358756,10.082987876569382,5.218396200260824e-05,0.16224693276306,0.885759059151166,9.571885516733206,0.00013658100191029675,0.13661422228639847,0.8956613487260898,9.927295842385764,0.00013585461869566873,0.17869576499944473,0.8999832802283302,9.782603715535222,0.00020601100774268405,0.11971829089076715,0.85837994092832,10.193813206318515,0.00027019239086755804,0.155999001780113,0.9417617748804696,10.270716270591771,0.0002875137016915033,0.18346885838419003,0.8900878758630439,10.069269472994488,0.0006839193070223759,0.28385281788217726,0.9155023859788629,10.262533936352687,0.0007229507638201341,0.23679142723571314,0.8938976215414377,9.754835368333028,0.0006547150267488082,0.29477381947816267,0.881458514058792,9.63309085569041,0.0003586629297017681,0.2538874918875835,0.8928507707923753,9.50443276754037,0.00025683658699279745,0.1589358150872261,0.9445218133167679,10.039601880589506,0.00023758939054250374,0.2175663370941722,0.9049219099264665,9.572446107241406,6.877726341245015e-05,0.12248034332544941,0.9277395737352897,9.81525813893433,1
2.11114226732525e-05,0.09809201271208474,0.9442903158477007,10.81750329351331,4.234954751716164e-05,0.17389744825559678,0.9201501085360212,9.96126044090049,0.00010639646688671138,0.12993400496527624,0.8669832970569498,10.268562992343298,0.0001104586838200147,0.15837584652180445,0.8924454123340648,10.189994123018105,0.00022178085110180758,0.14171914986867645,0.8937791308487133,10.187878163686817,0.00025759163735120886,0.14247300735675217,0.9178222523321291,10.252445119488117,0.00016615820447893136,0.1276239626628588,0.9060963202092267,10.256768085728499,0.0004641533029257093,0.21922819734093657,0.9428339785213344,10.649387073786047,0.00048082126001781016,0.19149696461859397,0.926257878088531,10.009244016454488,0.0003890067831951817,0.20650107505601667,0.9224075457505867,10.089937440742625,0.00019497076415236366,0.17504442729632974,0.9341214001108787,9.925090657338227,0.00015370761669544796,0.10480279431851913,0.9405884090074537,10.688213232952199,0.00011067722326481175,0.13384651499452607,0.928887451807861,10.034037257440412,4.224711401499606e-05,0.09745820195946835,0.9417629675023507,10.605401667242063,1
2.402614136005685e-05,0.11727243259951958,0.9316065265484801,10.134534543894944,4.240459188779322e-05,0.16844432564914316,0.9013265072248192,10.07696093997223,0.00011529709702367294,0.14553656097405657,0.8780216824376645,10.198877919698443,0.0001132376665111717,0.15346050097195757,0.8877359431752184,10.085819223787116,0.0002751359212606863,0.17462617075660383,0.8840742189863354,9.83383951303586,0.0002630790453391501,0.1368233906773499,0.8802110902622605,10.299748558622317,0.00011943731822784322,0.10412492530982195,0.9243546077081684,10.202040984363771,0.00038597008171261765,0.19650453438276405,0.9339749536320431,10.659714045924536,0.0004313004556980236,0.18985712013487968,0.9147885765759327,10.294544833827924,0.00030329486840313544,0.17425336303167674,0.9255428047086348,10.155529303219526,0.0001524090056749495,0.14118223332890084,0.940628447386033,10.05159111125522,0.00012234486341334677,0.09110415326446601,0.9307155058101853,10.223321272211066,9.143834311893679e-05,0.1291270526815436,0.9347727002479306,10.033575884912448,4.162969554082523e-05,0.09960954176688883,0.9339486623152682,10.460990090790327,1
3.433730439026437e-05,0.1547219781090796,0.907586929068329,9.946080452898487,4.4129862464437023e-05,0.17194440202446934,0.9119252860071958,10.012237842872185,0.00016370198798394442,0.19925939911663915,0.8657820762051633,9.962523179747656,8.559168329081208e-05,0.11939318899567293,0.9111320655515194,10.094995778539973,0.00031292341494341155,0.18786149186562967,0.8964239686585155,9.662694527748151,0.00026004556656985785,0.1373669913036687,0.8632100496832041,10.027234901028255,0.0001469572800873606,0.1362856691135333,0.9247177406770927,10.32002118567159,0.0004558238733596582,0.2119253999716628,0.911350515613483,10.974207012338637,0.0006924201350559321,0.23012495265777894,0.8888106967546011,10.922233773772943,0.00034657774695367094,0.1843501468628667,0.9287987138718216,10.364367918632373,0.00017887280884448586,0.15665545771307304,0.9376255104426525,10.149786125764779,0.00018848708290870105,0.14121736039075344,0.9056430445711393,9.754792005406234,9.970214338271473e-05,0.13718155740133198,0.9126404984312675,10.205755732788026,5.914681517667824e-05,0.14014153078659336,0.9191624738644036,10.2897049083109,1
4.057376056248521e-05,0.1708331247264023,0.8814425055143161,9.735735722835635,3.642970502022224e-05,0.1257446844529285,0.9052358135393146,9.90263006693228,0.00019010099045429075,0.20435431097731466,0.8811116919693858,9.945051129242481,7.005897024523572e-05,0.09248736314622724,0.9153550391287079,10.153372009169386,0.0002912723913060756,0.16602903637460137,0.9012698953705629,9.516972882270679,0.00023428863077237672,0.14683582825655894,0.8654097799670498,9.970606841065084,0.00017982163875891375,0.14224131211566515,0.9321667957815833,10.744940515375909,0.0005167084299208885,0.2510391681561994,0.877625395383652,11.109881159311533,0.0006895682254823185,0.22987747148512433,0.8860712910958787,11.077673986784786,0.00032372539681631036,0.15537766118172466,0.9166598850961793,10.368191692111315,0.00017396171119917362,0.13933330361293464,0.9055543165784257,9.884638410856748,0.0002367589989642487,0.15824487033243148,0.8991021816162089,9.552057401363692,9.047212451108902e-05,0.12164580607418166,0.8994448097919189,9.992454916312617,6.91869835998561e-05,0.1557565631697294,0.9067233440675445,9.945229249474648,1
3.8394060069406126e-05,0.1494961328062512,0.8953074378867274,9.703099613459264,2.7919885629970186e-05,0.09653786025335973,0.9134704094518442,10.016839538377516,0.00021125310785695785,0.16651496890973394,0.8802489781946696,9.922903625582933,6.669926019778422e-05,0.09400740968561427,0.9209452006455151,10.366984245511505,0.00023191310987086324,0.13900326568643812,0.8895058671402762,9.461580698132215,0.00024980050433898746,0.16672862058508764,0.8874636451241948,10.323621355938284,0.0002822759943804406,0.18847070321797066,0.9052633953312261,10.80554407573732,0.000807297967663094,0.3046745558427277,0.8241325392535862,11.301878503315177,0.0009184753333501713,0.24859657794042528,0.8608046122456937,11.374482667242862,0.0003891481545121878,0.18463932811755476,0.9060995046419877,10.620189319527322,0.00019818640865849424,0.1483695359557333,0.9082972129970731,10.001915907731714,0.00025772834021559944,0.1520395411396587,0.9063199201604946,9.604499353657847,9.783406690155886e-05,0.12179081259726722,0.9083618373414755,9.874518846836699,6.744510935630007e-05,0.14934155328377033,0.9171978890148083,9.901998034635392,1
3.4147540946399176e-05,0.1221539368027987,0.8932613809828677,9.746368685645377,2.7818092951195254e-05,0.09927124712737781,0.9116579820043076,10.343563100504934,0.00017217495946123204,0.10949349738261628,0.8300907121578445,9.882319925816441,6.0893521608063106e-05,0.0887870918310056,0.9130499003362438,11.10903847034198,0.00017245145635520716,0.10123656664477784,0.8775896744324617,9.542501151147924,0.0002108568465586689,0.13936120618347597,0.9264671958118503,10.097686867659302,0.0002868365397259299,0.18166764555298534,0.9115422309593124,10.81299386203158,0.0008612713463952544,0.30179045149271755,0.8309078210808294,11.323049111439751,0.0009335547173849112,0.24106651378439956,0.8719738916541938,11.383991918561438,0.00043977279909236005,0.1987554941832979,0.8997892102961823,10.688496751877558,0.00027179106760962836,0.1846178856685741,0.9033506518287875,10.11952817761733,0.0002940570318368937,0.15187203456366977,0.9081737248909617,9.67715298283419,0.00013411680636466,0.1518619135798981,0.9034629898423266,9.849627725556873,7.615702018460393e-05,0.154902008157887,0.9146887952775038,9.75913675599525,1
3.4090735051996484e-05,0.13174832573749942,0.9057712875575472,9.894667168244418,3.5949951534216645e-05,0.11744391699260001,0.9175037112577122,10.573211886807517,0.00016372403451389458,0.09780732829305523,0.8002485559411564,9.298335155382244,8.767803709735342e-05,0.12314884364628272,0.9213494362820572,10.971236409652514,0.00017782386492449186,0.10515064973913008,0.8763834004948752,9.89941976073765,0.00020976673284717925,0.13385888918181638,0.9172871351067888,9.933763993680843,0.00032139834933149676,0.19267819886622237,0.9148774205769253,10.605157807227416,0.0007667971849234004,0.28634068008900054,0.8494268158961359,11.140608336550113,0.000756978857284914,0.22472168786130564,0.8841920691381497,11.173611708497926,0.000414502698012195,0.20960825648278195,0.8938162143158213,10.480694674377757,0.00027367988025426865,0.19579822451531428,0.8911783908327757,10.269099456384575,0.0002699024074952702,0.13127283724975303,0.8985026427630722,9.300023555486101,0.000155780759033842,0.17824758669346435,0.8898016123527511,10.033134612188576,8.295259650944908e-05,0.16879971037624178,0.9145207856967789,9.980326185582287,1
2.911035063502557e-05,0.11370101955310574,0.8952405836263746,10.036264335231113,4.1636717891333516e-05,0.1403537245031742,0.8974429822359142,10.757630781553425,0.00022126815214294605,0.11458946872545747,0.7938611284888136,8.888041470736106,8.48471496004965e-05,0.13317910287761087,0.919808305152177,10.743644214451551,0.00019916816951849383,0.12418268883057122,0.8953414148261496,10.194702536527581,0.00027757274051239106,0.14979172759799084,0.9199519298138087,10.00337822645292,0.00033253253304570336,0.20834408434007212,0.8915917216250713,10.49058293641952,0.0010038682097806598,0.3268785819106369,0.8828982336624549,10.715521429078787,0.0010706221466344017,0.27484464262808683,0.8900610246137387,10.848862184546912,0.0005672326807627818,0.3013940642129319,0.887552131136173,10.153129157881493,0.00026414574216841876,0.2095801495845277,0.8797311633660185,10.327460678217061,0.0003205688855846006,0.14195810411205076,0.852341173068468,8.939611565209995,0.0001644451357133592,0.19541492203085556,0.8919379889560838,9.948675981041795,8.18790138613512e-05,0.16895468504853753,0.8993588603634821,10.06648944927127,1
3.7719295946018366e-05,0.14207188350978786,0.9051663163414954,10.047039285992884,4.655644058269623e-05,0.13295002277184872,0.8773364544714843,10.747968565165863,0.00022952518161508553,0.12195352654812011,0.7907376417535016,8.798469415427308,8.686211694019952e-05,0.12882436002958447,0.9238535068653481,10.501098100663555,0.00022048834488171322,0.13162170854821909,0.9015437825716612,10.28371760029228,0.00023175870040302457,0.11623307064112814,0.9132443710014202,9.921481751216886,0.0002583034378265952,0.1645473024645449,0.878415107760696,10.36455935770326,0.0008013834840554539,0.2976874930435558,0.9127130246047882,10.529283142277109,0.0009335296932993147,0.2564106873567517,0.9090676681460272,10.71213238583377,0.00055486002087926,0.28589074363199457,0.8895819984231332,10.087280446197314,0.00027617934854525287,0.21989614501977423,0.8873607299484981,10.354908297082613,0.0004037385162793084,0.17670158795786808,0.8460774699996807,8.934479618540111,0.00015957472863077472,0.19232304797923597,0.9278888781012614,10.020612625303702,8.751168527900739e-05,0.1679550853939343,0.907326955518547,10.104429541492458,1
7.305537084982888e-05,0.25694371337365124,0.8591766988873012,10.504014621766872,5.0911461999902406e-05,0.13670537893270807,0.8655717766633795,10.255056759443656,0.00026312679163907734,0.16355889872888263,0.8193875488982251,8.935510496230085,8.45482995757379e-05,0.1311409460492757,0.9368808418707449,10.258316771715839,0.00020591379849081292,0.13147019202869006,0.9103936848562374,10.519386205135136,0.00022353781521526077,0.12131015960656924,0.9144701307019474,10.182506571974654,0.0003191136440287946,0.1772195740404664,0.8556713463462263,9.980776123300048,0.00079955894683322,0.3189347623908333,0.9116740641292914,10.662722323641745,0.0009677960741703467,0.26610425905820206,0.9114460605298302,10.874953723914594,0.0006352176349411357,0.3229337464527545,0.8968612907021519,10.26820274713657,0.00034141622467642724,0.26868759148233606,0.8863802045599899,10.59727904206297,0.0005191653379836512,0.23965148475167816,0.8421461117535276,9.28487935113006,0.00022519760888459612,0.23913305014464883,0.8939227134672335,10.494970299280647,0.00012739124121265602,0.22237615730527283,0.9007555881628514,10.642310301470706,1
7.758059030280909e-05,0.2577269640210058,0.8645670496357597,10.56500303008419,4.758344959221241e-05,0.12632522394845025,0.8863089158344465,9.890912258347887,0.0002870486987140726,0.19337853581263276,0.8607509497828962,9.420797639289331,6.551055249206459e-05,0.10583910582378787,0.9234682085341249,10.326589055305815,0.00024591207134972315,0.15350067093246414,0.8885434276747127,10.85305236095854,0.0002274778481198566,0.13248583409607465,0.9234537484504655,10.638279645494004,0.000295609161080667,0.16842670584016864,0.8803451844284149,10.232108361404919,0.000793635732890585,0.32677898016971374,0.9164598830153429,10.584045704509903,0.0009438238772041247,0.2518914156875682,0.9176076383241363,10.744861154482674,0.0006661363301452821,0.30948880035187815,0.8855553329594641,10.345527398675447,0.0004450876350087677,0.3129412959246661,0.8547371911321903,10.594143428374071,0.0005896998184004966,0.26344551324897264,0.8556453622547402,9.76662597752711,0.0003214302844037994,0.277056200161169,0.8493043800290303,10.502134240624262,0.0001733957255670677,0.24248630490335937,0.8610333453808071,10.816219787412074,1
7.567302652281864e-05,0.26069289220142555,0.8620395022629742,10.554208772769677,4.14550351911205e-05,0.11267952183074888,0.8756294336786745,9.703421397398673,0.0002114403077756184,0.1899455066198114,0.895671078431689,10.008487960333026,6.150105879700339e-05,0.09404315669524947,0.8715403491706684,10.310216641109275,0.0002556138195505018,0.14576055108783598,0.8946004391262868,10.81487561381629,0.00015290488309411003,0.09791923730234754,0.9218246737696407,10.954333162505245,0.00036637070202018415,0.19134474456273542,0.887013158051894,10.236899507999352,0.0005551513993723109,0.2637487830167431,0.9048780119960079,11.036480018268046,0.0006719920843054805,0.21536019320870767,0.9003263787608697,11.033195113889114,0.0005841964475815536,0.254273408345978,0.8774820341672686,10.922281280744679,0.0004888525717117948,0.3034194482017811,0.8604123197664578,10.706122971581262,0.0005144740798054674,0.2689262296625555,0.8712167456336646,10.314736167417776,0.0003433400816064707,0.25188167508083914,0.862729378379062,10.675598035580867,0.00018839607031692504,0.22759322477784583,0.8681771019800097,10.971789719044047,0
6.765698518453476e-05,0.25552999993870934,0.8455305885754245,10.659842435704848,3.912745146202168e-05,0.12608512866099958,0.86749679961345,9.54260943957217,0.00017145811060280492,0.18253853148633584,0.8752883297121072,10.464849349592804,6.82664661343382e-05,0.11287264288213181,0.8456808741205197,10.52037764492623,0.0002718163126720376,0.16572163236875126,0.8948018260054528,10.61418897586155,0.0001519922424476364,0.12573580107867294,0.9205575955976475,10.591664386192202,0.00046137940633005287,0.23723039943285254,0.8995563706496632,10.312782847727958,0.0005251447051437801,0.2605591717119733,0.8782786007195899,10.94020690396085,0.0005838354110287464,0.20956769378541,0.8844446510776388,10.955677530256144,0.0005017630809296453,0.2358530278298959,0.8570302861629436,10.999652029128955,0.00044495846973984605,0.2955661391045854,0.8562215403728928,10.749644247214656,0.0004101774744992514,0.24574459897894851,0.8571265570610231,10.696684388719271,0.0003391825923361627,0.25967509222361895,0.8475400565004022,10.68413860197632,0.00018048800800960535,0.23810396057794983,0.8580405908772432,11.047609289212298,0
3.2411516789560586e-05,0.15236862193592754,0.8795906073037955,10.49561183717059,4.083927823799721e-05,0.1406720423622002,0.8903673364249867,10.050086289707304,0.00013758467254892026,0.15981758104793967,0.8667649638015253,10.407415207877277,7.804567266632519e-05,0.12258381166929169,0.8434872025973558,10.480268554668571,0.0003082315597073696,0.1808652313718619,0.893379559262546,10.435988691306568,0.00018771319637757286,0.14449521873776291,0.9098128938710768,10.327813589778193,0.0004604769497142,0.2705995332108723,0.8967411735837708,10.618021475422985,0.0005077176410425288,0.2548621516190788,0.8739090295678711,10.59734057121267,0.0005115426278210248,0.1883699224854614,0.8742403574985212,10.681420456415879,0.00038264055269896516,0.18346236065075647,0.8755923721935565,10.890929196631815,0.00032883597488230995,0.26030761785021733,0.8839835072162403,10.63024433655613,0.00024898333983176303,0.15815276534170752,0.8869821345547619,10.745044137638947,0.0002429705942127635,0.22681575673523421,0.8766988602380078,10.568585548690576,0.00013251146593473332,0.19500769049810748,0.8919173451582312,10.971891014000573,0
2.9842129070612762e-05,0.15095552249529848,0.8732141929397129,10.829877083567272,5.622045153064173e-05,0.2126301404946,0.8843549100284481,10.845257921792081,8.178551415811984e-05,0.09793635897672379,0.8766697529419574,10.309831904468012,9.04461103515565e-05,0.15811130166575854,0.8807747613198419,10.550326035580849,0.0002717444176145211,0.16737951860150066,0.8847673910360371,10.402802291078746,0.00020456061127965537,0.14329518635427155,0.8828210775011499,10.118049167764926,0.00043418547719241494,0.2598098994651487,0.8930623639100759,10.492851517459986,0.00045843934226232384,0.2103204980187525,0.8715713830567512,11.097879713785666,0.0004136038855007356,0.1538261140010355,0.8853525977439693,10.866250233857258,0.0004273535781281137,0.19177686963931798,0.9017063660226949,10.750495057823347,0.0003067679820062852,0.2612003125671511,0.8807249455365529,10.647710340268853,0.00018697603107889675,0.13307692362428172,0.8847580614961663,10.562634983594066,0.00017654313504905634,0.20436136832391144,0.906108306079692,10.635290494551082,9.755271383548835e-05,0.17219956641991557,0.9356778547558612,10.94063982787923,0
2.8605579497770592e-05,0.13096293228232844,0.8856453272462553,10.978785793510482,5.335545507109903e-05,0.17076505060842861,0.8833431362771234,10.943917045332588,5.849182765515521e-05,0.05777418956532607,0.8660670289955161,10.366167347934866,8.269421336810841e-05,0.1193902113092563,0.9070905576461586,10.549048763363503,0.0002251858049068841,0.11816870656742719,0.8295173906843408,10.438411392178853,0.00022264367489854324,0.15920528102519513,0.8838519908341094,10.448607119650843,0.00044490603187026805,0.25758476757358983,0.9066125230253267,10.782950296639752,0.0004983985528263359,0.1991827257621983,0.8694198956081677,11.332469513637408,0.0004245610692886646,0.14316082537275732,0.8712712819441729,11.155377157095412,0.0003808619193401571,0.161535892827848,0.9067782039633558,10.5505381112236,0.00025144838264340766,0.23617204367910372,0.875426677906427,10.616973013047266,0.00016021297588135266,0.1124300104816838,0.8368923189138335,10.554333343613173,0.00014799978120202197,0.19112411592346398,0.8802099210178008,10.486140066229085,7.384140151258037e-05,0.15006510807478168,0.9314894369695379,10.72282286671206,0
4.324870901530283e-05,0.17350429805310585,0.9184624653445602,10.59083965888373,5.518468558162568e-05,0.17053964061978655,0.9060777553022896,10.993876848619044,8.169039282575378e-05,0.08388352337694434,0.8949738106582932,10.141552814549854,8.131526095302274e-05,0.11243902361345216,0.8948122443546733,10.22324633952805,0.0002205680350096079,0.11491201788901549,0.8353629749404125,10.367334921389702,0.00019453019851735538,0.13544750757261526,0.8726110335446823,10.502135136845283,0.0003701313488256536,0.20797757779118747,0.9197801159797364,10.929036035952054,0.0005320934014929217,0.2017576361706061,0.8691996722972664,11.219297025088046,0.00046082050650740944,0.14919560755034228,0.8736594783376622,11.11986566052912,0.0005689220263676703,0.219164242270554,0.8959766889224217,10.522854754950016,0.00040775584431108837,0.32933628373599977,0.8584615347154306,10.715571968187657,0.0002455338895001604,0.15387763490255638,0.8469156978815983,10.329764323359829,0.0002829290723280329,0.2989795625441919,0.8623821769109629,10.5220809013466,0.00013627284049836318,0.23107576358703635,0.9227193670149422,10.637292958199916,0
4.9439952925826496e-05,0.1758562396450441,0.9214479260851199,10.556520169778905,6.269618339697173e-05,0.18732847460879648,0.9187337845491053,10.935855296650187,9.701365056018066e-05,0.10217720279689259,0.8896003267360183,10.252882336485943,8.499461305321187e-05,0.12379717783067327,0.8985715200636079,10.420221529397608,0.0002553734929461918,0.13064973476892153,0.8285154805355314,10.483858778121386,0.00015920968691591372,0.11886467257555094,0.9011916684258701,10.729358823186125,0.0002901887569439373,0.14357931117450115,0.8987475970844395,11.044622961280737,0.0005023978807801118,0.19115599194305477,0.87013499103651,11.240726119632624,0.0005273626107593435,0.16724028841201502,0.8860993118777636,10.925793654093525,0.0007074427537781779,0.24229147571560777,0.8881987743743317,10.497372403928036,0.00041283199453618903,0.30092277362313596,0.8863812154862408,10.767595625756973,0.0002682862235629565,0.16275105928879605,0.8356577763895887,10.3544466286641,0.00031045744515873993,0.2970291094397862,0.8856800896551958,10.53635159464139,0.00014680406463696435,0.24236623149135544,0.9226824836303188,10.662601260874483,0
4.65636400677282e-05,0.15777319783822857,0.9303121424866755,10.427062147939935,4.6291946772760784e-05,0.13426246655307647,0.9329748718400249,10.67260378912832,0.0001791733679048771,0.18013641662907015,0.8944797497874263,10.72209504938414,9.132482035028889e-05,0.1193188185845532,0.9121844226933369,10.403444056820781,0.0002409894709899418,0.11764403669835903,0.8516429500049273,10.112319093476033,0.0002130451595198532,0.14489796736990918,0.8964075616441479,11.607043414988073,0.0003593482002415614,0.16942740094003703,0.8839505254768807,11.381138341592708,0.0007187703443364386,0.2525372624452159,0.8681599500410243,11.300135820994111,0.0005655475428583415,0.1819886216616974,0.9112369128170233,10.945766520208632,0.0005814247914971951,0.2039355751190312,0.9005120654166324,10.463456114051978,0.00030745108278694953,0.2338143325831331,0.9053483070922247,10.67049942430957,0.00022709185404135127,0.14352362063612445,0.8744907317723593,10.36608926719994,0.0002576237462447522,0.2567596342094784,0.8973629533061389,10.387410999027393,0.00012812769707900852,0.21987919664511849,0.9304975713763516,10.46517760894782,0
6.311896766252823e-05,0.21603406382625126,0.9224500924884509,10.09897821162907,5.18639848339672e-05,0.1633733030106755,0.9448349475919863,10.710626573197228,0.0002425528438190365,0.2396762906993619,0.898694040828687,10.447817232086052,0.00010902063960452627,0.16541436936517695,0.9407832245679348,10.407764711435116,0.00026257510540366857,0.14309181803517904,0.9078122941524859,10.004209308976426,0.00031084620306425046,0.16290460190166706,0.8787859260632593,11.165137938151807,0.0004027751375632339,0.1974718661883892,0.8690953424951435,11.297736768143059,0.0008078069054756967,0.3152464031274841,0.8880964924502356,11.069667055254923,0.0006509273435750585,0.23716424793933574,0.9289334927018525,10.216697556555884,0.0006319162302191304,0.2414243870914069,0.9149471684306418,10.084597226063892,0.00037121848828399785,0.28773690087930065,0.8986973871325837,10.251166189144831,0.00044196099882884714,0.24592591398452715,0.8704590275680736,9.782257413537403,0.0002731871552341916,0.30131498774389276,0.8947230796981293,10.21027518613373,0.00013791891804732425,0.23857681917186577,0.9175441796033149,10.3122397429863,0
5.62769194320664e-05,0.16027461452241093,0.9093879479660011,10.040235765737773,4.80639777095992e-05,0.1334215702691407,0.9393559594077564,10.729191670676185,0.00025403947350260975,0.20301260783330935,0.9022304937330815,10.576158818752042,9.897495688969922e-05,0.1454894411905275,0.9455916863905968,10.582623460607307,0.00026186603716562337,0.11545749624696794,0.8981877499025324,10.167156185890388,0.00038298635429060313,0.18038176805705836,0.875770554683082,11.055409279651107,0.0004347826302205692,0.22087270043986326,0.8732712279479109,11.057834694635103,0.000808788071806913,0.3369372273978728,0.8984549396694665,10.865992793922896,0.0007399678774910406,0.25066450312246785,0.9105925015241717,9.870910021712477,0.00059156389252761,0.20140647761842964,0.9040848891622492,9.698486031408335,0.00028688846037358166,0.21100626902861883,0.90767200467019,9.666110575602726,0.0004771186012307694,0.24799651028561412,0.9037286083057566,9.650875341480944,0.00018046923665450247,0.20213548237815238,0.9247840460358232,9.772686798144083,8.38562653479949e-05,0.14666580475914562,0.9176092903908384,10.120189750996277,0
4.93506636877149e-05,0.1250947765888334,0.8976307159718542,9.989547983293342,4.193588460712762e-05,0.10097575852821705,0.9167215168538739,10.699095604061917,0.0002573985199909302,0.17701276213982337,0.8988024337769669,10.787171424885045,9.009486373333684e-05,0.11697633961464977,0.9437025931597719,10.788551853345043,0.0002368117293523428,0.09845485482552202,0.8826578832823412,10.098403901460237,0.000388408218943476,0.17507441570351848,0.877307545485283,11.16593933526958,0.0004535488322913994,0.24764217733845584,0.8933392652382797,11.133307779225452,0.0007931183415282826,0.3072268328503925,0.9105464273825116,10.921848099287722,0.0007975417005033343,0.24747067372586098,0.9113970159717968,10.030918488327211,0.000610599396950337,0.20987526098536985,0.9046884755087101,9.84607402895721,0.0003605286571933107,0.2440407945326181,0.9075363100766571,9.81392774444934,0.00046805917881593856,0.23379285052714913,0.9030712993243302,9.72268748179895,0.0002446322893917247,0.25389154005712034,0.8943955946771274,9.883830557862476,7.542577489972734e-05,0.10633539802152962,0.9253702693457624,10.138155984886618,0
4.6098121509810777e-05,0.12089812468146885,0.9005632761273336,9.85910429614719,4.2636869252588254e-05,0.10988595075929246,0.9076524697523629,10.513752959544153,0.0002108963657199298,0.15379324345677486,0.9150564080187746,10.417712192320115,7.875651439511368e-05,0.1145375761623942,0.9277954786801158,10.448624566415987,0.00020848725769402311,0.0887070304305851,0.8728820927677691,10.065086422499954,0.0003252044862354447,0.15352735011650268,0.8739257395474688,10.729249292608383,0.0003607693617572274,0.20081466259866299,0.932712352938593,10.917088089822055,0.0005347606255596733,0.24877752509730755,0.9182409956549442,10.354234223748968,0.0007408361572328334,0.22816686419619286,0.9112293579352164,9.943298061944525,0.0006665603229881957,0.23380674960681408,0.9091090496272675,9.994155955056991,0.0003882939591375227,0.26953613214260164,0.9113501496637518,9.911271661785005,0.0004658591679289316,0.24153434911957367,0.8976768662328338,9.704245591934422,0.0002642563268656776,0.2616849032815543,0.9033358320020998,10.008780593456283,6.4684682262572e-05,0.08963051655119904,0.9256343666252642,10.401867729920035,0
3.1894904466021064e-05,0.08456564431392952,0.8896140662527607,10.20832584366543,4.293703659669364e-05,0.11666750512966165,0.8964057802397706,10.749558704584187,0.0002006423104307986,0.1574070097613147,0.8883488556296365,10.460814873177663,7.500258689781024e-05,0.11337649061078997,0.9133193126776459,10.588008878109715,0.00020664259758836106,0.0935614483488078,0.8547123807244135,10.415339537805417,0.0003311882184078365,0.17294472826925222,0.9066052668424919,10.742689579611703,0.00028734261198441996,0.14404918740404365,0.900719692927526,10.899869543310647,0.0005669615212977564,0.23005743111600904,0.8994808916052985,10.49688584501783,0.0006670325480193752,0.17595966677558272,0.9064162413377863,10.389462484331684,0.0006091071517127974,0.20797675726991374,0.9079173898919837,10.330122367104003,0.00032948222850866373,0.22652963617662492,0.9288575951661776,10.262213926524378,0.0002751552747078703,0.15703269381583151,0.9106706762897211,10.04941504344,0.0002431904354751187,0.21533366208045537,0.9161948671182482,10.267842888278691,5.1342014032358145e-05,0.0712220525578972,0.9107801889773736,10.894685955791543,0
2.687063628346559e-05,0.08647471180992572,0.9037419852218128,10.516915007450978,6.881253645060332e-05,0.1905779187044807,0.8819191871748319,11.4305077111776,0.00020086801806966844,0.17007864965106056,0.8979739858002723,10.349653150457689,0.00010773961696218092,0.15603268335496395,0.8798654714288436,10.786256709089795,0.00024069335968468833,0.12705956015102524,0.8923475827248672,10.972714075399212,0.00028479988141829726,0.14275115263170862,0.9184848962939255,10.82099481341911,0.00027514660997357077,0.12338527075895417,0.8495549938207233,11.237630772504314,0.0006478496361437724,0.23021266230813464,0.8681724060184058,10.87371496626022,0.0005800332930013123,0.14831697438382638,0.8926414297010566,10.885940852459733,0.0004981300980870224,0.19738240760177533,0.868175422865515,10.949411045668343,0.0002521423908916672,0.19052632137418088,0.9170593345732795,10.804206981545471,0.00015946206389196794,0.10176257357045426,0.900284553290569,10.520101816517894,0.00019694654645649044,0.1986608496010726,0.9115453124366311,10.631749553397677,4.4106401346844045e-05,0.06705472155596146,0.9210612473341505,10.984580266703155,0
3.1170172624963384e-05,0.1165503392627139,0.9174229376597324,10.416981928285827,6.631349395979548e-05,0.2249900914064908,0.8938301301380194,11.488077603276567,0.0001993691129604774,0.18038987779608803,0.9048072047900897,10.04437727283151,0.00013163063432155452,0.1976025898001749,0.8720076895857238,10.524985327949521,0.000227571108454752,0.1296819942594933,0.9211666337689386,11.116324523744433,0.0002953659423069716,0.1354661028372347,0.8954184306932388,10.701535411166438,0.0003246056850426684,0.14530359545964458,0.8488549607508518,11.115968497744156,0.0006478537503665355,0.25669452862903913,0.8670604101787737,10.809074648185515,0.0004845981522722912,0.14278475340218816,0.8669402811097452,10.836101033434515,0.00039102924677810716,0.1858229665467348,0.8501846924358583,10.948076988895824,0.00016350165785200015,0.15342324920970626,0.91104003203588,10.876335170656837,0.00013692080991835855,0.09332377098895119,0.9049350733716482,10.123841922601825,0.0001058104671769236,0.12684806837145837,0.9263124879792437,10.816283332283316,4.894628250715809e-05,0.09690606582961274,0.9308360092278241,10.732781694640629,1
5.107555019092896e-05,0.17061383708048283,0.9128805022680051,10.627003117669835,8.204475324590649e-05,0.26048430132715056,0.8523052943797944,11.79186632077183,0.000296729313869083,0.2191426237629323,0.8996893752725422,9.918547428325914,0.00020898586302905915,0.24589989008949661,0.8652866319533773,10.727132599758818,0.000286240863195063,0.16226226136425062,0.8990139269443326,11.40551190693586,0.00027397566616110477,0.12575020916345364,0.8826765163680371,10.80734473280965,0.0003549753373543901,0.1548218186747809,0.8540467130004312,10.761247760544014,0.0007338617353499906,0.2843993214980711,0.8655413203474791,10.727047423917355,0.0005279366805658864,0.15797350034535956,0.8500485936037478,10.50256375162757,0.00042756330973787115,0.18217604515254188,0.802246962260241,10.70532323477454,0.0002038519518818714,0.1780817196140001,0.8790088251232231,10.726373173059752,0.0003053966185989227,0.17195764209124006,0.8709738691845409,10.310606898290715,0.00011492319227269964,0.1429324974630756,0.9114748080547318,10.994708201223796,7.598734247044567e-05,0.1618492559642567,0.9230140034065654,10.715142043675652,1
9.723072132990002e-05,0.3000571468962855,0.8498558510890617,10.88378191712607,9.24929897802895e-05,0.2927236003165352,0.8560313364484669,11.649361814699285,0.0004740986650985128,0.30155159022916717,0.8618751707841695,10.013398877961427,0.000272236877264523,0.2847407253517372,0.8484080393583597,10.905805230909456,0.0003337467770111986,0.1914556440737238,0.883059102681147,11.19398686237828,0.00023950912250078735,0.11413909830222738,0.8611510459374806,10.99914044416591,0.00032296971610801234,0.15942677592662235,0.8956582667418699,10.477251979984052,0.0007500753329770043,0.2862409513291857,0.8710876219344195,10.53295673560139,0.0007558829655205221,0.2233335708801404,0.8370088671725463,10.428637685224812,0.0007489005507664813,0.28458324597248114,0.7899721952665204,10.547070608986878,0.0003912928193339498,0.2981389435133469,0.805714043525546,10.361208327453587,0.000649274918727977,0.3149570231510354,0.8139281825647128,10.131677240409834,0.0002005051426330034,0.23028305810474886,0.8524210263888469,10.77109824957504,0.00017441178905591926,0.3290576198827425,0.7741035445730524,10.056534845235786,1
0.000148210335799616,0.4198059177467244,0.8082216642114629,10.569568233906352,0.00010681933172768945,0.30932978622453955,0.858902423597532,11.316820388570484,0.000725331741029603,0.41338443902461275,0.8375688719687513,10.252288620815806,0.00043194034522967386,0.39857483219404805,0.8488514822046357,10.974100596558484,0.0004420360139824318,0.21605161868980532,0.8680911160412905,11.100135493612635,0.00047065519260807353,0.2202662348654618,0.889822364289853,11.209197384436735,0.0003130769327375877,0.17282345528167875,0.9289612023068864,10.181269554753584,0.0007026543350023148,0.2892753788867191,0.8689076559364327,10.417117408646419,0.000824863510001282,0.25280312573889024,0.8545928987200858,10.359242322776927,0.0008652135151709701,0.3300665429462854,0.8077776062875671,10.467186065682753,0.0006312106048520524,0.44241411315751006,0.7778875496069562,10.016734992658721,0.0009882163279949048,0.41421613600911766,0.8103423540082857,9.980939137782862,0.0003184889456434604,0.33306527381275186,0.8401006098253015,10.37523862343415,0.0002630756214401332,0.4409840576915093,0.7448801519564627,9.893358145027848,1
0.0001650794487334485,0.46220791117797244,0.8057214707385444,10.522332051800904,0.00011042297220041232,0.2971678119551732,0.8590643070187799,11.170463492655374,0.0008043352338749357,0.4466541912553571,0.8283755307294185,10.3038481145504,0.0004331050209547184,0.3904111160924336,0.849447386800501,10.962004292605105,0.0004841493848630987,0.2222777548173498,0.8778797163790792,10.80282596224807,0.0006261133764357903,0.28134501349057744,0.8767018386542651,11.110982114025562,0.00031008207901125353,0.16218746334391657,0.915926435788815,10.114515381655272,0.000843982107135264,0.30851370931332595,0.8743392210212689,10.522421474480538,0.0009058098712786956,0.25486484077000454,0.8785716778635472,10.400274934555874,0.0009939291533693085,0.3449870642833942,0.8167454656540635,10.342620578800116,0.0007252917958226308,0.41516802109878553,0.8111868688842453,10.126826847618004,0.001231090805045227,0.46049343904662826,0.8167040145465453,10.178059029677641,0.00041324260770505216,0.3663593015338968,0.8446484724480892,10.498244966865814,0.00028393851277938977,0.4371701760991298,0.7568697031632853,9.974460682155689,1
0.00015030727175898367,0.45996488840513206,0.8172832394330606,10.447801497924015,9.084938888167823e-05,0.24486350382135558,0.8836125085585889,10.870907178489132,0.0006806728289846741,0.4228124028992971,0.8437251614525157,10.42756323338521,0.0003407568243415462,0.3265520686602527,0.8540570225534637,10.966076659413408,0.00044253150860848147,0.21359010152958222,0.8879549792069867,10.387300585413854,0.0006158099601635387,0.28666968221084843,0.8567823211361815,11.14713012735489,0.0004101860459804038,0.21389877940416172,0.8931862992175057,10.84116506361544,0.0008790072480527344,0.3128537167701679,0.8668948159445093,10.680612049723882,0.0009012527788405586,0.25777562946823673,0.8804611242450204,10.482439250819107,0.0011599712571032344,0.40937168504037597,0.8247724726029867,10.288262952156908,0.0007227479783312679,0.40899064882133485,0.8213910974166132,10.076244258258228,0.0011184862697231357,0.44029904453983304,0.8378611129950433,10.157918163881178,0.0004195100889139785,0.36783165208320406,0.854792729014858,10.365097670798246,0.00026347461796058654,0.39457327456610003,0.7729606487447518,9.850840961172485,1
0.00010502671912124051,0.38999436455818676,0.8498080301239074,10.061588779797873,7.798355539503858e-05,0.19533213269107577,0.9112621043306957,10.552423898627334,0.00047175295454943774,0.3603354991153599,0.8704199864907864,10.609879511231044,0.00026800333539150325,0.2772960106521921,0.8627968657025455,10.736077075222939,0.0004027531748182876,0.19433304258727988,0.8953632391096684,10.142965386361038,0.0005571265811043025,0.2864533420780145,0.8580003020853373,10.953205384747454,0.00044256299413995094,0.223098760741747,0.8798310959826183,10.689730855084449,0.0006845141664458659,0.27654436347048367,0.8885516753181876,10.67733115876968,0.0006034678168850917,0.18712300162499265,0.8996496195531742,10.384285271351214,0.0008530427237336617,0.3516824987148149,0.8410712577430457,10.148987533657312,0.0005519812647682648,0.34792043201298883,0.8450446833825396,10.013175150142413,0.0007773201027157671,0.37216988331320916,0.8556973197901321,10.29719912078275,0.0003523077501397379,0.36413745738039816,0.8655371062713044,10.178054220489603,0.00016813462032307596,0.2979602375938997,0.8477441359153973,9.94091298500771,1
5.418200857348173e-05,0.22950283239774188,0.9082830702421735,10.222490678358467,4.352527713765847e-05,0.11085640609984707,0.9417925253640639,9.702709092912652,0.0002200181723803319,0.18450587071095872,0.9046259446884619,10.567270738502021,7.233091811634371e-05,0.0857910643377743,0.9076230795857572,9.920081435511932,0.00024265070215677943,0.13260047473556316,0.9378307351442532,9.352674568492887,0.00040632572131278275,0.25222176986984596,0.8407074793410276,10.379091494484827,0.0004538601676901416,0.2554874906267919,0.8738109925428728,10.59155103461796,0.0006014547042773528,0.2677026496809369,0.9033886802509995,10.841455782202006,0.0005566185282400089,0.1861193636491924,0.9119210798081986,10.693538243232311,0.0007776068245098405,0.3421058407581414,0.86246443300253,10.248311981114666,0.0003502308187362255,0.24773698147202527,0.8765614484537062,10.402834046414666,0.0004746379709289147,0.2577413094807148,0.8935101811373899,10.920571437656964,0.0002571213217274439,0.29513658423744354,0.8649183008993614,10.406148449883192,9.05094062196588e-05,0.184171235006449,0.9018789237836522,10.426608056634281,1
3.338907019821145e-05,0.16313409245072352,0.8953057831809628,10.405564419677207,4.6609833813731636e-05,0.1255185182023661,0.9120497172996976,10.28622118536601,0.000134928608551207,0.12012614264446057,0.8373656904948559,10.630753304645156,4.29416783072419e-05,0.05773585875238196,0.8847200607434442,10.444872554636186,0.00017721854593877242,0.12112674724098378,0.9153216178669829,9.755316826891574,0.00040045861366982234,0.2886922235614948,0.8447811265237616,10.394544187511489,0.00046234259766135235,0.2960252364035311,0.8904552746398091,10.669038543733015,0.0004858870902167173,0.24769965163726904,0.8964005711219579,10.976481568044193,0.00048786483152633896,0.1751475509030107,0.9048500237016747,10.98983910053496,0.0006839364191129752,0.33730635604184406,0.8600074838736558,10.63714741336642,0.0002308895327673285,0.21477903215770577,0.8968233668518992,10.091427712554678,0.0002455644679078275,0.1676564947724944,0.8994637648026597,10.63383892286928,0.00017496618844494704,0.24419195229047821,0.8771669666402618,9.756191644591587,6.75832838858408e-05,0.1630707414292358,0.9028908189834202,9.870212213934282,1
3.8243540302443905e-05,0.16776733929637042,0.9195172788161501,10.464844528734364,5.403757211241999e-05,0.1252180926035754,0.9111798545232752,9.993545761397314,0.00014481417219147617,0.12420844072385541,0.8177590323407364,10.790550883643,4.912494299959116e-05,0.07328394338344305,0.9087107213032399,10.737572967960608,0.00016630674717292026,0.10671949142854954,0.9282822990867625,10.09457828115824,0.00046228771229974027,0.32495060798317643,0.8483692371909093,10.373072054667652,0.0003212537786315737,0.2248465664791062,0.9245468882595529,10.240377691695423,0.00039829207764602976,0.20365959169322545,0.9311734640619965,10.846889199696694,0.00041044532436305085,0.1426361665844852,0.9193045007633368,11.040834055479607,0.00042861869699807375,0.24739409397276677,0.9057146803342839,10.878412944440027,0.00019239664935218195,0.17541089782251867,0.9351574979150805,10.029629653903251,0.00020538417685525922,0.1492669170832018,0.9036747682559163,10.4412225466475,0.00018265852965868568,0.24074641753209972,0.9039089232922977,9.665759819845418,7.663933879857267e-05,0.18404732789973668,0.9291198770426485,9.661018332586863,1
5.451614753737231e-05,0.1970650780301568,0.934745978789313,10.271726825395554,6.25410336203644e-05,0.13571585428308872,0.9032034590200625,9.93582114234316,0.00017475116825052875,0.13650063713973604,0.8307737839013954,10.498374106210422,4.7103786123936414e-05,0.06872125516977481,0.8931669511062408,10.91835083005874,0.00017284146831616614,0.09429031281063271,0.9092700557014146,10.492168476219742,0.0004499770117769015,0.30075948294879795,0.8626597321849375,10.416161101437499,0.0003285464740178858,0.246553362767405,0.9280559686372547,10.569371510768335,0.0003330092177320107,0.1866359342660793,0.9437487378933395,10.793920697186786,0.000409170161872775,0.1594555449381213,0.9233396307920037,11.16879867791667,0.00044435063043740333,0.24146284139000002,0.9000881649495667,10.875918527031002,0.0002654470103274088,0.19871666975824334,0.9312000661219045,9.987427672328947,0.0002589082942701535,0.17798500195788533,0.9189067322315634,10.002022086858863,0.00025635111814456665,0.23041899089208942,0.8889626910711417,9.70639828766774,0.00010840719574464066,0.21179469176508187,0.9385322913421302,9.687663080540629,1
6.898110706892455e-05,0.22891497579864953,0.9347687047788625,10.337397803642864,7.206156858640388e-05,0.16352500751528043,0.9145381439292418,10.209073078359872,0.00016621468825145589,0.14318448108494528,0.8222379092866401,10.262632490846803,5.660403228168728e-05,0.08952450309311835,0.9015875458514986,10.84179046793848,0.00024345718896765601,0.1142184421903846,0.9249762927118235,10.893975198972615,0.0003609326184163456,0.19956458863191073,0.9057049748440215,10.564317135675477,0.0004174087753502953,0.25300563254668995,0.9186074689873422,10.706862238286519,0.00035892249311246136,0.18317268084942576,0.9412500880190919,10.62522184981005,0.0003354774236850101,0.14082302465851934,0.9329710532420912,10.896003122266343,0.0003920086060213063,0.2236368420739435,0.9215279927555348,10.63082474552727,0.0002734538822535543,0.2006435390918315,0.9373688333764386,10.057665396743083,0.00024517632403760095,0.1953803649775501,0.925225493870645,9.80777999253149,0.00029145386281271727,0.2398529264241492,0.8928263747457723,9.756106404920482,0.0001390689181813808,0.23578810817761073,0.9402150836782996,9.933821880999092,0
6.859912566368166e-05,0.22121993052475986,0.9300004138488691,10.1794005500616,6.706261828188614e-05,0.14816232229458468,0.8973983220411318,10.113258944472046,0.0001684677480501692,0.15148352275357163,0.8854700789649232,9.849678064470313,6.0883077125318684e-05,0.08975599218880637,0.9079902862961984,10.36919340170465,0.00024332127490123061,0.10593915004225883,0.9109610680910298,10.714295226085037,0.0002195369172274394,0.13126493586537621,0.9389281685391466,10.244724334688003,0.0004723950413562898,0.2771862226141701,0.922909749581182,10.590100336673114,0.0003765891779528702,0.185298107083759,0.9357770126420271,10.342694715191653,0.00029873908884366237,0.12990480608592223,0.9365216095519331,10.327204996862445,0.00034835166785918093,0.19797969966815135,0.9291407061648456,10.110936639622372,0.00029620896281522507,0.21337191830282065,0.9311276808561213,10.109143253511002,0.00027999453275806714,0.2213036852616645,0.9172294612687008,9.807833437276892,0.0002778300092666122,0.2277779150394838,0.8948476404655333,9.854594791803978,0.00013701641286329705,0.21595563362506276,0.9402724674817042,9.9839038586614,0
5.627967098543575e-05,0.19117557918946995,0.9285791794277487,10.164301937512086,5.764221599991369e-05,0.15305760913145672,0.9030696224124705,10.439366871465644,0.00016243022315887937,0.1541758206383827,0.9055681526753022,9.742402508856548,7.05630937805332e-05,0.10251296163147124,0.9173255646853752,10.271915084550999,0.00026809782986323376,0.12229368359880699,0.9035199191482597,10.604647447270295,0.00014821734847196439,0.09372615597141125,0.9199603810068377,10.11727794669406,0.0005197779755047936,0.3033932129896654,0.9224604464365804,10.546237019238811,0.0003659156492323843,0.19390515368762895,0.9338000108086916,10.448653894682023,0.00029265451069983365,0.14207871970621255,0.9223138777280067,10.473569554855867,0.00036988874619049987,0.19606027886204835,0.9162961343921546,10.282861906438143,0.0003068832814269352,0.2304080999578475,0.9149358800392855,10.226331254879954,0.0003069923373847644,0.2185267451957984,0.9117990359138528,9.956302216178269,0.00026154543043598727,0.22382234046370342,0.8793737746188037,9.87985016310932,0.00014516747884064102,0.21384413757970144,0.9183857574906282,10.05777480241844,0
5.4238933242004574e-05,0.19622104878904092,0.9167826046942043,10.53293396789984,6.522140555631931e-05,0.18970661595819877,0.8730043683120814,11.540588636365579,0.0001500717889126733,0.14735056765527893,0.9240818474925334,9.941828785198197,0.00012387660346438182,0.15753754962787814,0.9058906714440075,11.14511741365,0.0003198919661535429,0.1652912617095719,0.9122304701147296,11.042945960001832,0.00012529499181351304,0.08488744897549833,0.9155108867953902,10.388566764945212,0.0004463104972983906,0.26968146464693477,0.9227375279086276,10.403003130983334,0.0005927484943852536,0.27505202937642714,0.8877745121059277,11.455738021199883,0.00037121613949301805,0.16391676639533317,0.9282807497046496,10.991860083879116,0.0003769722218224241,0.22757530052684932,0.9185921505756877,10.607534769644857,0.0002568577698100996,0.2381560360167501,0.9262144691240392,10.461982412341847,0.0002438713778992078,0.17336152802423793,0.9191310075839935,10.203219266014733,0.00020887927512044463,0.23631399549118867,0.8861648706264192,10.026647772918546,0.00012594772636546875,0.19976184550868356,0.8994718421663053,10.207516301386038,0
4.579107684336218e-05,0.181480220544836,0.9275146848955697,10.385375170325203,5.9047030070779626e-05,0.18820544664448768,0.8590394085865606,11.617754446235006,0.0001559574141690088,0.1527612199207861,0.9377082117090509,10.169483533594462,0.00013383908430153804,0.1673865141003856,0.9043168337719142,11.120427049140211,0.00031410889814914144,0.2020682521488943,0.9274858918086885,10.562780547091679,0.00013320855356812987,0.09327248462164542,0.9328386497959456,10.557942357029521,0.0003166743610744265,0.1790013451038456,0.9338488190522453,10.44536625775637,0.0007066621972623573,0.30577570414277333,0.7984661684913724,11.904021153186099,0.0004422883538583853,0.1690568497963215,0.9043488535934977,11.203204927067954,0.00042361421113153413,0.24815606301575394,0.9136054751867365,10.60657670941243,0.00024273329079092584,0.2308435704759947,0.9125885476185509,10.346904970306387,0.0002964750168259597,0.18064696520872583,0.9056265723907939,10.240621980025946,0.0001521822918348135,0.1944395973505588,0.873127592852455,9.897176191959753,9.122663933162884e-05,0.16354266383964047,0.8921744988679515,9.95899430584347,0
5.3956594802672634e-05,0.2082075824728327,0.9152333997241343,10.575759563021927,6.020996041571345e-05,0.18294946691683978,0.8650061720624995,11.538399848294876,0.00016818537477818234,0.16635907241252126,0.9047632728321812,10.43581621070255,0.00013132481774697993,0.17589759836168684,0.89750762410295,11.174030687834055,0.0003505273605878287,0.2203966188650087,0.9229726799303442,10.613102729141412,9.688094793848295e-05,0.0636354444700823,0.9157502920002087,10.251695881062465,0.0002291006295119513,0.12184140489514972,0.9320570126293904,10.244312179875497,0.0006750690167237526,0.24187924971440664,0.8029982923954014,12.073829254401467,0.0004683809748803791,0.16520346971481936,0.8943058699957233,11.135676638251983,0.0004993084744579106,0.28545670148779434,0.8890118355049729,10.584340234383577,0.0003481578718192685,0.3016161393528342,0.8768503149812349,10.435162758429563,0.00033845518457157865,0.2021041383775511,0.8960396449504104,10.366038443618251,0.00019236733613011483,0.24547057616646836,0.834935954290226,10.202246276796041,0.00010690449652831882,0.19795595228328813,0.8733845425907957,10.220399070921577,0
5.604332468945202e-05,0.2381190377872959,0.903169867457083,10.693855242907592,7.829211592095071e-05,0.22197337123260802,0.8499667326962578,11.698130117240442,0.00015778124914756351,0.16132675940793476,0.8768225918094505,10.596835314132246,0.000155924714408805,0.20984523779572775,0.8685855238295673,11.454873931535213,0.00035403948007455097,0.22511635020738974,0.9282569419819167,10.749413320762375,0.00010551666410988079,0.06953455075916612,0.9188365768868728,10.266339530019874,0.00021948142577693,0.11384973106301136,0.9173431854125655,10.001313086848969,0.0006585610860189511,0.20977798042538767,0.7930334198525332,12.150890138852123,0.00043457328811945207,0.14854035536366042,0.8883748592065897,11.17185679912613,0.00047895803658940125,0.28609872906318823,0.8912263544014054,10.628522911808533,0.0003691171421492252,0.31863914979175156,0.8539429033784298,10.422897726773579,0.0003348285735528029,0.22805760884026569,0.8765038709233606,10.425855584952304,0.00019451669742975717,0.2584136447051549,0.8286694083603702,10.481722759800883,0.00010061387828559084,0.21079357718661754,0.8783902312935229,10.686896421154426,0
3.688951838141009e-05,0.16679479939166383,0.9095936682767596,10.663641891517937,6.242451017789162e-05,0.1923956367715769,0.8876130040593081,11.260210995327869,0.00014235329352638786,0.15215512673404352,0.8577490708746298,10.630827319210225,0.00012221708480775577,0.1979840681750716,0.8923379426799771,10.95223977034493,0.00026447684417292355,0.18715786178206711,0.9371331104054932,10.313826746283716,0.00011504131724764737,0.07308723937537935,0.9175661347809061,10.244951569860506,0.00024869134417310115,0.1217415239072254,0.9090706285887958,10.35526519047941,0.00042483134296866483,0.14033975386881253,0.8085951403789026,12.038827507259418,0.00030263609561555465,0.1123522719748126,0.8773960584627544,10.911074351431054,0.00038096595808737526,0.23483896750244523,0.9097460308223473,10.626608515853823,0.00032639296957916836,0.290304757643248,0.8609380148887729,10.582770966592754,0.00032663247340989157,0.24209313369636037,0.8606023581722582,10.61283814047177,0.0001497606915919607,0.22968574359310062,0.8280112827767633,10.785313674250975,8.294047591903647e-05,0.20559814848538036,0.8685953643565637,10.949984405386285,0
2.6410624996668886e-05,0.14064002853961574,0.8794260594772522,10.827178075316226,5.2122381415008206e-05,0.1740786909746538,0.9030382568546158,11.096716337126933,0.00012371352500647838,0.1509234288635824,0.8449441005963904,10.509433061939646,0.00010833297797676575,0.18821082419781024,0.8904503722292467,10.809621901973664,0.000170937135501292,0.12186022474126505,0.91403857480012,10.499029693091606,9.074594951680601e-05,0.06565034931887773,0.9232677640984498,10.16300844423847,0.0002459954966345475,0.146006191450134,0.9225205195948167,10.431551339600562,0.00023070016993659282,0.08654904168368198,0.8607027967084219,11.371833567935312,0.000187881191488196,0.07514392345792738,0.8707290864474813,10.291149850018803,0.0003182338863767695,0.20383795315891653,0.9211036124537243,10.745923297810837,0.0002897436939014941,0.29355326492067396,0.8693375154446129,10.637532617863906,0.00024884637737452464,0.23189184477028135,0.8742600765725773,10.76945158994868,0.00014339800252081915,0.26076891370855565,0.8454904462575937,10.861242529669608,7.061005190692321e-05,0.20239076706871778,0.8783439156749855,11.105260998192152,0
1.470596196755134e-05,0.08723585859099196,0.9094375569344412,10.714421908710742,4.431288052603516e-05,0.16639981473738857,0.9084088032391903,10.568401391549015,0.00010563071678131867,0.12777433885609657,0.9034858499225752,9.951302160566158,0.00010535486767885319,0.1672595446262994,0.9010438605212646,10.488897039540838,0.00012071712679164934,0.09079739657639671,0.8866504363114085,10.046410306896924,0.0001058351414905364,0.08228842386237324,0.9243245317907495,10.371955386223581,0.00021272176221227835,0.13557939933278593,0.9235589016888043,10.556554720265419,0.00041991027305534365,0.18074436454425594,0.8611799087280797,11.102013259795084,0.00028115504250677317,0.12026938380077147,0.8675318878930086,10.780296703208291,0.0002625119856676682,0.16047376863567206,0.9275122895330162,10.943607140811066,0.0002105075853917742,0.21689328409124425,0.906170434325711,10.69686131664659,0.00016338457225766073,0.16980139115490062,0.9010309730735008,10.754983278030402,0.00012886052574737831,0.2080003561713395,0.8947087706345876,10.987266762287206,4.671787742821953e-05,0.14828312161538237,0.8855984234348394,11.266526880542688,0
1.4435962928429664e-05,0.08349255739454134,0.9077318559912307,9.968526556725095,4.1131130507931844e-05,0.15851516034541677,0.8834595224433828,9.422250386290877,9.025096049330577e-05,0.10809601329764086,0.9135486012565837,9.520422788638601,9.108126537610304e-05,0.14208416576731084,0.9066569577446696,9.603783699146609,0.00012682364190882278,0.0967633849899257,0.8933943775231512,9.545592477273955,0.0001226546004391445,0.0877311892916259,0.9036120677263952,10.506267103205026,0.00021393025317261588,0.14340671074919503,0.9132171228370035,11.035892294157334,0.0008196378755129954,0.32787643198266947,0.8225861533076424,10.791142052981249,0.0005729715178381931,0.2182226462210068,0.8691352662582472,10.485327892897882,0.0004161842219589753,0.2350502283771512,0.9013327821543107,10.530090389878168,0.0002180048604724027,0.2219886045888149,0.8951857465806276,10.476552470978337,0.00012649768425885145,0.12502013445427285,0.9107004868654106,10.230798078836498,0.0001427137222801136,0.1962659412395299,0.9066806154763024,10.743026453415093,3.197614829925001e-05,0.09928794329381724,0.9128725852381446,10.594336065125605,0
2.044365201155285e-05,0.10808699912250343,0.9091544093330723,9.949518708670269,4.838048471090382e-05,0.1729534828596558,0.8672421140431191,9.545399746037742,9.982371880232766e-05,0.09475601861077558,0.9027028903520432,9.452855171870489,7.483260283234585e-05,0.10323759908013509,0.9086697053552399,9.722145329570127,0.00013275632961555803,0.09307199275164194,0.9029149261586368,9.62994657029926,0.00014260760917278464,0.10902015851317533,0.904633513852012,10.685848016633544,0.0003181070387161416,0.18374874622491216,0.9088152735577979,10.76846651122069,0.0010971808931490648,0.41668344097881743,0.8060229297002102,10.541535155895508,0.0008790162317631697,0.29868536702468335,0.863317672876271,10.241404805716346,0.0006611916394185951,0.334061457923452,0.8796035966384436,10.236069884166405,0.000345775292965715,0.3035971128616863,0.8593141775119865,10.040984615444822,0.00019041988673737043,0.14197884369935296,0.8842772170529537,9.788324230153213,0.0002202011653077479,0.26752079015861274,0.8998859735318117,10.25825656041437,5.850765277989705e-05,0.15241675912427718,0.9156153452867709,10.085600736483558,1
3.2043182205590627e-05,0.15394292752041228,0.9052814518319289,10.102259677494875,5.656474145809297e-05,0.18609791688568586,0.899767971941086,9.611339768242452,0.00019562909469368416,0.15519803090123285,0.9073296844953642,9.903494151927127,0.00012198024983299811,0.13500351064624833,0.9078094182470755,9.81663067999005,0.0001855364855646281,0.13486258165699802,0.9338864713699487,10.026984185561401,0.0001612925149143015,0.12444962801062454,0.8870204400460769,10.766022244316538,0.000510454802603093,0.2681118188492493,0.8645344358854714,10.648815690950077,0.0011589984088721797,0.45118807018998297,0.8084879981952221,10.493379580141639,0.0009084161504623362,0.28274725727856154,0.8639913492105029,10.210661592389602,0.0006717569746691723,0.3238983875055647,0.880052983969769,10.136212833521517,0.00040121834354811574,0.31361277793166287,0.8421490318756375,9.934422205314737,0.00022001679079932892,0.15321707012663108,0.8924773545536097,9.87661927158831,0.0002651773584492602,0.28544808499905494,0.8820746174772213,10.102192726080986,8.561836597701525e-05,0.19583724197739602,0.9253049689582162,9.998918585182707,1
4.41403877141895e-05,0.17101511960781446,0.8928629557619847,10.469544293289687,9.064013353652807e-05,0.24521011571092985,0.9215819511630958,10.107691783955222,0.00022479374758687423,0.15509667156995274,0.909676059324235,10.457102796627524,0.00019011886527466797,0.18658374535509653,0.8921359671479806,10.205582923336406,0.00044116735568381466,0.2440657935753927,0.916280452832086,10.261229229630269,0.00016274032050673612,0.1281604468054259,0.8902811054741591,10.806223000006634,0.0007432476032273696,0.3403346650001157,0.8458600566151055,10.471071686596453,0.0010987723005792859,0.42055784623133946,0.8194488070841863,10.348196951987843,0.0008918509547575979,0.23933646222107938,0.8578488055110004,10.169848745672908,0.0007672948216029713,0.33767078808152945,0.8630476843436026,10.27538188754616,0.00046646740619404756,0.3396812390647321,0.8230231245789444,9.910427168922478,0.0002526872936065681,0.16042109576551103,0.8923099508703226,9.895253568043078,0.00028212598124553024,0.2996882485727573,0.8541320985462506,9.913502190360923,0.0001035881695014116,0.2082909299124474,0.901160227648538,9.723242543856275,1
4.479482132718958e-05,0.15348691243103812,0.8960349292878053,10.474119182156453,9.607316168820528e-05,0.22954402564866913,0.9151789115871447,10.289185103608364,0.0002648895789371035,0.16993010728598465,0.9034657365981908,10.48211705187232,0.00021532526025250665,0.2014495590758042,0.868614617625576,10.476115584673053,0.0005494927116566476,0.24565444236917428,0.9095192045676647,10.302962319117427,0.00016683451777537258,0.12970565700127362,0.8827477196145217,10.777558172842337,0.0009630840927608541,0.3797405065455455,0.8442968845145964,10.22256835481358,0.0007966933820480688,0.34318890554897724,0.8393329477072943,10.12366470768221,0.000705917650689541,0.1945455493825055,0.8578698290691189,10.170502228054106,0.0006999595680496169,0.3267572455171246,0.8692924046668098,10.343519450403305,0.000429189568823903,0.3263030741120884,0.8405535928596792,9.89053893764198,0.0003739425395540561,0.20883672350327742,0.8795988132545975,9.89766178927071,0.00025388428377692563,0.2946616514744739,0.8505200261376578,9.795357304617283,0.00010260389991570462,0.203840362330483,0.8900303256133987,9.799945662889943,1
7.371883939421767e-05,0.23362769132275046,0.8933617594087081,10.652401865399707,0.0001231941900900145,0.2556443172498281,0.8676532035393927,10.343627479958968,0.00043526084714674786,0.2749660968041529,0.8841275363532639,11.045461358442124,0.00027309694532107935,0.24661108335919696,0.8453721151731225,10.395215839561725,0.000679572628688492,0.2780134770586166,0.8912038429042834,10.44873250012403,0.00014640624264208432,0.11607227404247383,0.8956440835097372,10.580646557025887,0.0009381575042026356,0.41959194764981156,0.8344951756903942,9.988662829251407,0.000632710699375454,0.28567514302730385,0.8874521029243466,10.017394648343831,0.0004516932003945961,0.13639939739604903,0.8574411091839282,10.201540883288398,0.0007041905300879334,0.30349800998581344,0.8601837484525835,10.497253899833265,0.00037523481583776313,0.3015997838302963,0.8709488192585991,10.151661981739768,0.0006001021368733042,0.32921649237029654,0.8597258205497821,10.610441307232726,0.00024134075460802105,0.28631159805093703,0.8614376812380679,10.097728828751523,0.00011691769965475959,0.22243942216535761,0.8996005140816966,10.329373270489134,1
0.00010152968986982345,0.27952610556587726,0.8737665748056153,11.04784858195932,0.00013395119061046555,0.2773005099181639,0.8585185786618262,10.514700037302417,0.0004893958006938011,0.2825360547780006,0.8671032091374155,11.299292841172313,0.00027356400993237,0.28387470489771705,0.8441948199066787,10.725295694184728,0.0007527446115409253,0.287296225994277,0.8936044966995597,10.540231471723038,0.00015423335395711756,0.11925665131444775,0.9218300467473407,10.709021114156737,0.0007363350997260533,0.3557377010312412,0.8547908704802936,9.8868850301867,0.0006922791872505351,0.2853140194383023,0.9064496667519892,10.210932155646477,0.0005617891386795365,0.1833464643873935,0.8695519689754708,10.388731138400464,0.000932870788829964,0.35690114027215164,0.8228069650695665,10.439835239857963,0.000371010473281344,0.29171909191790224,0.8910942974908466,10.525141197634815,0.0008612634408549846,0.39192822686302864,0.828406030464753,10.793686987590013,0.00023148895988777218,0.25297327466732916,0.8798760615515541,10.518222028365413,0.00015303221267929198,0.2601735149473547,0.8656095492841804,11.041973570451907,1
0.00010004535708485682,0.2941522999466115,0.8650737769082272,10.882796327679731,0.00010103271071867535,0.23259934403618981,0.8572124138563973,10.464190757476377,0.0004670432289522892,0.30913730220214386,0.859371834604161,11.24005359263358,0.0002222766509886419,0.25870368861877185,0.8390250145554631,10.620844415681692,0.000548754204037134,0.2413873095529526,0.9022987084261259,10.611899125981365,0.00015596112172508873,0.11609572653576043,0.936155298795819,10.389547595490248,0.0006081362743795785,0.30806178716308463,0.8668918114487251,9.701451405371902,0.0006063741892474234,0.2811367306633023,0.913908911553729,10.134147313676328,0.000467698910440319,0.1724029117637523,0.8804440406569367,10.239145523918358,0.0008225064871191349,0.32753734602076423,0.8347914170557369,10.197368596019038,0.00028624278277849017,0.23045198804263142,0.9340102387071593,10.629397606382474,0.0008451678423438807,0.38998505348718326,0.8356429487765762,10.878397708978007,0.0001851804391794214,0.2054557152580936,0.9029734943609895,10.72996483079262,0.00013776122053921303,0.2331122764660192,0.8604917662265457,11.479057191168959,1
0.00010176326108651022,0.30540065751382,0.8700102530534578,10.78858959833934,8.500308695653058e-05,0.23342859557715495,0.8706589107762587,10.48833386593376,0.0004416445440536396,0.281510514497233,0.8395654610227187,11.218563386168762,0.00018130481692628386,0.22956429268086329,0.7998232961343795,10.396438132781354,0.00038386488731300967,0.20895700271672357,0.8929025249629252,10.872858050707455,0.00013156874689756467,0.11163087819753832,0.9355140937419141,10.49476809736472,0.00039271144225518214,0.2306946592181709,0.8902604333203434,9.60400550685266,0.000566519763906315,0.28667290373111226,0.8874963025141581,10.390907825767837,0.0003992987351722612,0.16765065691913522,0.8905949666923699,10.170337669356464,0.0007225547619749638,0.3037317070473055,0.8282838951656474,10.095299717731256,0.0002852302496814122,0.21749141203069414,0.9339418017233275,10.417343568498397,0.0007248819833830928,0.3434609495794405,0.84306796389232,11.033483412893608,0.00018901795555226024,0.21396493436359335,0.9008591119906121,10.48441212714618,0.00014137287060044968,0.242373836844689,0.8850412314513082,11.170440398755067,1
7.744057905515462e-05,0.24722203614624802,0.8677409335539411,10.715639671089177,6.0296554391696626e-05,0.2050233117427195,0.9094970729068633,10.521068818484112,0.0002713053821279253,0.17819872267123138,0.858587723030269,10.843912335531467,0.0001487431932694526,0.2102770989347404,0.787187747206231,10.520535170862427,0.00029348220656926237,0.1784818430237202,0.8858115393988772,10.925847743113689,0.0001343551696390266,0.09574366544728996,0.924163707201639,11.033066506934663,0.0002801247610174006,0.15115333462622377,0.9030683089911393,10.019300320348673,0.00044791790211427536,0.2466460912745646,0.8853393817431018,10.753901311241032,0.00045937597909150106,0.1837294384634271,0.886616973575379,10.547519466269286,0.0006739602494248507,0.3033031275521835,0.8463075874151282,9.99727308500569,0.0002816323286732419,0.21626793671723313,0.9011285719530119,9.988301460730785,0.00048500094214287074,0.2548583118165383,0.858876397003204,10.50837129817923,0.00016537189522952835,0.1906406412709853,0.9050448386852711,9.964390668607281,0.00011807126475563544,0.21152551208517886,0.8750353851934779,10.732365258619003,1
6.941254036539309e-05,0.2342272789754288,0.8576255552564475,9.822288055032187,5.7063153577038835e-05,0.19204151245336012,0.903456498263788,10.15057118219549,0.00017734140021111053,0.13111940095667043,0.8474031027968754,10.309481700679074,0.00014013636048820923,0.17975669305499922,0.8089421509177201,9.933412457404856,0.00021141438715132873,0.14346161304701557,0.87999987517936,10.490734943004862,0.00013738016940351795,0.08737118768759664,0.9152306508504842,10.841013422940906,0.00033567409875728474,0.1781274969107927,0.8931124384190904,9.90297744411979,0.00033777148953720586,0.2031060625864116,0.8886972977088657,10.65331697006054,0.00043047296395641956,0.1675515578551128,0.8938483456608536,10.506563306375257,0.000595119946545976,0.3057883322550323,0.8502444187387529,9.914288451916981,0.00042044381392135626,0.3080105462734132,0.811467139835756,9.382642658543777,0.00029646929555124103,0.18570081750978662,0.8652362788538632,9.4727895150683,0.00022262380000890653,0.271400877741815,0.8460729412640428,9.199879057597641,0.00010325916872109484,0.20358335179043494,0.8539444219673005,9.314630998901853,1
7.396917664242703e-05,0.25201588801226504,0.8884026928247428,9.949211177737752,7.639547003530997e-05,0.2534386200514221,0.898347163191749,10.365599534843396,0.00020456921016357652,0.14330416604747748,0.8611556831891348,10.177558247820274,0.00015483424216516015,0.18354735123887886,0.8541523905059953,10.20123450113873,0.0002708785596043145,0.18986784481299357,0.8876875771600551,10.781196918482248,0.00015696099995334998,0.09878370570579502,0.9173269778100578,10.913701466305355,0.00030381983928783415,0.169367984521456,0.8937493363592625,10.052519384411745,0.00027854344935120416,0.15145479107959522,0.8798023673107628,10.970558742525691,0.00043296847160890936,0.15683853448737553,0.8867475389323011,10.576598173654942,0.0006242995004585419,0.33601849789321,0.862983489732225,10.055300765587104,0.0004495608357610209,0.34542967065588187,0.8008090143259022,9.363617316384765,0.0003207882934155686,0.19716857815015693,0.8490259358771832,9.426406340504313,0.00025255159574430984,0.30235915587924145,0.8282116051022197,9.164419766506779,0.00011418896601704968,0.24298176209135616,0.8522454453472358,9.352288176030248,1
7.016870998809534e-05,0.25466066835657447,0.9096316221396861,10.10469248188818,7.870456012117516e-05,0.2617364961309581,0.9017085371245858,10.380480154937333,0.00019123595791792065,0.143625766341409,0.9014466956076798,10.34713781900098,0.00015970499656535749,0.16130262489717864,0.9128945136115533,10.38865866906552,0.0003371424658827299,0.23037680478432002,0.8915492770250302,10.771383892468762,0.0001830171937306137,0.10141162530796852,0.8931451060970333,10.500316853483287,0.0002928490897258928,0.16062605012703407,0.8854472171188359,10.461189755073208,0.0002099339948831874,0.10807015215992884,0.8877565321780376,11.058651318200388,0.00046530743959439445,0.15477547940286088,0.8849079483149498,10.940805478033155,0.0006478998167792067,0.34023482015706297,0.8732546163660481,10.212479488131263,0.0004468067729173752,0.355545937865568,0.8242829561707491,9.521003806840362,0.00031868277652066925,0.21274737211054437,0.8817557036428879,9.654784447748442,0.00024945641340800467,0.2921169649319961,0.841950593027941,9.338812947260003,0.00011687787610714522,0.24905929336660923,0.8750263025805352,9.6246654168243,1
6.436837572362301e-05,0.256550666134427,0.9249300842169722,10.084698553054785,6.536007575532385e-05,0.2331535983381864,0.9003884487650083,10.325841736168966,0.00018295994614683938,0.15679716387574189,0.9383034102674604,10.344988882536418,0.0001311294245244424,0.1370333260437635,0.9031929330702495,10.232883438341501,0.00030017300357445604,0.22970160840522347,0.8803297668716182,10.603979460563984,0.0002184993885126207,0.10747760856645738,0.8994477448778532,9.947594658345867,0.0003248277025287276,0.1833149792097623,0.8892964091028066,10.455673984704688,0.00027357357351139565,0.116996604272398,0.8880478155076962,11.223267385875829,0.0004674894678997494,0.13753307181702296,0.8925182511753496,11.14950562159488,0.0005582190814506808,0.29290437561269367,0.8873836479051888,10.300677332201703,0.00039605519556289365,0.32317109255517257,0.848835758892445,9.614300670672499,0.0002702489980339756,0.1870936233359233,0.9153612242292595,9.866905500143694,0.0002220278226478842,0.27637440932568275,0.861145777839301,9.41855224093276,0.00010051601458123823,0.23762884646988805,0.8868085520746064,9.740728471321699,1
4.5253847404956754e-05,0.18779095207037294,0.9532626951135335,10.775777646756419,6.29751229143291e-05,0.22255878088859063,0.9002515167592438,10.613363080922873,0.0001747783434024154,0.15297892154145032,0.9458035639685471,10.525881471705054,0.0001186408146767166,0.13349400279101095,0.9005146204243412,10.80610879293404,0.0003168939398014572,0.222705126125229,0.8868056230814222,10.88300689809981,0.00019906193296870272,0.09713911108519517,0.8909311121039046,9.840591448339634,0.0002685366791651125,0.15457006147469232,0.9101887231074154,10.501690026641896,0.0003178110260495396,0.133877850190126,0.9001864790525299,11.207037534742973,0.00046317757157815465,0.14142681782708963,0.9059128105980918,11.285309628573108,0.0005002374221218705,0.2560304884130005,0.9161847697082777,10.656882114374767,0.0003076262631664107,0.26320750796745984,0.9111713042195333,10.526215228268025,0.00024700272128540756,0.172061176108162,0.9260205907331734,10.738867790380196,0.0001856427065660661,0.2375750294606718,0.9041310881199625,10.248383545662263,7.582668143787705e-05,0.1815223018319421,0.9318706555983197,10.873162620143916,1
3.7128351601438415e-05,0.1568425233227271,0.9476362939772541,11.146915930646195,4.4619011699841034e-05,0.17449722958099784,0.909796214188971,10.488523511069184,0.00017509323863034693,0.14504362339532928,0.932397377243076,10.779954217301958,8.48809374395093e-05,0.10794905481774066,0.8861567414671823,10.891579254904222,0.00023537395929183763,0.16990524198795018,0.9278300061207518,10.986662366542163,0.00016315355358747,0.08335097672407808,0.8891263097185432,9.643460082596482,0.00022448596430071633,0.1345989976094147,0.9147966962353745,10.439377410549762,0.0003413390082133454,0.14832556201148678,0.8979059443003649,11.392232003075861,0.00043540512754141865,0.14444692556656477,0.9108405811283458,11.378831365265349,0.00041620708187171593,0.23080437187260852,0.9042157551847115,10.73713053732087,0.0002834866244378205,0.24122366247770927,0.9056272458780702,10.856704451425612,0.00021319477668201774,0.13732162236764556,0.9206787124194802,10.912380159754534,0.00017479911764987444,0.2388151303921244,0.9096710809052542,10.50168085833957,6.845335325397642e-05,0.16045072901808957,0.9277721205384138,11.15064682679879,1
5.6737185630979035e-05,0.21684396925944777,0.9322561661533864,10.569595977914844,5.2339624596797014e-05,0.1877994485399478,0.8983721864135422,10.122830802042111,0.0002509682661146495,0.18365743560475928,0.920243089453352,10.596224211249504,0.00010072773182079293,0.15162371976150807,0.9202731200749971,10.348946020283739,0.00019624886604712732,0.14160766357175328,0.9257562890196547,10.17907857218448,0.00018636440209167761,0.10102861174565324,0.8843592776438689,10.100156545609527,0.0002484938123854431,0.15378364702239822,0.9079912545055502,10.413290026400968,0.0003524585197523248,0.16045101459000904,0.9070881465922228,11.1799176086514,0.0004153569186391697,0.14267816669850603,0.9135491210985711,11.077438919251689,0.0004790365692471642,0.2504816093248296,0.9122823855876634,10.599326218877255,0.00039250234999972753,0.29088051022801203,0.8967144438519954,10.569658941913035,0.000359686884722819,0.20043824813348637,0.8896576616582521,9.963038701686898,0.0002330420795233493,0.3157559350393661,0.8916360169041908,10.197369398557012,9.837757077678015e-05,0.21312385250607976,0.912739485869544,10.270534069502192,1
6.870322973451162e-05,0.24893799033042452,0.9157711664384761,10.459512045846983,6.752553444730011e-05,0.21777661576406315,0.884819495041013,9.864710224193514,0.00030589403279231457,0.2253974004578774,0.8993302090852121,10.513829743425253,0.00011648393107418969,0.16968121361281596,0.9153870609109883,10.09461544565418,0.00023708069563834993,0.1476569935607592,0.925120519428584,9.803717766304928,0.0002335475797617577,0.13809801453018952,0.8828313270264055,10.744558931672396,0.00037540409948938713,0.20753738963751828,0.8584620191732718,10.871486383766038,0.0003279168562752798,0.18675337247542284,0.9180118111124097,11.11219106315785,0.0003812881388967036,0.1575790981758242,0.9112302400090789,11.027293382440243,0.000507610334523285,0.27853909484826894,0.8871057724825561,10.837639474013844,0.0004078966033027918,0.30774201708119,0.8860249502569509,10.670208825204408,0.00043465960306799756,0.25409422495344614,0.8630650648266843,9.968826480938434,0.00025487294065971707,0.3552818987656429,0.8773065857992405,10.375617555307887,0.00010883834241559194,0.23744057243584912,0.8904759856583184,10.200799717357652,1
5.890995791898163e-05,0.23059151709890535,0.9110946221654744,10.16067742896672,6.409841169284492e-05,0.18366049498489173,0.8701412004206964,9.413478559281073,0.000252050412046777,0.20924158292478545,0.8843971082269033,10.344328057541839,9.130575461839604e-05,0.13405073134871398,0.9102010400614432,9.562610715816728,0.00024907451290769636,0.14308855326698158,0.8906109247994972,9.218406125344371,0.0002725546195394864,0.1702205515022417,0.8874205930430223,10.519223436832633,0.00038836590202431364,0.2046743494601567,0.8611892814644,10.947708635576719,0.000336306309733769,0.1790703966481329,0.9197053259180634,10.931803128897307,0.00030222157188528867,0.12731571332240652,0.9282345225813806,10.792468327956318,0.00040617564146505365,0.21823382144623799,0.9149796414042546,10.681155994743786,0.00029448158938986057,0.23695641457925226,0.89681202948818,10.370108613164016,0.00035799631205570535,0.21444621470385236,0.8735966995723506,9.584083798084324,0.00020941923224922934,0.28103867672255745,0.8838232318255302,10.165475115249869,8.392508323949777e-05,0.18819440904665988,0.897784106361582,9.758093684283635,1
5.453311072514185e-05,0.21338569299663612,0.9141663945045461,9.865244210788699,5.6112875338353864e-05,0.15982168803008465,0.8759791614184789,9.274921202119145,0.00023690762572565826,0.20273309082600546,0.8955670046464829,9.978267815848717,8.517725143622002e-05,0.12204234478021805,0.911009686571263,9.394086615573368,0.00021363166818908933,0.12070820764477923,0.8738273164585756,8.881102780093492,0.0003052995639552256,0.1951984510681148,0.9027577679140919,10.582682772703414,0.0003786940674172585,0.20959111319210263,0.8845608521251995,11.0286605806918,0.0002960815842969743,0.15361710615338448,0.9234438174670369,10.855730133465508,0.0002757724469800866,0.11690921826128241,0.9304760793024883,10.789331304945918,0.0004036182209475066,0.212880970643163,0.9091084359593081,10.773956448181202,0.0002655977746582613,0.21478786065948374,0.8984033387545437,10.280413816003628,0.0004103716332777735,0.2455439660494513,0.8688285561519234,9.49614923732681,0.0001862813538376622,0.2627507528386481,0.8793488819262074,10.231085003569731,7.735492384014294e-05,0.1667560813792495,0.9087959113995727,9.603371814814299,1
3.926868210343342e-05,0.16774065894961462,0.9141492797944794,9.939304438971044,4.00758981421538e-05,0.12083079476737096,0.8937845570930888,9.237838252620328,0.00018486944352906945,0.18647977599135543,0.8686326545362444,9.776074826201915,5.262087629519932e-05,0.07835339241460713,0.9073036125985283,9.441049421322555,0.00020208559959542134,0.11295598632584737,0.8823580360228818,9.159191898509246,0.00030039571231092087,0.18953728602186445,0.9007485279447269,10.675257605958944,0.00033382003443466966,0.17397771752943733,0.9126960052996455,10.485110025035505,0.00027848514781158006,0.14493919709957312,0.91566640821671,10.956852925960165,0.00023463084756260443,0.10345197744218308,0.9200849349653539,10.83355516851499,0.00030447822338209674,0.1707746500307981,0.936690326068465,10.699313251647153,0.00014118986695421047,0.12867459376262147,0.9280629954185531,10.414021301521116,0.000261486036693064,0.16499288237375315,0.8903721424315608,9.763113824266497,0.00012954665121872776,0.1814573454312723,0.8975481378837334,10.570914674163136,4.3468513457421123e-05,0.09958659851895058,0.9217887113158665,9.995177319604482,1
2.982042002931868e-05,0.13442846874951747,0.915389139515715,10.094045105413635,2.636322847729135e-05,0.08931543558205748,0.8937964676609879,9.401237307924866,0.00013260990863023152,0.13269652628086334,0.8357726333769515,9.74290747544342,5.059793378477037e-05,0.07894649719870203,0.9273357830101037,9.729935859150192,0.00016522953636341627,0.09782864239156944,0.8793053313894114,9.423569361447685,0.00020433989718169135,0.15064731445119267,0.9252412983118407,10.486228455007415,0.00017511654221769848,0.1167134446775197,0.9229144115838228,9.093483853311652,0.0002058999582195149,0.10469011706775017,0.9084137442756515,10.579883797997343,0.00014401102242750868,0.06013909612342426,0.9090049945784522,10.316265479082409,0.00019268247631753263,0.11235727129370275,0.9315325631024004,10.278136693661839,0.00010230093490843965,0.09979300185343119,0.9411088812041998,10.187297721861759,0.00017519136356416927,0.10598945847475058,0.8552928277467835,9.711383780089678,9.897594976444853e-05,0.14320892031971982,0.9118184745152542,10.390254209004167,3.2968710106160864e-05,0.07938970277746264,0.913568477948555,10.088399846455356,1
3.3704139835085596e-05,0.15289835817828445,0.910057948134156,10.298396461697756,2.8512954803862264e-05,0.1143924108001341,0.8412948437289792,10.30044265712837,0.00015081419328384142,0.12487374035372603,0.7927719885940614,9.926313866686414,6.264548765578333e-05,0.10096408524913521,0.9266633893790549,10.06952864275707,0.00019614360818748965,0.12396248941163605,0.8404322307535077,10.383938278185157,0.00017423540814464418,0.12027371640663963,0.8937896372887039,10.79216723563479,0.00020693919866293181,0.1483648774850086,0.9142588230386821,8.847452085407017,0.00015598009664013262,0.08383480368427444,0.9048870734542108,10.679062894104334,0.00016896255068384638,0.06483650947388989,0.8789672141745509,10.69537974539718,0.00019893861431701846,0.12855501609511755,0.8807041104947353,10.323613411370653,0.00014648294946989872,0.14040414808296012,0.9209824593540824,10.365780895448248,0.00019505846932015732,0.11356608544918782,0.8128783969749828,9.921245715294926,0.000103328696460977,0.17859594765459358,0.889741698670359,10.289860595755925,4.7498515549099015e-05,0.12357650800354136,0.8958499147434656,10.288034727093063,1
3.670280931692008e-05,0.16601153487622056,0.9250707776485257,10.619849942082624,3.819875992024567e-05,0.13175459735296624,0.8401625056336658,10.795674159066538,0.0001308497752155113,0.11198957115114239,0.777064246522497,10.207747690050832,7.09249192578937e-05,0.12410573517590279,0.9289692732644546,10.022518161735686,0.000234179342519579,0.14613115816194724,0.8220272351236506,10.77301427458723,0.00013979469185698595,0.0917762573291433,0.872994583977203,10.914802928144773,0.0002167420904495572,0.14986083244405388,0.9102600746419361,8.952543146088265,0.00019989226647124962,0.1133609767469159,0.9029712193309635,10.772537781987902,0.00023153395047809602,0.09047431357668005,0.8790645396811664,10.851605854331964,0.00020014264262790558,0.12482040535665484,0.8590578985387844,10.31725560086882,0.00015952162641293496,0.14587196458591883,0.9240631813013964,10.548685735663918,0.00015375407720656328,0.0824104901658181,0.8064257920051494,10.451430250763343,0.00010405866774001058,0.1576205960948972,0.8804081924309185,10.45288165512095,5.9728469215032654e-05,0.14718171377189615,0.9034965510492198,10.707246602327864,1
3.5197709564993644e-05,0.15210589190654636,0.9332014846376867,10.913508365055826,4.3972967415055465e-05,0.1395063315570256,0.8462944391901338,11.014452586078075,0.00011583929893274942,0.1096069415658157,0.7961025367858781,10.379668764615111,7.554987216741349e-05,0.12983295086063118,0.9070751013710627,10.116358992755591,0.0002749065021102796,0.16353619007692086,0.8125562254585864,11.22746579119287,0.00012766758588547721,0.08277297743344254,0.8713817285137928,10.512466415170408,0.00025994194787913334,0.1875651549564746,0.8986119796456108,9.394036495545835,0.00026281675473321486,0.14105668784117978,0.906990600616498,10.973271108235428,0.0002741514202259724,0.10893065160597916,0.882730673685856,11.06330876408663,0.0002235893372363295,0.1347675492342232,0.8445179607156144,10.857866457083945,0.00015499301408048238,0.13305004402157847,0.9107498962109863,11.004938475234908,0.0001543244158372494,0.08495931886674425,0.8258970327412224,10.653209323277167,9.019593237849017e-05,0.1411632032814436,0.8844475490130681,10.986210245461626,5.809963905837878e-05,0.13982619162539245,0.906177332686567,11.014093749480947,1
3.034156521785932e-05,0.1214114284580729,0.9155597896795963,10.905479761733552,4.9088945874916445e-05,0.1431938274273489,0.8874004353907929,11.064398472715851,0.00010073293032190355,0.09733633625250464,0.8123175493422209,10.278232449716809,6.736525441284523e-05,0.10950505722893376,0.8716225025217127,10.55447734490478,0.00028520826265210006,0.1589775459295873,0.8547503206267432,11.260698918579358,0.00017240997064453344,0.08838907415769294,0.8853221125930162,10.768392869552796,0.0003085054025135848,0.18910157830939966,0.8906116860007836,10.078348456130415,0.0004236843853451292,0.22136988045276254,0.8914277571889802,11.41136936978193,0.000524729456271515,0.20609473411628404,0.8773228185268099,11.496554531008272,0.00022526898981766973,0.13476462443181536,0.8500588653250473,11.119036979320295,0.00013937593110115862,0.11184328368397034,0.8951794869606226,11.081576113235567,0.00015737344523383587,0.085446202326722,0.8373666873725487,10.596323590886762,7.136039294545534e-05,0.10842153923687105,0.8933342503999281,11.27680678177951,5.859784666544884e-05,0.12312358871780144,0.9113519880519803,11.025790430777395,1
3.424395310789479e-05,0.14030242289942163,0.9160159821438729,10.626786387014887,3.762693855199242e-05,0.11515426797497315,0.915032333354614,11.068989002643157,0.00010910329462434046,0.1164998470083835,0.8822131400607927,10.228992786363635,5.095522171551517e-05,0.0871492981625001,0.8720567800482238,10.526806995840742,0.00022333963635248023,0.13564305800619963,0.9205986775494212,11.256492537424032,0.0002693468465618222,0.14141567826128004,0.909363862541275,11.03226541868618,0.00042506360704472654,0.23951294521632382,0.8995214999070206,10.925337179525643,0.0005534432239117394,0.2597447916656007,0.8723704853475046,11.613784058033753,0.0006063296818277766,0.22208698423777162,0.8799280877856909,11.68187935581453,0.00022841691553741444,0.13293007986015756,0.8828714049019809,11.054864765217484,0.00017503692318254386,0.13658745218682272,0.9053229184822574,11.165572401313664,0.00022264701315482006,0.11527898810461659,0.89059022478208,10.872906123981517,8.105548172694614e-05,0.11584690734736039,0.9270331161951434,11.381350672700066,6.0814701953198575e-05,0.11941449188667441,0.9100600795614834,11.193563067003566,1
4.9747531740330603e-05,0.19489605565219528,0.895725396904968,10.176829030708806,4.4039597220364806e-05,0.1521320401717499,0.9286131647122841,10.382803155401962,0.00018912645568133654,0.18716974005733641,0.8877721223757562,10.099195940942407,6.850182603534668e-05,0.11254552806283846,0.8801310276142184,10.515214269112686,0.00026820093012254156,0.16874222159552416,0.9402134297115773,10.497480165966108,0.00032013312236144206,0.16716415867763149,0.9161150148274397,10.831890555923158,0.0005093750924843118,0.27867091581189746,0.8974305293684697,10.802735524278312,0.0006900380112217221,0.2815494457442984,0.8339163049304205,11.265824872665172,0.0007409229135582861,0.24824466603957043,0.8685859644824501,11.275079566994693,0.0005692203068035541,0.2814574643173596,0.8420566169897928,10.312716288537972,0.0004035672711438096,0.2669317814864886,0.8622753011458428,10.39081074716041,0.00042953301665510596,0.21512114091296441,0.8602576703344896,10.365662595487551,0.00020058266595806705,0.26833214746555334,0.8911347407498488,10.312237399406527,8.032099768176876e-05,0.1559669715247289,0.9037448603555785,10.463589847472829,1
5.472421695502114e-05,0.20872116303663243,0.8867807157150338,9.95928504305205,4.775736276123815e-05,0.16657166121382566,0.9165061107242448,10.186322745296362,0.00021474363592364945,0.18611283025842662,0.8900457039272586,10.036828108457302,9.022997859002945e-05,0.13793074020292997,0.8866189449369559,10.406426829739154,0.0002601534648120418,0.17584660221523593,0.9214832748274465,10.106207835460774,0.0003287198220609904,0.17389342684199888,0.8971432534528029,10.927192882529086,0.0005029844517440373,0.26168280215043666,0.9032566091348779,10.763486298935788,0.0007651985107439411,0.2905227387889953,0.8430684581566091,11.301914393521965,0.000788056772348571,0.2272164050004947,0.8832664414211402,11.320769025556547,0.0005892621521633593,0.270754546453404,0.8690148809024374,10.18766411619674,0.00044291411123062105,0.3102951404401311,0.8516733825186956,10.256836788947707,0.00048296975022914956,0.23265309358962472,0.8600787588969047,10.298930947800963,0.00021929067780155753,0.2908205930462122,0.8823421438340487,10.094404190517556,8.456111315221078e-05,0.18626742242564276,0.89989517637426,10.203549316404295,1
6.17580180084798e-05,0.26081503242011733,0.8837255842559423,9.976149025486373,4.427044406005892e-05,0.16279893968905376,0.8987243286294021,10.195893440609305,0.00022434670916823948,0.20181508054101568,0.9017477965289278,9.933855028627327,9.39276651131948e-05,0.1571410906819018,0.887783669320243,10.283636160818899,0.00029157588553125463,0.22496874724684973,0.9114329876934923,10.415033227436767,0.0003503781640466309,0.19381677076508944,0.904585819152268,10.963816507306413,0.0004616608983520746,0.2784059989400057,0.8904630069632861,10.615210640866431,0.0007651468610094258,0.27704491068239717,0.8740432357412945,11.165019458124199,0.0006946302125810059,0.2051469401654704,0.9007991058188944,11.107815557875995,0.0006876498861575689,0.31782229694855096,0.8594729029869146,10.235471030363628,0.0005273807502964847,0.3818141902185226,0.8351507806070371,10.308239778339725,0.0005510386209338793,0.2482867067843296,0.8694945046757026,10.240556426643948,0.0002738339907989086,0.3682791505164185,0.8523401358999886,10.136521692937158,0.00011216483494796353,0.26161468107901237,0.8765972884131679,10.068155234317842,1
5.39727914848681e-05,0.2301678890634409,0.8726887394350097,10.062841696037198,5.313937148502253e-05,0.1922216494847483,0.8921139686141942,10.498883629834479,0.00019464262654238132,0.19203520349502132,0.8898050286810663,9.763689827186553,0.0001022217867202659,0.16620250654476357,0.9016827882742812,10.24251888194404,0.0002832538529698925,0.22986838852638572,0.9233879780715322,10.451894952862517,0.0002574091345081463,0.1608951559442041,0.9201479380197947,10.635412395299896,0.00036116582683687543,0.2338851226310696,0.8981968905668829,9.685978495196366,0.0007188451620509439,0.26465217563531884,0.9002973585090949,10.908963350419144,0.000661798537867863,0.19151862011536028,0.9145752090012176,10.77228460344427,0.0006966522775239236,0.31427030239033965,0.8578275666421573,10.241118800832368,0.0004672971801468419,0.3438765972116495,0.8275788625681451,10.186225860646939,0.000484287220120915,0.2366347755881493,0.8572347695806104,9.934747816817827,0.00027321010681911635,0.34410034294869785,0.8333929673426225,10.00523269029323,0.0001082923499412949,0.2501073071673827,0.8441197643137062,9.78694934322568,1
3.105479647447841e-05,0.1532198817756177,0.895943103614033,10.174112587459238,4.437524302128034e-05,0.14634894127697765,0.8424073656281686,11.01274643655136,0.0001124346860365626,0.11851777089454996,0.900848408201542,9.892030538110824,7.232103786064946e-05,0.11748232753289176,0.9060457439904814,10.381270150551158,0.00019362637972945997,0.14739166411164367,0.8704982149163627,10.955253690433235,0.00021384151341245425,0.13608879063288035,0.9243116450909045,10.83140264406631,0.00028418146045015576,0.16943870240792483,0.9070955893477878,9.415679890840783,0.0006575846585173535,0.26260670120409046,0.912313347172692,11.290958240192746,0.0005095157872083429,0.15996719414547086,0.9140754248870891,11.099968152132929,0.00035100986804008653,0.18458710522165483,0.895229748013603,10.629894327453348,0.00021053041061659358,0.1906650421939406,0.8210065299338059,10.402086594690521,0.00024364033338779452,0.14621606118998667,0.9122848780727835,9.894071294920462,0.0001559079919254162,0.22211095899780678,0.8411550611922162,9.880462986081625,6.996428520442576e-05,0.18149599199119265,0.815320710213506,9.772753382555635,1
1.880774463394255e-05,0.09470633733840125,0.901417871004836,10.375764338781158,4.166988702160788e-05,0.11681815426416385,0.8039758438989276,10.223783388262268,0.00011195355219569908,0.11483015909133382,0.8624749272753782,10.304358058435717,4.760955823613211e-05,0.08339373256684997,0.8752676862083216,10.384952974867614,0.00018910350606521305,0.11482428239259207,0.8070827407423846,9.665613867472214,0.0001940701205963009,0.11782648430205782,0.9090114469091762,10.895302074698186,0.000319443411416824,0.18594687003034918,0.8941576477502174,9.332131370761958,0.0005801725360256008,0.22691767723994485,0.9143838418437538,11.295924904651802,0.0004423412148352299,0.1484055424369387,0.8750432493506459,11.005861123385637,0.0002899319376589311,0.15489697655041798,0.7821634240854032,10.800860665969148,0.00017302173099156612,0.14511500780948852,0.7088948432586508,10.57343461458203,0.00017515234789297672,0.11462098331022719,0.9047978328130241,10.033189098239447,0.00013723565082217006,0.18460639132377785,0.7770023283807508,9.463512928621828,5.350828872917567e-05,0.1268253907949978,0.8057816197611044,9.696491189063705,1
2.1254456723723233e-05,0.08536004440598331,0.878832046950925,10.62120516166024,6.806042581415067e-05,0.1705254776478667,0.7902622001323935,9.295100458187816,0.00011658332669580571,0.10327811722202973,0.8164157752539161,10.85436857310665,7.103600461353545e-05,0.11382765734881678,0.8172371174043573,9.85517596022085,0.0003423620312379968,0.16855696275366444,0.7682461353273103,8.749238847614013,0.00015750845894148507,0.09777749663158992,0.8566883710028994,10.45060144419062,0.000371488600419999,0.18018885891372535,0.8821596843174264,9.280685782202795,0.0004809929316325886,0.1837507199476634,0.9019353153576203,11.154947300061979,0.0003850705272831292,0.112643534869627,0.842161630992938,10.444127932283111,0.0002606156784224577,0.12225580906975544,0.7767427196051224,9.691967021657275,0.00014598561581809477,0.11079300367620544,0.7210847952669688,9.813754962281923,0.00014287184833985876,0.09747319326422843,0.9170196501768649,10.218732017240226,0.0001290266834919762,0.14224748129652526,0.7775572208333272,8.969021713195051,3.184836457227458e-05,0.06821870061447238,0.819756053579629,9.835069735902119,1
3.96072853214012e-05,0.14591566478928036,0.8780072654176364,10.552344861092628,7.621612161452435e-05,0.19175630809681551,0.7814880850262911,9.143772682717966,0.00017090072014892403,0.14180205708044516,0.8380314561354875,10.57479862716552,8.619792581120308e-05,0.13899086936999314,0.7174114172635407,9.611071505841148,0.00042415280100044275,0.19729238504695382,0.7544239370671079,8.843958339320373,0.00015042732317301213,0.09353758949534353,0.854508404607076,10.668031498272539,0.0003152750416651123,0.14590551222127077,0.8783646602616726,9.449706443345615,0.00040099196110022063,0.16847484795863957,0.906709271129393,11.13956451294134,0.00032836546103172316,0.10618280767126327,0.8555547558665345,10.179100321229946,0.0002849103373358371,0.13370327133725302,0.7883942462293964,9.44008246745236,0.00016109000195690384,0.13057229624827296,0.7257760440617751,9.84710442580437,0.00015732871683439434,0.10822281862745542,0.9175468219906769,10.525664848438753,0.00013109538376718583,0.1519653873056836,0.7827190070060711,9.0318381946781,3.823208314892655e-05,0.08204951444354829,0.8705024234332175,10.589198584930305,1
5.766736299770344e-05,0.20147805698118376,0.8661341580719236,10.64805823156636,8.959881796788611e-05,0.235275539726507,0.7604203936045051,9.267921989500243,0.00019930470022626185,0.17290671242967298,0.8497744470064011,10.51415089313588,9.900174235213287e-05,0.1713451651780366,0.6436326295477214,9.720462100444239,0.0005020024619130202,0.2317672561882456,0.7637215925468944,9.066318941465315,0.0001596700780596975,0.09822750153370673,0.8453961482744486,10.702441253351111,0.0002846926670751514,0.1454351557911715,0.8694957692364869,9.634853242810365,0.0002651737707615523,0.1175229651867395,0.9133920651136024,10.917694493745012,0.0003271020748732646,0.10240845623193301,0.8697598581399663,10.056339054377688,0.00038667976589959235,0.1825187736207953,0.8096596704020209,9.658362204856331,0.00022741548361230706,0.19347470726385785,0.8089086182156728,10.142375344159861,0.00020740084082127534,0.1490651397432179,0.8998877350761026,10.547834057292295,0.0001603522842970812,0.19514861254400842,0.8296966496782479,9.54326168599285,6.444900651586256e-05,0.1397774631177377,0.8957908957456678,10.727026747492468,1
6.732350819289975e-05,0.2350329907843097,0.8533223707080934,10.612787736682213,9.230283376518943e-05,0.258518497347337,0.7700548859806123,9.518900426661093,0.00017694100873320785,0.15820674550838382,0.8753218561316074,10.460149973809747,0.00011202640525814405,0.19590297989376712,0.6308429297892768,9.922225914378446,0.0006007798256536227,0.2965859937205271,0.7784648537266177,9.626375979840043,0.00021446913499747377,0.13555043248682436,0.85052190017797,10.658192497400625,0.00022473124689530605,0.1339085811636572,0.8744131023908204,9.988872920899063,0.0002751329130642709,0.13048226975378602,0.9171501967731223,10.634914189481636,0.00032703104047848914,0.10901073837471656,0.8981994847845799,9.956645532521769,0.00042820394572330755,0.21651188661624132,0.8881482223687512,9.769990482183722,0.0002372912293718569,0.2183878042196627,0.8821012072470894,10.18143514641144,0.00021563737818115384,0.16587143485389147,0.9007991696563384,10.457130196184275,0.0001657695080391317,0.20250259030975007,0.8747064650422708,10.060120428575496,8.592854374012303e-05,0.17313477708528127,0.8806545952200692,10.907093521638583,1
6.954578791164061e-05,0.25130897100786126,0.8630369407551288,10.858006877093642,6.995086791648531e-05,0.2269933453100522,0.8119841746176216,10.44249524500872,0.00018004387755524186,0.16610124179982802,0.9102284920184199,10.505773218150503,8.546227938899438e-05,0.16029879153706117,0.6936279210318778,10.361252519580157,0.00046666492811672463,0.25444185061213825,0.8399008316375259,10.772274151074127,0.0002630627649554991,0.19342126073013774,0.8783265680197267,10.571824408101145,0.0001640219593037341,0.10697551425504358,0.8847161423212578,10.641920588250139,0.00022008119839306642,0.12198390469967388,0.9228270381113647,10.585910623236842,0.00023303056553414014,0.09092918067089457,0.9155406618538522,10.052203534773152,0.0003544563491232422,0.20430011289851568,0.9019621126924146,10.319940219642978,0.0002098274811211304,0.20653940142611352,0.8975478183980032,10.76290975730751,0.00019677375950516023,0.16780904403701896,0.8936322039701153,10.623777172836451,0.00014044255815309385,0.21408259926504375,0.9115415466184381,10.707673511299983,9.070038325254727e-05,0.1541539878505016,0.8891388765841092,11.003769126340899,1
5.2995206770957144e-05,0.20572479589472722,0.8801531965422644,10.963805882695167,6.05380527348211e-05,0.1943164690705571,0.8564456073713796,10.795890917337266,0.00012480623238996763,0.12225991526402158,0.9155844656118785,11.054564466287466,6.988675429354404e-05,0.14093596396344793,0.8067693047366926,10.863874670220527,0.00036645735802599334,0.21409166096094723,0.8384882740317713,11.317046937434188,0.0003177086402148422,0.20785625095415433,0.8716107283968816,10.303865204968352,0.00015738609870741944,0.10931616022911182,0.9174439058020466,10.354020487302945,0.00019388739429243015,0.1053222179832327,0.9064842640118932,10.693520448889517,0.00019534153001443818,0.08262323249351948,0.8837247311830329,10.416502529864106,0.0003469784847230105,0.21599889016028218,0.8836744926652719,10.68597247175797,0.00026131528551904843,0.23869174754963507,0.8843151686250934,10.72996896488932,0.00016824035336293147,0.14422349851927396,0.9124376877236262,10.771353678032739,0.00014663552121648587,0.2289812301993323,0.8980342457165348,10.642419770530367,7.63790289987867e-05,0.1227686256404123,0.882131863670922,10.985245260397688,1
4.9691967954488056e-05,0.1934450664055244,0.8761520002051001,10.777593137240835,5.0436870371955684e-05,0.153706697930695,0.919491089469416,10.671480645476665,0.00011963853100806113,0.11445160374907162,0.8908707302446515,10.580043148293363,7.786325032399971e-05,0.14478492630039724,0.8681155237195759,10.299224714803172,0.00036902089628986726,0.20665611628342037,0.860557476079201,11.268278462541423,0.0003316825202342145,0.1948993417604427,0.8937656438079169,10.361811924252338,0.00017648761696868422,0.12925166645608724,0.9242269877838747,10.409738994095795,0.00024623933414941835,0.12175379023285,0.8634093161301494,10.487091141430191,0.0001806162943817012,0.07309491971334835,0.8484411860374352,10.385016290685728,0.0002966776597450741,0.1636689258113803,0.8975691038830299,10.689321797198351,0.00023368782557282774,0.2111058489264887,0.9106667495535488,10.661879891473761,0.000155749679865682,0.1275755732676202,0.9221864790908311,10.474252520443274,0.00015562226406453473,0.22502607022226867,0.8928031660678818,10.298419065286808,7.719424554210553e-05,0.1186727126741664,0.8837917422682909,10.991137367602835,0
4.5755325414317845e-05,0.1786582938914562,0.8691983287401233,10.836010470347157,5.24039563041351e-05,0.18263157255554865,0.9133582887960243,10.440243784358037,0.00012397856700589112,0.11641293631970158,0.838053379159968,10.222977443366261,8.381547230972399e-05,0.15002152705225832,0.8517034409908536,10.158473867016422,0.0003022506039334729,0.17356614597315112,0.9006545266719391,11.171284186611665,0.0003033424173558511,0.18688368234104255,0.918706467408353,10.537298607319272,0.00017005506931083952,0.12327600080551834,0.9284887728623017,10.52225131494736,0.00017088770062394926,0.08412357346944914,0.8448070804970271,10.034626806058657,0.00016216063215413487,0.06380405896943336,0.8466693862611672,10.233620836290765,0.00030265981632842054,0.16554987335714252,0.9098278959219983,10.682671587057998,0.00022917037917605677,0.19776454003905553,0.9152260730468335,10.546459885068048,0.0001507185666726269,0.1167283166527574,0.8925256743089844,10.333461315286183,0.0001656735812947527,0.22354524994056665,0.8998909636932921,10.235478751381292,6.738819101731478e-05,0.10315409431977018,0.9010586317717878,10.890146941424792,0
3.571286464155343e-05,0.16713926820248173,0.8693902560849457,10.403739253491919,4.6366506474581116e-05,0.16888051064573373,0.9082438219076951,10.09629734039727,0.00010984680581084386,0.11005817180484972,0.8021626059324987,9.900990780973695,9.049338227459173e-05,0.16863101551861415,0.8477399492928762,9.84379686256026,0.00030119348323628936,0.18676406869791803,0.9164242972926988,10.544554567261368,0.00028239675298063387,0.1548582684944727,0.9185458337800594,10.53063615082502,0.00019359342213329955,0.15325263674003595,0.8955565061289823,10.12458179900644,0.00020137483098015365,0.09605053490033016,0.8496011959603504,10.055475516237314,0.00018767646130618624,0.06625842824594406,0.8512242595767818,10.380750593305505,0.00029873369823724404,0.152340638607724,0.8929032123149203,10.654945074262834,0.00020293854110402799,0.19495590712224728,0.9021608355652544,10.53597048176606,0.00012253619578473935,0.09799981909777696,0.8604757356714993,10.086253471512967,0.00016480541477086318,0.22538605853445248,0.894606867818546,10.36662525505055,6.01570089871137e-05,0.1164709514504942,0.9014512852396281,10.852150043229985,0
3.231655336085793e-05,0.12439796287496158,0.8638918177438321,10.314571433295209,4.114498380653051e-05,0.12382596491058903,0.9093449880306815,9.928681886874134,0.00011450873080415633,0.10789445083479933,0.8084847866070214,9.90029031074364,8.5060719288813e-05,0.1386122684795424,0.8464013248784635,9.773332797762217,0.00031214810642706404,0.13893991244028478,0.9119634670565832,10.420137775479779,0.00023740327798594716,0.13157820478879442,0.9185169296733983,10.997111603094533,0.0002720860437899277,0.18219438841495786,0.8948824980102871,10.609495204681284,0.00028440852342757477,0.12293936103002442,0.8386853788569396,11.151560719134068,0.0002338511159251564,0.07452506392939119,0.8486434546821765,11.200450749983412,0.00024383878326249373,0.11641101199986502,0.8938501771808608,10.625402811537871,0.00012572369352686002,0.11475884875672887,0.8933359098657971,10.546159143598018,0.0001016598627933572,0.07959982081546947,0.8362295094889124,10.017183018440168,0.00013648026885223585,0.17432178947906526,0.9141111509363212,10.480499013761241,5.8572967688504734e-05,0.11857818667149768,0.908082636770054,10.840386797019939,0
2.122213570568924e-05,0.07862534598447105,0.883239983829148,10.334757301784684,3.808917589628023e-05,0.11741477160722003,0.9159585915554039,9.654023708907744,0.00010682264091988913,0.08795690636491185,0.8544147368069267,10.040002494508041,8.62995437328451e-05,0.1295363228132191,0.8613884432621486,9.6212098866519,0.0002673757590381433,0.12304038508052234,0.9063860569670792,10.178931200980339,0.00021807306227478103,0.143003331353229,0.9243889822248618,10.881222548423846,0.0002576715296465404,0.16908817852789354,0.9001476907468156,10.738617305837579,0.00025502107412160493,0.10897356911681166,0.8312957885672039,11.49387729720513,0.00021288677936577734,0.06773250617532793,0.8488552003087987,11.470007192964182,0.00020472222902795807,0.10794851371607722,0.9032317747828503,10.498750602934823,0.00011581477928583595,0.10902896456222534,0.9117545482415534,10.379401053093337,8.321888612506151e-05,0.06228865387535384,0.85817293292968,10.541478288179976,0.00011749374029354113,0.15291699381135684,0.9455591357643294,10.515553454518844,4.900871593245917e-05,0.09940139574142107,0.9290841705109247,10.509258834109666,0
2.422372706838451e-05,0.09641838593924969,0.8853301647555376,9.51087939962398,3.4250345160519285e-05,0.10265141208153872,0.921133915234205,9.481544316054547,0.00011949116163607526,0.10459916633919017,0.9100821819625861,9.859524140505014,8.332979270291504e-05,0.12256424388049124,0.8668290283011361,9.183672789889703,0.00027423904039804636,0.13286733554885016,0.8968443396456641,10.11818243706729,0.00020936135410502712,0.14509164593906082,0.9284535875907125,10.52689638765999,0.00028136253448538993,0.18403764163906897,0.9116817052098489,10.615860987718,0.0006649220463796202,0.2485622203918846,0.8176514224901711,11.702502325985787,0.0005119728911498268,0.14644922426283644,0.8476511260162908,11.653622839059452,0.000388899219093093,0.18342277185017228,0.8936904868201524,11.082139712053081,0.00021704794176014155,0.20942755294268295,0.8870456958076908,11.020646404158631,0.00014260851434649762,0.1107597952027758,0.9013084419109672,10.566350604327399,0.00014646265105537374,0.21108961614080982,0.9282109214970266,10.621377542538768,6.309629672217521e-05,0.12880870366157085,0.9282148617201698,10.256058818740991,0
2.4311845002600618e-05,0.09448735165235173,0.8821005754000656,9.405459889812573,3.117950182258249e-05,0.08733695197784828,0.9122300599225841,9.42213576595959,0.00015308261595209643,0.1308249968821934,0.9317502749573463,10.404941356103187,7.628162299600678e-05,0.09931843867149125,0.8666135409302702,9.220082537534067,0.00022093490850744684,0.104225633172569,0.903880940372672,10.137715144156786,0.00017966018886042648,0.15591273757720148,0.9439130781035022,10.282809756032206,0.00031891405398842035,0.18598704532046462,0.9190254025854847,10.340798202337389,0.0009294239768202716,0.28163539930581466,0.8129845700803727,11.790041963560945,0.0007388842181380134,0.19767196891500896,0.825364938249272,11.762862756686888,0.0004892931614664861,0.23505437676803398,0.887543869482913,11.287990014575245,0.000254984575941974,0.24063544569511242,0.8820921219168475,11.131127408789764,0.0002588093960086203,0.1884430406459103,0.8931384993688535,10.903454564025017,0.00015406169576711936,0.20749394436971616,0.9164231145330572,10.62263716431463,7.436219645579563e-05,0.14382753271398335,0.9244160377715029,10.306317297868105,0
2.3600539379310768e-05,0.11018500549640929,0.9012883464592795,9.358982491545234,3.303319992138655e-05,0.10709630424038907,0.8888406143492087,9.331708136335326,0.00015272436006004826,0.12943965308719768,0.9314228271389162,10.288074595205362,8.274488445041947e-05,0.1029241155859696,0.8889977688391385,9.388903770959605,0.0002520826183116629,0.15378980733909625,0.9128773608268869,10.16364084720161,0.0001589256649236299,0.16565369121055054,0.9464137347031775,9.881514625417646,0.0002643167706140757,0.16285204814743437,0.8938320008588195,9.9177365128659,0.0008457485828983367,0.2733170282304347,0.8260547625810607,11.604886512837378,0.0006840540843931872,0.19364230076113959,0.8431721022669421,11.639847283516607,0.000482106572926147,0.2521463743356164,0.8782000454286892,11.362617233101812,0.00024406181664804824,0.26130728136554654,0.8605816751841034,11.096968625189664,0.00026814451016094295,0.19937814084716213,0.8915425342239828,10.769131224093544,0.00014875582915499334,0.2165301689282452,0.9005479833740636,10.554994897320858,7.700989602941356e-05,0.15589565426477361,0.922753942652438,10.141148153728397,0
2.255020964743283e-05,0.11212727532359168,0.9100439523574105,9.390866088311798,3.086242242319907e-05,0.10828458407251532,0.8566925923755119,9.32206442646934,0.00012830335295844168,0.12978026392352218,0.9283178076479197,10.336154195232261,7.064657228131437e-05,0.09521093565187569,0.9060611549900848,9.781362301312841,0.0002889107352246923,0.18669571438762522,0.8864781601900954,10.051437984411995,0.00017169846242848924,0.16389478663257728,0.9443072168258344,9.902558088720562,0.00025411586544108025,0.14972859818821813,0.8896601301855264,9.668402191644939,0.0008195585252146048,0.2726718835201321,0.8162268276599854,11.558558368861872,0.000664104700314617,0.19477145062429996,0.8336014673989705,11.62511438400479,0.00046538082556704235,0.22858682997030258,0.8639875556596098,11.497390794742824,0.0002350914107695753,0.21319268976701522,0.8507695557217073,11.094300593399712,0.00026483663983439224,0.20317049012278462,0.8684405737617374,10.634574611499179,0.0001446386243411001,0.20380914790216673,0.891549368255149,10.665888786154074,7.531072772443743e-05,0.15879820264468544,0.915776307155446,10.026997211635008,0
1.888367288561645e-05,0.09724862138703708,0.9003706271037437,9.839564864837882,3.116648342828241e-05,0.11309750502835465,0.8629648027267095,9.78878220023411,0.00012430473252935157,0.13690286604950558,0.9034366750310847,10.47855782442811,6.655823154331507e-05,0.10091774919365785,0.9082431878570033,10.46870116399986,0.0002597678749555149,0.17194585031466275,0.8718927329725806,10.116753367938822,0.00019851303941271744,0.1464573903004259,0.9059592480934017,10.299809080486336,0.00022086854129815058,0.11197768578581872,0.8970614520869612,9.39235110035516,0.0004386941504279662,0.15879237008466063,0.8548076706307444,11.313316357132079,0.0004084087175665377,0.13237829194385373,0.8834707066257245,11.464186170630612,0.00027364131263961367,0.14541890912550487,0.9063243159584932,11.169374277222312,0.00012674561351073076,0.12554231747642375,0.8781844366366718,10.418982797873676,0.00022750600689316503,0.1709075437318911,0.8686419660042323,10.404887549344673,9.662076195516835e-05,0.15313801085286777,0.9000964518444993,10.499880755884693,6.544097123329829e-05,0.15155393648812007,0.8893420948532903,9.908617902418046,0
1.8477553640225495e-05,0.09647300056528327,0.8882061905314351,9.700746945190534,3.290181325966445e-05,0.1153406496831366,0.8847766980427265,9.825447551670791,0.00010837506112894937,0.1244995652190363,0.8945378019299686,9.788238850258578,6.621253662219924e-05,0.11158412284074817,0.9045952235747863,10.596197611656894,0.00028585656533596865,0.19527373017759542,0.884327248619961,10.134263552871817,0.0002187463010954297,0.14230010101475485,0.899777636224486,10.673270546819525,0.00013651489948339653,0.0758345208684352,0.9177212458428334,9.762069285568298,0.00017066921490782458,0.07479921296281976,0.8635701195259142,10.399890626898326,0.00022722206037013073,0.09431138154384718,0.92049820756429,11.122157300432452,0.00019081137245319102,0.10774076564160279,0.9081378784279708,11.005827817982306,8.962846739806539e-05,0.08351176858772974,0.8576081504716059,9.869142200178096,0.00013313769165620277,0.10048429727494848,0.8846097874831987,9.568712362466691,7.270992591170702e-05,0.1276249114076414,0.8868549116830098,10.330622900239664,5.123279684149269e-05,0.12541470863081797,0.8927810184016541,9.595700994403721,0
2.4670829055423128e-05,0.12962650307813903,0.8972971245873885,9.58223036382872,3.329698493718517e-05,0.11096161504429507,0.9082100281266502,9.967660756147822,0.00013193847420102766,0.16308001852799048,0.8893298937687877,9.784369218839915,7.878831174742515e-05,0.14095604860937563,0.8788888467708169,10.28633689204309,0.00033737100316562157,0.19610182749932484,0.9196853586057877,10.265721146983832,0.0002502346768320701,0.14943972635924432,0.8851807946043909,11.080624415948423,0.00010435651097350387,0.06452852127724061,0.9052175927318626,9.96251243513447,0.00027360355924253295,0.1125966998981543,0.8630290576039362,10.941879255379032,0.0004470338109439115,0.15979936642799394,0.8786892774022567,11.325956981066701,0.00027594195793590446,0.1406908276133302,0.9158355747968157,11.110090063122305,0.00010911462855697291,0.09597238330499297,0.874093840451181,9.937469482553244,0.00015870474916004034,0.11640295524446358,0.8790171415298211,9.61911314167872,7.16463816812793e-05,0.1318370148996965,0.9175209768239669,10.190069745400233,5.4553283235372646e-05,0.139051459472949,0.9007470694378001,9.620068575856685,0
2.4681004147100364e-05,0.13848618599345494,0.9077714154298766,9.393365186695235,3.0367271372458616e-05,0.10740597059442064,0.903495930360056,10.219632876737155,0.0001388676650246176,0.1902323667711948,0.8756370775778518,9.719003740828308,0.00010250574969149123,0.1928523091953053,0.8060442889221807,10.043170702749162,0.00031373041024797266,0.19144750374987565,0.9270215365053093,10.471674905563091,0.00025517225041330035,0.14903520785033997,0.897544285304822,11.155644745123938,0.0001085150035768928,0.07375839028393791,0.899896657197796,9.876446879438967,0.00037164061412880473,0.15885167130802788,0.8743326235880312,10.941274683360165,0.0004910489391692712,0.18929444403507376,0.8814175340777293,11.2664267488152,0.00029915797671860057,0.17511737167132244,0.9140940447812012,11.090851268638286,0.00011685741543955927,0.11668068278243361,0.8826845272074653,9.708143402742877,0.00017430646432968548,0.13022497057276233,0.8935963739820857,9.65377598867346,5.555906664113062e-05,0.12301673881540792,0.9243926514598888,9.656333584534847,4.914229337203684e-05,0.13859164306298757,0.9051529008923987,9.667759425018449,0
1.9991814344800576e-05,0.11167596730360449,0.9138732735684303,9.300468770176357,2.6305610454379425e-05,0.08986440010956703,0.8931403132946389,10.515161135824746,0.00011470297989394887,0.14598405694768227,0.8931519049201208,9.962070716487025,0.00010792995941913376,0.19146772155351272,0.8313724819185713,10.174037485375564,0.0002916726785306774,0.16423625369080141,0.9187854345271501,10.463208712995042,0.0002050884337719041,0.13952040774506846,0.9102169409571028,10.577983184086522,0.00012634524776505526,0.08887956714034877,0.8461347396223465,9.700168653214515,0.00038765288710376,0.17750770038133162,0.8711163999625161,10.772231020007672,0.00043065112650636625,0.16971688851788097,0.8852336670505928,11.25452989107987,0.00024157034753710473,0.15486287017000716,0.9099354030840233,11.168649952607964,9.155487315596006e-05,0.09035509817920183,0.8701530402763152,9.542584289911382,0.00014703236918976476,0.11408257755757213,0.9091123935752947,9.738383644928685,5.077006663337377e-05,0.11139978673922978,0.9052629207154385,9.266780940325464,3.403164966358657e-05,0.0943172162312733,0.9130042770952724,9.599419874975332,0
2.0464837690649553e-05,0.10277971728778973,0.899743530654258,9.449293197486849,2.997704408348183e-05,0.12094323768508679,0.898411553319875,10.28728604871758,9.078018618352538e-05,0.10911879180663797,0.902072800845602,9.867544122058867,0.0001281241359508011,0.22826413640758678,0.8482834724042587,9.94601067428815,0.00027376812919579385,0.16227613725347761,0.9079591221800453,10.423583297752842,0.00016031374797375767,0.1045549940085745,0.8949009107009666,10.395421648288815,0.00015771803885121507,0.10699568543870974,0.8516530857229123,9.666125827968965,0.0004221570731094416,0.2189619536101176,0.8897587212504994,10.689609284960559,0.00037094669949092344,0.15006168963183047,0.8915384871245934,11.070392972761221,0.00020503378942160537,0.13299146883202498,0.8964691410861811,10.741302947833997,8.548809601910371e-05,0.09030412542395869,0.9024306480271833,9.490120168986131,0.0001460617644406284,0.11743720014666499,0.9091461093325384,9.849793610632563,5.976715403098553e-05,0.12762586998985653,0.9181039085864945,9.172557431386663,3.4112082461500046e-05,0.09701468550057336,0.9181514588457682,9.705811241782968,0
2.1781486484621488e-05,0.10051291968370629,0.8816154106110009,9.240517985305887,3.0856040741234155e-05,0.12450429518019655,0.9242490619694377,10.278743692480612,8.883312435600349e-05,0.09640124965348537,0.9064142985810698,9.438074377129247,0.00014243953162563713,0.22464224653940937,0.8947344017798281,9.625684650393053,0.0001981325898249815,0.13946987778802014,0.9294329710771849,10.101606215394089,0.0001839831079207504,0.12823670531344009,0.9119525568999235,10.193624785206506,0.0002560818671600488,0.16291862869316873,0.8841434591666518,9.681888305744248,0.00037207059324301353,0.220185228860405,0.8958201210820776,10.42615220990189,0.0001785540771725756,0.08459401008658707,0.9025897380717085,10.581491298445743,0.0001437315638412785,0.09114745073476903,0.8768017137891667,10.481959042739131,8.615909626598188e-05,0.08990027725267037,0.8849154496328268,9.617002173322499,0.0001622360065993439,0.1315121677289285,0.9008637310236053,9.614241237642897,7.677004634965838e-05,0.12488075220666316,0.8452711476947069,9.243095668567175,4.261865830400726e-05,0.10240175192717138,0.871512245736728,9.767494057711868,0
2.4025422945187734e-05,0.10197788024630901,0.8799477532768437,9.383141971881413,3.7646857755932436e-05,0.13310546204612933,0.9340127355428822,10.223495399439095,9.307921409000756e-05,0.07549313937639254,0.8791363934216444,9.363714228763317,0.0001338702159964055,0.2052434037232591,0.9300235643818358,9.58153974217331,0.00018884413753401908,0.12494497550786797,0.9253948505855711,10.079843054029078,0.0002181871474026432,0.14863593756315235,0.9126895756211163,10.004989123412768,0.0003507392575738154,0.18807955969530407,0.8640314947624734,9.6048699953202,0.000325645129531291,0.19804500407844278,0.9038706927901494,10.478685403972948,0.0001824054085945748,0.08229225106588395,0.907881254663388,10.571373563362085,0.0001810590997868192,0.10973005986859498,0.8879889752475334,10.36161393384765,8.525603701216655e-05,0.09072700713201652,0.8820346393190818,10.104564483855217,0.00016538231674112996,0.12482962204724068,0.8761232453407204,9.471230960667851,9.722340795239183e-05,0.15283333107323563,0.8417810000671094,9.59323498347812,4.3745829414628973e-05,0.09798618466811747,0.8517932947039601,9.778456869132349,0
2.7375197102260692e-05,0.11850661961464695,0.8821407197829737,9.380148427102148,4.083580230274445e-05,0.1374128156047181,0.9230190128016668,10.371711944168478,0.00010789984646830657,0.08514645065609538,0.8743058472200519,9.010177160357458,0.00012921747975566997,0.1970184993169807,0.9164807985672121,9.445255137361734,0.00016249119565620826,0.11452606028878731,0.9183290790138601,10.030082689283567,0.00022722957197249198,0.15744742315777135,0.9052407534967929,10.236663663082544,0.00032424028143981595,0.18925828709180909,0.8362062453018095,9.665776258043621,0.00029266702804171243,0.1785950898461474,0.9156153208437031,10.550064101066315,0.00021163750273518828,0.09385018623075382,0.9061971305301162,10.525381995573026,0.00021820532376380707,0.1279357089138756,0.8948907503181259,10.389956775320952,0.00012028991234705114,0.11510697499233408,0.8880954995557566,10.543750175936045,0.00018708679793082107,0.13767398013398544,0.872811293456681,9.587719118630813,0.00011703616264188822,0.1687735415506841,0.8488960856911865,10.32262837413917,5.391988478607687e-05,0.11421619476631426,0.8727879425880024,10.004813165304393,0
2.8601536031784002e-05,0.12234968824749885,0.9221442988812032,9.358953828810533,5.458109048508176e-05,0.1419469270441605,0.906741205263752,10.551465644685782,0.00014553825566017658,0.11794263284652,0.8740065102132537,9.138999799878013,0.00011166397118435472,0.15163573484101628,0.9017131736237625,9.544541191634412,0.00015987533280400118,0.09431757839284972,0.9118049535225596,10.059908740402367,0.0003305522526157922,0.23349140032617186,0.8843525296650341,10.661585738083986,0.00034464489354187956,0.20338884203938873,0.8034463197430869,9.927951011970936,0.0003066717722638571,0.1687106802778463,0.9150226198575276,10.889110680229203,0.00034431759926403316,0.12667678793230716,0.8999503628166978,10.654302274193242,0.0002814550759491745,0.1612783923312462,0.9029450494481005,10.399613811313344,0.00019333113348428367,0.1642116642132768,0.9082384953093868,10.87856098029927,0.00019714353879918365,0.14939883124598718,0.8928858266775933,9.747063086435643,0.00017681591172616265,0.21326371480949516,0.8604122102189089,10.313767250675758,6.687358821423883e-05,0.12597744063432217,0.9160174392441147,10.138546524078441,0
4.4293456187188405e-05,0.08958958543722619,0.9386146549268591,10.527364075074406,6.301956925426815e-05,0.12388775537348719,0.8922994723488077,10.718706307323858,0.00023386754776621622,0.16516925703952795,0.8826172766637135,9.997579603093875,0.00012501725330394778,0.12362440196079881,0.9094951982782167,10.660375147971438,0.00028232403027436844,0.07352442200322121,0.9390770907704431,10.64071140134722,0.000581299660753693,0.15417224468626098,0.9073718697461581,11.07777334109462,0.00034791265200519324,0.10753626821626615,0.845882614240573,10.381835023951478,0.000334252566122467,0.11502106661620598,0.9325209159230381,10.486898146839518,0.0004226036303537677,0.12327058766921167,0.9111010075181053,10.513822593082685,0.0004975934789611125,0.26246864360896266,0.8939590480605167,10.743063835312418,0.000252405177704211,0.15141526801344754,0.9182251594122299,11.293884633894375,0.00019736771533316057,0.10118632865688282,0.9273767223823359,10.481360713609817,0.0002676767593592819,0.21322514209838805,0.9222100280983709,10.603009255737172,7.533196865394915e-05,0.09179818647401389,0.9450348293785661,10.718529778455057,0
5.5356843796563644e-05,0.1138992683929537,0.9475671926647548,10.886354565389144,6.626357535390711e-05,0.1331085659175378,0.8861168312180445,11.006548846596491,0.0002796971338800394,0.22187894852114762,0.875714831544316,10.360061967089816,0.00013021076984464166,0.1210755576593965,0.9080154782118652,11.249907440631778,0.0002956054127499798,0.07772929601369308,0.9296944055320275,10.867293560870337,0.0006142830641096375,0.16381918154975833,0.8894971662427831,11.457788762743377,0.00039642621550260715,0.12516100790412493,0.8593550333888804,11.059019747689533,0.00032114663982391864,0.10716481416033857,0.9277118598120867,10.259847810586407,0.0004863557045783286,0.13495357488683984,0.8934777528860808,10.749100986456478,0.0005795651996859824,0.28837196953707533,0.8453430298720156,10.994480778305533,0.0002952703978993642,0.17397114480229825,0.8957840919495436,11.557514606662007,0.0002403854225400518,0.12443471739480323,0.9386809328347827,11.099771072515075,0.0003294663006048582,0.24725418023068876,0.8966699680509079,10.964942484050434,8.740855494126837e-05,0.10324804684537894,0.9431791449400589,11.035354271138665,0
5.768728640704244e-05,0.11586358593331317,0.9498735290417599,10.807662136055802,5.658361381135592e-05,0.12357004422374933,0.8912906711397969,10.874353632068537,0.0002873533067310561,0.22700896581416677,0.8692137510490703,10.427700105378632,0.0001150900800998133,0.10883035612955726,0.9206107285860943,11.28147903234975,0.0002770331108644664,0.0740778958799848,0.9305830106093446,10.868396476488837,0.0005936177097044805,0.15574304421562526,0.8922815516394643,11.50421070682327,0.000448416226168019,0.13809623392960457,0.88971448479499,10.582670502836434,0.0003259892536268837,0.10864126221981593,0.9299622030769265,10.392262799531865,0.0004785516183918865,0.13585156950373278,0.8935846550305606,10.886076539218225,0.0005428804631687659,0.2723383767821789,0.852878155242649,11.032582700079528,0.0002876656883768301,0.17549905221541276,0.9111765259876757,11.454991603263984,0.00025251864698509443,0.12523640026649124,0.9370491061482215,10.911383405137641,0.0003222221959507892,0.24025608234303875,0.9005566643012016,10.761347912806935,9.453889411421295e-05,0.1155726720840103,0.9440845320752007,10.828882397175715,0
5.8671175139446275e-05,0.11440407632246283,0.9447498852785083,10.66102785175082,4.800114739250691e-05,0.1135438375572841,0.8963337469610275,10.49966093133945,0.00028265050417740465,0.2137968721425573,0.8713628069298642,10.381075729400665,0.0001171476698746258,0.11331863561186699,0.9130434310104311,10.8379293678715,0.0002973373695657586,0.07980002227337922,0.9325066584457044,10.450884030013318,0.0005274057648990157,0.13782745522071263,0.9197267722270644,11.372070234658331,0.0005028910533230243,0.15583069129429186,0.9168315237676183,10.310039003567631,0.0002741358436806421,0.09582733711569338,0.9370320185566663,10.269096010655149,0.0004104650305497971,0.1256316267312051,0.9229939046981248,10.825499959775593,0.0004874609555676502,0.22459945374282533,0.8465469225235345,11.022319138697215,0.00022227011888481378,0.13587721571605021,0.900571030936835,11.262183567608833,0.0002484172232156875,0.10583258058190664,0.9229815672764949,10.657824312866177,0.0002734733330076705,0.21024395888029088,0.9086025219658226,10.598394173418354,8.452286966328552e-05,0.1051074697852842,0.9445621037419876,10.525301733920266,0
4.0930421197388914e-05,0.16427972880042746,0.9341725401416312,9.895120326583124,4.522799325376423e-05,0.1532183782062883,0.8529505979423337,9.80482095640654,0.0002064256932705595,0.17573879898635536,0.8722795043590257,9.922856931290218,8.844009062763943e-05,0.1270949058927817,0.8591023870076377,9.78758103719017,0.00021608638297922802,0.1315281041641674,0.8924962157595596,9.469220119909341,0.0003114346847981821,0.16942021579665348,0.925043693363539,10.78520792784173,0.0005568004566713946,0.3004810419213628,0.8821259081383918,9.996166852943166,0.0002882309857074769,0.15508697881371458,0.9293784592834476,10.473045316810635,0.0004650474995126087,0.1839872136261957,0.9196959409756634,10.741096292465208,0.00033823939179234623,0.1655009518816547,0.9140650263608148,10.496106436998641,0.00016994170461655746,0.1521949683793086,0.9021314861599096,10.459069291879791,0.000245852104222597,0.13687998371354168,0.8928209230335304,10.092589816071643,0.0001970632318557301,0.2491044350146239,0.8837868055769229,10.28838766096965,6.710201508264376e-05,0.13919462041081032,0.9227649171548302,9.996009544882424,0
2.5845430121195714e-05,0.10678097320871671,0.9021973317743713,9.088831053197243,3.276726746682684e-05,0.11700145291300795,0.7912307885246394,9.205634735343041,0.00015416864274378646,0.13652156000192348,0.8715485455938095,9.403249480450778,6.211084280143835e-05,0.09949163158730082,0.7907910630737595,8.792444287815492,0.00017441080387427466,0.1060749594204707,0.8369182654509609,8.9581856554106,0.0002676241780196283,0.14216334569502156,0.9189718668870119,10.220063178810317,0.00043409809118683706,0.2507503860495262,0.8913641845257292,9.569338667842402,0.00030395272285612535,0.17641028168789957,0.9226472740588252,10.471250171792551,0.0004248122757100197,0.16362788080147844,0.9316432692048898,10.61465678192086,0.00020621256517014503,0.10822505721201296,0.9116357865364115,9.842463546674068,0.00011267021490195221,0.1068960570315933,0.8987338818427113,9.795963893271,0.00018920910763787027,0.1061839489106421,0.8969283241129306,9.539159621554822,0.000124669063912924,0.1668474405945537,0.9035386012708871,9.57021082350512,5.458642744569148e-05,0.12032127455408632,0.9236914923395982,9.632458528901672,0
2.5451778142287802e-05,0.110906670429524,0.8895430087634854,9.32604021963079,3.4848219359484254e-05,0.1195822609123993,0.8007873918794663,9.156092233999884,0.00017039047710652914,0.13257262897168104,0.8770964017375867,9.938943853142788,5.963581953442473e-05,0.0901858505793272,0.7945731942436045,8.787679700930159,0.00019935734024561363,0.12011851387442293,0.8333720436498229,8.900829802750314,0.0003312469928078939,0.16861873104755762,0.9080539913837589,10.000908524237937,0.0004217502176768438,0.26801874552533267,0.9008924961429097,9.873972887143562,0.0004423326127311393,0.2541577769686149,0.9210299211032543,10.399481630689088,0.0005950385556303451,0.22492294905655882,0.9317579985535089,10.69541735464906,0.00032985761467973574,0.1647141610733667,0.916756130222795,10.206313016253548,0.00015430571277090844,0.14580908441822343,0.9260663158058292,9.913990281010063,0.00021886097476275112,0.1275507012690048,0.9051961119550692,9.520862004745775,0.00016225873842728512,0.2167131010090512,0.91264609742236,10.050265052952419,6.289218304574689e-05,0.14067617258891868,0.936229615867488,10.02961899928667,0
2.8476309565822808e-05,0.14483455870879683,0.9038728284907842,9.549435321341917,2.930089955134531e-05,0.11882460409110314,0.8403185810875167,9.262366926404225,0.00020218639432159882,0.15113357109711203,0.8981803665275419,9.930563228562272,6.076240466153304e-05,0.09826614188502193,0.8256188169537405,8.902921416485235,0.00021997552203108526,0.15469714540843552,0.8588370980155748,9.101419096938061,0.0003716097031721563,0.20224339185688645,0.9120556060593952,9.821606012548802,0.00036019884390709096,0.22708693133705563,0.9195755651054375,9.954727299802789,0.0005562313345376373,0.3161550035102706,0.9104039949310799,10.228657824844309,0.0006346253409590446,0.25599465574915575,0.9282836002440226,10.521400722001946,0.00039330065238070254,0.22811349226735766,0.9377154484585065,10.134568254370821,0.0002372046494224946,0.22989246062367794,0.9177236185970504,9.714980801114342,0.0002596967172429582,0.16701151373627415,0.9225851114743026,9.493527797157165,0.00020032221417094802,0.26183577341175135,0.9241027129143418,10.083511898724739,7.144464105092221e-05,0.17509481401356863,0.9457055781032176,10.109068723640485,0
3.569125154959732e-05,0.20642906441666792,0.8763893994228558,9.355589657640069,2.5965888215402923e-05,0.12115339818904745,0.846263845040115,9.596566190241834,0.00021459477410459485,0.17284282915698,0.8904534742456625,9.472162060412868,7.525022566285997e-05,0.12531848080286057,0.8320311690439048,9.025378240850637,0.0002095639042764221,0.16774258820220017,0.8440758596546633,9.53753711274343,0.0003069119177736098,0.19768399061971656,0.8950968385745774,9.83589003301681,0.00025654001747052544,0.1749714057883763,0.9148944750291422,10.355498801580518,0.0005917002655096022,0.3398289855677951,0.8821166314776436,10.211277766244292,0.0005387548034428745,0.22910365606677216,0.91074011676444,10.511636439313401,0.0003613090438594688,0.24983479541906511,0.9039518927278549,10.139358338858209,0.0002664050580378912,0.26787791811081163,0.8683721069386188,9.69377944562614,0.0002703237810624999,0.1856220055000108,0.8813825936316894,9.2857745025391,0.00020149066223781344,0.27483335752929344,0.8861640903121923,10.153219392014242,7.288376725613806e-05,0.2081701176658366,0.918718473374436,10.008817587921826,0
3.937898944972792e-05,0.25286202474781977,0.8965972397843264,9.388186858561212,2.7636574600798973e-05,0.12842495206035975,0.9175876210937621,9.5027240616741,0.00022559202045764357,0.1967038924449655,0.8936881134835486,9.538881698798905,8.16546947939137e-05,0.14022781350245406,0.867402539165184,9.294129855352725,0.00020939582510444562,0.17262009768882006,0.9138562038926735,9.390173655164167,0.00026108556886491523,0.18140542643690377,0.9254159236211076,9.992092383131833,0.00022758937318883296,0.15473171512346268,0.8913735447161691,10.631788540687838,0.00057544714692847,0.3178510896325504,0.8852561883004079,10.343958976432049,0.0005171791331176964,0.2628878930609018,0.910950083771871,10.611525870457283,0.00034989699898200355,0.26004938343862755,0.921350315662106,10.230960520084666,0.00026034123244839607,0.263390060673703,0.8601060082277078,9.643490999168476,0.0002604825963197833,0.2002911740955863,0.8574329222979484,9.271944883891779,0.0001807612155720452,0.26948117242747516,0.874269268663837,10.030300579362686,6.717071160256029e-05,0.2072575051530498,0.9022682836404988,9.91614883280732,0
5.1706533021429683e-05,0.285541402263591,0.8732130818628873,9.680596210645788,3.1168684496825916e-05,0.1499203270151847,0.9261623134482981,9.774433909828183,0.0002449693912169469,0.2630990696546436,0.874388261120236,9.569932140764909,0.00010026631951760009,0.16648642382867726,0.8743054102015183,9.345738809897624,0.0002214452084797178,0.17993886769537845,0.9066571092983751,9.434536135488818,0.00020572953287913262,0.15190635033617123,0.9242307907960148,10.364175091053172,0.0002340507435019924,0.15611566076195554,0.8823659167091592,10.96592516774133,0.00047017915463307104,0.25992813752680566,0.9124752301740434,10.44386366059381,0.0003924321245884889,0.1881458117799118,0.9325681554470306,10.570245653535373,0.0003538973251500849,0.24970963616041336,0.9147450745322114,10.37582917612592,0.0002740117080116369,0.2486919678230548,0.875144489265889,9.823804914025553,0.0002507614787431808,0.18702811815656484,0.8695081357049868,9.459920714004918,0.00015837403644448634,0.2193192757268655,0.8834950995556263,9.763900911465763,6.678642675308203e-05,0.18402765250784747,0.8930434522382431,9.595525635058813,0
7.883063975117654e-05,0.3674189739889175,0.8314778840695153,10.410439856450589,5.8934100120329645e-05,0.23527115764048978,0.9043597943508508,10.633552870335125,0.0002922017048105989,0.3178186549161481,0.8500092354806276,10.124761339586206,0.00014847354286551528,0.2224882721853895,0.8543994919842679,10.080794796751507,0.0001955962691867938,0.15307598917876747,0.9160610962252862,9.752698931981056,0.00019533849575105247,0.1351277792405463,0.9273281956672547,11.095453486026994,0.0003171153608901396,0.19498705557403778,0.8671138683517566,11.389757846642866,0.00042729925773082926,0.20198012344409458,0.9231234810099354,10.724335623589647,0.00035128966320178664,0.1459837309477488,0.9250741907623552,11.064168517247602,0.0005845241993018513,0.3459522561856584,0.8544731189740044,11.081455232332452,0.00045560256688070746,0.34753863022157694,0.8388229632496061,10.82944018168463,0.00043003250295855816,0.2953193737625544,0.8508788494968296,10.461443495705863,0.0002539109742254879,0.3213814536798505,0.8523738968653137,10.852129689249615,0.00011361782104051216,0.2621783706867358,0.8641720615878807,10.39442651656447,0
7.380846524270537e-05,0.35230233341432754,0.837992631698968,10.922843691121061,7.466219973567278e-05,0.290231078262019,0.8229240861147942,10.969081437879382,0.0002594629479622302,0.2930819411365413,0.8399209174074176,10.697725407667749,0.00013461301117193323,0.20594884225743468,0.8211340882481527,10.604906808573274,0.0001589512586724406,0.13493005869393315,0.9149693859859276,9.821602916225608,0.00018829219204063378,0.1516128843643731,0.9267049944048896,11.000699934511339,0.00028010948573604645,0.18521845911364965,0.8889877530425206,11.2055010590556,0.00040150462904554467,0.15847580170150544,0.9054038442803496,11.071441399057681,0.00030128280661181797,0.10607073085332204,0.9044501648780162,11.373426815301622,0.0005768897619621131,0.3255231069080792,0.8484710253012759,11.283977201908954,0.00044350203108828545,0.3441385319884982,0.830822983832944,11.087009293672017,0.0004175654508982708,0.28989424660611895,0.8536070713289996,10.998817961010282,0.00024245806220299176,0.31888744483315995,0.8361544871078982,11.100868513258352,0.00011510833312633042,0.2568298180991077,0.868259264710932,10.71445926591731,0
7.519325388207168e-05,0.3403168994941418,0.8570564052979166,11.06539800377904,9.064723708947011e-05,0.3376289680787067,0.8269600739990755,10.866816419185062,0.00024671565408372614,0.2746107913660164,0.8306107742783525,10.713763219732304,0.00017413418128273264,0.24787019495110466,0.8253111539463257,10.657006922273855,0.00022920453957216264,0.18027838775516955,0.9258750713732683,10.27202919963817,0.0001995871931578718,0.16526642633527883,0.9235560011123456,10.2655137145716,0.0002987727201982904,0.2032646215303596,0.9001351594232151,10.861668746713887,0.00036542237481676585,0.1388072948010329,0.8932645450726289,10.911504043376382,0.0002399159256913899,0.07457066453836524,0.879693552597646,11.204015409862317,0.0006648191323364435,0.34593027604563925,0.846413876218715,11.163187910825588,0.0005135876483485598,0.372512937110526,0.8411537444963719,11.034788334602666,0.0004380331874183921,0.26541629675014927,0.8819590319487337,11.057451638266942,0.0002919026442288892,0.356004892266389,0.8489061924695124,11.03695085404969,0.00013076747080134136,0.28067088790854433,0.8832153851312945,10.711772983759063,1
7.325464053516214e-05,0.3458980245221066,0.8650148114566837,11.00633822319658,0.00010451106228499136,0.36571090137681417,0.8352137866042073,10.639955654074775,0.00019597357530278995,0.2230486077999883,0.8455473941129646,10.684110716343824,0.00020181119872425223,0.27449469143733374,0.8199215336373589,10.62146533432171,0.0003265226210881372,0.24092263537772837,0.9058285675708997,10.472638723566003,0.0002062862576197128,0.18432177066404812,0.9189924281368114,10.111093231801744,0.0002633320393011603,0.18638535676543533,0.8944001839874525,10.817107262788126,0.00031632854119770834,0.12346585133889056,0.8767720696656746,10.833980474515643,0.00020802630500247807,0.06446089954012203,0.8808200311543062,11.27428225242222,0.0006802366287617065,0.3711321782179011,0.8617888790568631,10.975568599148687,0.0005183678199606658,0.4053682684170782,0.8569601982950614,10.942524413510395,0.000425719919039993,0.27155580001796836,0.9006499559656415,11.062246599382583,0.00033775069801427035,0.4084677938654544,0.8642837861296334,10.931628865455957,0.00013328100372224068,0.3051682719465307,0.903074214220397,10.736244481442032,1
5.4570624065164984e-05,0.30460128277827836,0.8808953290228447,10.506671678787903,8.434292807063736e-05,0.3294969567853494,0.8757394826375346,10.240359799808994,0.00013274049792809148,0.1763065116662848,0.8656662377772962,10.1842003009341,0.0001735974401057717,0.2561464390996812,0.838519657493869,10.291947044416343,0.0004053107507033741,0.2752088417506937,0.9098341792283056,10.33036409648872,0.000212564082382442,0.18871308710296067,0.9130974572490858,9.88864575937284,0.00017606807074510434,0.14630768330648175,0.9110575680270564,10.105290488945565,0.0002685694917921185,0.10478281932910519,0.8573275726044401,11.132584078453801,0.00019033676068675048,0.05435998687438015,0.8466276103413892,11.281926460808664,0.00045828502099250353,0.2848206215979629,0.8712613078562681,10.865450402523418,0.00027917515380761546,0.29348128291112613,0.9042058207059084,10.54303911233312,0.00027094940002634434,0.19187421245759437,0.9074436102352329,10.55307000198682,0.00022253665189225685,0.29331530024967134,0.8920236345269097,10.80444840144093,9.435539407564068e-05,0.2615660208751369,0.8940504098059178,10.46061963154764,1
5.3470135887931795e-05,0.30412393743165944,0.8891217814311939,10.345524220322737,6.396729922626748e-05,0.251814071514476,0.9180564665551997,9.91671461442484,0.00012139309349913338,0.1760389842117097,0.8466290241556638,10.114786714276663,0.0001614116703096116,0.25349969808479605,0.8434145578734683,10.196837134595738,0.0004310189809097424,0.2716477783784636,0.9050555909380202,10.318828238136419,0.0002048987827771749,0.1612661994190426,0.900698897208584,9.87522437599989,0.00016603826402581068,0.13883808203897577,0.8998850267408997,10.087152635850067,0.0002050217514589599,0.09417149000147457,0.8659919150862483,10.623413162654886,0.00023431099656609736,0.07546270386865729,0.8928055883513071,10.730108999234877,0.0004602894795509133,0.31146732392989956,0.884309092226884,10.54302778620068,0.0002630284376790679,0.28331760350529167,0.9199230927489843,10.366988106185982,0.0002607527975288975,0.1955309427188157,0.9030355805956474,10.30339099783228,0.00022583282158715598,0.2918150844616124,0.8971493267979465,10.708901755017472,9.96093848738021e-05,0.2930053158428102,0.8933610164465058,10.316594867380697,1
6.000501193255005e-05,0.2588074085970293,0.89125870765204,10.247522543602253,7.206358235512684e-05,0.2263526797220427,0.9059371721667873,9.957575544417454,0.00014135564107185187,0.15747537503424502,0.8610937405277654,10.133475247305986,0.00016570044557017837,0.18934633521010957,0.8580011637408954,10.058877591857627,0.0006039376321044572,0.18577152173522704,0.9208238596040568,10.212589993351028,0.00022880872002122122,0.15404459500349674,0.9263259482366629,10.359888660316638,0.00016038087484422517,0.10788582646586208,0.9300126261320669,10.378409111128736,0.0002804765717533707,0.09635373889878449,0.890075504993383,10.648933963474095,0.0003494672710582169,0.09281255771652921,0.9022808878736607,10.612826849625758,0.0004781040222995947,0.2724601043248096,0.8834050785113451,10.005128076752838,0.00024913623745882957,0.20065186225590761,0.9371878822243632,10.371100854036651,0.00028464591664881754,0.1663299229194454,0.9093230704464964,10.267756992898052,0.00023129519509181777,0.17319383283832107,0.920281961155935,10.761003672990151,9.267740462883493e-05,0.233247058927086,0.9148813236628962,10.340327746408715,1
5.758913773177022e-05,0.23322456350856147,0.9071083865914071,10.447202159253933,8.252294958469379e-05,0.23904456585627015,0.89541150596832,10.2136089696361,0.0001756891965157763,0.1727869565107341,0.861663897319157,10.256955105389144,0.00018456876481671324,0.19913160317312423,0.8596812933987857,10.378203714508402,0.000649621074021306,0.1873116579775198,0.9120601975020463,10.212402134900476,0.0002794597301985307,0.1539716827969667,0.9221512600614654,10.933579592187073,0.00018394656339548152,0.09945324780326553,0.9195082853662538,10.463155495416725,0.00033150496648650984,0.10537823668506345,0.8922485381212473,10.618254922655726,0.0004073973797419141,0.10771690236979141,0.8995689222756778,10.596906860511035,0.00039217703644552553,0.22681642489692302,0.8942547104858947,9.887651509455413,0.00022644968855036493,0.1764133830623977,0.9255562435593557,10.4958756102108,0.00029635559133476283,0.1634816345148713,0.8973932873617863,10.510114634988199,0.00018217454240056512,0.14199973175506544,0.9264793184240894,10.962590819383248,7.164721583398958e-05,0.1877408784709534,0.9255846953156569,10.483875137889118,1
4.42604834464888e-05,0.17031599605791858,0.9241834522542989,10.66309739720253,8.038784683672206e-05,0.22296193499046585,0.8739810812623845,10.335821000414535,0.00014692979346941025,0.1341482801497469,0.848130794375691,10.41910314807534,0.00016803616820410368,0.1656363219361605,0.8322896229630441,10.56523633522247,0.0005771911742118615,0.1734501303843009,0.9133615884584696,10.229310175328044,0.00022423929163805314,0.13498012327645204,0.9229807313307008,11.209063417853622,0.0001964968878008336,0.09614263662239067,0.9338337912075321,10.345812344015224,0.00036984898463201827,0.11637761480852488,0.8974526483687063,10.536463148194938,0.00041779242529375177,0.12565981200141052,0.9053197219402569,10.713289295294938,0.000328863816548957,0.18873996154943576,0.9026512043623673,9.554607537961868,0.00020626439594590516,0.13961778551473833,0.920124387366947,10.593852067777027,0.00023947352574683805,0.11425741665527497,0.9173057391782073,10.738900916325354,0.0001536745829108717,0.12445754571136472,0.9284867722193691,10.849089406653619,5.318459392798023e-05,0.1226932065176584,0.9212050804856645,10.690804207814494,1
4.8225771902699996e-05,0.16445437554249434,0.9275846570552371,10.919479716057358,8.413226857406896e-05,0.22256636785318776,0.8811329334480626,10.346492432933724,0.00016809555508872558,0.1381066859989769,0.874009148654575,10.647480053674586,0.00017384803327139583,0.1475574056545126,0.8486678692663184,10.62915891668144,0.0005861037349316043,0.16892261723179341,0.9185097475271005,10.242748555371344,0.00022036153452546369,0.13381576919156993,0.9252123188229059,11.231898823268276,0.0002795345339276664,0.13288009976518297,0.9339032835401064,10.630253818260702,0.0003819987237953854,0.1166623712680434,0.9112944031348895,10.881642388302206,0.0004242369943326913,0.12077931395475747,0.9138591658292189,11.035739480560109,0.0003564967287374918,0.17564090786468964,0.9176313578638032,10.046381718561008,0.00021241520502640756,0.12571725612940918,0.9245564656350965,10.90835149583048,0.00027097780771376744,0.11395396791692364,0.9244697696016566,10.998049129763942,0.00015211780954396486,0.11218661027804933,0.9287633294273479,10.974649003097078,4.910299717238061e-05,0.09142158344517597,0.9178603975315429,11.016972392797829,1
4.777373799904346e-05,0.17827764991278713,0.9035244965233941,11.325670399734015,7.340934683464225e-05,0.23217438934699555,0.9071925321959065,10.46976152537628,0.0001815078417723559,0.16404249737454865,0.8815060270567304,10.879263864879308,0.0001317226097595166,0.14327707205240434,0.815477542475992,10.900716475764346,0.00043464891680046366,0.2300163827870085,0.9218148527722019,10.425895368172773,0.0001858685450323849,0.12187523936714396,0.9108371688111675,11.32638138768048,0.00027172855283518296,0.14764066822870126,0.9139466967007379,10.853172217403964,0.00033862780555970334,0.14530472057865837,0.8883537460762114,10.769199214426301,0.0003805221241457764,0.14716452202938454,0.9195916480967814,10.853657889835638,0.0002562635196782742,0.15304810370038405,0.9452556617612643,10.680242452767903,0.0001701231034558837,0.12528023914618064,0.9251657373979343,11.0672212253833,0.00033499304720389033,0.16157476104081453,0.9021083272468864,11.36149348295858,0.00011153931608836925,0.1377759227425755,0.9206622032414481,11.162324367587209,4.989519391344477e-05,0.10228895456771521,0.9099559881550249,11.275972353875328,1
5.091501697987468e-05,0.18494268181247106,0.9194442711153813,10.956704575428754,6.190850478657133e-05,0.18802182438975787,0.9277411713225109,10.5370914713635,0.00019426182842890264,0.1716507893558855,0.9076916505858433,10.624248299561435,9.794322231896797e-05,0.11013927457380725,0.8012941104505285,10.827820732151826,0.00030596953120234693,0.1902242933327815,0.9172620976602883,10.36109828233889,0.00013905968598801506,0.0993198116748923,0.918114173732973,10.446099625782713,0.00031750168913880107,0.1801606981437924,0.9165458970310294,11.047472751353618,0.00034589596752019106,0.1421971250613764,0.8927570484386512,10.63659723700226,0.00032227490920815787,0.11832400688558417,0.8962433374963615,10.69718948695288,0.00022891429741506657,0.13134343668553608,0.9273837811600262,10.802824099792042,0.0001691815527644681,0.12845978944943895,0.9284918849779884,10.879211513422835,0.000361890724158828,0.15851864576206845,0.8896520109575704,11.022876911464015,0.00014383178647884093,0.17610580152281138,0.9307977172441659,10.83128635151646,6.976072275009665e-05,0.1319794497518556,0.9166572691209233,10.770152843149178,1
6.851318020863565e-05,0.2307949361434758,0.9130900788692354,10.714357490678745,8.318405363160042e-05,0.22619465504230196,0.9239491631664827,10.532824207946721,0.0002976157008582423,0.23235417713300127,0.9066548992436139,10.37696640243419,0.0001377065157034476,0.15131776931386504,0.816138948960369,10.628475273751297,0.0003129979348138902,0.17951602483796564,0.9030155638884613,10.576254055357643,0.00020794984635138017,0.13225488819095507,0.9392165383156956,10.474621403815522,0.00045334636699162283,0.2499586747726654,0.8941201507007128,10.835976607459362,0.0003798069064692226,0.1719845697282361,0.8934102419982838,10.248806342043492,0.00039382449009908217,0.13928046403138508,0.88507071896968,10.330299922536236,0.000398204095008555,0.20378056129078467,0.9011500860559108,10.491025421010598,0.00027264407490753607,0.19459342750499198,0.9184830346541962,10.555007333503346,0.0004971039088289116,0.22948183075144282,0.8961364004010393,10.704702252668614,0.0001979597136145028,0.20320201196208929,0.9262485000290912,10.493219312340393,8.193974789871399e-05,0.15901919047114826,0.9339227342895321,10.588237164329437,1
6.284286711979528e-05,0.22062531108097633,0.9036112815872017,10.545409033880741,8.496000813245151e-05,0.2506598783308651,0.9001532589771395,10.525696892098068,0.00030937490847215683,0.20193889235237603,0.8655948218575096,10.294872124788293,0.00014775458886185343,0.17537714138510654,0.8066165422391597,10.504331486599991,0.0002603715913057288,0.165059533638049,0.8953561866131028,10.642033398274597,0.0002572142099254798,0.15565781909836637,0.9280803802324824,10.90407394406333,0.0004166602378848258,0.2264169114639665,0.8878397991672564,10.860687572972244,0.0003408186300771336,0.1645749152213508,0.8752142385234016,10.1104635879286,0.00032945716792865884,0.12954241006704661,0.8581712255094881,10.127395228367533,0.000345755014361445,0.19632912381320558,0.8848731798032734,10.276789244061211,0.0002721844078436216,0.22087014040001207,0.9164075515806642,10.39030445485533,0.0004639719451237272,0.23120121791467085,0.8935473011509714,10.564406723833635,0.00018858897895016936,0.22103519506959712,0.9108760407644197,10.35831196001437,7.219313698471362e-05,0.1589675988714468,0.9319202125511507,10.50358754082088,1
6.96106279864642e-05,0.25843500400007907,0.8778696317373873,10.527486061264371,7.594892610305714e-05,0.21291553382920642,0.8829423641661569,10.486465705362253,0.00040433357739085403,0.24898611996690956,0.8423581675596852,10.635990590182429,0.00015436672195698664,0.17157984970965537,0.7405072434741766,10.49581682296265,0.00020261681285857345,0.13117752194206858,0.9058266794480484,10.383213731211987,0.0002577362383829854,0.15800695191610806,0.9147329395416909,10.869257903836562,0.00046024434357969666,0.24641190832895,0.8836049888259918,10.670237825034977,0.00038378986026686257,0.16101647544232864,0.8857355167593117,10.1978242207055,0.0003357672981797561,0.114981527469915,0.8685519348859679,10.262380643001615,0.00040339589530108297,0.2240491494132824,0.888112155202583,10.28140641445029,0.0003458953899101528,0.26515937676345785,0.9076822775979225,10.29442499325724,0.0005376990279085131,0.26158788900310564,0.8733394121800458,10.49832033556935,0.00022145118201710536,0.2521222903931802,0.9123559274909793,10.0875563307467,8.357777508775247e-05,0.176990812695687,0.925339337731665,10.333949690416986,1
6.540318997880833e-05,0.2544946843966236,0.8785405278481553,10.610188756546743,7.044560654668258e-05,0.22080297871913818,0.8595966687459342,10.403131637595209,0.0004404816571892913,0.28049192952611873,0.827670726313412,10.837332077844975,0.00014319140939547307,0.17494425240947556,0.6634691856413462,10.586810823835805,0.00022246576289464034,0.14357457005972582,0.9080056521266263,10.379779010862736,0.0002739916712688647,0.1688679273521049,0.9151890789879444,10.612141416393877,0.0004660475637835483,0.2738427125586156,0.8543670200674166,10.21315431193946,0.00041073394846757237,0.19891673623519784,0.868217138548178,9.98364267114484,0.0004318480566016176,0.15637095672523899,0.8604201276128423,9.891052726773948,0.0005055483270429168,0.3009102788333209,0.879983383201685,10.032135119933507,0.0003180200644958937,0.25249735696581377,0.9119315317211487,10.246862481537296,0.0005201002335836718,0.29186380281614666,0.8793209369967311,10.612857557374463,0.0001871760633528115,0.20617213252434397,0.933542594174314,9.945766540980866,7.627571799078834e-05,0.16092492144850457,0.9427806899214495,10.25342394922333,1
5.68615034107914e-05,0.25381483069037475,0.8903017237351941,10.995110976579177,4.4476696596224136e-05,0.15768738587116252,0.8771935411964046,10.218417434122955,0.00038918189283337635,0.2758678688402758,0.8504106603495439,10.950100712705725,0.00010177515304193644,0.1319519174939949,0.635880631739012,10.532583941794925,0.00019479317921755347,0.13316664055746674,0.915950875973789,10.199322583362465,0.00021932240605315116,0.1497339674733606,0.9119384415563172,10.578433619856586,0.00032813041561054906,0.21431325874254029,0.8702981515186582,10.26694253899216,0.00032983007412253144,0.1578786334796113,0.8764400061775685,10.072480308954288,0.0003616446410787124,0.14582212396162256,0.8764680328385364,9.75172104416318,0.0003519446082029989,0.2649111710351313,0.9104471361182718,9.89512348227316,0.0002284391240883585,0.2392036998224318,0.9318135421420084,10.385561828070196,0.00041363163386717454,0.280075891026801,0.8986951069815964,10.891323802674052,0.00015765690056165029,0.20794921029467048,0.9126494115138171,10.138602478706035,7.516583333247296e-05,0.16568397694092712,0.9178691168956041,10.54143555668551,1
6.371473597161508e-05,0.24921116709126867,0.8971799552033679,11.013127176225135,4.4252600723040955e-05,0.1283974038138965,0.906032077922722,9.968576412705426,0.00037815367896501236,0.3167474437283323,0.8832572823869075,10.915951803101073,9.955368922141521e-05,0.11849245682648958,0.6729590721483526,10.389855805650265,0.00022488148051376226,0.14255078306180904,0.932138266974944,10.259307554755734,0.00033113322103718406,0.21289381630057497,0.880750915029481,11.116675526344865,0.00033134573663932574,0.23276946764216797,0.8717604411461297,10.734549115653966,0.0004475254797029039,0.1920214287697003,0.9088547640729899,10.475611077464855,0.0004944811302558516,0.18209437556629496,0.8995770542765598,10.11192964361213,0.0004884210516206443,0.3380322726039796,0.88691302196699,10.291475897180442,0.00031919241323379185,0.2923158082621913,0.9161764398338829,10.734964921459863,0.00046710926893500746,0.32298797290924014,0.8917502967035791,11.057749489887028,0.00021624039323054408,0.24374319944938388,0.914978967551424,10.397951935863642,9.700483151259173e-05,0.19558731426841902,0.9113871267927796,10.624767402195353,0
9.195321524388786e-05,0.2970579052436722,0.8595480650214462,10.986893564251988,4.5903316135841915e-05,0.1314196568778282,0.8805284045821093,9.949255572267703,0.0003042359229667433,0.2658044633680774,0.9034878555494398,10.603884238480001,9.185036858469255e-05,0.11823574094619799,0.7355893625901782,10.251217646358434,0.00021159169271822695,0.13269914561474294,0.9295793391029699,10.270819450476214,0.00038977521959757453,0.23212707727040688,0.8873411478023477,10.938004600788474,0.00029432065988323273,0.20529650388180584,0.8932954318233023,10.92742200918238,0.0005092472711637327,0.20842744695667292,0.9029411584175372,10.612059297544413,0.0005974637033647142,0.22796814738625218,0.895398935316386,10.51079291541735,0.0007572131173245977,0.4076334971438199,0.8420366878283205,11.037672547038511,0.0005135104918876619,0.3917955747530098,0.8715138146000725,11.238686748472928,0.00045256492599514745,0.31869195698956304,0.873065531298627,11.149457201830549,0.00041797585845241864,0.3550854219422854,0.879397213649289,11.055918713810748,0.00013851926571176778,0.22732330821378197,0.8876932546319172,10.758615309543252,0
8.928617531991084e-05,0.2661948883394644,0.8635255533163774,10.949450678611548,3.999487046797563e-05,0.11082260498216963,0.8612500876778991,9.890996807203027,0.00021655268745346238,0.17268511484673196,0.8990659214316994,10.464553785131635,8.329416892660096e-05,0.0967072037971966,0.7828625079706432,9.929487017579335,0.00017124364036607322,0.10289777732201158,0.9159492073527816,10.418100466799201,0.00036809626641367394,0.24780464590760107,0.8637681761709327,11.116822881413725,0.0002272798203983014,0.1624055962841191,0.8998828055675603,11.315410022318257,0.0004336756609240551,0.17657899293131885,0.8978239530657389,10.918201027442706,0.0005011451793576221,0.1919701665871216,0.897926886693577,10.904448051720234,0.0007026114942605744,0.3545967759742537,0.8505051096331951,11.370916389391352,0.0005331161703322807,0.3859664608521334,0.8789387209548228,11.179996902340122,0.0004372451407579373,0.28718975621617004,0.86904566274286,11.075659409334767,0.00043840770812336374,0.3701181968204942,0.8752348185953738,10.989752521406185,0.00013631207053346056,0.21196710023233722,0.882729408417843,10.75179508199816,0
7.861697985842955e-05,0.2342688782490427,0.8629802443837776,10.753697760785728,3.587936163092845e-05,0.11024509784212029,0.8650424822665548,10.05941890995382,0.00014945026154980257,0.1280571033427907,0.8974609253266342,10.519512176240095,7.509837846291566e-05,0.09717045213956474,0.8261154332956286,9.96225942970226,0.00014927382471736922,0.09342316107992846,0.9160937256273747,10.266282925345486,0.0003427336745485947,0.2138480448631044,0.870477096510383,11.132153978512463,0.00023720906293419586,0.16353857721714796,0.8916892521167253,11.477534870067238,0.0003889704094532958,0.1655671583317373,0.8866205079218183,11.022094761262462,0.0004378262479840756,0.1615062408612203,0.882179013659603,11.15353833891861,0.0006922700097687356,0.33349503256728735,0.8593183568018049,11.390442501384092,0.0005423062339360474,0.3583434808681866,0.8836581010843269,11.078541208917283,0.00040580911997089675,0.2493218070862961,0.8632707883420938,10.99656582967573,0.0004200608498421796,0.35744677138094383,0.8797241363882008,10.926182509672813,0.0001268956047658615,0.18130102566615725,0.8809507329166737,10.566773884422556,0
6.845864316798274e-05,0.22473664753343006,0.885607703815153,10.76396071508503,2.8383363469174652e-05,0.10475039315366368,0.8724646232865331,10.417825361370344,0.0001298695049380469,0.11875907188228849,0.9036118344954921,10.630862546198879,5.9853438740406145e-05,0.09981353771154326,0.8535709075472228,10.387949490442908,0.00013179230248321064,0.0901650349848202,0.908396952462077,10.176645960647544,0.0002521378198714343,0.16974353530177613,0.9189135374458445,10.296590521009325,0.00023106443212762487,0.14974717937324025,0.9166370341920924,10.822267751043723,0.00030571524867866194,0.13810754915666235,0.9014892381962613,10.862391033043034,0.00043757016032810526,0.1609086590642129,0.8911737048470223,11.367199634093131,0.0005397804286337185,0.2793438256617753,0.8764518258047694,11.439951719644402,0.00041397758391011785,0.28368232724647025,0.8911049473988325,11.021684412118187,0.0003458168111440615,0.1990718224698838,0.8859676270748852,10.777964852774499,0.00035364852620745486,0.3237963871910254,0.8875441369105264,10.933094317222602,0.00010379537976771953,0.15148438778373247,0.900810991677659,10.49405785761586,0
3.209653430914382e-05,0.11547637142142077,0.9255226624749476,10.253830106734114,2.8073214089522735e-05,0.10022997141478397,0.9076075056843288,10.632905950105181,0.00011050411738072893,0.09738753048289804,0.9213036434225312,10.284116870847406,5.9537560287916305e-05,0.09226847144994771,0.9017261597671594,10.853899725201089,0.00010695449498452,0.07283868253763558,0.9204592484608188,10.381433533859502,0.0003227493897362516,0.21397655413015207,0.9228769949645008,10.629567549575334,0.00038625024985239613,0.22208420204188542,0.8915707654248255,10.658615427506344,0.00021594684899139686,0.1127873887078344,0.9100908181669872,10.817384102655698,0.00034247704616607736,0.1277766564596332,0.8953804605344727,11.211381876677422,0.0002918329065507068,0.18173077239088278,0.904553479689302,10.59029238636725,0.0001760515001482005,0.14628314518543584,0.9140288143933257,10.176802228199746,0.0002349809130545531,0.14336380311638525,0.9142506786372196,10.068399643273017,0.00013258310182604906,0.16385240111402252,0.9326692114657666,10.219817481653797,4.63602261538203e-05,0.08292367115611915,0.9007956965510255,9.880038108305213,0
4.4697842867427596e-05,0.17258386674219303,0.906533509606095,10.276378308245178,3.040311761731956e-05,0.11254975912779441,0.9305534849459255,10.721555258553012,0.00015043014921988418,0.1424845673013701,0.9045851405897053,10.244061307415823,5.5498537845675504e-05,0.09288394034632853,0.9018781892473381,11.044768922731441,0.00015309208800285177,0.10487904374237836,0.9461517924629537,10.803695690588949,0.000426780426124811,0.2476584006221395,0.9250490251931572,10.898294376389215,0.0005465772972847787,0.2776297399400573,0.8810722274393508,10.671569056220966,0.0004224183005778361,0.19612109495398167,0.9108868573781831,10.856714958377385,0.000515461982820128,0.17536099991032003,0.902066722699623,11.05645830431792,0.0004103508582391222,0.24832522749327182,0.8847885547192621,10.54668202143927,0.0002161089863427827,0.18405235945807427,0.8891028156866846,10.347339866134648,0.0002582497570168177,0.1654824945643912,0.9165957008364639,10.100424265093789,0.00013384409609439857,0.1686107076866104,0.9128577864329737,10.538149220852706,5.5470579305331925e-05,0.10848879414015382,0.8964677094581843,10.185146725785023,0
5.317117797127569e-05,0.20126437115586238,0.9016638126836671,10.033626436828026,3.229701415608695e-05,0.11318502140574842,0.9253822139685944,10.370648785799322,0.00018458626407156283,0.1694550780742118,0.9014472740938689,9.957424485574998,7.620535998145063e-05,0.12150740214696293,0.9153459923803127,10.222156006318702,0.00018753260267456633,0.11778343675737277,0.956894776211978,10.419218371524245,0.0004700978933551523,0.27591345231889036,0.932966305848363,10.936283447295509,0.0005141222921117732,0.2640445353913987,0.8931290647304886,10.559886988443502,0.0004854592071513432,0.22914456736646518,0.9054078736880763,10.883645797652935,0.0005570418623010839,0.18478443605466538,0.9071169083269456,10.98807436613311,0.0004182859277595185,0.26250914741073506,0.8991108401598537,10.569825263598183,0.0002172927333687839,0.1933391529715901,0.9116392945517172,10.376508414322124,0.0002565296710351783,0.17392560850807487,0.9320586722865758,10.075640789190754,0.00013503092584606465,0.16894623984552684,0.9162590965732522,10.639428746187475,6.0239915436757835e-05,0.14206414449113472,0.9361312543837725,10.2124816708159,0
5.6711341101812384e-05,0.21628791450054383,0.9034422950931519,10.126502452137156,3.766625558656666e-05,0.11104390110723676,0.9185000000480421,10.380622666530362,0.000200449787781252,0.17268146047188385,0.904271100752877,10.099816822234681,0.00010354903557201466,0.14063763776212626,0.8996848835464115,10.182375574113145,0.00020517143790778035,0.1131057829611933,0.951171601703511,10.518486690060323,0.00043576385873809597,0.26574654033946377,0.9196711693893581,10.910083344083471,0.0005440333652625966,0.26678161018920554,0.8899532741288813,10.511334833656402,0.0005121986811187856,0.25849521890268584,0.9010137691019771,10.701027761419857,0.000546530662286167,0.17873224593292822,0.906328355614338,10.585517677595274,0.0004993634598728142,0.3129880641456347,0.8873382320636658,10.362111723100902,0.00029754579844568324,0.2776862112699699,0.8869888511171707,10.333463798916064,0.00023799258858785507,0.18576112929398955,0.9262005322075915,10.165796830235218,0.00016935132948060516,0.21798622790535016,0.9035875561636991,10.458297333918683,6.660635884512799e-05,0.17253641473591128,0.9278096060985772,10.259930196597393,0
5.0506311641402416e-05,0.22333909800046875,0.9187686766825934,10.320086370452984,3.273721782770206e-05,0.10698022713409334,0.8926749432780541,10.37949161519353,0.00017831325636268484,0.1767430584577943,0.9302222970632865,10.386474282327924,0.00010599981051520966,0.14737207951931838,0.8840318241844201,10.123152306243616,0.00024568552115336617,0.13584795883472525,0.9412939366221197,10.520422957786202,0.00044184275432890166,0.2740154782962994,0.9166081843837018,10.819584878342356,0.0004910004505331587,0.26743924975735545,0.9122578167862828,10.618273440180248,0.0008356041248505861,0.34832145760119215,0.8516239810593226,10.96444616074402,0.0009056522667507189,0.2737752594303686,0.8612625191820951,10.731172882658973,0.0005768702266492202,0.36771932543383223,0.8660066311470519,10.25013955250797,0.0003161076670503798,0.3096308409539327,0.8942879967356077,10.238923286545713,0.0001964551360927812,0.164951317559556,0.9313338150833173,10.556514718751714,0.000180619980629387,0.25635489868415545,0.884442322783916,10.248321667713832,6.765574753414461e-05,0.18837610848618255,0.9307618855364551,10.457705164190976,0
3.295980002044039e-05,0.17012596476509717,0.9145486893007789,10.65687373047291,2.5063371443834926e-05,0.08993741163626304,0.8843078918985219,10.257409597308573,0.0001449562484959465,0.15244814181890443,0.9360241131007494,10.549864630706718,0.00010293226868599694,0.15582726260632462,0.8651188117280586,10.23413014204992,0.00020862179998717382,0.12830588066132884,0.923465883189923,10.481625482635332,0.0003714889461049528,0.26156857262904826,0.9100455797936106,10.72701515199314,0.00038651897694258507,0.2334034189034425,0.9172822177660763,10.485821743185145,0.0006863598230763306,0.341696494164113,0.8493901720723225,10.976638726604527,0.0008648579550974063,0.30822242414537454,0.8539118305045507,10.7133073988769,0.0005235377354715553,0.38063609527038655,0.8565881752825236,10.251702562561542,0.0002940431793496312,0.29772801284723016,0.8829378125665961,10.303208405093221,0.00014968758013593397,0.13087588831932875,0.9262790955831796,10.704836532096149,0.0001589420931324271,0.26869620990827653,0.8774093485268781,10.095046805485362,5.41237841145189e-05,0.1512476682627767,0.9396331228973467,10.479297632599001,1
2.4478964447596057e-05,0.14362514569651158,0.9004609054232092,11.51291525199252,2.6973377539465742e-05,0.09728950862731782,0.9077576686725317,10.230200660204916,0.0001039108882097426,0.11723913474715215,0.9261495661974982,11.293056456768838,8.446831192630865e-05,0.1369193444633285,0.8577790062356894,10.537792105009432,0.00020022660845538803,0.13159745783327095,0.9235420978531437,10.632916636950785,0.00034579231434487336,0.2529690092037777,0.9034486471041099,10.747206340036922,0.00037574291997557584,0.20400725874470696,0.9173196671322708,10.3199431381213,0.0006404689724898562,0.3353946395241369,0.849493457523951,10.973600949963979,0.000855981647731637,0.3166508521632052,0.8523912303791766,10.745619929231202,0.0005548751593585582,0.3808940787599689,0.8556244698541315,10.371147679384158,0.0003091687186495762,0.29307282721103045,0.8884087227688807,10.343573912545724,0.00013657864677005707,0.11688239932766883,0.9205121391852039,11.002577117140458,0.00015631310135074566,0.2772500497752727,0.9141403007204879,10.10859134885349,4.792385030568578e-05,0.13455635366368826,0.9389506827772391,10.413800714342566,0
2.740495331779152e-05,0.15583179349652204,0.889370473106031,11.534292008652761,3.6527131357713075e-05,0.15281056563051562,0.9224812266441241,10.20714283178086,8.8601104769891e-05,0.1107388805660578,0.9135556761019888,11.483469537525826,8.475645085321208e-05,0.1505180510846241,0.8543038245614384,10.68880734433925,0.00021369764124801012,0.14507468990341768,0.9243015583605403,10.499180668807748,0.0002986174653587526,0.20881776544016722,0.905750573548223,10.777618818490785,0.00032766794362956584,0.18747202143764752,0.9227991129974232,10.535357858527854,0.0007260962135930116,0.33784194755621494,0.834278209720453,11.179397807887714,0.0008920851422213126,0.3369803299460001,0.8308743456369413,10.956428669246872,0.0004982971421885772,0.34702720347656246,0.8767079195800226,10.602684225563946,0.00025090528471974024,0.22726594515882315,0.9076680559011328,10.464004277835292,0.0001269600659515308,0.10147780117147988,0.9253108622874652,10.936108164489479,0.0001369877156584233,0.2166791630264053,0.9242080420408044,10.63276840531568,4.652136210395253e-05,0.11912418394065259,0.9349634702723564,10.502113307614195,0
3.347917401198148e-05,0.1826129040060391,0.9051379132254331,11.074975091391185,4.524793861722722e-05,0.1871229297388942,0.9380805064833264,10.080502531883411,8.60102746680362e-05,0.10674453447372405,0.9129925124336603,11.107525486066631,9.316728413306564e-05,0.15767444646667536,0.8486324967408969,10.63727769830883,0.00021947692354353152,0.15221578939493322,0.9421825656921936,10.437239504431247,0.00021933123041389303,0.1605860106985598,0.8860107819970445,10.925826600775201,0.00024380755299793598,0.1374959119425939,0.9231758100181165,10.198256012373884,0.0005021652832108614,0.2664297473063644,0.8941330306612858,10.746522502441564,0.000551685794300726,0.24073462315665553,0.8628303528416604,10.896982634160583,0.0003789333190209916,0.2945513500324834,0.8819845023655188,10.550744582097257,0.0002262846921721019,0.20268062569168815,0.8962371094768552,10.396101161275055,0.00010489426878694377,0.08251291677701443,0.920153120288587,10.766740154384362,0.00012150586961353554,0.19580154505987282,0.9139252428124032,10.733723764419839,5.153677077210573e-05,0.122394719642127,0.9303311165924893,10.299226640964386,0
3.3070985544678195e-05,0.17376331528797323,0.9041154280364955,10.551831247097443,4.8240612837727226e-05,0.16977838578546775,0.9187763765990495,10.100676286687172,7.637134887964598e-05,0.09759536256801427,0.9231689628262852,10.488988857635546,9.230645707808337e-05,0.14628873483415517,0.8226721642580848,10.482155461392221,0.000204861628753978,0.13766355048380635,0.9244686744069168,10.061978576525044,0.00020151975271886106,0.12576278213098105,0.8945284101480597,10.583052632824874,0.0002482488898087581,0.14617493347150026,0.8924687216546454,9.693814934764045,0.0005188942818259181,0.26311237502268164,0.9031580167163638,10.357288082869692,0.0004616936328241893,0.19385763001013112,0.8776952373276801,10.618564461221622,0.0002997370942847054,0.2465383324499484,0.8899783418215024,10.116143287543176,0.0002092912597774659,0.18310528078090405,0.9011529394268221,9.912099647024801,9.981787426458192e-05,0.07934599135341276,0.9048152643811482,10.296893612045515,0.0001064534273201638,0.1675720687215526,0.9184046747049602,10.60711602072255,4.2886125127902433e-05,0.10836360541735364,0.935173400247364,10.205169720242036,1
3.767705859506928e-05,0.18911368126224495,0.9205624867728213,10.600095540056245,6.447193051895139e-05,0.09117747046488078,0.9427509737546608,9.999293050093687,0.0001477193402636948,0.09061176782924196,0.9321882864488712,9.770300387276064,9.441622983987855e-05,0.14120095848673955,0.814444332180534,10.816981423232624,0.0002199149550008606,0.13759437899483884,0.9391943903380201,10.306949131513694,0.0002769355036954385,0.13920691181829117,0.8856841945697455,9.837990187461083,0.00030132222345665327,0.16426543754685227,0.8759791871522921,9.427206017794433,0.0006592346757293298,0.25339311617265003,0.9162451229971826,10.362129904121524,0.0005721404349530965,0.19923402907151522,0.8823241560283369,10.335233523986714,0.0002842172374478875,0.15732794877984377,0.9243751828907385,9.587648056716628,0.00021134609048608987,0.12616700529961142,0.9180682585056925,9.539320868148348,0.00020151644709537803,0.09018928376351668,0.9102473120479969,9.632944804692656,0.00012879988322367418,0.1573268812337786,0.9326992972244555,10.890102235939128,5.257629106065319e-05,0.12676750790992958,0.9378051265709715,10.841517299943375,0
4.244629421747774e-05,0.22991110066822532,0.9226657284793721,10.555217102774256,6.541165081927503e-05,0.07633986497559266,0.938939601026501,9.977306300320413,0.00019365921140186048,0.0952395591623555,0.9352278050691508,9.736293555360472,6.83520839524586e-05,0.10312875797889744,0.8251560154914974,10.738505126441515,0.0002554433572584527,0.15857770187706868,0.9386296320561245,10.098950383797563,0.00047033273073135873,0.20943721345295332,0.8979115280764813,10.179332385336284,0.0003934456888030324,0.19147561196447355,0.912186259330996,9.532022458767818,0.0011354041083462608,0.3376466882974037,0.8574108843212025,10.324479874716316,0.000824652248210272,0.24100432476598646,0.8960524158175486,10.094344920216255,0.0006796090918290736,0.2735525399826167,0.8760926460914837,10.00789807587794,0.00041381157504154025,0.20143699794514466,0.8922082078114815,9.899715559419594,0.00040353645331165527,0.1454414267814292,0.9156431948801808,9.973628010911286,0.00022083323023042016,0.2561472214742995,0.9078632355370725,10.816045246590079,7.804830887994569e-05,0.18535375114205535,0.91704898013203,10.805053401223942,0
4.385778108154257e-05,0.21329205222395617,0.9261564134330945,10.450033675991984,6.150390734150024e-05,0.0689085342859049,0.9343158737252261,9.942421762004251,0.0002533816680073158,0.11345162871898064,0.9444312582047475,9.593605455293963,6.70310096815935e-05,0.09710192406776307,0.859717986353097,10.440125936182481,0.00024128690858046098,0.13919025704358423,0.924800363737334,9.741708961463914,0.0005262970070378125,0.22691911253417277,0.9149329511926309,10.009431314180372,0.0007503806999901988,0.3086196839249894,0.9026121840546505,9.853611948932475,0.0012678708064838696,0.33690002204777814,0.8624171350127289,10.261849485782781,0.000949899369290065,0.24938484885215542,0.9107090446857643,10.01948124681015,0.0009163142152195706,0.31021042333193316,0.8816291721416022,10.144497697923322,0.00054093208601905,0.2386794167877087,0.8965452501209588,9.96829921692715,0.0005884755086702263,0.20016959776896465,0.9162703972189583,9.875586007492181,0.00027800573104208793,0.29240502613647684,0.9039942794775447,10.64800029761578,9.682038602837434e-05,0.21410549695760175,0.9315522668513393,10.55345929331509,0
4.322480852134053e-05,0.20687570726331977,0.9240406568294376,10.650184866393063,6.201127277047485e-05,0.07188010744498756,0.9433339334511995,9.940852670544245,0.00026741188357315817,0.11753903732101148,0.9408365463402075,9.65024029285648,8.22122563229198e-05,0.11846678148282475,0.8769591342456908,10.393595773333207,0.00023731867679208495,0.13488428977362268,0.9214282015416456,9.838624320275002,0.0005136684993735095,0.24426733723654007,0.9070616889945925,10.068647856993023,0.0007425219127138186,0.29996961908106495,0.9068762984032175,10.073310798278833,0.0012406123062704618,0.3250531726689406,0.8688048602427086,10.3886265686204,0.0008980633258662669,0.2352330997232727,0.9206066196645247,10.132412818159954,0.0008689546448423602,0.27985336606344696,0.8888979019055729,10.226490509643924,0.0004978091915342457,0.22413557297166037,0.9061752094469645,10.032495646283518,0.0006056766933759712,0.2032006817920462,0.9212564941387903,9.868676174643019,0.00026807531384675175,0.2832644696759094,0.8918035400694627,10.750540380936167,9.956317195220022e-05,0.21474507953963504,0.9231039037614042,10.673829179502185,0
4.9328517136383736e-05,0.20285075750669684,0.8960129202401061,10.295632048892575,5.093222750978732e-05,0.10763293271098338,0.9287748901591584,10.011413963324308,0.0002621084154852442,0.15665783644934256,0.8765532003451569,9.660133035653187,9.717340889740027e-05,0.1405045871134275,0.886312458045769,10.189768702845083,0.00022618858103768747,0.12787383346654826,0.9211366714405067,9.783750100812473,0.00046072031059530937,0.2403410115721295,0.910510868282105,10.34550432595779,0.000723453822850408,0.2958138732539424,0.8958828729057661,10.383727760694816,0.001183172528828087,0.3324537090951829,0.8522688839303697,10.46881907670296,0.0008190097557176086,0.22927931635258766,0.9164739563667017,10.297443780205901,0.0008590845058462991,0.3342095815268437,0.8541506651068305,10.314923026084355,0.0005354124663251416,0.3001265630582595,0.867917200843843,10.061917599099365,0.0005779130738845246,0.26339002502246145,0.8810193205404906,9.764161279137927,0.00028140404362925203,0.3401705870395062,0.879712281995917,10.487489334310922,0.00010575515204898597,0.21355062735925356,0.9084147926737995,10.121269777161292,0
7.323910533687264e-05,0.26230541918364486,0.8547623099845338,10.103887314726009,4.599608120395546e-05,0.15798720892274687,0.8945518917191017,10.033885790998536,0.0004395798250358942,0.2857966769256961,0.8007015930489018,9.730495785579588,0.00010730539494843522,0.1627439926370806,0.8680716700796218,10.173969332824484,0.00017619063199523943,0.11058218839774617,0.9233461586707266,9.787678603274342,0.00033494717340316047,0.20282906273567347,0.9140157500217018,9.978118912797807,0.000710921770116862,0.31832392077909827,0.8816479956198935,10.340344731443125,0.0006329361492266665,0.24080313042696347,0.9051074040608347,10.449583062761072,0.0005055237674738721,0.17824709439921188,0.9147018539353112,10.41653401594489,0.0006962722814291394,0.32006020600696233,0.8421701138334353,10.246132220677776,0.0006209677621194988,0.39458049387584787,0.8060617286887604,10.01765808713016,0.00079781604080416,0.3936839621501918,0.8101197493690437,9.797072339902899,0.00031953627298078385,0.3824451695364461,0.8178993805525311,10.22558244415052,0.00017337962565203981,0.31257186334623677,0.8469891948243503,10.026028899673737,0
9.435429906029854e-05,0.31132201430112155,0.811664715027106,10.259880550795272,4.907478774582658e-05,0.20886787490152253,0.8902801178026722,10.088739278657537,0.0005733791317411344,0.3634753410783209,0.7506207789973296,10.020305543023659,0.00012992257224299505,0.2125745471389525,0.8493544561465692,10.335670623424896,0.00016131154950520303,0.11540256061195746,0.9216821693098318,10.279756281909416,0.000295251729348827,0.19110095358041984,0.8979715063151599,10.123790910961231,0.0006145348945075181,0.2704282086247461,0.8508443773576757,10.594253741999747,0.0005232065472003133,0.22400781024653285,0.8992060020452857,10.858770900020117,0.00048352625882771216,0.18310683676933376,0.905895087548194,10.821286706835068,0.0006295550644776892,0.3219459853270005,0.8344453480743275,10.373218126723044,0.0007311437849674933,0.4615376105536977,0.7504260750893286,10.193426973809258,0.000982523515824436,0.4395249904416237,0.7433072051368442,10.086803622589251,0.0003660561515708348,0.4230422902677873,0.7996195640547307,10.367903975367106,0.00021324368099553154,0.3537163688058373,0.8036739601076068,10.22896047910319,0
0.00011092169893908729,0.34773739065462433,0.8204159934999836,10.410577329751845,6.544315102291243e-05,0.2791423384127088,0.8781277766092708,10.433332001391383,0.0006814152791989142,0.41270955727528624,0.7665947465111673,10.254421018323855,0.0001826519444899313,0.29656425831171207,0.8662739048812809,10.454228087180272,0.00019966646364183037,0.15101097803462502,0.9165992991247187,10.505096900687313,0.0003894419205828555,0.24419708375666851,0.8787567662234215,10.461463045332392,0.000817671337610896,0.31804284543045463,0.8340061684521107,10.923142206529294,0.000701223034447609,0.2880642746429834,0.8652308492947044,11.061426237046211,0.0007116226087058709,0.26119149613821446,0.8731389379024077,10.980999577946523,0.00077418360812713,0.4074024887818077,0.824600292518752,10.54026029302978,0.0008636700895969726,0.5325578402989599,0.7397808684419674,10.382034980049344,0.0011884188563744931,0.4923093858489099,0.7451849338762969,10.3466160222856,0.00041442528081264923,0.46619927907589054,0.7916170374686778,10.431565849915007,0.00024015688161424116,0.40233519834704784,0.8027188617433906,10.285565045249852,0
0.00011041686641837342,0.35796248387988117,0.8265389882388539,10.52930413794363,7.538421410587808e-05,0.2984602252691214,0.873787810033772,10.652735701378397,0.0006649111168007689,0.42906999767040543,0.7903945601474558,10.418929169088322,0.00019900620367290363,0.29414222453864697,0.8570350296917212,10.586947133835283,0.0002293608693912838,0.1625099508031413,0.9110384946960345,10.431445140674722,0.0003983689505387898,0.2974429618380508,0.88927378150901,10.547177235305707,0.0009640482005376918,0.3681511812953277,0.8310204047144576,11.091563305943248,0.0007557411189432447,0.3078969154529693,0.8695189221449453,10.887538944647291,0.0008730769144787225,0.29447589119455453,0.8645836616100723,10.834589989099861,0.0009009972310867065,0.42715961448098977,0.8206761244430301,10.543980716488814,0.0008473077061622169,0.555156453855833,0.7476860974006593,10.44999654097878,0.001170686800484708,0.5078813266031836,0.7522542755711793,10.512994247761423,0.000404190855591922,0.46382826233648927,0.7899667290005401,10.471264495973866,0.00024262086115460995,0.41562228685009805,0.8058339924238234,10.387043479601362,0
8.238166416754503e-05,0.294928819548647,0.859907302332572,10.751709400866341,8.112877764070708e-05,0.2956460302411252,0.871187006046626,10.433310401248763,0.0004943869973175617,0.3649131852669863,0.8396902869622974,10.849637864874554,0.0002091480231637238,0.2671531714489948,0.854792081166123,10.579894042224884,0.00035805952096001193,0.22182510298849484,0.8797181296181752,10.268195624603308,0.0004158715813594921,0.31628825328791704,0.8846206689459121,10.556066732118433,0.0011087822799311993,0.40489548307749734,0.8324640700311827,11.301335923506029,0.0007969196997826654,0.3139307799176769,0.8727152236841451,10.726351900685756,0.0008775341763240835,0.29418646733244863,0.8657700940882445,10.775734660604577,0.0007699357231334831,0.38057817825376405,0.864504570046634,10.640655744572097,0.000622308749821821,0.4630740150220773,0.8201001397194515,10.57362320383319,0.0008362702766886055,0.44413038929355364,0.8150839226571891,10.722101689182233,0.0003034368248120156,0.3890422372250768,0.8536669781457874,10.47785177624241,0.00017018830717360328,0.3419042363026807,0.8690719269447253,10.446913019721384,0
5.83259423995197e-05,0.24845545004673544,0.8685660328474774,10.642725630777548,9.822789657293221e-05,0.3265822503626373,0.8288030952147178,10.399151223997922,0.00032897957112792243,0.2563313265632232,0.8436217738122295,11.001971357964466,0.00020515812297877152,0.2748114940406147,0.8283893096792837,10.581420254443877,0.0004778028614598304,0.2810452182193371,0.844608497161601,10.001767084685076,0.000362518527836224,0.2846832372010198,0.8874731156416724,10.35739627865528,0.0009678722965885512,0.40798516361019965,0.8136087429141865,11.529205044083675,0.0006773510652048952,0.29257679161811134,0.8696667431926423,10.67345632267818,0.0007131694389769315,0.25450055220123996,0.8862770906988294,10.732310356226407,0.0006186239884158557,0.31589152843743,0.8872844633519134,10.570789262677572,0.00038662409256369956,0.3336580088060836,0.8650904914594961,10.648763408248376,0.0005349922173297111,0.33390368963820066,0.8384643269792152,10.73972083873087,0.000200682949223098,0.2784821137028781,0.8573397940517061,10.499564082297226,0.00011349723496402027,0.26242223839067425,0.8823481122421714,10.22865604343678,0
4.4345834082188154e-05,0.2038290082619314,0.9084647511993119,10.315758726361704,9.001090917197326e-05,0.30028350727213027,0.8565388672350647,10.195193935066829,0.00021846625988228388,0.18898623324671135,0.8985457123943077,10.662597273755258,0.00014719988379970262,0.19818478427413927,0.849040805676176,10.489032175361814,0.0005215831774508432,0.2842049117747418,0.8563068714737999,9.884964149171536,0.00025956905575431606,0.22795479227646331,0.911951265557428,9.954943629651913,0.0007099011019002361,0.33273914506233443,0.8473673135034169,11.472906232950477,0.00046714396100513457,0.19757305466988878,0.9043939015498322,10.449780222434875,0.0004808883274191474,0.16359202864651104,0.9034591945056535,10.382947489381426,0.0005012074145752297,0.24233640331372827,0.8912651553546067,10.297429869905928,0.00027380049188873264,0.23662812334706287,0.9181106386521349,10.358138139878436,0.00030900402488141934,0.21638770310450797,0.9192664320107505,10.25092579445938,0.00016963332327605613,0.22590758556839502,0.8674178071122097,10.363065719141801,9.802823470161462e-05,0.22611714210243297,0.9191969576879796,9.986206002425106,0
4.112243248488012e-05,0.19587253641210106,0.901432150206,10.416404275909901,7.628737159881514e-05,0.2583006961967399,0.8764559681855202,10.058878707677765,0.00017918675097999479,0.15759696987197097,0.8947212380785818,10.666258053082295,0.00011163568959424413,0.16221226648122944,0.8299539578422599,10.333173568073185,0.0005149583230595944,0.30218088504793705,0.8604159673664411,9.864709780160396,0.0002553866725435959,0.194294587175615,0.9223881071872111,10.113375561174154,0.0005500882900354733,0.2968587894928709,0.8626025839662296,11.337081644404424,0.0003179656290961487,0.14463612340353765,0.9191872943135735,10.300977202215508,0.0002691098202325398,0.09490298333639116,0.8978178197064174,10.17938498822461,0.0003559333752370936,0.17753800432326508,0.8981121576247848,10.256944805751104,0.0002771139366421338,0.2236236267107731,0.8989331221491887,10.480316795364244,0.0002982107353842445,0.201619329836025,0.9223580130198014,10.207754632645644,0.00014355087317412057,0.1908441027300159,0.8605023700094653,10.435283826385405,8.945742244443705e-05,0.19667806871770574,0.9250299726532021,10.203920864585058,0
4.10531803367928e-05,0.21003121540800998,0.8906151018449152,10.495956962429188,6.27139659344129e-05,0.23329850276651323,0.8886431135029539,10.119803023630979,0.00012552457350871622,0.12801417939936047,0.8891205165977595,10.530827723760762,8.784447423337869e-05,0.14691949141555452,0.8466346847112859,10.29601827084385,0.0003862042639403085,0.2577307229579217,0.8994064906168582,9.784726367623584,0.00020345498849549365,0.14504149713479816,0.9266940389238346,10.719016180570604,0.00034609507037892414,0.1977038025635899,0.8885532006946956,11.009243409925462,0.00020463057501302593,0.09502270900863732,0.8983664362448256,10.661471861893725,0.00019016364233681007,0.05714590125721479,0.8818240136191042,10.319434736379153,0.00029913466049524416,0.1481085638401156,0.8940638700921265,10.283310411824711,0.00028665315138993276,0.2340790883653941,0.8966604662932648,10.469920450958663,0.00027916043067862414,0.16069430317156963,0.8989938124417164,10.365906677595019,0.00011860617738127576,0.1758586394494353,0.8569685728259645,10.267544925689425,7.50302229631947e-05,0.17372530021751714,0.9176263044446689,10.188453043141763,0
3.363299280435802e-05,0.18192562479876354,0.8936932387150626,10.600472350344452,3.61368666092326e-05,0.14758056076847478,0.8995322552606001,9.831650888777434,7.990350708767389e-05,0.10140097422311885,0.9184188603152376,10.52610343218616,4.38824701962121e-05,0.07652085148374564,0.8569409484664972,10.069443871460214,0.00026521793737459894,0.19171403285971556,0.8992559268686414,9.67266249871648,0.00016890332024817935,0.10632085772664228,0.9064754469489538,10.802600361480728,0.00021358153374248634,0.12446692945236515,0.9124435011405547,10.691133811190634,0.00013409013498692622,0.06276725598858066,0.8842943596670415,10.838444034676595,0.0001337995311022688,0.040885144306335636,0.860949883984191,10.047595572204367,0.00023038802400581832,0.12232776578126497,0.8937046191862525,10.30438251830494,0.00024588819626034103,0.20582766161964763,0.8979199310568087,10.406602822582288,0.00020681125068444444,0.12915513100882298,0.8920200378728464,10.408832099102856,0.00010484737266894066,0.1700711654763615,0.8942471023421039,9.900820756715182,6.373168251369785e-05,0.15797279133498182,0.9020653419455751,10.080656065966265,0
3.027694004977471e-05,0.16403814961434188,0.8948200147571291,10.718959995452984,2.8791391950470726e-05,0.1133187469570524,0.8551601274594798,9.4308487947717,8.504838208729521e-05,0.10932461882101295,0.9257970847374519,10.798841954621134,3.904765290606867e-05,0.06825615446729238,0.8553174814776553,10.29644752858832,0.000208392437759989,0.1602087299144822,0.8974037467486946,9.569085404239125,0.0001949315858880465,0.10722429340748654,0.8977534326471116,10.958540983196109,0.00021688102157839043,0.13709420891286517,0.9162221215937049,10.798276004329104,0.00013166291547349335,0.0689794292972093,0.8725814908096293,10.685477083230593,0.00012316538320325854,0.043152989213471,0.8599043434188851,10.319913875757408,0.0001937474610089048,0.11157236470527071,0.906915043621133,10.440434825167202,0.0002232232438213129,0.19779004852988172,0.8924301301468816,10.384215572218173,0.0001981602137628457,0.1315287714924477,0.8988836999028121,10.499215127385568,8.552501096888702e-05,0.15127310286309295,0.9017947425635894,9.766377740954672,4.899534501079295e-05,0.1283685071755798,0.908593915569878,10.097044038553742,0
3.018691182484949e-05,0.16161038057778646,0.9162818322569922,10.558875424956891,3.4099140308862666e-05,0.1429655304769156,0.8473447430388513,9.720826580706666,0.00011816410967314772,0.15861140192426715,0.9349650776615608,10.555915606751078,5.4876180040300764e-05,0.1011915218906129,0.8724795706676202,10.615016589462764,0.00019619765508544228,0.14323395581094597,0.8976439465657418,9.675952788655994,0.00016246647202973225,0.09398441005436006,0.9178951224788505,10.714998656079901,0.00020760764137941662,0.1321058909081297,0.8930827569139743,10.706371570726525,0.00014374713309716838,0.08061374619264695,0.8693626463714837,10.939059850229441,0.00016038343259271414,0.0662683166284026,0.8834167976190787,10.730328869491833,0.00025355935064859294,0.15723976578776605,0.9147176998475658,10.697012856487335,0.00017721766838565587,0.18133810139566,0.894675584000608,10.454951109173104,0.00016123508198818612,0.1104598814857246,0.8942791753672882,10.50163635484865,9.501417179883168e-05,0.1858054305313397,0.9055450663161428,9.683383865906816,3.91155506311848e-05,0.11928539937529829,0.9271847445489317,9.607502658760717,0
2.9251834719629217e-05,0.13473672434835565,0.9231233285928583,10.477029325210065,3.604445447161652e-05,0.1348703914598508,0.8360280430267274,10.04179522153533,0.00012927424976000318,0.16231311205050084,0.939022869344217,10.419651252083183,9.606024519808276e-05,0.15709235968184926,0.8343882760620193,10.796084025617391,0.0001760959229062578,0.12583307993676487,0.9083772477603486,9.839236261000467,0.00017019802466826492,0.10471686557695827,0.9244506710250233,10.449946693695692,0.0002683084600097229,0.16945447153165863,0.9025620417416895,10.560316368397087,0.00019098262646251597,0.11175350173233967,0.8787226353157132,10.643119365048145,0.00017982130261580084,0.08807401217472982,0.9183757696923919,10.6519101771254,0.00019910658805749387,0.13348242388741435,0.9147529054559476,10.622442407215111,0.00011964442706516635,0.12681613657000307,0.8915041884777757,10.832288541028639,0.00011788248188849994,0.08874636774879266,0.9032602385834853,10.479360808260234,0.00010428074205969841,0.17480497715390803,0.9108252451730361,9.897657996547755,3.45876704967821e-05,0.09178464685875946,0.9337197069824537,9.85105483704933,0
3.62536022977334e-05,0.1557679146638361,0.8936207044031529,10.859608543436222,4.750481053136495e-05,0.16504211277949962,0.8567341017394718,10.36681265024664,0.0001330266340458892,0.13849088411565844,0.9078311910837403,10.484248084631473,0.00011892323695500548,0.1737822477894636,0.8301595617836288,10.907016279454,0.00025049439683255323,0.1789800187557186,0.9116689792643494,10.614677817388033,0.00028703296565111994,0.1723246602584738,0.9054436135152724,10.350877781769505,0.0004887439148979872,0.28395622318738534,0.9085882122084465,10.67246747684183,0.0005496430262391514,0.21164247805887754,0.8808883194368696,11.383185293350571,0.000571270405953111,0.1769586517234969,0.8782599400489385,11.602816121307177,0.00032367931801597,0.19138296421611092,0.9108270826809497,11.246124247313777,0.00017856082451492668,0.18135189097623777,0.899320813525155,11.081402530985018,0.00011839446908723365,0.08510483167474356,0.9103351943074021,10.740434795047095,0.0001389932108598328,0.19484259363155673,0.9042185363263803,10.469580620442605,3.641247281013515e-05,0.08964224989415034,0.9284030962149715,10.705752701302355,0
3.984775783409578e-05,0.1734907182920128,0.9006639220875561,11.034452052123429,6.245999380302843e-05,0.18685847234122852,0.8508833327606161,10.709182614658612,0.00012667876611756882,0.11365070373759076,0.897787423518538,10.400115576818356,0.00012839434633122026,0.17630806417005662,0.8197916735443785,10.821897343147887,0.0002990152872437402,0.19545593794776794,0.8666850201533991,11.186481205353273,0.0003531355291329952,0.20080827106701438,0.8951499399862523,10.205545284236925,0.000598592367163918,0.31452176086551176,0.900380455123839,10.745839882813941,0.0006357615688715374,0.20258415720728776,0.8692686829023548,11.612990093193421,0.0008187264804898954,0.20387726349458976,0.8562289975685861,11.872474844154096,0.0005376843391700537,0.2604806391586505,0.869316737439718,11.468020439119751,0.0002594418189499976,0.2253526932662983,0.8822207369169796,11.186259723191545,0.00012030162088360046,0.08178423413223565,0.917360345490361,10.6285969676201,0.00017720869440795444,0.2195308049045602,0.8767157548453038,10.715559755000335,4.691674789322314e-05,0.1025329021046197,0.9236596775386094,10.826822750532369,1
3.211525597095966e-05,0.14960365644578213,0.9044520388082349,11.156648054461089,6.104374931257503e-05,0.1639097704387985,0.867460083136233,10.434164240971217,8.95359921323319e-05,0.08497478507704488,0.8870954862788127,10.39966545280048,0.00011713032251033505,0.15079577309282324,0.8381345226404981,10.581335936729687,0.00029139919186814954,0.19635782160803003,0.885113069965019,10.87010849021139,0.0004314486342078292,0.20973358764872843,0.8881127531873076,10.396379306413188,0.0007618609243984944,0.3751348734124709,0.88656064242661,10.590715506265568,0.0008219633912437034,0.24919223077872157,0.8625120068323985,11.589503390470306,0.0010428129919039118,0.2367469241845388,0.8605420426845938,11.730184486983399,0.0006808861888955704,0.3001570129258189,0.8483729399467511,11.387891464479248,0.0003498674589792195,0.2720565018700367,0.8539694135444783,11.19454026334424,0.00015030785637287352,0.10153226161575311,0.9190674792183142,10.770118606985521,0.00019932073162365796,0.23198776698250953,0.8626380699011448,10.950755196547467,5.5126311421600686e-05,0.11705014816100671,0.9049332096075206,10.859994942550564,0
3.857326512352673e-05,0.1665264469971284,0.8737698551481284,10.781338288056062,5.735585509369744e-05,0.1369094503017533,0.8516873775314318,10.211747034578101,0.00014330920833752022,0.12059907688908726,0.8235761604764302,10.106660139470609,8.218618481300611e-05,0.10939899763001834,0.8607612203564818,10.278653300344896,0.0003264271026856928,0.1848196817758645,0.8713556012035703,10.93138172427156,0.0004641979390068142,0.2334240185376574,0.8757567782154946,10.227807284990378,0.0007743001574333857,0.37266845542593585,0.873760202402915,10.520445154617574,0.0009760296391424902,0.2885272898246569,0.8637845611709629,11.520920672987579,0.0012630500928076211,0.2736677664356445,0.8655798110367341,11.667425006039876,0.0008361285159548047,0.3419988199091132,0.8671782535395312,11.163343720393769,0.0004312100573315423,0.31772366557103554,0.8706934876401851,10.832269092886843,0.00023779621071053498,0.1577530970810928,0.9052125605539851,10.32735118830929,0.00021593703093496943,0.24660246906165342,0.884084824519002,10.78536804760233,8.987493407944095e-05,0.1772163723000543,0.8781714414436643,10.38927978324236,0
4.549390637272772e-05,0.19847813073988654,0.8550994250111419,10.502462810945419,5.294454873486999e-05,0.1315269386766775,0.8574171033849302,10.165074865392707,0.00017903266551156963,0.16089358240036636,0.7796237340008877,10.052130590300525,8.083889317960681e-05,0.11338176823134033,0.8661904231604333,9.92805617909394,0.00028554357834427164,0.16265972735721346,0.8622457207801532,10.526871364257856,0.00043397479662608574,0.23545159611756392,0.8822931233651532,10.191672318544118,0.000582479304638765,0.31042006438816216,0.8910986345100448,10.338575327952237,0.0007576273212121645,0.2981882992765291,0.8588596419079377,11.091541160611404,0.0010115610909506342,0.2864805557809573,0.8637607958568018,11.439449908960931,0.0008524959047890749,0.3544210538790785,0.8715586598135685,10.980371966814616,0.0005091483093810723,0.3703793692481775,0.8655649615714616,10.65655055605845,0.0003318101497754363,0.20902419079432621,0.9051300416018739,10.30376178047995,0.00022238580042457798,0.28551915427981384,0.8821226039132068,10.70740276856482,0.0001224855292644478,0.24688044243081755,0.8795648367575158,10.327604253589671,0
4.560289448787639e-05,0.20553240805210574,0.8241904039544322,10.124440652419867,3.5528598093796836e-05,0.10504262760882746,0.8653781020262765,9.883845442272834,0.00020060730259458,0.20756061598312203,0.7718978354912308,9.779903425964118,7.807357726265944e-05,0.11594496285726989,0.883890048130521,9.901589460156687,0.00019177832192054803,0.1273122625254979,0.8628640536271198,9.943114145610773,0.00034432014890847676,0.20935472623297702,0.9021862717823556,10.102142255810595,0.0005497109714923904,0.29951304727543526,0.9040852795129459,10.134495779752932,0.0006456982323849477,0.30924268781518216,0.8942296016948309,10.833327519011684,0.0007658138211166763,0.2725140742163097,0.8943826894373544,11.101632386763983,0.0006598353767451723,0.334064897421099,0.8661796262845617,10.724394218028444,0.00048551778308124317,0.37642684440517676,0.8653746265381053,10.5455168364538,0.0003468313882567045,0.2192577470120848,0.8963284130204776,10.308419821459609,0.0002098276248292954,0.30040024355875855,0.8806409787223071,10.582489871683512,0.0001265396063632195,0.2876281013071021,0.8593945433466919,10.268266000514643,0
5.794755118632294e-05,0.2426178143373153,0.8309630568992072,9.857164353819474,3.7141600828285876e-05,0.11614815983201522,0.8841027886469512,9.505009140629316,0.00027723321476173194,0.24111021693583767,0.8021293475049873,9.517237281352804,9.113528256587592e-05,0.13750949608455937,0.8671022541240613,9.518346782224853,0.00021923938276440812,0.1343654972007162,0.8519805317505539,9.784771675028765,0.0002825212455375139,0.20085899534588245,0.9122067629657423,9.82852791920734,0.0003809535823954656,0.22587417961981288,0.9230061470664187,10.14489455417704,0.00045246151778503363,0.2380932118019594,0.9106355202242927,10.519929893198453,0.0005153364202472831,0.20497445387299423,0.9171113887591805,10.983900329531481,0.0004805946217031191,0.28308040582964683,0.9034190707086305,10.379304311718773,0.00043646868160690576,0.3566456512010887,0.8734250409376986,10.199828689293554,0.0003500546230567076,0.21931113246819747,0.9087047848892144,10.061586194552852,0.00020946705098193438,0.29710557363151596,0.8824150508834885,10.301511975942914,0.00014178978657494815,0.30326965351383867,0.8742294866335129,10.160505559938139,0
5.182689158771173e-05,0.24229879939126106,0.8512431792505699,9.730465406905978,4.1642252937047973e-05,0.16925773773183905,0.8874837951859963,9.419979856904542,0.0002368209945406343,0.21414836002475593,0.8636769322216249,9.374008497651522,8.577076665301702e-05,0.13148081761199001,0.817096373798787,9.390782434525986,0.00021264759294127136,0.16088696030040014,0.8882095345331907,9.355184175940407,0.00025595887821631594,0.17282531574261611,0.9152253440545539,10.38028955303398,0.00039318894563957467,0.2466540249614636,0.8850837999310294,10.606734323518987,0.0004245733278392178,0.22701446886090615,0.8835843059723657,10.889213607046228,0.0004119506025498603,0.17466156039071565,0.8931751575342706,11.46706195738269,0.0003427204367380085,0.23265698469443719,0.8970618128762423,10.347143322056771,0.00036208604936668366,0.32706130791626015,0.876550420833718,10.23094527479805,0.00028628592217139025,0.2074652715755245,0.9019186183171638,10.030353386190638,0.00017166828175945196,0.28432297256152783,0.8882676751763501,10.429122909948767,0.00011551954979240064,0.28578089085161207,0.8798160767621495,10.13804685019709,0
4.0777847548853765e-05,0.17638155961629629,0.9086743155642741,9.686090287519185,3.733758762256371e-05,0.1410895960276446,0.8947837937313962,9.399896313014917,0.00021935931049879342,0.17840481834204647,0.8882186782974826,9.291977849330664,7.883085048936893e-05,0.11814689179743956,0.7914821996166487,9.573958966788826,0.00017265600259272295,0.12360844510083464,0.901320273658364,9.576327043423104,0.00019857457437535454,0.1343525352526285,0.9184904246842784,10.962412001307285,0.0005643391567420349,0.3087979266976246,0.8466618136235676,11.118798705860135,0.0004386171462863786,0.22851693749348478,0.8705302892792137,11.439324366839738,0.0004539113862786575,0.19397023566448687,0.8851424396505154,11.71503384902067,0.00023485941371191411,0.16240920522325947,0.914907235368253,10.33020711737453,0.00027702045120848903,0.24931700993518385,0.8907526494115049,10.29563122434086,0.0002471462845491608,0.1773927802396286,0.9188046993399667,10.130519212364481,0.000127606959762003,0.18819807605064426,0.9178348175240766,10.393279444144085,8.160021553250743e-05,0.19776466757045436,0.9071265064704698,9.950014611379837,0
4.8752051411355225e-05,0.17334093518166352,0.8995827128072666,10.380594239993082,5.091292407064254e-05,0.17030384394891873,0.9024354642184735,10.167461084452631,0.0002297409167033439,0.154285513386058,0.8648979990698327,9.988064911697355,0.00010171621338920714,0.15087382558236262,0.790398236400976,10.44220973228022,0.0003009082442172319,0.17920862589939188,0.9030686362460154,10.396485815825795,0.00018095241339079725,0.14391932225909845,0.9042052431128262,11.155363769710787,0.0005230922273624625,0.3169860917345133,0.842718330802809,11.199103410587732,0.00045180129660358094,0.261756957870571,0.8673043922149314,11.403039503554924,0.00047644996225580384,0.18725204314777932,0.8866331238297238,11.726694035857822,0.00026143831942458386,0.15151209754846592,0.9015063243570268,10.638117270679233,0.0002586166495126308,0.22360204098524178,0.8863424041792858,10.491383704385887,0.0002310036631942309,0.13693478465240508,0.8926005755186661,10.324322222784895,0.0001222565570218393,0.16048600109800687,0.9275346065474173,10.577917142400949,7.697549299633344e-05,0.16202260595406096,0.9259685639754129,10.037713829603504,0
4.0144474666658376e-05,0.1493031067221691,0.8868241032199513,10.800834828914251,4.5129945057589044e-05,0.1629611068219763,0.9086566187164381,10.73337649872096,0.00014570599270206656,0.10708827196802459,0.8522895346556806,10.577644858228926,0.0001042547443878173,0.1609892229489829,0.7755805769281752,11.074055588650618,0.0003100991321524493,0.2040306504094721,0.9259523909397125,10.699034174665565,0.0001762539614047565,0.15503692710412723,0.8919579341597813,11.29422654430812,0.0004988859328141293,0.3431492170447024,0.8348752755531244,11.235737487468231,0.0005230046177656836,0.24954211585313926,0.8414578760233647,11.077474969215332,0.00048431525360690243,0.17822535187840188,0.877461730830447,11.76100358959303,0.00027036119880832993,0.15295984208844826,0.8870610718497648,11.182653361812292,0.00022373115202648942,0.1942472715426149,0.8692453114652342,10.960232317766097,0.00018501400810669929,0.10550517781128912,0.8145870884704435,10.754790225322862,0.0001263748983858173,0.16816630450953982,0.9079974604318801,11.202480139616684,5.752023970479318e-05,0.11975327283353417,0.9360667321744598,10.273007681461555,0
