AF3_alpha_abs,AF3_alpha_rel,AF3_entropy,AF3_cog,F7_alpha_abs,F7_alpha_rel,F7_entropy,F7_cog,F3_alpha_abs,F3_alpha_rel,F3_entropy,F3_cog,FC5_alpha_abs,FC5_alpha_rel,FC5_entropy,FC5_cog,T7_alpha_abs,T7_alpha_rel,T7_entropy,T7_cog,P7_alpha_abs,P7_alpha_rel,P7_entropy,P7_cog,O1_alpha_abs,O1_alpha_rel,O1_entropy,O1_cog,O2_alpha_abs,O2_alpha_rel,O2_entropy,O2_cog,P8_alpha_abs,P8_alpha_rel,P8_entropy,P8_cog,T8_alpha_abs,T8_alpha_rel,T8_entropy,T8_cog,FC6_alpha_abs,FC6_alpha_rel,FC6_entropy,FC6_cog,F4_alpha_abs,F4_alpha_rel,F4_entropy,F4_cog,F8_alpha_abs,F8_alpha_rel,F8_entropy,F8_cog,AF4_alpha_abs,AF4_alpha_rel,AF4_entropy,AF4_cog,label
0.8047817617944539,0.2064668329402428,0.8353329004982298,9.899481327989767,0.7934844608394995,0.1949551971235248,0.812594882637194,10.088499747404631,2.2688091112562994,0.26560743106296303,0.8930710437895516,9.709407062937368,1.0648954092422531,0.21681709711350194,0.876262290027359,10.211986733652145,2.8072632066519807,0.2662704354160186,0.9659736909715545,10.34479905507318,2.729553856766625,0.29886893500393075,0.9611118859928693,10.189120476889661,3.0275538881369,0.308322193482004,0.9593549648613154,10.288201732804328,5.049315250267789,0.29279091601317453,0.9507283656528358,10.61600534622078,6.437202511341827,0.32351331868769523,0.9475697316768579,10.595786939089075,6.2410064235554366,0.3803410357664055,0.9436053618362276,10.22021627780047,3.634648702553187,0.37622764712860757,0.9463326114072126,10.121544271820119,2.8827744997997056,0.2947322158659451,0.9495495761692418,9.880106479076344,2.2518391913330738,0.3687426654637975,0.9360617767256303,9.97002541983253,1.0498798759331756,0.24789041650314542,0.8834249806190682,9.852149849620604,0
0.6910464288091116,0.17004370157005402,0.8111026193195141,9.850294657254926,0.7084918048426014,0.17183333168178413,0.7985085066610982,10.119918739569984,1.9341521325762558,0.23690587351210765,0.8879824743880621,9.736129580289184,0.8722278442109825,0.17281944081707867,0.8653016646039161,10.403854816376587,3.1166007522389294,0.29228417385617966,0.96865588817525,10.41072950867967,3.218854648430492,0.3122378112874161,0.9610539197615334,10.169571502276742,3.504766188268023,0.34326846303519226,0.9541847141885504,10.290258748439232,4.187771898934062,0.2675441848399662,0.9529353413431977,10.598838347202978,5.498011189092649,0.3177940688969435,0.9425406371512184,10.49673311949867,4.957751381902842,0.35787295153980825,0.9419656598680488,10.050260720342944,2.752105560629192,0.3095228255558014,0.9484519910875534,9.901296328211043,2.611893010370616,0.28141297220323847,0.9392751777688155,9.790778432800519,1.6094830443682366,0.2969262586162114,0.932061486837938,9.732988481736703,0.8129452849946088,0.19287788369354145,0.8457587946434527,9.7014763975026,1
0.504786420529449,0.12987771656280495,0.8022175981135778,10.02118255332968,0.5361320346860186,0.13160958019857183,0.8023051567063578,10.264489496689386,0.9140882130820605,0.15552713642392815,0.8739582500022073,10.432019873216563,0.7358192636931148,0.14616960842627036,0.8629367233030728,10.60098422787371,2.654573266645562,0.301179984740814,0.9685970678436802,10.43180131325992,2.665018691172653,0.2777141381970605,0.9581373646001686,9.806881365426975,2.9089448235215016,0.3178272272893715,0.9611965246970702,10.297487436867602,2.827773771907854,0.20782742361554185,0.9641360687693722,10.489020328383049,3.937490697831593,0.2547908676010659,0.9606276837331285,10.377354195104033,3.7820459188966224,0.3310144357955432,0.9506169494655119,10.053699272747433,2.1349999399005277,0.24422219883724763,0.9456718591189355,10.0086565774819,1.4515961257502588,0.2173672309594074,0.9437734602022512,10.185990506113953,1.1371687519717746,0.24115192187629436,0.9378276490968607,9.90420467860119,0.5174217887480947,0.1400316710112041,0.825274913236875,9.903312024991495,1
0.3905840167815353,0.18064600350069462,0.8816140369265928,9.855682160244887,0.34093700080044753,0.15757102785682325,0.915908776995019,10.14783775247364,1.3143234855499115,0.23311747070955066,0.9074084703819708,9.909233521754976,0.5381699450458085,0.14829486800697442,0.9115633185338584,10.04058838043898,1.8625103422674136,0.2511008500931652,0.975625685755421,10.328471791723867,2.6774747502277885,0.275326753987163,0.9595372854784363,9.81392994935342,3.1775529577111263,0.34486385557065585,0.9414034307939546,10.132621242879896,3.310650582204682,0.29505342580720206,0.9576958072324954,10.235794108249209,3.9358382987641805,0.3010920436513465,0.9566937606170838,10.172933358303865,3.88712630849418,0.3923027497390316,0.9355963074246828,9.943683377200616,2.649253002110443,0.31142911915247035,0.935669145282892,9.76846036658428,2.091410597994337,0.28997847225830925,0.9472066443058837,9.80661708788087,1.390230247011714,0.3074498186378157,0.9376152217498109,9.751042632479745,0.6003480940391754,0.20110407385014728,0.8906615028956145,9.781430910295633,1
0.3441632860709952,0.15814794360903384,0.9015083439169729,10.049589486403223,0.3344148230854719,0.16074215221985833,0.9301518681285696,10.398231661439352,1.2760908973695262,0.19617316360782971,0.9192385760971139,10.03663496771194,0.4624651322593297,0.1272265957021674,0.9084128526859238,10.177399020025224,1.4678237729947055,0.20931534275358443,0.9782891769918222,10.297853935041953,1.9884548413736478,0.21292158059062,0.9551307607829416,9.95346170301297,2.6932825079747644,0.3145733896570758,0.9367991911584356,10.109033755195005,3.0069694110521628,0.33452006722181815,0.9560345369364381,10.378141819549084,3.5608065746362674,0.29652555764947264,0.9589695005213328,10.339708644014383,3.1714696048313566,0.34064930989262837,0.9469360965466375,10.189674804717525,2.52571443649973,0.2986496122649111,0.9534921904830649,9.948344421951155,2.1300538901471766,0.25042523797775573,0.9619775710351295,9.887357388754655,1.308473898587065,0.301676425560677,0.9550688702967628,10.006920607577152,0.6029520868720724,0.19744149769152758,0.9266789574622858,9.936753069123375,1
0.34144122138924987,0.19288388800262724,0.9471712843211857,10.082990761487814,0.4021990801502524,0.2121701264750192,0.9714153190691102,10.298919683864357,1.284671626571334,0.20977055677251516,0.9320404689582783,9.960102342483424,0.5711716507791768,0.168100710148785,0.9239461562853115,10.131912043593134,1.448546560321653,0.20850244602195012,0.96570032891402,9.970831866210498,1.7498679877134984,0.1875619799658518,0.9471964803586767,10.077856444850807,2.2488393485782625,0.25841605636812415,0.9421108670318178,10.21430279607864,3.208859417609131,0.34134863081086175,0.9556384246081976,10.276136807566044,3.3203157995041783,0.268300858698927,0.9658055890560906,10.268048779151188,2.9013268438389304,0.31311489913687046,0.9568117805682582,10.098022102590042,1.8873866688020549,0.2702196194211144,0.9557761617950752,9.919341720894824,1.6155905192223947,0.2086588747280817,0.9608497522378828,9.843021421868807,1.0399645983103423,0.29409654163003257,0.9610256139804331,10.014521837405582,0.46456347739174436,0.20568795742173154,0.9589359585237861,9.962548034648474,1
0.39795577918175007,0.23489077665255564,0.9460167652325925,10.023720230376451,0.44415315895490326,0.25037886953198807,0.9632023622565414,10.113957806201764,1.2515084901614293,0.21722465215938513,0.9379801148142052,9.91533687229033,0.5276948227831404,0.17714569087792253,0.9169804950748436,10.09618501469915,1.6738699777943313,0.1847688984917544,0.9704897745566593,10.126398221756416,1.6727231347432467,0.17907318312585094,0.9539781241444905,10.350477393503851,2.3117707961787577,0.24172160161637285,0.9483035470269743,10.30266025279142,3.213930914090164,0.3418222978878752,0.9567762500865836,10.310775993853545,3.4818865987820606,0.2821289737523379,0.9663090329534383,10.281043976573816,3.1990448893467116,0.3257762220189827,0.9583815221722742,10.082704695368792,1.7514037323475635,0.3059591910931298,0.9609526502173249,10.039345112539285,1.5367486523147755,0.19430433319280999,0.9605231858773259,9.934963598364616,1.0515109829336606,0.30807254138218393,0.9584590554359371,10.043156616376821,0.4636830059469998,0.20968492260059027,0.9524389991256457,10.018727166970953,1
0.4103419594985607,0.21803646906453808,0.9454099533329442,10.184760528123178,0.45349059144361825,0.23495833325128354,0.9650826014928656,10.271995167018098,0.7852697626880647,0.1358083472594251,0.9357710452475113,10.277803853551926,0.5068914351554307,0.1599871520534102,0.9431089360665782,10.414164520565258,2.469174172185422,0.24215397035716008,0.9679321718231355,10.161108528531258,1.2689104671396318,0.14424763490941067,0.9509987327804995,10.539378552755565,1.5103198375299733,0.18995456889662946,0.9524186413909944,10.399689108792447,2.148589101835951,0.24371853429870938,0.9696224923435933,10.49603794702743,2.672735039840751,0.21488174135839788,0.9713543508884331,10.246683050988418,2.572111486199942,0.270069867219284,0.9645646868154178,10.07575013903474,1.2501193395036725,0.21735777658887517,0.9670126129132381,10.438633797302122,1.1383977531313372,0.14068016611108367,0.9626238805029216,10.497204518562643,0.8938929247926024,0.24922481895178472,0.963941484787984,10.273132373596402,0.4453020837708041,0.1869087266478194,0.9463258713777347,10.336425252964162,1
0.4173461316722284,0.2500967134685657,0.9287013778911735,10.220755903814,0.4493535671576584,0.2318768281656298,0.948260310986918,10.190814664979124,0.8414146361460572,0.17772086352382507,0.9355962150603023,10.15396765837343,0.6060782365448127,0.20995096765078247,0.9423156287760504,10.434108099189686,2.551699774892124,0.24398436746275617,0.9616046438905181,10.155996892320461,1.5376676986215239,0.1839275436194949,0.9549644376042737,10.482328270045768,1.8299060711047566,0.22069745021314915,0.9531752447471682,10.407473052106623,1.8377706227125647,0.22375734240970488,0.9724527772143682,10.28702691783586,2.6431635082507308,0.23218872877668031,0.968419390065264,9.953703854971858,2.844575626558613,0.318665402031558,0.9573928498378041,9.916341565267635,1.1567792657429847,0.22435660468581223,0.9581696961144162,10.420138147878605,1.2048181125297008,0.17994838619287307,0.9570409018828785,10.50771956808089,0.8644916333929588,0.25246369683964864,0.9516113206859461,10.287144892196894,0.45239578131286456,0.22088614633166034,0.924599721353313,10.542717541882814,1
0.5153273585641863,0.251635151631648,0.9038258498137838,9.794650050555115,0.5673385108862639,0.21332960723373587,0.905157117946446,9.844112424579713,1.0936553218774727,0.24728090190040927,0.9497484110646496,10.087257878841376,0.5942834526429637,0.22032056528933547,0.91505783529683,10.241935008410795,2.4305174764324677,0.22780839979121817,0.9621332341599874,10.336389997580326,1.2693342124698062,0.16675044809048847,0.9656802557508245,10.172430151001539,1.6076364821237643,0.21855572446302937,0.9568961110915288,10.260684266969763,1.6736750794573485,0.20842885837402703,0.9691401397223461,10.495747396323454,2.375558058105236,0.21871306310224975,0.9729003702182064,9.966589758286277,2.4364958288588348,0.29760801600942843,0.9615876145186244,9.972964588829369,1.0976922624680914,0.21500701583525203,0.9589610651765819,10.496577772098057,1.3322947392578324,0.20739251718409865,0.960978191899482,10.496749443160493,0.7789086004553529,0.23208333538281264,0.9479639819153156,10.36738058869399,0.6387236010546016,0.2596401016888318,0.9367126653606483,10.18359812755345,1
0.7762255353678322,0.20838628381294855,0.95423814744834,10.117690173949123,0.8495512577901427,0.22243917495050627,0.9173417724700805,9.82113345667824,1.671598138318545,0.3097196362030599,0.9531604367908961,10.018874096475706,0.9021379388363926,0.24468225257560303,0.9258666973349182,10.054685696908063,3.132532241833057,0.24214458608032807,0.9655383202529018,10.206981260175874,2.4663603609468585,0.21265903909349257,0.9750326570555221,9.992708839597592,2.8646429762689465,0.3195124058620164,0.9530691062379278,9.915981701590066,3.398847873207502,0.28082669036090974,0.9632852693156841,9.936506605665285,3.485243173922168,0.2983712460847316,0.9571519446802086,9.735220488980847,4.2089160649157,0.34080876204176397,0.9459919219844972,9.869433415283787,1.8416478679778638,0.29551021326596244,0.960198121044945,10.075043583724161,2.127425353157026,0.2929280786237934,0.96085614595059,10.15828601375343,1.316452692209002,0.29223400310740305,0.9566287770310922,10.074313417733773,1.182454324889097,0.26088943957566746,0.9705408183048254,10.390557157557764,1
1.192734164318054,0.18643632620404807,0.9824710449677837,10.134339897134353,1.0101134331099697,0.22236777283461825,0.9264175704362172,9.79886732821695,2.1884168909842425,0.36825173362443353,0.9363418335883622,10.015724658539176,1.0099777496022717,0.21939882004790748,0.9118450684703434,9.992002283496223,3.550040656188852,0.1902316147804296,0.9857296003396085,10.273286897914053,3.7703090526856577,0.19934709301637177,0.9843892825521562,9.94942760517484,3.6864144505819305,0.32097177965836776,0.957218480040486,9.92052097735371,5.394404748874993,0.29113047700935807,0.9624074754448045,9.830239718372924,4.673094291104269,0.34723462868176874,0.9532051899823343,9.932985374959214,5.737688966406628,0.3174594074238941,0.9555185394980044,9.846211502448032,2.237308280869808,0.3180446871834243,0.9597804001775929,10.102301706920361,2.622146004448468,0.33432755269333936,0.9523994606829955,10.2068067538655,1.608273869868842,0.2823126621326665,0.9575887014294772,10.123090911817716,1.8206993045183555,0.23158549906466736,0.9855018111899221,10.273228081280804,1
1.283272995881163,0.19585204145234303,0.9822247108715789,10.025910203809293,1.1663347629768395,0.257417091152491,0.9298909231485508,9.702076325005686,2.390171355421187,0.3634989258483158,0.9283454782814025,9.937970224782331,1.110964439583555,0.22679890694681518,0.9137580274072185,9.825885173018337,3.6836886625605127,0.2062147441278572,0.9880974985574074,10.21341669835469,3.622829606692047,0.1972236325883463,0.9866704353487227,9.951526548246296,3.8798281293108783,0.333041394563816,0.947519473075275,9.811569285115953,7.4918207578693705,0.33939842814313087,0.9551166038454136,9.961889965957178,6.641272146871294,0.4212990790529598,0.9359203781272754,10.056893702590683,7.208892512529114,0.36084870209690184,0.9430295813682938,9.866533550229473,3.5628326680364957,0.39783625313364,0.936599294336453,9.822819113260605,3.1300345042435493,0.34227569528526214,0.9513547024265605,9.965631488009501,2.401359564500141,0.36390318565154767,0.9460386399439025,9.871700853706452,2.112455070890892,0.2507479164091699,0.9810181641590918,10.09120927627092,0
1.165056549410878,0.19168608312676488,0.990545630495926,10.21479911753971,0.9892654792468849,0.2711757863187905,0.9518450973443828,9.85548595931824,2.3003505706764305,0.3509082926792166,0.93397869983254,10.036940510126357,1.1014818145237666,0.23670900116272306,0.9283088261433181,9.960801869353203,3.9981348701544013,0.227518906468277,0.9860703936295905,10.1962406588194,4.461087863740944,0.22371794781072055,0.9801526854711126,10.023504954317849,4.149606181609695,0.3411823687092809,0.9489069588609353,9.888339103681025,7.664745901199594,0.3410996908098362,0.9525408194517445,9.977991715247956,6.8423402028673905,0.4229262491538491,0.9339560496347783,10.073727288553957,7.167816886499222,0.3560624147688255,0.9448614143446414,9.871279708154757,3.5520361890214627,0.391483902526087,0.9393083293137362,9.827754279210632,3.2189656011189083,0.3381356211654934,0.9547884393349975,9.95562893655752,2.373892230297635,0.3564211325649699,0.9482619604526564,9.858092172804703,1.96915823253604,0.24485641719779289,0.9835846989207886,10.150884060133782,0
0.9084313696148327,0.19377455903188526,0.9912506592233753,10.156821842093912,0.7155153201169114,0.2918558021003086,0.9643841873136378,10.006107191453838,2.0089370553946733,0.3050878037828915,0.9374832070943119,10.243073903978233,0.9515867485501577,0.23927134213294834,0.9307766200799465,10.164514956870187,3.4943757341939077,0.2452443746170797,0.98082230792486,10.251739309745824,3.2269559371359504,0.19987530455359329,0.9818229240131621,10.07055027815927,2.52897252316727,0.27496827617971853,0.973554229953967,10.088925437446852,6.598895474984782,0.31983154894785965,0.9618447450331151,10.287006383951868,5.809885310051989,0.3831872192579952,0.9450984070332598,10.34985686462581,5.554593681180519,0.3368365671631779,0.9569466211553183,10.012448279725412,3.398932692515655,0.3834201049176564,0.9446718681511349,10.026593741183472,3.244204988057193,0.3312228272633147,0.9548190262259186,10.126864130004815,2.08532336054758,0.35487531750369894,0.9511566518888701,10.003510499020724,1.5220038722776934,0.24025219272178258,0.9829569413312557,10.020465259888296,0
0.47723715383649934,0.269937428719536,0.9420899122460175,9.9240980640909,0.4947794019961086,0.287698470964684,0.937804854979411,9.989877182562648,1.6681910264176905,0.2700694286479157,0.9366403743944034,10.15786854608424,0.862074299352444,0.26517992247208877,0.930929144214576,10.074878057803932,2.6108392309983577,0.3224454561404672,0.9590019545129503,10.16032587510324,1.989379327464478,0.26354603511306396,0.9422683572239242,10.333416590450826,1.7290735957188001,0.2520118015642913,0.9677049547181471,10.180159539417605,4.568654328832205,0.3299386202819215,0.9457290234110477,10.679286680076343,4.273843969927842,0.33985620431086533,0.9552799438410053,10.45046736031971,3.500012941804912,0.3508477836926167,0.954310036138883,10.171718424531408,2.817730157125091,0.37496396296509343,0.9436148633352952,9.969926205697995,2.591240289607524,0.30188193513669564,0.9552583087474055,9.99394367349148,1.6824116062100627,0.3768834816894966,0.9426902336715584,9.888408606119565,0.8154332351078283,0.3207740187375809,0.9561986527684854,9.875217604220467,0
0.34104221621058584,0.20416604239574682,0.9207765150145683,10.145192060111956,0.28126111477359195,0.16030845646516884,0.8577429210929447,10.459310007645906,1.4413208320003736,0.2564442529145041,0.9332952173887339,10.213395198567177,0.7091797868105628,0.22928364589827613,0.9015716272326367,10.308671107743887,2.408828632443009,0.2821834821805285,0.960475661634813,10.311676913964456,1.8457207207051458,0.2334352454294919,0.9505840645991942,10.393811900590727,1.5736953669802611,0.2212209192399592,0.9633868375129927,10.466334170320406,2.6335245770405917,0.24901896068200505,0.9424009872515287,11.123848969860338,1.8890107426773852,0.2039980225672516,0.9732108146859157,10.882839342527806,1.216786865172848,0.1849734068748024,0.9791815829504431,10.601005888689611,1.3605508870496439,0.2595597134851492,0.9672581602424517,10.419209682908727,1.99534406329894,0.27980332558746185,0.9589378769266071,10.16356762645861,0.7879238742744769,0.2508964282029377,0.9610610247853649,10.258461829976369,0.4447340693790871,0.23276370347889885,0.9683160120658615,10.18795397348071,0
0.4898771687664607,0.16515975884910855,0.8506842572662483,9.910688994227927,0.36938372587196866,0.11002874853679744,0.7850204032654712,9.988058673855807,1.4524465418755217,0.21354177133437963,0.9089796465202891,10.026132810706327,0.7485959765544861,0.1807380682218832,0.8669651647541976,10.110403641462714,2.1465649602561605,0.2526703700961296,0.9597589923278181,10.135840482046751,1.4314820758181401,0.1828922915922411,0.9689271821689499,10.584285546575948,1.4928046158574493,0.2172394187219679,0.9567815984749202,10.322922956478557,3.6675626914808093,0.28022643814038706,0.9280101149703832,11.031375994386625,3.2065133130502206,0.24509476935935484,0.9454715532221789,10.850090039564005,1.7670141672500166,0.21374351230026933,0.9671106166868063,10.508970391309603,1.671370071531495,0.283947510825177,0.9602714790034361,10.30456241066301,2.084143664658686,0.26958289376958744,0.9610880648745115,10.10145416786936,1.01722406904612,0.2768966485669354,0.9526502373625539,10.211445806555393,0.5772083362380078,0.22145432460390738,0.9280115344642133,10.019988500124894,0
0.48331724759497946,0.15724602994884945,0.8445691035604246,9.739153759863166,0.35981455611033497,0.10272475671485533,0.785329403286381,9.939702576735238,1.1874853568133625,0.1855315933113714,0.8964239373831461,9.752910701551631,0.6158880644918667,0.14405036919921893,0.85645607171205,10.03999576087721,1.7323019851318076,0.19703487962785726,0.9378825037882778,10.183312970132395,1.6705554459566714,0.1853615305267581,0.955782087888757,10.463967578852817,1.2239901096237777,0.17501310627679226,0.9454354268977797,10.245069029950448,3.016675932163295,0.26954029249010125,0.944130048361279,10.882769682073702,2.9728615103647,0.2374639011408315,0.957420359088368,10.734353847649222,1.350806708310789,0.17222994871905037,0.9738593527323777,10.183365171078771,1.0966959006536612,0.20061025828486664,0.9402422722187914,9.869108665236514,1.3426103192024672,0.19503818120389219,0.9627989348510682,9.709541439354595,0.8015651866474751,0.20697276662554906,0.9244327781968632,9.809248450444988,0.4732324635708698,0.17804384430426415,0.8989743304427484,9.737968115181559,0
0.465803328578274,0.15229921686663925,0.8476372373886016,9.820416958283559,0.474418009026428,0.11978074719281581,0.805634676411491,10.20209927100387,0.9479740002462776,0.16034966502585835,0.8926826159303003,9.793561844764682,0.6499581114465925,0.14848768856893313,0.8696020703009744,10.335123342558163,1.3798986923967131,0.17924806898129542,0.9283210612277017,10.147939145192373,1.6083154061836977,0.178640463265655,0.9538372495615393,10.401590296783443,1.334756850198176,0.2057138213489145,0.9476251455032786,10.389459258823601,3.2378678645847883,0.2881741575562846,0.9465642752086987,10.784528581870054,3.3931901060461445,0.2560270542964225,0.9517315692930122,10.775765139877283,1.8677964547893942,0.23425645353504548,0.9646703495438549,10.35636027690525,1.2938777774475674,0.2183759977184501,0.9266331191966798,9.968979309679044,1.374525664093423,0.19790204610491677,0.9602689408449303,9.750596915791888,0.9387015301067477,0.2231364079886807,0.9089067303142835,9.875854987165678,0.5201585058973112,0.18309702443249037,0.8896070446713555,9.712755636359292,1
0.47091964811234316,0.1514293227100125,0.8449242105286636,9.897737475565478,0.49802100850464426,0.1261892750724187,0.8176143312665172,10.264778965213651,0.9440133096094654,0.14561305699902488,0.893598314983176,10.076833147847955,0.7492799756162369,0.1587942117610622,0.8723433709943197,10.53978814156124,1.5527178792051837,0.19707548570602826,0.9087833932365408,10.159598195350489,2.0196199731463516,0.2121813062006864,0.9484236774516812,10.33698176171431,1.267384883943802,0.20120584939865901,0.9565241464317453,10.342935185871651,3.7137679823197423,0.3115439435440342,0.9406232330824281,10.746522730343827,3.7790049532100314,0.27491032497785617,0.9415699458177018,10.862518744017386,2.3870823515872557,0.25555927267283046,0.9562116995231256,10.659082080785918,1.520567629018033,0.2347032552860906,0.9269823309345538,10.212968627945262,1.3375383159556946,0.1829670311131678,0.9549192880252014,9.94505515461016,1.0302690114046116,0.2201113664332757,0.9149274588421484,10.05535102811504,0.539365708371796,0.17555893917485924,0.8827578825255478,9.808913351013596,1
0.3989381174315219,0.14245419158202133,0.8517203431344704,10.317701582141952,0.6849951660150808,0.17308158273726928,0.8584834640496604,10.346701974699625,0.8346209574654775,0.13141073283635243,0.8809331539113602,10.330065480101938,0.7295403980365398,0.1525871822000529,0.8766158715183942,10.619820756500914,1.3375254782776396,0.17671273363587997,0.9157238619688638,10.302131257521438,1.91383946630603,0.19970665406324617,0.937618057273162,10.470976356726863,2.2376093225443157,0.24451168791141611,0.937293018152879,10.18212708568796,3.232757098037863,0.3301108782749505,0.9550892689628414,10.462597828958904,3.4530081542854134,0.3045858472048433,0.9538222998230327,10.720119521397196,2.8888530283080405,0.2941165321521522,0.9424627082419914,10.505479199191338,1.6451449434963763,0.22957588869571818,0.9152291268414631,10.468841677871328,1.7163970521928307,0.21086275391152487,0.9444258904597523,10.07886747906419,1.0703988373454352,0.19310634811194874,0.9060631111954423,10.285286711227837,0.5064987501579232,0.1474935704857922,0.8807208644339725,10.324127732241665,1
0.3669386220234542,0.14638666945330403,0.8323841358620628,10.523393109948682,0.7469017800352489,0.1874453106695404,0.8523283801357675,10.259915401788767,0.9447795442634689,0.1621759225930735,0.8714133041619463,10.480796599101753,0.8520046216669622,0.1839301902091793,0.8785937279881576,10.530803284631299,1.2434922235503738,0.1930079126070062,0.9356883368603309,10.216151566585507,1.7218425151338335,0.20921618548800797,0.9484456812063647,10.488988461739547,2.7055106052125417,0.2829078184285295,0.9368706373434165,10.058961654779496,4.087245954104484,0.38390371472173207,0.9435716868837026,10.195353327177124,4.384923888981758,0.358847849188215,0.9477494774166202,10.44031679234335,3.9747202687189542,0.3618418290999434,0.9346911879886369,10.485539586876461,1.6187929323810029,0.23878498435028292,0.920401224876547,10.68612234370316,1.701777315839653,0.226815833348081,0.9401103077031256,10.199626709563782,1.2181866058478943,0.21110192935236827,0.9129053464976877,10.507066244998995,0.5304173471962248,0.16289951884737108,0.8839488761263923,10.560496542605907,1
0.36805000498553225,0.15464724594636234,0.8229946914014044,10.550731753625222,0.8177822597153719,0.2245703104069144,0.8514190485670431,10.122087540372021,0.995136926985027,0.16652630761867335,0.882738385050234,10.365922528222889,0.7569123152208665,0.1788370235328671,0.8687869025120124,10.36028144388268,1.2681754351073984,0.19178353872232365,0.9425720599657379,10.171265730118254,1.7078939369400437,0.21337470534233183,0.9438222099226066,10.353678252096763,2.7502497099600176,0.26739038564166584,0.9335245123084923,9.960841889668254,3.4671532187733107,0.35579641043989235,0.9448363278528029,10.04501329530505,4.064653932311295,0.3513518982492393,0.9537287655592845,10.308193759753166,3.7175155857039552,0.3603996501465716,0.9391619718195979,10.37354130778022,1.480145232114448,0.23003145278011555,0.9399025673208957,10.666559646361849,1.5989377502042377,0.21712727510277388,0.9448922268905637,10.20420155508525,1.104839057608499,0.2070850285869518,0.9191460519682484,10.545813778626258,0.4070448476528578,0.13735094469146927,0.869772927496514,10.706340554448408,1
0.44541778492904616,0.17679521129157527,0.8472556489911206,10.42605267544694,0.8129441305073152,0.23116627990178945,0.8614825351380662,10.119685040139005,1.1140580804558167,0.18656839913942022,0.8996510373013915,10.199554619497231,0.6353371733172354,0.15182642217427242,0.8970752076258494,10.093511924468144,0.8993859399560717,0.16370690883255512,0.961218273959426,10.019084272677077,1.4316332077084288,0.20658188179438985,0.9529787042773431,10.22455077154323,2.5914639365948418,0.2703409906699494,0.9311120469325688,9.919931549408327,3.051572582389055,0.3394742379897702,0.9448828252919909,9.873046429879759,3.977758304077444,0.3513263776822738,0.9509964107970728,10.080854157664552,3.8630137135937854,0.39164541279857296,0.9322867390612061,10.047451199787611,1.5501008345709617,0.23747215739752964,0.9383650290027191,10.31233039832085,1.9972109640909128,0.25542220017417167,0.946662821217262,10.1623515669784,1.2097630351105728,0.22416014668016565,0.9209874064357019,10.295183967707407,0.51854969524022,0.16403248052060587,0.8950466770972193,10.504446498779691,0
0.4169557267337451,0.23405436137092261,0.936206326664582,10.386180019044849,0.5619804611157928,0.26039072495415494,0.9381138497879835,10.228711890174901,1.2649470670936487,0.22529487441282542,0.9450886513586905,10.247619974540909,0.6506373133253545,0.19123888954553642,0.9426435549728266,10.209421522390636,0.8831053992065393,0.15111153892170284,0.9723115716876213,10.224475262829527,1.4361843388276272,0.27248484921111316,0.9541859676724467,9.965386526314214,1.5636865911645654,0.21938389480732895,0.9419569037284465,9.790876345878413,2.615832029971779,0.2902845884703267,0.9612680721799137,10.079587294713546,3.640986235120129,0.3164644809246921,0.9615440748667559,10.097281774948865,3.540557333535747,0.37264687292391674,0.9480753538345755,10.162253691306061,1.5269897769785954,0.22790024065397887,0.9638349803619577,10.301229181059837,1.916301654701099,0.25810924297359095,0.9584928264022924,10.350618463153886,1.1960958724614372,0.24745312054627125,0.950203271900096,10.327496382288194,0.47530036025821776,0.19472668002490665,0.9561556870340431,10.338296610529921,0
0.4804133460378172,0.2422511558409057,0.9494155920385418,10.601062807263833,0.543327931175269,0.2618176997140785,0.9632354132060245,10.429553609655157,1.5476258673760617,0.23064194875917376,0.9503292462527662,10.359991580844966,0.640698176553984,0.1815539848412194,0.9577809759345587,10.463797955931966,1.183150635734057,0.17913782904928519,0.9790939931172669,10.289550315959904,1.8207567959159516,0.307230377910533,0.9491229725411949,10.078656582178574,1.2922451112568014,0.20115041064882586,0.9512539621559665,9.964054128981454,1.883567766582248,0.19405694723749128,0.9550831739592329,10.555579426922934,3.5350348055693726,0.26523551452389427,0.9571289422220873,10.26491564428049,3.7089583008281006,0.3439356421591771,0.9425551576347155,10.22887093847357,2.1229471251224576,0.2733755515789238,0.9624390023743237,10.37163131792149,2.4429806334923856,0.27114063090153806,0.9545773670735065,10.481029187253954,1.3676704734416139,0.2852327344781474,0.9603532782737434,10.35240444674493,0.583542630766839,0.22288842005314857,0.9638570574745753,10.489687088229077,0
0.5287987438547235,0.25816737158366615,0.9501515351903014,10.698352173607697,0.4708928887476925,0.22884881672177457,0.956534366011282,10.756029046148354,1.790030196013118,0.2597280814119179,0.9467836745898642,10.346975157881602,0.821289129752748,0.21139530115773422,0.9604369623605191,10.668450595209471,1.3086223437691125,0.20686875098332336,0.9759133722928467,10.390787615157262,2.493605681364266,0.3341574993883007,0.9461904547754247,10.52943490481534,1.8445840097866084,0.2457279599194239,0.9687152488805214,10.535265619340924,2.600671129296172,0.22332737631347307,0.9324309535186107,10.865947643254653,3.8784311993346923,0.27539854404576525,0.9461528581501557,10.292547142539002,3.8514618557461753,0.3479874009403064,0.9375321272092354,10.251708123188871,2.2194498811966867,0.2819645925814169,0.95673337077565,10.3850086335842,2.5851146603522173,0.2905514009214624,0.951754650375434,10.438333166146343,1.4798509648272475,0.3064286977421891,0.9492897089435747,10.402529434949884,0.7416595388182887,0.25921555691098236,0.9621208482048064,10.508344008207686,0
0.477183156697959,0.2432322922798871,0.9357740331378841,10.801163541891306,0.5019502533988389,0.22954530623823086,0.9391645013847749,10.703079092504503,1.995728962872512,0.2786742437011195,0.954117497803945,10.262760931434045,0.8698795947281145,0.24966146343957663,0.9466625176082744,10.676292696689707,1.6710849954948803,0.2521135083853822,0.9622876288512844,10.457478714999501,2.7067112098348938,0.3180142577860087,0.937504515939028,10.712583897467512,2.620942735822098,0.29829013461649495,0.9532856405923945,10.64236043909766,2.7882272081062434,0.21866076556081301,0.9342560038793837,10.797320039325282,4.5710638354258215,0.29419622773800586,0.9404287577819589,10.461192313168048,4.509122642834848,0.3655041092202993,0.934129873642481,10.490721863162419,2.504269318351237,0.3084081526034332,0.9470389879716594,10.627167763069147,2.557091204544049,0.26660820497237325,0.9656230075104336,10.4756443612317,1.623866774589564,0.3417256475376886,0.9352092240238782,10.544276705017838,0.7381492739728268,0.26720512148664943,0.9570710803171619,10.618861108133084,0
0.66208929881509,0.2235910733321732,0.8624913766249375,10.471992990387676,0.7236212865358307,0.24609782167086855,0.8832488302187319,10.353893791535041,2.381237683293993,0.3071836292930567,0.9397385559487867,10.21287207569111,1.0049327624287856,0.2760994589535076,0.9220828364005387,10.470360344207847,1.9309371236259785,0.30516635733137815,0.9580521617188724,10.319358462325631,2.557816923844702,0.31054031196325826,0.9335312020711378,10.762370267880865,2.9014432696826917,0.3128867087761632,0.9420875459157423,10.640332646423628,2.4331467596151857,0.2040328704712651,0.9448748250018961,10.904877735837923,3.93412418639759,0.2872912253974984,0.9566038103918056,10.548783889149348,4.08176359546095,0.3788109873597573,0.9388079507346104,10.525456815218762,2.2158821151420245,0.2857644820300913,0.9313706613341765,10.584087034253573,2.6233988845529246,0.25834609377606554,0.956966354318669,10.31180014111008,1.4714984047973452,0.34898945202361986,0.9425874217676955,10.46247980308857,0.8790070111284578,0.2561130807266899,0.9100045739068385,10.414977898891767,0
1.076534156803026,0.2977990120611178,0.872074306743423,10.240191545899803,0.7674707701065779,0.24010445191818353,0.8647553512511167,10.159389143383223,3.4499907927028075,0.37787323211168344,0.9370247903381483,10.29024536104353,1.0723086383620948,0.2851945993355352,0.9180339441093147,10.395134799801228,2.0763740886729196,0.3236977651947012,0.9558401176584672,10.18816099606304,2.393069141323796,0.2731745423723789,0.9425161745472517,10.856155952109336,3.3369885276422884,0.30008126402305024,0.9423601634546622,10.748525627076218,2.5230653487429286,0.22404717081807302,0.9565375182600332,10.77067347283158,3.388893744837274,0.2731540856763898,0.9679172064181969,10.535831631189145,3.8745457279139695,0.3833034560386951,0.9450147801623423,10.364764375620178,2.401854810762658,0.3172803457702338,0.922313871240998,10.251619032210792,3.811712692708925,0.3265686704431803,0.9532356497754756,10.323366782086621,1.7544421225750102,0.3772204958959487,0.9366259352944091,10.137092274394996,1.3383245256529444,0.31850314922018547,0.9135711599188192,10.088052174592981,0
1.1061227607636166,0.2942307040412909,0.8668109386286059,10.013481139269848,0.8065074957363959,0.24424483502331867,0.8626838492990678,9.941568852267679,3.3650293652476564,0.38179022713302707,0.9391150536052373,10.297235028397939,0.91623992041594,0.28734883956420504,0.920769819408663,10.267061673404557,1.905380695981145,0.3031730330598645,0.961836399945559,10.11020260495685,2.0431958330553597,0.2403454473872204,0.9464792974641676,10.552139819503818,3.2941706539443514,0.290852991940532,0.9318036019723926,10.60969184159034,2.149653957022152,0.2161149210452079,0.9637843997424823,10.482759675172717,3.2450136986436617,0.2695703414234839,0.9665740118004161,10.473731642811348,4.106571270944193,0.3735818697749304,0.9491201471651635,10.313731771679363,2.8104270950271872,0.3408490882038949,0.9273107050749348,10.130726810644777,3.9191304552699875,0.32392062949593436,0.9527942956799643,10.272281974336106,2.0033707285218036,0.3637160999150064,0.9347014691691689,9.908026521278549,1.436015424932405,0.3053955619434984,0.9029338128910731,9.856720628666446,0
1.1790113985512822,0.31174954664197513,0.8787173188163825,9.938966271900853,0.8705946639512707,0.27236972248862973,0.8720349310037773,9.836756402628275,3.503958214782834,0.39871454088843594,0.9367289362511447,10.254324972647957,0.9920295438373838,0.31164773522266354,0.9341674416630008,10.065931198973626,1.956931707614704,0.3049011922316309,0.9630548820610769,10.072706024968001,2.1583172595231725,0.26003333084085506,0.943155437360827,10.331317489189836,2.659442435701769,0.2538156207719168,0.9210701586991432,10.450221052167686,1.8036164061529318,0.19987655112719585,0.9582131778268217,10.653460391061737,2.486395800481003,0.22889110819088765,0.9629535348698453,10.356577198700608,3.962787262726082,0.3556181671384031,0.9484341949214994,10.171373196856335,3.106030771835661,0.3603425408325431,0.9225510428600026,9.969337750716901,4.061353316530677,0.3524829193386829,0.9460776051308495,10.216419588092915,2.3860044793023083,0.39283737659079637,0.9281308980176779,9.84430304502253,1.5446166926243627,0.32364439508959125,0.901720527827206,9.778630544178498,1
0.9265779686403575,0.36753805135845147,0.9245027648961172,9.937546060025259,0.6255387929922489,0.27881818069674585,0.9107192479245644,9.768419594638294,2.8918144811254853,0.399210832803724,0.9373959127962669,10.286731301946405,0.7208907790091936,0.28462852378421355,0.9493796376169602,10.02524506970987,1.774231817449672,0.2778192854069515,0.9627088788589572,9.905252445831914,2.531115387190257,0.2903571029922458,0.9415020278932621,10.20458697028198,2.708885410948178,0.2694638757242431,0.9193498656506037,10.478494119315918,1.7635519140419316,0.20746664376756888,0.9607454128693697,10.392899657948679,2.5135047815747713,0.23856356513036048,0.9610153347251873,10.202272498355146,3.7666515667217144,0.33452660699166037,0.948509942483739,10.087001670588343,3.0914206964905793,0.3921960776179322,0.9343467601997164,9.93841925583877,3.6354573435865705,0.36935059138712983,0.946150309797019,10.277964757686753,2.396262122669325,0.39843290860949665,0.925931421584054,9.820247748560634,1.338686574756525,0.3558375334115644,0.9216263055803748,9.756554245003066,1
0.494194282514871,0.1905412609853584,0.8455112001114131,9.723128560426339,0.6031022834165836,0.21312688590822843,0.8708664726777755,9.80184956437641,1.413998165620538,0.2213194426599779,0.8848675699839217,9.975272165590866,0.6406665735568731,0.18702863527411984,0.8473732072369892,9.970698528615513,1.746037982454291,0.23825708984448962,0.9600499558482074,10.059628186571754,2.3431674316069246,0.30766434722663133,0.951006310112886,10.137632283676242,2.3563632148112013,0.2754208941858311,0.9331840738554376,10.277768015850175,1.766227576649209,0.22748025907341002,0.9711074040852823,10.249813635854542,2.1358693487104903,0.25014791028424915,0.9736307265427764,10.186053658242837,2.8430041714876175,0.30157349701221,0.961175949142053,10.151792008068806,2.2108873896610826,0.314645281521373,0.9402235408035708,9.931728826623482,1.7680046945402244,0.23345644699557655,0.9021211795241252,9.958215454594056,1.6568054667870538,0.33045455244590144,0.9313172104052738,9.834462481410485,0.7347414352279007,0.21017371056504883,0.8678635651687036,9.533702488392064,1
0.4531366679289467,0.18525578778753,0.8246421298817621,9.912529513377917,0.5914127861805772,0.16637510574835948,0.8351076475677788,9.547033419078598,1.3160953868146152,0.2075913744802632,0.8625285187244223,9.82983765412593,0.6678342107057673,0.1662055326745307,0.818880280332113,9.750119785287929,1.793283996235763,0.2263979778432092,0.9369182546574861,9.929966317001293,2.0559828737319354,0.34670825289289486,0.9493964000959708,10.035178265053784,2.3241157339000744,0.3179994626521052,0.9333020244881314,10.202422216134678,2.000458861116745,0.2656903981555175,0.9665907370541172,10.369106367625886,2.2538800781188755,0.25490466498191416,0.9764057397278301,10.382345029943211,2.983801880052435,0.32805794686450945,0.9528400646268719,10.328923390454971,2.0283153699927396,0.3230999233282561,0.9362953233460027,10.097475284303586,1.5801913900446465,0.21587929799316757,0.8926884644417258,10.233753907696416,1.489517465122894,0.3543269020650385,0.9291132625245818,10.115510357484094,0.6172394604982854,0.22072807729924523,0.8678970158809256,9.889221697947102,1
0.5317780986218426,0.1838618744626599,0.8176287871366672,10.137749188869691,0.7381591374456945,0.18268667068931368,0.8350010520896783,9.824978702811972,1.1501453435969649,0.17512538917052398,0.8556354338663301,9.994303885434704,0.9034919866184912,0.19340982869574103,0.8271439800675628,10.139877355339006,1.8698016050888202,0.2375142132747529,0.9325905704780623,9.905530469860475,1.5783044962963895,0.33676744090107275,0.956819804806654,10.052303333125941,2.2575875217782433,0.3415860753698798,0.9395135495154161,10.159713144447165,2.160464580370245,0.28309240325405494,0.9656549495117377,10.360689767825722,2.1931430185747183,0.23556981083915726,0.9713238525857366,10.504563122700455,2.7329611788704216,0.31498597875635315,0.9556906465159797,10.450582879787744,1.639729971270306,0.29152203423552187,0.9402106366552825,10.248302074898008,1.5600089987626913,0.20270539526956738,0.904096773958584,10.184823848955551,1.1166291082510325,0.30824428916006674,0.9293096288999296,10.360918683445119,0.5945914110820345,0.19878046417652545,0.865262223038751,10.10288296902776,1
0.8094297403205478,0.1755624982045209,0.8101796579475158,9.928078290162542,1.224359080686951,0.18401618346165155,0.8212592859428756,9.888067666450084,1.2380978778904415,0.15215129696763405,0.8334205451292652,9.870920435164612,1.2346796707439356,0.18374697463114156,0.8146606532659328,10.142344481675458,1.746135965757704,0.2147619927723418,0.9384656765109572,10.068963717783125,0.9851558079484477,0.22329849888224063,0.9727048287171236,10.305155308868558,2.4236459624741555,0.34011521770911757,0.939258719589951,10.035729496196351,2.3663791691488085,0.2743519528669868,0.9583976188468687,10.393884671545132,2.246050692626213,0.22521037770416819,0.9696754520415655,10.556013159032593,2.9602467022723356,0.31228593627638174,0.9399338835138791,10.474105406404833,1.6628165804929602,0.26092322469749524,0.9114653063363362,10.19879000315608,1.6295481885956637,0.18616357300366412,0.8981644895192047,9.925710874404935,1.1926006004243719,0.2871906257332885,0.9172906351005651,10.245500739550243,0.8311215959540426,0.19353537006239627,0.8575141544645103,9.937178655775643,1
0.721341606168631,0.20066352403563753,0.8341381566742385,9.901151751155275,1.1029367077760135,0.19685798343938557,0.8310114999281247,9.905813589301959,1.2489098848285076,0.19246931908387288,0.8817807791848448,9.927661951594438,1.1709417739908963,0.2082746514834051,0.8507759050880275,10.119014958019418,1.3582293660950453,0.20659871362934326,0.9494101964995917,9.968999402124547,0.7207542412086588,0.21185747639696165,0.9739738235757516,10.441889157983283,2.390587484809826,0.3663022663659079,0.9370481564539074,10.066761685451231,2.0697752778429024,0.2535524569986583,0.9627165907746188,10.526369166819391,2.0516571313013876,0.20674414275030212,0.9677240351846715,10.697265789329682,2.6691458482930797,0.3012003052822579,0.9388208656800415,10.504094589992656,1.5445621508816871,0.26283365668319963,0.909873477071492,10.26177787469124,1.6266338394543665,0.2192997961121459,0.9292347469551118,9.964877819579106,1.1389999620817994,0.3114366374534556,0.9241022526194342,10.244836425769922,0.7695641639924671,0.22519177714630348,0.8906321963850097,10.019206307550066,1
0.699742410684612,0.20535222624709368,0.8415607766834649,9.894389143226466,1.046820192863269,0.2260000878963615,0.8413095839877642,10.116810156441028,1.222661441618356,0.19580580988788088,0.8896460338790367,9.905119316636563,1.2018320458728953,0.2326690727809617,0.8691343052126286,10.25716225289504,1.4581417813289024,0.21762298110820585,0.9720344552597867,10.190490776493855,0.9004721214393326,0.1945830392870111,0.976245464665922,10.644329933933273,2.0446115042029374,0.3115276385525282,0.9539779793804704,10.143002312224334,1.5334522147203278,0.19843081372622523,0.9649612032164582,10.514800684356315,1.510667681321155,0.172230852982835,0.9557773869571584,10.697931267337026,2.3133029077698533,0.2643192710546686,0.9435906272047255,10.493740014168626,1.2681578145085233,0.23477852829277976,0.9031634127398319,10.209662859099145,1.5372367251875407,0.231837125131086,0.9262034328778772,9.822004573032427,0.9785017463016419,0.29188304886582805,0.9265472906974314,10.18063317637896,0.6868170439074726,0.20598528768897753,0.8932395076433571,9.935061414083764,1
0.5379739612876211,0.1899564033637102,0.8415494890453811,9.753356716193652,0.8639562423762004,0.20464276866389608,0.8442461174409853,9.906424156536078,0.9097151303435009,0.16241500481384366,0.8701459641989032,9.800402342435717,0.956510359131605,0.19690381228389234,0.8707249653303656,9.969309979672188,1.0356238524215444,0.15253393067640414,0.9493284873423055,10.002146694261466,0.8220408625044991,0.15419866404340207,0.9585483422424964,10.552694725483722,1.888587591239979,0.2761748827138732,0.9627132776324762,10.23794673256669,1.739433082828747,0.21214920085677946,0.9639614127936966,10.488535468067274,1.1923872676915317,0.15753160381997108,0.9379256222801036,10.61931442768435,1.5528772059700833,0.21155948681478343,0.9317511574231989,10.552350600794378,0.7006760925429796,0.1581856392522745,0.8853602553552455,10.04588038186595,0.9462226111586166,0.1920052372924627,0.9132613043914923,9.827631384627034,0.6429766658075465,0.22872334090263402,0.915510955970893,10.00596353550365,0.46362772700961563,0.16384333860279943,0.8908041341623876,9.750453480055782,0
0.5605323718928223,0.15718226814482666,0.7924433908943718,9.438912189356992,0.693872032589465,0.15716952690481567,0.8028240986340606,9.636032824446385,0.8965942118526352,0.18983120261942588,0.8833903790234292,9.80621720147163,0.8585419437293627,0.20051394944669726,0.8796046777292824,9.755309994904847,1.0508841503640647,0.15541815040450546,0.9423933059352058,9.92932600253656,1.0580629380106883,0.17366679243718536,0.9405020841852556,9.845711754031443,1.5907541205056486,0.2573846276531466,0.9544426555809477,10.074290390353465,1.9650962936728371,0.21112852851412586,0.9769792117069066,10.314492830685802,1.1942567302855616,0.14912414990408937,0.9778925387604379,10.355238496568107,1.3639917741891443,0.19153814862990792,0.9641851294550013,10.324598953193794,0.5847254108045629,0.17390838561820068,0.9424704174873391,10.077424489217275,0.6917543010679528,0.19556635534262348,0.9130898792662213,10.019145692541077,0.43049940137043374,0.20031675986176137,0.9139788738821465,10.199259798915945,0.3247130233685443,0.11123635175800818,0.8228806971556875,9.61338803665102,0
0.5717807230695335,0.145039876821733,0.7820021231740402,9.436201916029491,0.7013714040425704,0.14726607868465505,0.7937877078197022,9.629513569920038,0.8053144043006921,0.1712970760213343,0.8819683284077842,9.764862427708564,0.7774102463397934,0.1904078906427091,0.8576330788810803,9.643250371128122,1.0064719725526794,0.147047653718874,0.9302743725311928,9.875428699113314,1.132622832949874,0.16701037446338202,0.9306973261396451,9.830527806320955,1.825261121788422,0.26540698592061757,0.9550387502120338,10.153784519590646,2.215941032238603,0.22783639770922243,0.9767758834776689,10.364047811524259,1.2573974442187363,0.1586599022467429,0.9805760141058716,10.37300265904823,1.410993613695588,0.19013287085857597,0.965492362621178,10.362216139870947,0.6256818226687786,0.1949196324254318,0.9430192309311094,10.001856021449795,0.7039364414066507,0.18047198025647962,0.9201916135923098,10.045892251081069,0.48611285244981534,0.19773216149201675,0.916613865599178,10.082234181408635,0.3507115518519602,0.11087040104598626,0.8102414973265535,9.639643493285295,0
0.48279917473132533,0.12355810377229119,0.7774237962432897,9.459766088709545,0.602252420175283,0.13216285397620306,0.7862717329014605,9.572937936601132,0.5480248430968091,0.11726775087608327,0.8743504211431975,10.081779358358554,0.6966758963407839,0.16972187748353276,0.8508107022631035,9.550921912355394,0.8658106463633262,0.13737904907202178,0.9249695385351505,9.883726876383033,1.0670127767716777,0.1574988904784466,0.9273663972373801,9.860021750119698,1.794885525185279,0.26532437504852396,0.9493424316568152,10.013701205888907,2.3184920290553315,0.23445282840447199,0.9742733299687322,10.374564971795701,1.244627301942086,0.14913213429350108,0.9810181541668767,10.36232697467806,1.0043857122973332,0.15423106798275396,0.9614718841579792,10.210819475488963,0.4457347164245098,0.14393943965242575,0.9427534893469307,10.141638802524621,0.540050816518439,0.13763811617565094,0.921793370391141,10.34944225685786,0.35572617513650034,0.15421051811030467,0.9192680520171167,10.179845896060044,0.2663606841804816,0.08708778568276321,0.7996364260585511,9.732108347364786,0
0.44174554565807156,0.11703345888988191,0.7742235153641767,9.431055242082364,0.5183402046160458,0.11923953720903495,0.7764602092091234,9.698422231306282,0.5449539261780036,0.12459955771859793,0.8872261841162987,10.115283819348559,0.570864859756595,0.15011395765871088,0.8468495411670525,9.751017572649179,0.687285037270147,0.1251806075566827,0.9224048042996339,10.101574983950893,1.4381574819237972,0.19853726032105884,0.942227142953834,9.931302053015699,1.9382698600570722,0.2704226028258065,0.9418401342922869,9.979494949661277,2.6238162360267463,0.26571514584241146,0.9687617191041322,10.334052142861424,1.8229073681626016,0.2016108115376849,0.9821855042948671,10.169249408423244,1.3477509129873542,0.19447244832303606,0.9733249993180457,10.011564762754755,0.5283161135242287,0.16850286548744317,0.962398521691876,10.107650547528717,0.5611811282215872,0.13853459475715196,0.9415141970717886,10.388026159545882,0.44793690984126866,0.1914766199348041,0.9404935613424672,9.979909293635709,0.27368201015286675,0.09204033610199912,0.8064234723516814,9.82904185302578,0
0.30004887633985367,0.18194433280392447,0.8877583416535438,10.220339889163343,0.416926045823906,0.20835049149751603,0.8721008596001321,10.24745420997882,0.8490908698192141,0.1780895457708726,0.9432158657546138,10.201952855666107,0.6214543253214571,0.19588702892745616,0.9135980572299636,10.152342420078377,0.7287199017579888,0.13772371789679838,0.9569483824792487,10.363458982267574,1.3666367512399333,0.20089851642516185,0.9410454920087827,10.208845208093324,2.022922965999425,0.2987725308557558,0.9373444871341793,10.147258225844515,2.4824726278072133,0.2753807145523012,0.9626139752147853,10.530583870139587,2.09325685354507,0.22629750252829017,0.9722998849376392,10.42308312455792,1.265856823820028,0.18616647672574144,0.9806470599923778,10.294170573115249,0.707756175303435,0.19127966377970448,0.9647910515973654,10.409828146388703,1.1227539969470084,0.20381005354911605,0.9711942193175995,10.554064157180182,0.6374594638797003,0.23892092509761087,0.9660943664247507,10.153737150128666,0.284963200811741,0.14035089556177036,0.9349177343031683,10.320827371602244,0
0.49391407670324566,0.2800620383113497,0.9546170365944235,10.066194564950099,0.6519643132060325,0.3113655581700816,0.9443684385589189,10.193320802348559,1.5039403480589741,0.24724362756705856,0.9430388599079282,9.890383731807601,0.9874669921385432,0.2431002295989858,0.951756067023792,10.108511613867769,1.1497961690034528,0.17794517006182514,0.9686147849597986,10.403664437797568,1.5929258052787074,0.2181101976955463,0.9560754745878226,10.184789317717447,2.0066190617476245,0.2526065108468793,0.9342423833150922,10.272592225090104,2.533181359820257,0.2532489506505698,0.947795262130728,10.619988892739224,2.9919484816031057,0.2662799677458895,0.961715196755542,10.492219120948942,2.2713698119698176,0.24386146734318873,0.9693460182052129,10.3284906251306,1.205841889793955,0.23270552511180237,0.9732030682568525,10.220424111574186,1.8510786636996008,0.253537385778698,0.9668593023240221,10.203801354666778,1.1209263377550545,0.3072581520674321,0.9611786341771439,10.18243680467973,0.5834446541946953,0.2263612766424413,0.9735395181010575,10.106545415850091,0
0.49187067440231835,0.29643242654123647,0.9510072275023785,9.991709752825304,0.6596865162948016,0.32083520188859166,0.9427765289463363,10.158233981322718,1.6177069454638846,0.2893520394918969,0.9453441869380681,9.9634843758672,0.9156284405514288,0.24586978702751705,0.9470032187425852,10.12634192216318,1.2279616665576327,0.18892212958742066,0.9662805454340972,10.305938668562913,1.7962229045300235,0.24976602299421316,0.9522350121972325,9.876608062644895,2.2853975201305383,0.2758827740399732,0.9334990964625691,10.110549694386437,3.05701291289183,0.27867336528384756,0.9556382491248919,10.543427153871587,3.8570249606127858,0.3264548806016027,0.9556396212687862,10.516553090442205,2.5697290334736427,0.25804164331505064,0.969635170028122,10.32058798136901,1.4412347920264594,0.25464861733497646,0.9656897644631575,10.074357154204105,1.8827942002554072,0.25578115725569245,0.9645224140886589,10.170257980615073,1.2108494893301018,0.30534203794704834,0.9560319713560747,10.102450513328556,0.6013953636160921,0.230306407982947,0.9715356622123823,10.052830549336692,0
0.7123816821424711,0.2476639727014813,0.879403072406522,9.880324973743674,0.9244466073600979,0.2834245654032594,0.8870784703870239,10.034432718361472,2.151761251166535,0.3404930636926956,0.9324932628202904,9.941798914955317,1.2631787008842748,0.2716402538734342,0.9111026753452548,10.059409603272275,2.143518330331645,0.2881575220242297,0.963347855995869,10.226008489896522,1.832784836580459,0.2552093858181678,0.9458505590816157,10.060382425664887,2.8342656820755985,0.3092738625011298,0.9380715902888801,10.448151690251535,3.276508794244073,0.27299076754758267,0.9578926153375792,10.612281215066446,5.041875401654538,0.3511026119922119,0.9481537104402594,10.622597208782503,3.4271778055339843,0.304746407959603,0.9593749278832968,10.322448510592736,2.363340891719935,0.33691433673889154,0.9493649075674987,9.931946460307259,2.5674307906872533,0.3024372587308196,0.9524777365048401,9.981014544621587,1.6631306774581682,0.3527750609182812,0.9431841845689186,9.986824097940604,0.8383043565893908,0.23599255000929378,0.9157860165907392,9.940611789311056,0
0.6848290881389325,0.2310932897531397,0.8571775436959093,9.958618963068945,0.7835540993828277,0.26928866162054255,0.8710416701856739,10.051197303988275,2.120345770136145,0.34108321987074,0.9117429405723932,10.040494915492127,1.3032195320861708,0.28290040301939384,0.893370004463356,10.122831384848272,2.5868317127393397,0.3553524899381937,0.9520598331761929,10.104681588625887,2.634187944479722,0.30422092423098274,0.9506014085270748,10.396339336640075,2.684243631318543,0.28506072235005664,0.946042646038153,10.588493250686678,3.563090265391192,0.2957310975066213,0.9553476767334709,10.531761574559425,5.792104713312059,0.37984672823219157,0.9407625687375604,10.662387926001232,4.621340252418467,0.3487867143171382,0.9547780307599084,10.272045910287103,2.7799684091885357,0.35045396394804373,0.9458096758291418,9.922165842766988,2.4434895822847533,0.28921910950684154,0.9403049564180525,9.969721735268177,1.9311008426048917,0.33932290244090796,0.9471992224215292,10.026793791864158,0.9122430629263563,0.23529638858285487,0.8947153799522368,10.030450682604492,0
0.5800508557953803,0.21802606808977074,0.8289084622449081,9.888523625069427,0.6661613708677374,0.2439566150027629,0.844568986870442,9.928985898570232,1.6457730208738828,0.3248141208065507,0.8861637961735305,10.176430504253236,1.083620840673381,0.26770758626427416,0.8607154362514876,10.083969607569403,2.649547742295146,0.39289359604103713,0.9365230560541904,10.107832324873812,2.4562841097790926,0.2891877377311423,0.9430264059380542,10.449333751178823,2.413244433650957,0.30090645141513084,0.9500808477331167,10.48420978256824,3.513439893001548,0.2991711938604529,0.965296314616508,10.446611924872807,5.287482152173584,0.34741917987970344,0.9535623515356092,10.640935453319715,3.8470223835216517,0.3362384351246744,0.9568458297113278,10.233634324526383,2.42257074518794,0.3284707322729964,0.9437550856984886,9.97802327692459,1.7346696315152068,0.2529688219389587,0.9344306987762201,10.085784258163356,1.5947036447907712,0.297650271302994,0.947306202938633,10.038619666462544,0.6549268408794455,0.19827852945527302,0.8654068577146792,10.114268351636998,0
0.8759146416113086,0.2779131584510949,0.8438640039951982,9.756380154522132,1.052952595585942,0.30056862810825097,0.8723829045022868,9.752085799465396,2.03303409753448,0.330515522401836,0.8841025067308756,9.971541067021791,1.418017757433014,0.29246373618740684,0.8745771536058712,9.92959663075039,2.7760374167520387,0.3779788088703182,0.9449991671002795,10.109768592852035,2.7278499263935583,0.30432235954264214,0.9450030593688082,10.462477436383388,2.4405318034037577,0.32423186429180395,0.9568703373149289,10.489513281358903,4.756446810143615,0.3659431554424976,0.9514559630000601,10.187732995825536,6.284572265321524,0.3718993653806255,0.9510943185211846,10.274382997806029,6.584384376907096,0.43727602095001356,0.9276392314780684,9.882566454595555,4.737376553435448,0.4475296530269347,0.9151378727812057,9.730168592817616,3.234645907932231,0.3623074418956555,0.9268276115266812,9.829610721048383,3.352688317425038,0.4155091015587501,0.9246835643381817,9.783909567142215,1.3585578956603188,0.31139223926889475,0.8843914041970101,9.796240180200703,1
0.8032172163036341,0.33577858094949464,0.909842490966247,9.902262387372392,0.9160788501338127,0.34636091744412595,0.9271860908519851,9.882310309191771,1.8471003530834817,0.286144446373473,0.9110171229362491,9.993983747609981,1.263442518107353,0.28546595744218883,0.9145408080268417,9.971751729397884,2.2479091892776437,0.31286952515423455,0.9508549619265239,10.189016394729535,2.5664866391845087,0.28142737629170866,0.9449351615197945,10.401734234101706,1.9203151336097606,0.2600631545000578,0.9449117119578534,10.205927702938244,4.5015551199885735,0.353359853616475,0.9551816239953814,10.151906342940404,5.2421826066109745,0.34318079294707443,0.9574578982345794,10.148189866872759,5.896948697801821,0.4014029328969356,0.9357035394080154,9.822956889935043,4.1143381476476275,0.4029288054160158,0.9274710370341299,9.753486353255695,2.88666222595866,0.3136915216461009,0.9425854184974101,9.929449572392251,3.0168807980694297,0.3675675327719589,0.9374664919265703,9.814884132598088,1.2230313455671356,0.32092832153589435,0.9212301730795145,9.841021440056263,1
0.6768451726007296,0.3201619080757781,0.9245073384292674,9.762904082621285,0.8365064219775036,0.33722804042223686,0.9432933419579166,9.872081628443091,1.6380991981395372,0.2534632232820312,0.9121832641844352,9.772001504727033,1.0318727349338392,0.2671599203059032,0.9303743661098051,9.855376412385372,1.6781501954286617,0.24041011636768198,0.9544092165107468,10.357391218530177,1.8154834712439687,0.22336229470070657,0.9248423207771004,10.047091497106605,1.9622790787088662,0.23119647336398186,0.9234778767073589,10.019098138105404,4.600070767941158,0.3553168854577777,0.9570768933117204,10.200661965257172,4.54805337935237,0.33423855702867117,0.9611933644053235,10.028333305084205,4.921948493277771,0.39740958872953924,0.9364812755333366,9.785999061682237,3.5289921869164864,0.3941628202661848,0.9266526838065134,9.690134798473316,2.568752110560698,0.28482500406268935,0.9231888955770067,9.825965167925572,2.583551384181123,0.37169006396738574,0.9310789352103676,9.702686803012067,1.0566807483605642,0.32970766633387266,0.9295119779487255,9.703456126467776,1
0.6044504605932237,0.30339995955163523,0.9375704418351858,9.891782178314086,0.7645876417907352,0.3502009960526522,0.9519031281810816,9.99346763842775,1.4750922148851298,0.23801879518805022,0.9136091214326477,9.784914132453926,0.9723053730136479,0.2668613324590178,0.9395510339827599,9.99173533311622,1.560929262644324,0.24212204784883085,0.9611686271957822,10.28484927409989,2.1461447179457664,0.2546726517695926,0.9341146292156465,9.900823431599045,1.834866357524672,0.22142397382511209,0.9217424454597304,9.976791040418734,4.598995485426878,0.36465586917390314,0.9515434091439247,10.122357324669089,4.619672617802003,0.3708801151696484,0.9480250134858508,9.904878142596345,5.209107544878762,0.42902249182008967,0.9252555632358562,9.746305238306105,3.7671301003339206,0.4374995672302885,0.9171581264400258,9.679659505741835,2.666459933546479,0.2904270594795115,0.9260909547409698,9.824544973479918,2.6473786879118735,0.4080097305554429,0.9238521039234718,9.694757578420251,1.1041103578973641,0.3535077021294197,0.9352287192239479,9.737154013847489,1
0.3184189294065405,0.1951227709851239,0.9513706036988755,10.294981021203261,0.3989762873365577,0.2663110424101041,0.9661100190710935,10.523088532602507,0.9774214423843924,0.189212049448951,0.9150196008100089,9.829739915278795,0.7024683359517481,0.2200488323382693,0.9548434825090125,10.24700611156084,1.7606741049126948,0.2815182853363118,0.9656347833214606,10.226290425736783,1.6250793094702574,0.2028528129868774,0.9445526922341367,9.99992979099266,1.1612483258260053,0.15261356364113166,0.9090543639402549,10.010248268333404,2.846738107573189,0.28239673658120595,0.9631813880903782,10.333863116591818,3.25543602049004,0.3183824814629574,0.9669207888591097,10.140700258811876,2.699921373969559,0.30142788099463,0.9616431719417003,10.111985756593754,1.4673067366261963,0.2619635055552126,0.9609358014347665,10.046534227876304,1.130350020432208,0.1552167871090589,0.9219798313711444,10.256619516134226,0.9238434517198134,0.23489990267262387,0.9651653870187633,10.036684672489988,0.4339757101854332,0.19259388408194142,0.9643082518994716,10.255729453039732,1
0.3212193548957872,0.22476301588404826,0.9605898242193582,10.002598641628097,0.3773354979225651,0.3034120045677318,0.9621344748654728,10.220070421366614,0.780189266789398,0.18664633103956602,0.9222290192035221,9.9637602265261,0.7186354456643251,0.2409441421542637,0.9571269496745999,10.065840221527372,1.7454727703745134,0.30219285626917824,0.967600409343692,10.083337771936725,1.7189363324344495,0.2318379584036554,0.9652034398436107,10.102363424597666,1.001635005810331,0.1655359347600031,0.9414071245831436,9.971893718269001,2.351016533478654,0.26325214306325917,0.9668773640270547,10.228079806290854,2.8949061142638177,0.30305601985777764,0.9697191347379867,10.167326536810428,2.2256305237633813,0.2892179645927521,0.9644345897663301,10.082710655064092,1.237120183635768,0.24295710844427182,0.956813930431957,10.109397401314409,0.8708822691401493,0.13232540992410605,0.9123813890059992,10.165919779588565,0.829127484769296,0.2546863694807649,0.9672390284125392,10.161763575749593,0.42471206068692907,0.21279856828206414,0.9657453387512077,10.135241823130567,1
0.4102127868003165,0.2729634999444646,0.9529348771371908,9.938440922611274,0.39541925128043964,0.2761541996363161,0.9550243548566467,10.023168701989668,0.9214540844564424,0.23269704502160352,0.941855830026538,10.019157936809119,0.6933671346705625,0.20346934724321708,0.9533445578869749,9.999000826884375,2.006017409222025,0.3132135761827166,0.9599335502839477,9.957543437416858,1.6423807352485666,0.24902844214650788,0.9647727201228433,10.182404472118282,1.1510930834252189,0.2277000081401456,0.964622450229401,10.283894453770255,2.1537813001649955,0.25124096029951637,0.976651940044477,10.413330305541496,3.338124794966021,0.29093481293679085,0.971430723582039,10.368474895449575,2.3234442227731344,0.2842607736325517,0.9690962596823632,10.097870284755098,1.4515363743770924,0.27100557526849883,0.9577311180165587,10.146908814968684,1.4542368336143436,0.23321587905517455,0.9578957583593788,9.957020917803941,0.9018325519225799,0.26436972531125286,0.9686787260894449,10.253462492911321,0.5139693330046695,0.252476390532344,0.9696354490408372,10.120709677904461,1
0.4216658165863256,0.27569751388500774,0.9414493123616341,9.89204903568249,0.3790426492864891,0.2639313885250004,0.9529601202093663,9.91067626810053,1.2276240967188623,0.24797421908440387,0.9238513191847472,9.950725285496947,0.6937991446397234,0.19615947563010872,0.9477708271318667,10.01329632080561,1.882741608296219,0.27408161505395817,0.9586638576635319,9.874577733680121,1.4578510691092128,0.22916192775170435,0.9658122822252334,10.360220638186062,1.3566573024829087,0.22939373648159597,0.9607373191019725,10.450362569775637,2.140683140363718,0.2582312573602011,0.9696543978291877,10.576502679665719,3.468720109720353,0.2746692646338153,0.9703157593381936,10.523326369281484,2.4875202535784835,0.27600100547971074,0.9692759371855775,10.206606723137122,1.6350440142486289,0.2768416785837072,0.9572542845356313,10.105106843811038,1.9086077888961657,0.2484936750251199,0.9529722042782683,9.823897635922135,0.9353731144963569,0.26814571635731754,0.9639051842148465,10.21870128222266,0.6214789995480576,0.2765741988518246,0.9586432473466842,10.010452476893137,1
0.43813631632999284,0.2848832451217434,0.9478686338254622,9.96935252301295,0.3780133438567105,0.26385269066262146,0.9583227959951633,9.967041368745504,1.4124256003533588,0.23603121816241363,0.9406994960783449,10.038017035273548,0.6786462741621077,0.19710069133043137,0.9380819463670627,10.065694296470674,1.433455029517861,0.23245905331588157,0.9486087265388542,9.852243965884252,1.7210536586048035,0.2729715440084611,0.9663075815316956,10.516699114157106,2.057693166932946,0.29841737090849024,0.9595948616608097,10.528911106667838,2.915242290130159,0.2910517177437035,0.9637405547410621,10.715167054951028,4.1050877635721115,0.2681473438086332,0.967082289934841,10.729034499488886,2.7705056741059706,0.27707754014199343,0.9657176239127121,10.22068595354787,1.9339953103758982,0.3069302755735577,0.9606408031872847,10.139231994385982,2.1873990176453377,0.25549115787343923,0.9572875733646957,9.907762572168012,1.2269537086523934,0.31027720208775106,0.9600501816414128,10.128071628679113,0.6930884950594487,0.29585343647580636,0.9581862847683028,10.028491176372114,1
0.36674481617655275,0.2336258366874105,0.9585206841680773,9.974897954304467,0.3700903191619883,0.22578864671787213,0.9514563625066939,9.789589828603658,1.7379456236253235,0.23430054128370922,0.9368001218808767,9.71479314887216,0.5652571362633929,0.16732575596838434,0.9339177355299652,10.242762298966678,1.5610611602440478,0.21593674766583393,0.9299533044651943,9.6155061419443,2.0185239211157944,0.26325876208736604,0.964863494585509,9.971636819989477,2.026945052249384,0.26915124191743556,0.9608888603497,10.460317426528535,3.569265953790964,0.3127225660380624,0.9596145228815897,10.628106041465712,4.938771495498103,0.28433219390012576,0.9642372384387646,10.532323970525603,3.7938431684683174,0.2997598198606564,0.9451205786737994,10.079058738453755,2.478932633860845,0.342435267098617,0.9510113431793749,10.020112013258743,2.527432931157915,0.28168375391853634,0.9600458267278547,9.944184660907332,1.5558397432095823,0.3296613456242239,0.9432454554212426,9.847929641612588,0.7725013265661036,0.30056362071404885,0.9596265619440667,9.938707318343662,1
0.33719485632370394,0.22089416037353066,0.9647009213044389,9.893570730462866,0.3460093047241896,0.20971839642715082,0.9573333702021108,9.827733164281469,1.8012144658708489,0.22563686598341,0.9303429975247723,9.590676401909628,0.5909720482647984,0.17061575264626463,0.9282050879515896,10.323566973309642,1.6836297973763288,0.22505293875929816,0.9309256134307653,9.781667241324609,2.043718125788267,0.265406944628021,0.9594324285391416,9.885475958722097,2.161052301217324,0.29252155920991474,0.9621563213480434,10.351288095198571,3.365961495624108,0.3110334756319129,0.9585453967946529,10.550008861407466,4.334730818522837,0.278892416551392,0.9615605863177958,10.461054015166585,3.6853512098345087,0.30899764652274747,0.9414671055024908,10.037127157720066,2.2756852352464962,0.332732457495431,0.9492155687377287,10.015101492252203,2.4112636433170382,0.24872734514165998,0.9581648455230638,9.75931646518176,1.5269184158011115,0.3329627894217843,0.9410689104200101,9.858242741483554,0.7309080857442197,0.27801023622782445,0.9639649264465012,9.91444840810207,1
0.33392569379158155,0.21740423513186974,0.9633513789790982,9.855570178612341,0.41966489546725627,0.1946526517856931,0.9407441689534716,9.972572723979582,2.0359328755888875,0.2458066864297356,0.9339504118480397,9.538257563453397,0.551927665342852,0.17085285594680577,0.9310501782041335,10.247070637246996,1.7046458867940566,0.2302124103091194,0.9307016938938076,9.848536274470899,2.6575913511514773,0.2803175822465658,0.9601633347079794,10.013123694045024,2.345024068703319,0.31993506653846554,0.9496553317028746,10.261654714142088,6.4691892956184835,0.4258716560009838,0.934824169460262,10.309148340213925,7.359611967382689,0.3838660477788288,0.9426591188987712,10.308828324236925,4.945535058200397,0.39023810101946166,0.9220992904538671,9.878128693070693,2.0169169471775046,0.3315272103736305,0.9421253810565613,9.939579454852208,2.5621262338233466,0.2652229831913016,0.9521379732756382,9.66656644685939,1.4144625206445456,0.3259465660112493,0.9352212305579034,9.763304677863669,0.6122023936554617,0.2596172889807159,0.9639775296603083,9.915648644713599,1
0.4028850445153962,0.19404478655459173,0.9120299535089755,9.830434953525575,0.4600411201737584,0.16389984511479147,0.8974995982391978,9.94448087953511,2.3097555200759805,0.24943559955305553,0.9225828741007734,9.468012072240754,0.6724799373335,0.17055929675363143,0.9167260271349706,10.101166979859425,1.9659708228353032,0.2227522653621107,0.9248201345235825,9.795082294603372,2.4254066182088185,0.23772043380748117,0.9610463233312937,9.894319675064756,2.0856201077060548,0.27329401743072673,0.9389673013019205,10.13319631660466,6.136116359854833,0.41288664075278136,0.932789747535218,10.199986211508175,6.9486643149650735,0.37999579618412316,0.9380124934812623,10.186103866551106,4.8261828847374915,0.37791975014185647,0.9237033843789855,9.830357874932943,1.7980524480906013,0.3103639510898139,0.9545384641414569,9.903967799769035,3.11968338963558,0.28819654911017556,0.9376398055880197,9.50453756676167,1.189985660678614,0.2902233249828887,0.9463698806351291,9.723899547584782,0.5596233161301584,0.22321974199557126,0.949468275577226,9.866919408107274,1
0.4893125196999678,0.1693010354889315,0.8451712708506729,9.854148960716152,0.6610481765403143,0.15945692488780408,0.8485938489439011,9.824777302100324,1.8694334506462937,0.23102430010708105,0.9276797590504613,9.60419035092048,0.7169508493496695,0.1648757481499813,0.8995325521252973,10.024063660064995,1.855738720037348,0.21622499989904576,0.9259855037953942,10.088558646326304,2.1335865585536853,0.2304355374065013,0.9648757819838394,10.261204692377268,3.4534724048482266,0.35267173411095415,0.9382142332235553,9.984559697025874,6.092353411518042,0.4099319237724042,0.9310806748566057,10.359421609855026,6.999121399210123,0.37898711256563716,0.9423227477377629,10.435721841523488,4.621998282313589,0.3810003368346797,0.9373093946494913,10.09112983555496,1.5541633376261754,0.27769107633820517,0.9422024990872383,10.19853167579059,3.1149913907418214,0.2887346854786005,0.9347216947010438,9.60437337648793,1.0680693640294407,0.23882088790587275,0.9197051709719787,10.175970614722921,0.5616995734722897,0.1982044343043964,0.9044452552120461,10.172236422761578,1
0.4299841325689504,0.1475484980480271,0.8391040223404296,9.96607741636877,0.8513690993892093,0.16007398421055866,0.8381654558538261,9.76646978158199,1.716653414837475,0.23817267786327972,0.9382948557808736,9.833674731230273,0.6329681938018015,0.1478388683977109,0.8941700334342811,9.91784560132997,1.556121661984593,0.19286217710073028,0.9321213379365909,10.145375427647027,2.211248525155833,0.2386060890129977,0.9658795605768035,10.416804915322192,3.172128911180729,0.3273061523454099,0.9431420102497766,10.065394114407502,6.578675151439441,0.4152253655328736,0.9351809137759148,10.296963469213695,7.201909328363309,0.3757190020913885,0.9480556624505719,10.36375156351462,4.830273616094421,0.37278747563976133,0.9383055195485474,10.1368281901132,2.121309123430895,0.2880055577080128,0.9056569865111526,10.249934283588813,3.076814134672648,0.2789985684040177,0.9291079221843546,9.88591010827631,1.7715792973404079,0.2527900019069537,0.8841566319665803,10.227033865705412,0.7672750199825046,0.20688796566964726,0.8964748484734218,10.478015145460798,1
0.440861444881538,0.14923172745710633,0.8326651608550868,9.976321515839066,0.7827393577823534,0.1589018551900653,0.8230295964867631,9.669475316309049,1.3303387607564245,0.21485509945275139,0.918712330686551,9.988362492064969,0.6489717528445591,0.15187062184824013,0.8904983856624614,9.880944422817768,1.60035638564902,0.188192668062675,0.9375207158937177,10.212485329999916,1.40027421400822,0.19226540466196346,0.9655055642049388,10.498498430265306,3.4784367684106137,0.3240418455155592,0.9350983370121582,10.04771107989444,3.471774947050399,0.3113967040685094,0.947421844879141,10.521398805612293,3.9407031499973844,0.2697474738969663,0.9541665381888778,10.592810393209268,3.4229633742295515,0.28332459392563764,0.9335471764698424,10.493905347849008,2.3381651805285375,0.273858643963799,0.8940444362157395,10.355070315823417,2.6831836318578004,0.2676401374733105,0.913954840765857,10.11714593836749,2.2527139184770624,0.24733557234947057,0.881669074618928,10.23342040112176,0.8828709449940932,0.1959565744287353,0.8957577847906298,10.454407299527308,0
0.3595112928284587,0.1551453749688815,0.8497631184323969,9.940367889238438,0.7573287933195711,0.17865938510767684,0.8397003146283095,9.647380529316582,0.8658371499239286,0.2050108136672657,0.9188032438745855,10.23990022487769,0.5577817180611018,0.15921501829668872,0.8964147085845819,9.902272057725183,1.5763910342224978,0.2184380998853713,0.9415488199757568,10.27227770051186,1.4223290558832236,0.23632360418207435,0.9585072306326513,10.304546111129232,3.8613061354979723,0.3683395798124509,0.9387050212925842,10.083801698635728,3.2989207123733744,0.31738308356221506,0.9475951601253281,10.600604495337338,3.5982403632323043,0.27454987312665097,0.9484486937573069,10.71650616306019,2.9814631912487144,0.28546802751574635,0.9257596425601556,10.613056521468087,2.3037372815630746,0.2826250448446424,0.8977274898749815,10.331644583037379,1.934658410545095,0.24499393395381,0.9056455124647971,10.417974708232379,2.251589698747755,0.25865813522261794,0.8816903699771234,10.232127133380471,0.8622042265917287,0.2110890154572617,0.9103766055144175,10.452004137545678,0
0.24894776998652227,0.1753090636996798,0.9460569826086231,10.075749975743834,0.5525138304848329,0.18955250427686457,0.8887871945757692,9.811025287073546,0.8622592122463478,0.21492436361848305,0.9235000388795819,10.12350751532958,0.5913731444306913,0.1738775859536597,0.914736755041618,9.930004224985566,1.5090549519850605,0.22329720985564402,0.9583904336298762,10.154589918447714,1.3480023437218878,0.24489870838969932,0.9627304827791031,10.22764690041721,2.804765174242462,0.339936074979423,0.9464628790775755,10.331912856196201,3.3624836005459207,0.3457528364716652,0.9363343701190325,10.276076301756225,2.8511931488036666,0.2756987704181043,0.9580953721696097,10.445208558674095,2.227119920623222,0.2550864144166573,0.9430500113910663,10.498497683070722,1.9679093321612737,0.2740688690621628,0.9108722048449446,10.240378612270401,1.8344411696188971,0.21944482431529172,0.9231205967135927,10.197305403445394,1.9269319973846148,0.25920376173591664,0.8963990566285147,10.188224615190753,0.7867525082252765,0.2183382153057367,0.9401740602532201,10.388671336825695,0
0.3737064497729954,0.23572494497929336,0.9009154450870003,10.11303647520236,0.48876944043603315,0.253207964300399,0.9108903915439529,10.117325428320177,0.8245992941216145,0.21593817222663012,0.9208125422405202,9.987769786602929,0.7489915885519388,0.2476057050226041,0.9259436628993828,10.090393993922921,1.6022923601305197,0.2387081623215465,0.9481906380418323,10.182905034972679,1.3590424441469984,0.22046213963528885,0.9493862319413593,10.031828455140824,2.7056172255300552,0.33599722175989566,0.9435832286562951,10.232476335080783,2.8122856224652946,0.3112387153648381,0.9455365543421089,10.502972747128947,2.820439126592622,0.27698378519511957,0.9623375985915927,10.621409177716151,3.086537225607577,0.3182211804558045,0.9564980619244008,10.40073356619283,2.2239989071974477,0.3578851508479514,0.9399306161729724,10.255379402029593,2.223969456375389,0.283105965554105,0.9297451333405543,9.970770669731857,1.7537388298819856,0.313278928495163,0.9260376533570267,10.187646446466603,0.8825966784113964,0.28172378093903383,0.9351624504507594,10.2196247252573,0
0.579371476917901,0.18157342119086653,0.8338679866982633,9.826230810071406,0.6205999482147482,0.18435648127031018,0.8506600040967709,9.966472234988517,0.9120451135540577,0.19736168205874544,0.9218217815952832,9.79805278270173,0.7356275664152925,0.1945050997758277,0.8991346712646018,10.120258697338564,1.3029527400595662,0.2037893732560525,0.9496517992782181,10.144871380071384,1.4264075531795815,0.2248034188554716,0.9477284487219346,10.095586328948638,2.6699074207050946,0.3456609552645606,0.9410003036222665,10.405204797467183,3.2064648947861962,0.2947006175603979,0.9489207426971193,10.699566328502092,3.1615294069448923,0.27118154971806896,0.9616822564256459,10.773616221101882,3.1077644881133324,0.2983273661622364,0.9617299442869947,10.407952514009027,1.776910518990778,0.33377670239141627,0.9501290519800552,10.323463013687913,2.0584215832637636,0.264895035022569,0.9191193223213612,9.807760159812034,1.2676881156970465,0.30040245548484734,0.9375835729471909,10.212069811970819,0.9020381054192796,0.24324101131697812,0.8916246748454246,10.007133444428456,0
0.7761688101829796,0.20141697058941407,0.8509038990890381,9.86842182432641,0.6690060556646724,0.17974175323870498,0.8592813980815233,10.026904714608362,1.1694034285411983,0.22775898316344306,0.9244461953816765,9.891015102654954,0.7858989103763037,0.18986894778673064,0.9194124079724538,10.172581261459397,1.2510897884539953,0.1853353516771416,0.9426854856865083,10.05395315961134,1.1978679616159278,0.19539159720322447,0.9538641218041419,10.220052011231255,2.2881498046743767,0.2697947056933095,0.9426056854831268,10.325111307140562,3.3814089877630886,0.291040258703923,0.9484591819423845,10.650575777390024,3.365425378822741,0.28436372121120074,0.9629312568365092,10.70154541165752,4.441712051918711,0.36411007107839977,0.947756150624888,10.333328078111224,2.8874134190341874,0.3843099550777498,0.9341660107845462,10.205072572085154,2.978832629765668,0.3070566363789556,0.9159701434677056,9.80891113429319,2.4023911996650726,0.35714510344829886,0.9207536720720729,10.109910337765502,1.4504841413493619,0.282652620014192,0.8926838657377114,9.99197277417672,0
0.7916952085094656,0.20071074304078557,0.8494390391742759,9.875496163735392,0.72175960738466,0.19652934779373352,0.8494396700445622,10.121317421875254,1.1690851615277644,0.24360018645913065,0.926860421727753,9.891150873044765,0.8129567473985949,0.2137400154399154,0.918427938257225,10.319430756497058,1.6831176933270529,0.239809502421412,0.9543346716055255,10.207703221070398,1.0237604225457537,0.170156327890135,0.9407003838113435,10.22203896774889,2.1299336480180053,0.23204026670675318,0.9363507505768549,10.229554334778614,2.8963423554568477,0.26124370480069237,0.9513396401159093,10.77470736161273,3.61256274552212,0.2733118109453905,0.9600801036263787,10.664200317090751,5.448375427931346,0.3779151649519888,0.9452278675187273,10.356771864772247,3.04694627436825,0.37218178629320803,0.9329856205904237,10.250718184039048,2.988117924776135,0.33077458897052203,0.9202575593660419,9.861102903804628,2.562362396532438,0.34787674108171396,0.9171604736484268,10.13719633591107,1.4537044399583738,0.2777374164162096,0.8853578556979401,10.005215549638846,0
0.718683145294283,0.1953936409294515,0.8590589704053826,9.838263325620524,0.6171776127618254,0.18638014502504213,0.8527670676942409,10.079527305196583,1.279546337363852,0.23221069271308545,0.9217932339581507,9.987542872635958,0.8375683355490068,0.21589195936794664,0.9257930280540013,10.385846934708557,1.7615688384471921,0.25115090337560286,0.9656842335502551,10.104050831930921,1.0253591009085081,0.17432384201563453,0.9429722863042888,10.604096140370176,2.4846697783634477,0.23704970880449622,0.9343375182170008,10.434198608795446,3.4678809465746836,0.2852702924545354,0.9535336200513609,10.83615420065175,3.4597377782930137,0.2592664717681339,0.9641860427269026,10.601313345415113,4.293477148189625,0.31880407259477933,0.955193638464934,10.312009990016318,2.346383936225121,0.301815563322888,0.9371013157969266,10.130629051743544,2.3526692375275613,0.263421099218726,0.9199893363606007,9.865399205787895,2.0758371562642814,0.30720129109817645,0.9198707025492984,10.041435469227833,1.1615821467118015,0.23961716499420366,0.8866590279469296,9.875269559024847,0
0.705801340500962,0.32126734552941694,0.936136646050231,9.929396845724295,0.7144974994474211,0.3310853911750895,0.9442201736597979,9.985069097682853,1.5686814353591365,0.28521790283478465,0.9347639919761311,10.09016263361622,1.0225749777358093,0.2826230958737923,0.9514326659607919,10.165413120317284,2.0439266687638877,0.28534866888525967,0.9583191574748315,10.005486188905492,1.7111662707347544,0.2379933895374463,0.9634271627655305,10.581053120870468,2.7874778770520825,0.25240273662250634,0.9171947693418246,10.340662008767614,3.818010760130759,0.3191721615021892,0.9506996717063029,10.505304756860594,3.9059712638274915,0.30952489998290744,0.9542334481850289,10.0280986256752,4.581786148948579,0.36100326600109744,0.9462084042517717,10.030721451489537,2.9137767148674474,0.37400706491205127,0.9287972271974991,9.938378785629434,3.906982304333238,0.37395640285849635,0.917596219426268,9.793724233884713,2.186998105044629,0.36336600891065823,0.9237953164794372,9.947113273145654,1.1941905782762134,0.31290668379669684,0.9302344111759753,9.918442169824413,0
1.082473747657715,0.40191545315393484,0.9242184674648575,9.781706358315272,1.1293742952175374,0.3876447048723733,0.9123805783982727,9.699068080584672,1.741225313540761,0.2719213306562068,0.9440802213880657,10.035319599147158,1.2364101289801699,0.2976020072252931,0.9387857779265167,9.88177851970993,2.421479010155308,0.2685837485274741,0.9478339630765978,9.907727427352224,2.15760756553421,0.27603887312181435,0.9653812347665567,10.509430679525384,2.8511538555626883,0.2816437124847428,0.9269009621063858,10.335836619768138,5.435893282095341,0.3820213825462391,0.9197169374144646,10.076408195429819,6.1438305146938745,0.37196680620495226,0.9182099123950248,9.701818214216061,5.981853244057045,0.37983332542186554,0.9254757848902736,9.719376346128321,3.02679004051447,0.4032594671274662,0.92328769024748,9.763108506097659,4.754134399643227,0.4212852188208484,0.9136362794240283,9.747665968907105,2.0299252643610926,0.3841797265933481,0.9232492083802498,9.729598414215914,1.2212442111537583,0.3493167910121559,0.9364517754418107,9.806104222003798,0
1.2600777998019745,0.3394747939326429,0.9105017706026984,9.80406193603685,1.4284500950682961,0.3387086132985974,0.8971581622499223,9.663000467054932,1.9384729443576556,0.24345921132708387,0.935660912827717,10.146937363284762,1.4759593452760351,0.2683775359138607,0.9194095508261909,9.838526423648949,2.2552487134211288,0.22922055800221727,0.9238672736789205,9.729080949764615,2.3647113264311175,0.27122500809358974,0.9683955667751917,10.363676951646871,2.8381943931467526,0.2930113002329728,0.933494095269146,10.464512946552343,5.575059648946734,0.35916068647157173,0.9283055757143509,10.142563963589062,6.52814172577763,0.3710581828455745,0.9182418498931239,9.762266868297157,5.703724981551273,0.37891580160481064,0.917067257027639,9.698844996263151,3.510783340160784,0.4317913478041109,0.9141352660040493,9.84631247534662,4.642267551270901,0.3992740094382731,0.9137859625357714,9.766363774353428,2.441377343448372,0.4192859379714899,0.9069246103945764,9.808628123205748,1.2771562711706244,0.3053428918571993,0.9383088636482835,9.842105327665015,0
1.5208729576760198,0.3122728820362113,0.8870904435429273,9.679818260653649,1.644067437849189,0.32596271133953864,0.880982862743478,9.592050662185544,2.209751348647757,0.2850472999018569,0.93497917757756,9.965933833850315,1.4927380008409714,0.27324048594587885,0.9049906224428852,9.691524421766097,2.3888973720196427,0.2439783398011786,0.9231398239788277,9.736389076079986,2.170678371870563,0.26933951617903473,0.9632936439930914,10.266113745253907,2.342739385985047,0.2669093381772379,0.938810840012031,10.32934273502562,4.745031272670844,0.35179986574878036,0.924323763595299,9.878961130219924,6.42131537390152,0.38018032250069894,0.9162375157600352,9.748619032655299,6.158186833687385,0.41094983675224966,0.9176966217516094,9.800344056513147,3.694897652665941,0.46245348903559125,0.9121697079337792,9.877655992518948,4.759497844174522,0.4435425623496407,0.9098437481970509,9.76781660904614,2.6827424380454805,0.4240022799751129,0.9135465582611444,9.813459575290475,1.3716647475966488,0.2965145405519169,0.9238084719856143,9.820676694107446,0
1.4097042181192292,0.261431648587887,0.8741199946403981,9.71143919730992,1.4773259170423367,0.27768789894614476,0.8755807869810422,9.603859638222483,2.0725110313874913,0.2774106171314695,0.9269188424079111,9.935796518472907,1.3628962124250568,0.25562382461729677,0.8995397654496053,9.764940880316969,2.3137110102497287,0.24328911192717786,0.9280353033534782,9.832659211275947,2.526413049999647,0.294886908460313,0.9571985758543688,10.122462999110384,1.7695690705802927,0.208847514963969,0.9437316614924723,10.378901262104112,4.85181312364371,0.3535632543218839,0.9418554495751883,10.01873635513991,6.0080677446849675,0.34229033435134565,0.9433630545810948,9.968484776603876,5.837362512842644,0.3792297472381166,0.9380244897475402,9.980214010176487,3.3392074876280127,0.41268965740411423,0.9306390978054093,10.049086771413489,3.2387195915864613,0.36725311115108,0.9305825910746827,9.849479923608104,2.5385332692694877,0.3846062395588997,0.9271625320173915,9.937705477028658,1.2370422316580205,0.2600493392868549,0.912295291937286,9.898664674124216,0
1.0587508020914491,0.21201844887903412,0.8588234344550966,9.694834882243443,1.2325345539092958,0.2580673967445001,0.8831437871172342,9.847929389429336,2.418811020517479,0.2997855285397036,0.910255256768773,9.86206584627324,1.5229439314649154,0.28845431477462974,0.911010634804363,10.036042267004389,2.0458405391633567,0.2612458906865869,0.9506093628392328,10.185949886667606,2.3479060753040955,0.25769555957032675,0.9632090149970903,10.282135722462709,1.907407503874716,0.200870035644333,0.9399646404932677,10.804964406994781,4.201175454186335,0.31472578711655014,0.9534753103671111,10.68182669787634,4.076831493023401,0.2644159912281921,0.9655333492945702,10.745846617147064,3.6239606058531946,0.31652783052161143,0.9520692018952553,10.751757088534697,2.0445422636379513,0.30802551166495973,0.9431790224805106,10.474667685628223,1.7197854345943722,0.23603381424646905,0.934655548520293,10.000609541441095,1.5133880402216084,0.29877965325730493,0.9445543144114013,10.30817164656307,0.8165219925572215,0.19215700856601903,0.9026623308051199,9.978562150301517,0
0.9728188277352605,0.23597499426067645,0.8689133155548399,9.635275036733091,0.9034619688566221,0.25854769432431274,0.8983571896469351,9.859613155451788,2.407507742285941,0.3183760122482567,0.9175731086093829,9.83637897129181,1.3929456836198464,0.3357309760788864,0.9266616972569659,10.104582493150158,1.7010218647011606,0.24795318635683572,0.9667359721454228,10.25270220599331,2.6125649708968095,0.26941696394730363,0.9605886836971144,10.524262604587248,2.0560402085381284,0.21912165065253805,0.9381371510840885,10.761991447874493,3.731324375867245,0.3458339143281705,0.9507834350426984,10.641160356786827,3.236343128600436,0.2639400322686205,0.964315770534114,10.822064072531035,2.987370579393226,0.3171566870695624,0.9392987080741971,10.853211180347165,1.4170161025787613,0.2680803346440923,0.9457988546544738,10.411457246315079,1.7038028712264763,0.2422148070601885,0.9415764998653877,9.92706965210401,0.9591643268899372,0.24385945877035245,0.9487900898068845,10.239098251745697,0.8362171591829872,0.2325496894956534,0.9049706772693948,9.872126325959496,1
0.9624378961021989,0.270856607781524,0.9109634442512312,9.988507416062856,0.781178008751206,0.24980814805450824,0.932553056374538,10.229737444267338,3.3692507505202647,0.3517729243799803,0.9274268685318311,9.919442574666286,1.7307755785238998,0.35033041013845106,0.9351645880732871,10.225504615947479,1.788294949673878,0.22991263865489925,0.9564487460343443,10.389060853965002,2.695326359187261,0.268371598902929,0.9567608426196035,10.536932939514287,2.222795762214741,0.2324579570495138,0.9461381259306004,10.6934842196516,4.572295247843584,0.3883426795721817,0.9380643290780594,10.575031708382056,3.7937731587236376,0.2961971933689115,0.9610993766343309,10.634531698970694,3.1723166585207547,0.3238951525532852,0.9408090078275719,10.785884544451745,1.3965434235997916,0.2642915812893444,0.952465450868562,10.508560829848571,2.0830224755545865,0.25613154247943226,0.9464459231528413,9.970064320963084,0.9789485268384586,0.2414716455723774,0.9515101950170186,10.726628030870309,0.9374801107908497,0.27471279729035497,0.9317823995288812,10.251374073376352,1
1.3517100582761283,0.3448782013008646,0.9114892753873535,9.899466379534077,1.13541972540893,0.2992551129908559,0.9321458006971148,9.998677052894957,4.243770332154943,0.37258149826778475,0.9193248358858874,9.909018373032126,2.1238453362974665,0.3691055792390579,0.936013192623913,10.179318338850475,2.2977280888608096,0.27505595335157257,0.9431680053332718,10.225059099336177,2.2894031992613373,0.24130313627134442,0.9572671857892768,10.720661453234673,2.5194409627479795,0.2741890300413069,0.9492696299240676,10.590526034252735,5.2164153765292935,0.3891976671908122,0.9403371387927821,10.40108474916466,6.39775040125035,0.37687133567270104,0.9431793376521975,10.332991352088035,6.733687712723701,0.45301021788304735,0.9173735831506724,10.176417653329421,2.620832665078879,0.37442234109913136,0.9344650617137443,10.213896608450552,3.8203900226889687,0.3586722666778133,0.9325501582015169,9.931953660347906,1.6170390612842653,0.32756067806185724,0.9391090134300938,10.427086316929305,1.307347881111937,0.361022257589582,0.927891961938368,10.138754926358715,1
1.7257720024009706,0.4058678841853767,0.9204097423996638,10.048403422559556,1.2554797236510107,0.3136859298004026,0.9249772902908443,10.05708113824247,5.805364174499762,0.45164107803648124,0.9143712983501332,10.096609486433794,2.7722939831015605,0.4223780246429418,0.9288507390200886,10.301319115722478,2.8645085727694997,0.3053913921133619,0.9395711594672896,10.143823680702349,3.196193914885858,0.32087540953432886,0.9522512668640312,10.482903038060794,2.7228839871802677,0.3076313846507933,0.9582330701945224,10.223113466860097,4.689116478007131,0.399478039059005,0.9420793763592538,10.221642530589422,6.949939643103301,0.41167002821598503,0.9335191101110578,10.12519941977619,7.14146850650407,0.4635108688837368,0.9094495991066476,10.02890162555707,3.9832296400471052,0.47976500053849735,0.9165543925926811,10.112778949570947,6.412245429250002,0.4652601268546499,0.9151129883294635,9.975176669512601,2.5231253533074947,0.41443922339915373,0.9269799219976986,10.28478812901017,1.9841067635256393,0.45749317606109613,0.9172601805124094,10.177592518891904,1
1.6992682289891907,0.4088084030266699,0.9234671691040965,10.120589537707586,1.3100599472549523,0.3105327878710847,0.9232016414706673,10.038440227310476,6.005232239801387,0.473338883723193,0.9121953215416264,10.134061673767835,2.714733451257543,0.40969519803115717,0.9315414074709769,10.28603348827794,3.585215371918058,0.3608062270800867,0.9396575711970152,10.06840095919453,3.4253490273985934,0.34565358961698817,0.9476509941827757,10.447001628296826,2.768889022644812,0.3090462729595552,0.9539948716528103,10.137302761096405,5.605171417587653,0.4024391675370285,0.9409508076724933,10.235651150194055,7.434440311633046,0.4041971485409625,0.9373279257631634,10.136023283086207,8.077451095273439,0.47224784585963736,0.9105801348810777,10.011073975635428,4.320774571247799,0.4646516228706491,0.9229820582533116,10.190557332139115,7.109314409939634,0.4808948516559772,0.9152025533747591,10.078816436676567,2.8694766158349867,0.42266333618161456,0.9282693806973855,10.354874247563114,2.0289847207837086,0.4541383160693221,0.9197552448686855,10.311487353882237,1
1.4425051942096745,0.41134216230444315,0.9219038014796238,10.058471728733506,1.157996045334175,0.3113268573104317,0.9220480720710172,9.933210598583262,4.718345229070927,0.4544302215161521,0.9195973446193215,10.164078609001102,2.113830271801695,0.3838472792072264,0.9409346847778444,10.314157812996337,3.197501954925594,0.35620244235635307,0.9369836930361041,9.933567041034442,3.440739542643741,0.34933291203958394,0.9366245410657025,10.41812585459286,3.0851370296307277,0.33964610606400314,0.9544955923917459,10.371635893727252,5.52970869468712,0.4066846747429193,0.9399480978246452,10.281939902834418,6.966147023250058,0.40496086032252404,0.9375633248182196,10.15161367879868,8.755456574181405,0.49969649505237346,0.9027806030798559,9.982366029455065,4.433367159744327,0.46813123363552717,0.9198434708757104,10.157133602821492,6.873357778133731,0.48064536663132285,0.9171110994928188,10.072533491660986,2.748405991546073,0.4379561118569565,0.9273425330266739,10.221818251302265,1.8476958136232629,0.44390169244190913,0.9268226321190294,10.199997897525014,1
1.0267729918500745,0.4261433695847203,0.9317227334294536,10.203937551545335,0.7953362762640006,0.32244514144483594,0.9532994680802238,10.19866038370677,3.7115936506238514,0.45526511739919534,0.9235489830320273,10.262599959815468,1.7210057639400262,0.39790915407098376,0.9419604238758748,10.36314331858902,2.740227039985195,0.32137357205955086,0.9528295703976263,9.933172810225745,3.170651046497159,0.35729069714302314,0.9410289900025478,10.237053926022835,2.8465812719944,0.34199844797611717,0.9593198297777491,10.309674378733982,4.374158081123246,0.40648360114216636,0.9402686480497054,10.300277194883963,4.255464888963083,0.3456389991602063,0.9568018144654352,10.191897026615061,5.439649125669295,0.44693926238181947,0.923547287310022,10.063331113031564,3.370808453327145,0.43642670782738324,0.9300406288295437,10.100747493932936,5.290849603880874,0.45002959729081643,0.9269717523265528,10.109398609857818,2.2357663096204803,0.420589673627964,0.9335979847978672,10.167228381282587,1.4487182293447889,0.42011564583798316,0.935324471914801,10.230840394208377,1
0.667169279573391,0.28419382198058857,0.9301398781155379,10.191705748628921,0.6066895473601215,0.23686350804199868,0.9600094429660313,10.062450447455674,1.9196482061932807,0.2701869701843245,0.9312329577166623,10.187822593221886,0.6842570187634887,0.18402303363694644,0.958996628787221,10.171075079335427,2.0028024520181686,0.270805155001155,0.9635970296522823,9.78644683758341,2.425401894063486,0.3248015649384582,0.9385347550234087,10.150550604891833,2.6912016371189065,0.3537348477653721,0.9516007430624125,10.231646631950825,3.4782660498765807,0.368714988266164,0.9515608420513777,10.335903192185098,3.0294916163554397,0.28555243956758486,0.9750321335879572,10.413246720973063,4.56189285741201,0.4007006147861709,0.9359548961067926,10.136750550687825,2.174658731859042,0.33091758241245833,0.951181314342376,10.24316611630009,2.8351809456995003,0.31776123634462683,0.9512993159859445,10.366707366845867,1.4892292667198874,0.32912553118813603,0.94679083608706,10.276889035415577,0.8726014731917948,0.28795731379759837,0.9432646342982145,10.372662811560206,1
0.808106945831342,0.2725622241184139,0.9100828224361096,10.123979196451137,0.8166054194874446,0.23461719646428283,0.9287507788653965,10.201987280734185,1.7792675891909895,0.24226477975081623,0.9118467230874039,9.920153268665667,0.630834359770936,0.171013472077558,0.9514529087729885,10.137678038349073,1.145020154356789,0.18524970615819208,0.9622899251602898,10.020922182037006,2.256176861773578,0.3360985466157597,0.9483972182975604,10.176331164345667,2.588060734463696,0.3360771259410217,0.936436876456199,10.368256553693563,2.6121028967099997,0.34103026025465855,0.959400890550826,10.410696524114758,2.5795596248619415,0.26408402367560335,0.9756097012444512,10.555884354516051,3.365187127980622,0.35657961549357664,0.9480575223797494,10.222458540274374,1.571142752691514,0.3032836087601843,0.9541513264768988,10.110745047568097,2.225996496036046,0.28997279097410616,0.9485025328517434,10.110439139325019,1.0785922426624217,0.2911708827409793,0.9534595825684977,10.1204797363256,0.7838709907335147,0.264704428242034,0.936877555144966,10.142313578072041,1
0.8361456778303404,0.24671382088422197,0.8929900866881385,10.03263081525673,1.184963226424353,0.21124383592180146,0.8886010811145697,10.104785885883791,1.7794282182460153,0.22725091446537535,0.8955219761830241,9.887107983827791,0.7587170359732809,0.1707452359743305,0.9246422313573163,10.042111051384735,1.176456393686589,0.19263789955197774,0.9538962621054645,10.232113151271978,2.4174865488313815,0.3517191743746091,0.9453946646485395,10.161251798236394,2.120321211265663,0.2489404427270808,0.8925214691963952,10.01333975891482,2.2671649117507373,0.22953159228005354,0.9367690967355043,10.2477274563839,2.4295377955664943,0.2104226856590459,0.9658384265657857,10.516356528168991,2.428789657461505,0.24754041458248807,0.9318621181789386,10.181577663078862,1.5118845069479536,0.23659014323854347,0.9169934681856101,10.00556354575327,1.9178828841286812,0.24724030990232107,0.9315386154953378,9.991229181237637,1.2273416075700045,0.21978002530046098,0.8943584720654181,9.934860824338424,0.8064741219149982,0.24442296937087407,0.9153560999102283,10.004506955146885,1
0.915849982594777,0.26483906768636956,0.8991356056124903,9.990762782874127,1.2974282025975672,0.20782440266935884,0.8798821298880758,10.078977726127397,2.0649914818298787,0.2522520853386826,0.9008611102847077,9.854197288621084,0.757530305404543,0.15670861261414232,0.9197853938025363,10.028502317655548,1.1958017850566454,0.17666248907846094,0.9651299375815472,10.257751423522622,2.2201440754905004,0.3151354455732638,0.9462283076821715,10.297806837802545,2.162362857320674,0.2450229717739359,0.8945125930032793,10.073482095690187,1.942113810259749,0.1932859346242583,0.9140199724704614,10.1930507545208,2.1395924603440486,0.19500469880928664,0.9492753749507045,10.547618176670813,2.3631297435978666,0.23511639013914698,0.9333745471286764,10.210022768095303,2.0918250118009754,0.2590464377697393,0.9255507689207572,10.0384549083198,2.3832989396766457,0.2858774951716833,0.9388710823353031,9.961183512973095,1.9635750682905737,0.2507512881359031,0.9089429286290267,9.893131916432017,1.0529495994982023,0.2708069246422775,0.9200264751995207,9.92355739620961,1
0.851901437367451,0.3028576997938386,0.8949931388470843,9.863083955304308,1.2931330678315769,0.2225919619195398,0.8707652073430616,9.91583502767231,1.7807443179966658,0.26527462815916425,0.9033576139126365,9.715848391658916,0.8551098640993977,0.2142600417709396,0.9186234528486438,9.822104572604605,1.632759224951259,0.19894088825693076,0.96853888632208,10.057357105597424,2.0251707704207593,0.2569302781718072,0.9549170405917001,10.11371455467359,2.374079560695864,0.26213972301955835,0.8996181016875181,10.336187679553051,2.4023019640726844,0.2316591244145208,0.917009474855429,10.17629029995784,2.0864147520718204,0.20360557856897185,0.9445400534542219,10.361962432132751,2.223268722531169,0.24191129665447975,0.9300976710687168,10.087272755588163,2.0884530698583545,0.2562611244865858,0.9215444894364473,10.00145588161406,2.0932751875456166,0.28748505686298337,0.9347593399344081,9.843529664566134,2.0707888536445886,0.25362654224092973,0.9015752137096968,9.805827032818003,1.0297516120786407,0.27939500360120695,0.914036182137071,9.800029503070572,0
0.6758595920055092,0.33243031523420746,0.913092193482627,9.747484565454945,1.0447243903844354,0.22325368528343942,0.8729038282855851,9.847016212929145,1.5672146656887067,0.26600481954187477,0.9238737958141867,9.726307509169194,0.8547428030862201,0.22990395143475023,0.9265782203504314,9.871122673268182,1.6753885855074486,0.19915900733504666,0.9680474096690769,9.996890192948763,1.6751784350602525,0.22175443009558257,0.940887416622271,9.848282250421496,2.90221412383902,0.31299835975394535,0.910053961582872,10.17580614106346,3.111739766977807,0.274757324160761,0.9261176957992094,10.097275940298282,2.308202664674647,0.22411406659603425,0.9395560196893399,10.133180762721446,2.710766964531064,0.27334370524440604,0.9249220471238924,10.02053302972336,2.439546234646256,0.289401460649808,0.9243825309163208,9.981452567789754,2.273713239193758,0.31764808942184564,0.9387498209229398,9.808851411603367,2.1473677540878207,0.2512495726418807,0.8978380611193593,9.758927291083298,1.0077307452753568,0.2901926047328242,0.9227816225912419,9.698734194739737,0
0.5939650439408414,0.38598375138836016,0.9338877071147592,9.839365397556085,0.6758321130625473,0.2840913322533096,0.9117144487171577,9.83507169386815,1.4585340727961307,0.29063359617080986,0.9590983995893725,9.867095218862579,0.7764206704963406,0.2534316388511592,0.9627954937165455,9.977860005752081,1.703301481110406,0.20862162396763595,0.9635862452205328,9.925951813294617,1.314397013188739,0.19529542678861717,0.9288812293989887,9.682165201765322,2.9072022873157337,0.36185341707443125,0.9399552745871136,10.230070389736147,2.5842719828020906,0.3095047400096221,0.9497342361274274,10.176309532201532,1.9351367656598748,0.23624804803646265,0.9512716242664265,10.140996687190812,2.282260676414227,0.27572635645045057,0.9484999641855518,10.106970444094333,2.163899645533304,0.31951493071568315,0.9472910410145337,10.022279569820796,2.2732100829819366,0.3410505077576199,0.9544567801183885,9.954031655246286,1.8658680734874573,0.2898963981636276,0.9322551360372634,9.808898408625183,1.002804802991012,0.314585326838146,0.946245513190457,9.779779458025418,0
0.4849000906133789,0.32657263146034515,0.9374733836780146,9.883069012671891,0.5764882481445248,0.2902920226887531,0.9173016961643412,9.848587397369542,1.1337291530886457,0.2361090824571179,0.9577065529058569,9.902364545281905,1.092092832625211,0.2878709332241513,0.9504761237603836,9.983235988006815,1.9052407096743265,0.2451661600153804,0.95237989375043,10.028652168347547,1.1292273161601427,0.19064458880365354,0.9298735441872816,9.630328536468985,2.5661922287821937,0.34666613189646167,0.9450937227366907,10.256051876456972,2.952927863070318,0.36049228229962477,0.9560245850196643,10.496465367981726,2.3908303760064125,0.2922577333832543,0.9657531783651689,10.393943302925322,2.2943202902152366,0.3123596858137728,0.9454462750437821,10.276349899214058,1.7876094826536204,0.34403154371807215,0.9458757779283709,10.0785438095398,1.684079164536985,0.28676052783184797,0.9670701777714145,10.064424144267367,1.5029123304956193,0.31627064623139384,0.9259707677696751,9.834795286388275,0.8299714212258312,0.30187282839994256,0.9500332275300206,9.843865132754988,0
0.4804425223439245,0.1940019926064873,0.8459970048325016,10.2046429563183,0.5382493103156691,0.2213723513556647,0.877571642586545,10.164235324035909,1.211178508261476,0.2220416571049551,0.9201112420316299,10.254467577259016,1.0119127584786216,0.24362160510436803,0.9465536268875717,10.113952973632125,2.332108087021408,0.3240251287879189,0.9460591540229599,9.939014620552818,1.1894927919681242,0.18248966053017068,0.9397995610875542,10.32767400930189,2.008344353595346,0.2359094770948584,0.9612380247165073,10.387236723201646,3.153650835353392,0.3385707931312694,0.9494720844018423,10.747056442143137,3.3230241304661794,0.3034191268003923,0.9561843122844628,10.53724220568579,2.810239601787035,0.3254053871226974,0.9350842916889602,10.289334465336918,1.651799250195594,0.3141792897596982,0.9439701044803883,10.053496436138534,1.892416079917032,0.26567490598034293,0.9561678982070524,10.19161491102629,1.1296446121832975,0.25755794771096185,0.909774410339935,9.773755809371925,0.6651270184475898,0.2145705183780226,0.8781385547073588,9.879556512570836,0
0.6753552153804854,0.15945627165313445,0.803469722812391,9.95411900424564,0.688423949307025,0.1687214598684659,0.8138241707821888,10.007519624236064,1.4902406911504515,0.24591071325197256,0.9029896158010685,10.208834804895941,1.0002865587860643,0.22594530735689966,0.9108844647357255,10.043939874918703,2.3705760806434464,0.32207376854422154,0.9447370877316948,9.914894508227365,0.9842673376505027,0.14126312199114974,0.9237482701516574,10.305935610191193,1.2799632307907742,0.15723495945033764,0.9587824518797343,10.547052653978328,2.5675934316076594,0.2675727876372266,0.9551386190010464,11.019320819300251,3.3035166475072,0.2968188676154698,0.9604520717076158,10.563135538886382,3.25729664277728,0.36533550636811546,0.9366161468611238,10.331942690553568,2.14467753984458,0.36498817871632233,0.9405218367727032,10.228285855693073,2.028445602937743,0.2800540844680014,0.9424790204865252,10.329865271898717,1.3024917803030962,0.3087128987033215,0.9158743238187135,10.029564903068719,0.7980252234834058,0.1924065780407812,0.8323579898207342,10.04805817334388,0
0.747772635747632,0.16662909084336883,0.8073981374236441,9.880302233850543,0.8284828920978435,0.18724086462695255,0.8242526706072989,10.024979898437289,1.5028740892253878,0.23280933392028694,0.8890463876697579,10.18251360673056,1.207452672857587,0.2577534835629178,0.9052451419486633,10.106955395389104,2.4512989039401023,0.3272074823442423,0.9477528644348449,9.952809952351284,0.9916113729897655,0.14093171645055,0.9286147205551707,10.407043705501517,1.4039189438863784,0.17243307814519826,0.9679252721825653,10.38664231216479,2.7243612336181062,0.24994602167575167,0.9549129024852641,11.078539347087434,3.3349592253629243,0.2845346036702492,0.9652062062000304,10.619210181260744,3.3705706597754266,0.37711208573832045,0.9368516787046482,10.331445183339635,2.5028662158155934,0.39742469933381175,0.9357157082613256,10.200041637854364,2.198069241609078,0.3065532338909425,0.9404438530964327,10.218532331590211,1.407552866727559,0.3177284678428981,0.9134838411242635,10.059860970929437,0.8304552964992242,0.19658113497531005,0.8311401144628714,10.007622520106151,0
0.7320633569368187,0.16381123291210312,0.8089266965791589,9.800655439757664,0.7806017668375465,0.18474618527090378,0.8198770233812502,9.930376809822118,1.4704735954243802,0.2355109480082657,0.8921164240475316,10.194155128785855,0.9272706852474774,0.23488180280420595,0.8910094952213627,10.059303679560399,2.0326135268532974,0.2803220835981806,0.9358446308528574,9.87472532705185,1.074301594517698,0.1478185956163322,0.9267238693965487,10.365792783332044,1.6888643585456613,0.19992911826272744,0.9695044606424975,10.540393368293255,2.2731807914829014,0.21839458525983121,0.9649128538355501,10.965524408080455,2.596105038969926,0.24096815045961098,0.9703373016748233,10.530467140842937,2.750012142204686,0.32240596499404445,0.9381608075691384,10.310893697638225,1.9324562429206291,0.3399358872233112,0.9371857858187034,10.319903898332422,2.04852276796775,0.3022346627276631,0.937201479593037,10.340103990234892,0.8751436496678888,0.24097518480894556,0.9054171373180258,10.224410887481055,0.7032869662163843,0.17689010679538802,0.8263920474616772,10.02694265081124,0
0.5560550776787796,0.17298927881878814,0.8194051819834391,9.666270059420084,0.605238886557715,0.1831343757826351,0.8284525194973377,9.926881895430133,1.192279785254662,0.2415117353893801,0.9019355803220092,10.06130592633328,0.8584350950826063,0.2561718373118978,0.900983765838836,10.061886414462563,0.955552509529495,0.17108528724185926,0.9411166041620054,10.129473904892972,0.7461989829425374,0.13326606453615925,0.9274170649977027,9.992451750282104,1.6097223818516377,0.23373247214321674,0.9682143632882935,10.21207114931372,1.4656706957461807,0.1796221480747293,0.9818348154896688,10.702087363921256,1.3744333259731012,0.18710184715649072,0.9827895046993099,10.367917323458926,2.152420155896686,0.29062362481200094,0.9556609438610582,10.411892214517254,1.7608700629364735,0.3712942912001932,0.9321704222872161,10.30318922128003,1.6457544721117947,0.33151050151662487,0.942522075602014,10.305296310084854,0.8639449269159579,0.3006038499418502,0.9232459846503215,10.222403348762251,0.5942398606584819,0.20073972823288225,0.8539950932905565,9.985401790306087,0
0.28561830239067576,0.13437435333439485,0.8357043073606605,9.616809727694411,0.399565536172978,0.19598995249750661,0.8778950640898241,9.879326016817151,0.8095204282027915,0.18008402326576453,0.9033941146141455,9.966837822565985,0.740239385913494,0.22703925693697044,0.931221013665545,10.003763172455741,0.8227993805442528,0.1608641131080236,0.9489478815285695,10.111626808160699,0.7849318496948011,0.16533382540430117,0.9734293655666693,10.311866279448488,1.6452159595892846,0.24275172911628032,0.9639722172075222,10.199693612840385,2.6859359603090076,0.3142078620657647,0.9560140629824165,10.783188383572412,2.109074738125313,0.25585088319146093,0.9690849451273859,10.749477306813219,1.4427161498114927,0.20507327208088597,0.9661676251610446,10.534018477383402,1.215400033169093,0.26912019122901365,0.942761618664065,10.238997428130665,1.044982239854136,0.22945695679210001,0.9393317424270041,10.220015976370988,0.7542421502912224,0.24388733344681135,0.9369841061836599,10.073235694959902,0.3762222004847562,0.1692257354970202,0.8786377479920815,9.71898999551861,0
0.2201203284869229,0.11531774089060924,0.8218761378889128,9.646357304643335,0.293659172300685,0.1521913614418554,0.8693560861423832,9.673155875061516,0.7652325445471908,0.17054209908666168,0.9098433219403077,9.82036678138036,0.771524431324589,0.2271407711547262,0.9314604128041931,9.761398296034683,1.0187308908624573,0.19083200842805323,0.9350396992132389,9.9170156414304,0.8365228409879393,0.16783730833902968,0.9694867314359955,10.400007305898761,1.5886153589622096,0.2587967978214766,0.9625684782747708,10.39332908736524,4.071246811034634,0.4443706273700809,0.9234246014277061,10.526592687639226,3.328793876608154,0.360905880944999,0.9527258653356536,10.430464908034157,2.2983503891647166,0.29075933250419894,0.962892146677985,10.485632159078236,1.1159370744208452,0.23823786607902084,0.9505525050949655,10.387141389861277,0.8419861838979228,0.1771994692426871,0.9348292977079883,10.20279546574315,0.8364006975731616,0.25032193990546164,0.953391950496855,10.244644623480816,0.3232331499910031,0.1555202400087345,0.8824176996620369,9.824697333305705,0
0.2330422447055324,0.11989187791501105,0.8249590052112888,9.580640015673431,0.29620696160712817,0.15299312259255698,0.8805338498176989,9.859943011931604,0.8887728176176348,0.16411163942406642,0.9013792445932195,9.660327683702008,0.7155895172430947,0.20423504435350415,0.9124133657355772,9.766680715523668,1.2096599864325694,0.22284269523967962,0.9538583230312631,9.792583512419881,1.0935628814166205,0.21503569569995906,0.9747530174251449,10.323476184766834,1.8985735367632242,0.26676584738575254,0.9641811368554138,10.282779766152641,6.451802227461795,0.5661777756800838,0.8690668700622781,10.375886450931635,6.19111588127125,0.4821151057208454,0.9227125043596699,10.220996640316901,4.474274642214765,0.4172580225083909,0.9381996823480906,10.248490047181496,1.763253306602468,0.32510457497703626,0.9517863831787002,10.13174435407166,0.9924185370208475,0.17861791186515535,0.9393483307199595,9.97234631339695,1.1222552942906447,0.29090496398978477,0.9519626019059056,10.138121605539611,0.3493977359237731,0.15113205557518955,0.8859521246388671,9.789468346646853,1
0.48001064740325183,0.2099045739164158,0.8600650301812995,9.709400095214887,0.5377661114189836,0.21338518862325462,0.9102311322225256,9.748695565927672,2.084229071393885,0.28359132614010507,0.9191861299349585,9.953063126823967,1.1870650996956607,0.25145592068742567,0.9228650149828324,9.85729224387155,1.5301395224825534,0.24375343286712525,0.9515724525378584,9.912980761716549,1.3810450703233084,0.2502310120934925,0.9715882617165534,10.238058499874478,2.3944467032340935,0.32683294889512543,0.9556936344430617,10.447181088531758,6.7878772423171,0.5702713990958841,0.8807617042988979,10.358556802705069,6.411624805485136,0.4587136329796774,0.9268939156090814,10.202510773535177,4.521516233673463,0.41143448640503494,0.9354021963031156,10.16980004444109,2.035887048351595,0.34555568860978375,0.9512690879474317,10.039532765255847,1.3511213178278236,0.21536341768749687,0.9376844940738791,10.011497891353944,1.5252970380096211,0.3378198846425148,0.9447891017009349,10.054141695908559,0.6746913289964862,0.24589073570428183,0.9024543907922882,9.893937010899979,1
0.6688834875103908,0.3639471097901282,0.9245050683791083,9.93791761866813,0.8477380698471018,0.3279893614900076,0.9539102747195691,10.132371051173745,2.725602416696181,0.29779237641839623,0.930613892109977,10.104685796594499,1.7040307623150803,0.3185298734648047,0.9357905939963037,10.138944863859342,3.0276410828212104,0.3461570985536844,0.9489559580294088,10.116476523415507,1.3706707626289307,0.2502577492391626,0.9704552467978521,10.20884036029599,3.620039302750734,0.38505107644024955,0.9420793262165841,10.370988059909521,6.94196288252529,0.5495826376473699,0.8911172707992013,10.230318594679243,6.4405285375007075,0.4142698373571152,0.9411374825920694,10.119050254446696,5.233753581694922,0.42594030661238785,0.9320329637520525,10.222863326746923,2.28777804098982,0.3801196467342079,0.944703960432744,10.114536373358785,1.9447779443822975,0.26762583202258844,0.9528918729433995,10.135550133612625,1.6276304991754826,0.3548587547245688,0.9370330462371445,10.05270441746144,0.7875589737283873,0.3359793063499448,0.9428722589015834,10.079374092602926,1
0.8203338721600462,0.3729525754560513,0.9278822566297781,9.865992393599123,1.0616650097124003,0.3291450021554233,0.9322037433386898,10.152310365530957,3.4257417535908568,0.32499409911780935,0.9256776756905488,9.965067948471814,1.6993649787399308,0.28625241220563835,0.9154539256088825,10.22340392896419,4.0681386753899975,0.37746866821393077,0.9487585137120711,10.16219002653275,1.5463709402928985,0.2722459690772456,0.9646109181432098,10.197898376534198,4.805134999480021,0.4264939999236026,0.9339296708574021,10.259762054048588,6.321788588619834,0.5250090303140835,0.9001483371971283,10.191551043701196,6.216265873734349,0.392546790819886,0.9452844401009007,10.20549422039426,5.31692810408024,0.43171741861594115,0.9299105761929377,10.200804090157952,2.5321572503410077,0.4231618908644178,0.9350147213183873,10.047143297807938,3.0153333286233104,0.35882803395266855,0.944583474708207,10.006175491269165,1.6891870383124203,0.37337955648340837,0.9299587450926226,9.9435712256204,0.8531127822931017,0.3502965919043325,0.941323139141043,9.972871008118048,1
1.0234527179987747,0.4200104315897997,0.9300555899545818,10.034892562759218,1.1499092597775546,0.3460940103661354,0.9224138314374344,10.185289151656173,4.026849546067086,0.3757955142496843,0.9258526471239337,10.143608779419466,1.9276385894657568,0.32158447171841886,0.9214667531649421,10.231153107666225,4.650556129339473,0.4025885494143996,0.9409111589679368,10.2467482339135,1.3112024755627036,0.236177863765489,0.9712585207935786,10.232805698646247,5.385937094803522,0.4831260023618507,0.9185524898503912,10.065112055960691,4.975946015777976,0.4420091695001939,0.9316541116922408,10.102764611281374,4.112635900373206,0.30306601047634196,0.9602466306641078,10.239065133231861,6.002670653674099,0.43429662487667353,0.9285084717160844,10.259287550402608,2.9694514195825845,0.42810010736983845,0.9328726888110329,10.24414411713324,4.309973609336145,0.41250850352997276,0.9344928110287953,10.210610639668177,2.0759131494938856,0.4115734263259892,0.9287455783681593,10.12210589251955,1.1562719470875933,0.4206958906997819,0.9361761086272163,10.187869917751172,1
0.9469773083972522,0.4006682637121768,0.937920005366113,10.154465925486042,1.0056801620110023,0.34083617415224426,0.9190573772746347,10.382923462414583,3.3335617178540873,0.32466532654954244,0.926964213510893,10.128921913610398,1.688654201251929,0.3115768321561448,0.9236522072434421,10.359999527419358,4.736971180875959,0.4002617682856717,0.9385272424978456,10.296396641271285,1.169478491694829,0.2034493383580351,0.9672946885503507,10.516960472905854,4.710563743523963,0.43672039160427906,0.927948008103885,10.023827825696875,5.590691480539702,0.4425969761940929,0.9305701354093818,10.219867233844631,4.81187086872146,0.3458027818850324,0.9535523802975532,10.350547799179639,7.066016335884987,0.47959189826296195,0.9174956365894615,10.283376635054372,2.910800185587889,0.41686329375597486,0.9378591734398514,10.31953256391282,4.803581081288023,0.41083586071120304,0.9335087889241801,10.130012017388616,1.8911627147979337,0.3900970896031565,0.9394351856459531,10.231363062498394,1.0359743470694243,0.39038905055058276,0.940422689253278,10.34928509847181,1
0.7875861755129746,0.3811892609171944,0.9415671453726766,10.086308859477727,0.7164681283155736,0.2909711265549117,0.9134536403223297,10.277085958086904,2.762633407310478,0.3380519347976355,0.9271337972483014,10.032289716707345,1.3543658161380003,0.2561099536952062,0.890038814702998,10.172169375322204,3.770006225270186,0.36402415422217277,0.9407920511377131,10.218084400270293,1.4697977687033812,0.2262208101601134,0.9674951860933309,10.081958148911108,4.6495594049561735,0.43617280545890497,0.9231931308930545,9.826841919917,4.793745587989861,0.4136206410831869,0.935360650595614,10.023291782882408,4.217717298568881,0.3593836053497469,0.9495934554683184,10.16215714284289,6.815995633251237,0.47642095188370415,0.9145867022085162,10.09372542799918,2.5636901111285093,0.39103718502051965,0.9451847028736132,10.257199632080447,4.311577785105156,0.39944366740081777,0.9337702303137577,10.089269708109677,1.730852193689706,0.3718312737962014,0.9462006258397445,10.228154015714782,0.9206742583763478,0.363124037374424,0.9499876534745452,10.320454039636585,1
0.6488240877744991,0.36653990774777584,0.948243591347897,10.183749321946246,0.45463824932602837,0.27323380787063345,0.9486523374564683,10.306383042315446,2.032447653177406,0.29841468785573494,0.9427309768332759,10.256983258340407,1.127360256628687,0.254897783344205,0.9003771489074743,10.049163531453647,2.2129003097678543,0.2911341535780963,0.9422401078447893,10.290585808664398,1.3089088913709075,0.21413778750219625,0.957955833343105,10.001743815830213,3.917274314839518,0.3825603817083975,0.9110173345852913,9.603226437689143,4.49952063981441,0.4123659120703188,0.93278581730604,10.090364389135457,3.354023508674457,0.34023241260502446,0.9513947396575326,10.020770485321403,5.80157719116893,0.44511024059499593,0.9217678867344389,10.036870855804349,2.2099298873382596,0.3480239876968368,0.9550043078559076,10.188011814867572,3.1794123040340785,0.31979661127596143,0.9546837445715852,10.208957958893999,1.5400206038296789,0.34389896509458145,0.947436213473973,10.161202042052217,0.8757046449610902,0.3414690112317336,0.951765928208627,10.333424063742616,1
0.4151204027824603,0.2556739061269896,0.9518007560617496,10.104024854833385,0.37520041583478825,0.23407487413912226,0.9603773396179354,10.273532684070254,1.2252002894244274,0.1778684012942893,0.9173020083382449,9.993032921803387,1.0015453542828843,0.21541556865634726,0.8767155640011062,10.096026538686122,1.7625275077746327,0.228089341888005,0.9234947553669293,10.300691775625472,1.2752387500792897,0.18426197478890832,0.9478415686870483,10.048485708620674,2.927619160983781,0.2830643895008652,0.9328080445054071,9.777041516803475,3.3119275701364024,0.35924029951735714,0.9447474175761467,10.205749573839622,3.222615805326442,0.33678207732588583,0.9577158150445548,10.260993483421014,4.131889864947869,0.40065320818694844,0.9342134142501451,10.035400911896136,1.5286361682417446,0.2911461384518134,0.9625163655526424,9.921844228511151,1.7647041536358068,0.22857172480507473,0.9477716847197335,9.814719994569604,1.0266171337303627,0.2712514269613017,0.9542874687379214,9.923241363636985,0.5450579090785562,0.23968095188499794,0.9353396549102674,10.108550672081162,1
0.42437260315915853,0.25247584473335777,0.9351522015748188,9.885408886177846,0.3836581966436409,0.22477231059366473,0.9344571429285198,10.021736944787671,1.0294967037093854,0.16333682634687624,0.908825720022884,10.09783126243543,0.9636135435231165,0.1930878806510145,0.8454698308982715,9.945152730505436,1.771527211754211,0.22661106046557483,0.9093786347632904,9.992958447745291,1.4042642339072537,0.18516218064417514,0.9512223078669306,9.972857152929913,3.1498216055084853,0.2967082421132092,0.930261733908843,9.789291979771363,2.4816867758464003,0.3184965077460418,0.9484498928664533,10.009729218498594,3.147589860139118,0.3222233008625769,0.9527421755295188,10.157282069956299,4.597830723869226,0.4421252215254612,0.9137456942891243,9.896883396512713,2.3438109213360114,0.37197202063639745,0.9314248386739158,9.680529347273538,1.5206698738753306,0.2162322154985014,0.9486159818779523,9.740662869924922,1.2945988847497958,0.3090685550003161,0.934836579917713,9.602658264436075,0.5721296369188587,0.23698997100411295,0.92664888559162,9.690438014019914,1
0.48236378916477896,0.2690916405103197,0.946943978734943,9.99099904803112,0.44420754696195497,0.24864165825218337,0.9454788519794395,10.146550517124902,1.2146030219661879,0.18125440478323807,0.9232457826569607,10.216636610175152,0.9288805502309297,0.19757576703479185,0.8626899545613672,10.098322528687726,1.8228550004188895,0.23878868571775763,0.9139276516547471,10.260686366779211,1.2428504853544438,0.16858487947498188,0.9480098772724812,10.242028904981378,2.4905664389194477,0.25725367486587153,0.9328436310969721,9.8652671576202,1.9718371859789168,0.2866005057402459,0.9664818818942688,10.365986311061132,3.07441931757074,0.31118929047665,0.9635413909394874,10.366184374969222,4.390187857024108,0.4422143288502693,0.9302036941672823,10.068266704508465,2.550499698569163,0.38927837688462286,0.9209851162488674,9.6225964808029,1.7350268807586426,0.23167760259483094,0.9533514342605831,9.767964212735876,1.4983056388872231,0.341748668641981,0.9295512333418836,9.587704914853006,0.6458834845387313,0.25327296525664245,0.9314385329441061,9.711911578677839,1
0.42762620970492027,0.2420851043779875,0.940460427953699,10.112443399043467,0.4343314688394222,0.24951190136446594,0.9467896352072268,10.173403977989869,1.1515100595700871,0.16801826258961527,0.9022805876622619,10.394872334504976,0.8933691236916856,0.17551202673955404,0.8867107749462146,10.20476395839383,2.0719509600094397,0.2521210518139222,0.9174988707887443,10.253735241601047,1.4353849848713431,0.1835701549836235,0.957293357509343,10.277029154800518,2.182872402510892,0.23593698163581825,0.9367179423431474,10.35261897351314,1.45545507416733,0.2151559782696842,0.974306667393267,10.346471897770686,3.20037939408696,0.2912723567885544,0.9698693932761465,10.438515866732548,4.557777785891496,0.4167690688937852,0.9306293263911792,10.14873151963366,2.5556982764562015,0.37632336594607924,0.9278425766652848,9.771276629113085,1.6657091240168347,0.21890199322883136,0.9242306669067413,9.90945632025703,1.5047168306513554,0.3343120082216424,0.9343482350067193,9.757263286909664,0.5577204584991813,0.233404727592114,0.9276605206356519,9.878947919496209,1
0.4691696002166841,0.2618845684819649,0.9312032991201252,9.986531714112461,0.37685019250981544,0.23444367257386278,0.9424269459099897,10.182579353275356,1.2957676305577315,0.20045591915289865,0.9177988779125842,10.285216660022597,0.7159331601879011,0.15976071657145569,0.897908650662087,10.244623534196123,1.7783265737779292,0.26806985785219456,0.9327649927434681,10.227200213486723,1.784909049865488,0.21475634109591632,0.9676559188830474,10.157782896970712,2.3526931782890843,0.25983745870645997,0.9445847150095353,10.278177080743783,2.188861716559264,0.2587593129107218,0.9710481618744402,10.55520905181854,3.209876508047061,0.2670440766820045,0.9759215764947526,10.450395019380736,4.0936005641039594,0.39225844063742193,0.9324715440389869,10.128890522900337,2.545769503112933,0.374176706330154,0.921259824687634,9.74494890707175,1.9767266853733292,0.23032020438852974,0.9275150575199602,9.853710333314169,1.5480967519175204,0.35242331543303473,0.9279049905340674,9.737858519789594,0.6364221217389887,0.25924011849681705,0.9326369652367172,9.81383060242616,1
0.3887545238054968,0.21763190050475964,0.9249038143316572,10.068990301205691,0.39440871123740656,0.23975849708928954,0.9578600208713318,10.436581343632508,1.2986295068236053,0.19462102252962912,0.9118025465848313,10.198694561795808,0.7070362434619646,0.17103117460436312,0.9187680481525,10.533326187374392,1.674135027291081,0.27727948555663434,0.9567830082265837,10.522077783069733,1.4940083633648613,0.2000724164623861,0.9696639393877581,10.088563210827997,2.1786781593502087,0.2356850694761691,0.9332346435168297,10.154610789855889,2.404672811744936,0.2763798912360263,0.9699222260684704,10.581350681467185,2.7187279800714856,0.24655178687744173,0.9764597419894442,10.529152979904119,2.7740531112507516,0.3016445399988819,0.9419026954578104,10.387410991092663,1.7100917371026316,0.30945476869544325,0.940315796524939,10.062433654686783,1.7806734141496063,0.21837221038184584,0.9219411122522749,10.086181161073062,1.2378863268147113,0.3372858503738694,0.9439219168252939,10.072385198283147,0.5047307727399181,0.23464573385503584,0.9346256107765469,10.15948139880779,1
0.31446857887041857,0.18627949988361062,0.9126641598057271,9.96448779510077,0.2970407827588276,0.20448686120699347,0.9586570555249587,10.199303115423355,1.113157106257665,0.1700518172058048,0.9067350748155603,10.14966596458183,0.5406749661605494,0.1427236272491334,0.9297083841685577,10.39454288303352,1.2936396908075474,0.23834194666096836,0.971528336109506,10.444657771113748,1.2383864070443393,0.1909268940781396,0.9689184130845226,10.053374733147225,1.8285955012519035,0.22208584225124856,0.9384115573161059,10.1842030483135,2.3315158564035388,0.26198608872321244,0.9696567735526975,10.729556403468942,2.2742038349262153,0.22269913374776787,0.9797448462923469,10.599106754575883,2.1942776355536675,0.2687474411632706,0.9439986600128037,10.47728001612773,1.4765112725526912,0.2823752074768117,0.94097697899094,10.273635697553605,1.5296104544936613,0.18693048101950133,0.9295087964789382,10.070101638896498,1.0236237117409437,0.3033829491579753,0.9512100305868649,10.214518054482143,0.40545576875483996,0.19446145256652236,0.9389007705518457,10.217683872331833,1
0.5743702248666325,0.2860379529010356,0.9377768334316189,10.108814235987024,0.46922015857739463,0.28088228935711496,0.9560903394554746,10.034841152391826,1.7177367477212857,0.23244000092228498,0.9299607719901842,10.18094681088294,0.8475254608059508,0.23276339899620357,0.9379769334453092,10.275662415997713,1.22966286685009,0.23632113572650543,0.9680466980855429,10.212475731928585,1.1210752799242598,0.18219863608454004,0.9604891384750005,10.083863158376346,1.7353219804676177,0.22443167531503427,0.9391735783068524,10.110446637814068,2.386287335288671,0.27768611495844864,0.9653544505629503,10.694692523804234,2.2665681883015596,0.24019050257764313,0.9790579284449848,10.538297055691256,2.7002839001304806,0.3412658344254347,0.960010837340211,10.402963269217574,2.1466238958417065,0.37403265518085854,0.9458346858847256,10.217051446291222,2.5394469636753545,0.2846580546535562,0.957801695372023,10.006523605157538,1.4155930334524283,0.3896957543161837,0.9383717337758944,10.055118650801166,0.7450533306352953,0.292387470942245,0.9579283764925226,10.146119938746086,1
0.7633641434087144,0.36532535488508877,0.9337451385168154,10.126370019495521,0.6637536148483778,0.3476009523676133,0.9424557188807126,9.985229520684475,2.3192356049773952,0.31237850870010503,0.9305818667366118,9.96911315791913,1.044954100801502,0.2818284040350614,0.937723119979945,10.052807788372725,1.6298734118175942,0.2627504429758729,0.9540615484310102,9.843604845076767,1.1043397005734226,0.19038628586795728,0.9548508009597034,10.430373358259555,1.8073084222726497,0.21961481080525563,0.9375330000138323,10.23581095331455,1.9835712295108041,0.2679818061557254,0.9714441647785211,10.64536725090612,2.1270309738616353,0.25755428814976206,0.980360593786633,10.477733738236617,2.520283370026469,0.3421626276540185,0.9577686635680763,10.310788616245171,2.1057666605178933,0.38907503798502724,0.9428900630457161,10.317236845038634,2.7266841342539494,0.34741243978704944,0.9435904807136932,10.082739379882009,1.422267994648223,0.40140166402356336,0.9342034160430309,10.13973916257193,0.8430368246791186,0.3498389533238612,0.9498111707574596,10.21271685022555,1
0.7994011384767697,0.42196236176452817,0.922145729982049,10.032245627769099,0.8091106356867275,0.3892495381676497,0.9281500906706008,9.778485065685626,2.086732735578112,0.34020749660189437,0.9356614382101826,9.871616423075539,0.9766171792697281,0.2804084521146055,0.937516825561567,9.784247169696133,2.093409151735793,0.28131614587733306,0.9344525511517074,9.469255773135119,1.6029295242030774,0.2595004964143135,0.9559962999505384,10.17969987195418,2.067109688350076,0.2602254443256524,0.9514424581155615,10.178130290970497,2.065801518284952,0.26604374389758767,0.9721994041283802,10.609463705105401,2.235181465333411,0.24814277240641244,0.9796281051057317,10.308522643845853,2.4350034472779063,0.29874346654857453,0.9598025117052537,10.086578362343817,2.020340463873888,0.35010508743384383,0.9477623655675763,10.148167771022607,2.5776727388828684,0.3308158165157576,0.9430024362093856,9.932263194092371,1.4656868883093743,0.35337296399278945,0.9404797379106069,9.981888698609316,0.8754486445109543,0.3482318352827573,0.9487309878098318,10.07465429780214,1
0.8179035972806997,0.42274493792156315,0.9224252549433449,10.007774489448853,0.7755192482199407,0.37104583346124054,0.9396249682418935,9.833261041126605,2.185571641319905,0.35500941398855074,0.9354109467453839,9.80669151713742,1.0227809908427108,0.30194709532399594,0.9360046675169013,9.806377518869885,1.9045279623923608,0.26669535439818914,0.9260860618384713,9.36160728760409,1.8048723285629742,0.2779302251837248,0.9534130297439726,10.154866559884926,1.9764965603938327,0.2404399082038992,0.9371851175934547,10.230369321090722,1.8988389074473524,0.25786189200698245,0.9748395132921146,10.528451150092845,2.042206705399281,0.23283902951988347,0.9800405442776358,10.302185755975938,2.3271493919704005,0.2883700551120359,0.956196066475047,10.100372224005175,1.9864972027235357,0.33840611856714714,0.9527534104380783,10.1489842042469,2.9091885083050846,0.36754770948076826,0.9410165597515263,9.946909156527477,1.402287136859183,0.3498385561197139,0.9420416726231453,10.021772973650934,0.9308123297290823,0.35802748359783376,0.9498414825908872,10.078273168228106,1
0.6250941074562535,0.40417115119735125,0.9299668500509685,9.915569537139069,0.5952630704166757,0.31438465994861753,0.9521402286969929,9.887943348580443,1.9893821259427131,0.36464832088379445,0.9174491794792077,9.570805453298378,0.6906543039688169,0.23231463178499284,0.9282691617515056,9.763735931224971,1.779215213468929,0.2453453575194507,0.9330873923176466,9.387559967054129,1.8685952736802731,0.2672765893230894,0.9584403318724102,10.216033734646834,1.8694791065054686,0.2125810118268769,0.9283863266839945,9.977652067352341,1.7432248935180725,0.2409061405837936,0.9706122324368203,10.49774628115161,1.93356810323728,0.2181007165320935,0.9698421596838472,10.232109558652514,1.6703570740462035,0.2170426306265283,0.9441436628422409,9.84617942549609,1.1757619292015935,0.24544137158848708,0.9631108873064963,10.005425180591333,2.234214497044654,0.3180149993441983,0.9494853011984998,9.762860453685938,0.9553877526460853,0.27589293762166883,0.9527959997186687,10.001903837699151,0.6190545874125937,0.3097822025885928,0.9620065175683072,10.019936313702555,1
0.5000898566220663,0.3334584979454572,0.938410261877074,9.845548053980094,0.5070804106705256,0.29403829561304595,0.9507984151505825,9.818581590175317,1.6937004481688778,0.28493472734067415,0.9095545087389806,9.499188854551441,0.7530749822354342,0.22278490589165972,0.9311856191344398,9.711830952519518,1.903625283949653,0.24344810559119817,0.9255357591585462,9.39157406584907,1.5485810182674467,0.2560838966685356,0.9623798414480034,10.07771901258136,1.4344468829838704,0.2111384213208035,0.9120157038471428,9.54185681627061,1.3593157806075826,0.19975915795697716,0.972876794765261,10.378823087778798,1.5944481318002994,0.18254408671537725,0.9623258543720367,10.065999055306904,1.6734676185759458,0.20210167099106824,0.9332102309915283,9.818099729044842,1.0202284575967238,0.21410429630324693,0.9570775985429562,10.005487191295888,2.055421098940257,0.25805434270007194,0.936107916154054,9.52767038158118,0.9457419723200701,0.2682615500879517,0.9517164818379759,9.914062210710293,0.518455255831256,0.25868849697692214,0.9630575027519493,9.888858359181356,1
0.43707901399120364,0.3071092887894814,0.946657359619486,9.977045509051823,0.32669410961790973,0.2617351404043302,0.9564321292510324,10.073839605090189,1.9828797241689884,0.290122196860383,0.9152114892780466,9.54291605173755,0.7216570229443756,0.22350324356210205,0.9455678336160426,9.831066041266388,1.5630719124444377,0.23097542222340248,0.9253761492726571,9.659738327215852,1.4810167619038315,0.23846228386730314,0.9642799968316226,10.058805316108653,1.423263389075202,0.22370167116189188,0.9118245728418752,9.590559713196235,1.1560683938894836,0.18361882464218815,0.9743438484165712,10.375453565676105,1.4776031772279894,0.17324887005070053,0.9613919383351052,10.204130834828405,1.7552686882751978,0.23449026282770008,0.9215542552485939,9.81652121134091,0.9810641307519259,0.24298722166118442,0.9635631231895364,10.242268032952941,2.394413057776899,0.2885520858448294,0.9302529414782624,9.575786544616843,0.7962015217455489,0.2962273481420656,0.9518862023333816,9.984664501456647,0.5376307953478372,0.28172968523059655,0.9626627210574182,9.982960935701742,1
0.46612865656540436,0.31111234679633715,0.9431634540182574,10.07265676280697,0.3575763141922548,0.2614600718974963,0.9621497618898661,10.111977917542536,2.252197492928765,0.29781401730322604,0.8993368636940536,9.518546400641453,0.7207223537945724,0.21220411474430828,0.9352886556097696,9.846235215752259,1.9202530615809996,0.2418176860276881,0.9307897292903581,9.816000057822382,1.3214594007649896,0.2015357948479483,0.9615542935426149,10.049838101606777,1.3526006119630205,0.2142416539107955,0.924176601162334,9.578943787948793,1.3931110493843404,0.2089571560414099,0.970109414729652,10.413230503355688,1.8674866409996767,0.20948683185927436,0.966159487901625,10.2811996337538,2.1268685122577358,0.26987582438209007,0.9278071288665121,9.857452227280572,1.116032735297516,0.2620226818560522,0.9647552930860912,10.377719367056644,2.3544610342226777,0.2630763102713143,0.9276074639245709,9.546315286038592,0.8736624314392278,0.30343614676143843,0.9549598136294876,10.029307039710767,0.5346093749959778,0.2780213327322946,0.9615590650756001,10.075292451077303,1
0.48005128466718994,0.29851674569517694,0.9316389229969859,9.973564240291834,0.4063713803876785,0.29002944073356973,0.9538425968922393,10.048449821408118,1.896586726722494,0.26865763614752936,0.9004495710833854,9.553991927330827,0.7598023158061532,0.2249169405799697,0.9301453476316411,9.79451540994911,2.1193726467430634,0.26163274349885074,0.933280537996982,10.025537893002,1.5949460748867965,0.23619810824772083,0.9525030109545131,9.86261882178651,1.6185031994538415,0.2680593669238428,0.9412778356532869,9.80005296568273,1.664370996223162,0.2294981302200086,0.967478206822021,10.302776296594933,2.0946310489130395,0.2222172999939997,0.9656402389336739,10.142717810716448,2.198331729274398,0.2612462991334963,0.9390611462022311,9.900309292430249,1.1651799986716895,0.23543356887121736,0.9610408298167861,10.44332168035428,1.9507308662161522,0.23121984751501,0.9378816117563639,9.676081872355201,0.8636071297065981,0.27486932194746927,0.9568651565353866,10.153734422692555,0.5503521832005571,0.2599434802396722,0.9517536132675548,10.050947144899956,1
0.4167396302341896,0.2720751352229958,0.9497090901669741,10.038625060322682,0.4463473577583015,0.280364501457807,0.949507167859665,10.18554221639173,1.5435938876447528,0.2663509541827987,0.9245675371353959,9.636145984656292,0.6611747294231917,0.2037585723326679,0.9326746993595277,10.18779460559998,1.848541261191012,0.2407678234714741,0.9457539465556795,10.251025683400558,1.7397791752928211,0.22844987048944568,0.9661450585081562,9.927786192842094,1.9036729018824596,0.2648386249769709,0.9446201419945477,9.879288634151214,2.1228676401459463,0.2742079808566573,0.9659401473016676,10.587231006026235,2.495611294938242,0.26457441332609716,0.9721833839579478,10.385209525822097,1.8381121047208995,0.24738166462900313,0.9566072381274978,9.996048259689562,0.9674878415868864,0.2046530593985874,0.9679975739926485,10.522929845687187,1.911763315411761,0.23986438771681423,0.9439467636089411,9.749811153706563,0.5832302268025533,0.20728370496567297,0.9639125433270114,10.368497687167956,0.5695783641719909,0.24374986370156224,0.9501135379669459,10.044845918098055,1
0.5193441520281935,0.3065329334169833,0.9422246505009375,9.969846448212067,0.4094299566450855,0.2570827943754798,0.9506574286687907,10.067943238828054,1.5814039953760264,0.2688691121679911,0.9210046573813131,9.757757557072257,0.6005804074785437,0.18650062036905152,0.9111246599840717,10.126663523548878,1.6341353194440575,0.22596694459706804,0.9540980290432014,10.385335151872045,1.7318110231582704,0.231952673956307,0.963428383490339,10.23076667247675,2.1023436767685544,0.2586972309860042,0.9432645109072375,10.137682773683945,2.5463203307938533,0.27803100985960827,0.9548155323812316,10.794514736766224,2.864522968024832,0.2673161013724262,0.9699219096310135,10.556910822355393,1.9188160470545341,0.24482257296027982,0.9647609074833418,10.28481829679823,1.3647264903924388,0.22920357749591225,0.9599716970755984,10.380210314812743,2.1964325596987617,0.2469420066241561,0.9450292319858296,9.915936852174914,0.7601590483869722,0.2309499786031183,0.9601030252635964,10.397195480314263,0.6298396295122642,0.25263551987738947,0.9478458989589965,10.086783967800631,1
0.7583444618918028,0.40940705923711834,0.9318050772452086,9.986930212957834,0.6513242855952968,0.3902420002235882,0.9293783814419623,9.95259028127504,1.848654967144307,0.32463941844747535,0.9382053899224917,9.997278999090927,0.8246924979927492,0.2547570298102311,0.9198631388172015,10.038638422176072,1.9088051671922286,0.281955573897594,0.9580058360853361,10.11905282522583,2.0570461819447985,0.26178791004961416,0.9601760728421841,10.121877609547614,3.375395914655017,0.3229803967832705,0.9219856408955112,10.015245819159642,3.491284992359845,0.3066104542625485,0.9367597680205625,10.507342190101483,3.720959568989879,0.29168883343416113,0.958651222807547,10.424766776895094,4.021227292332434,0.36775527807402686,0.9396240409908871,10.06558764912422,3.0138916603976926,0.3882953849292258,0.9396263562920882,10.084285616790869,3.4376033516339133,0.3617391945746211,0.9402904518025994,10.035514406777542,1.6754472840833805,0.400770950169774,0.9381820503656092,10.061722023101407,1.0223687850209924,0.35518654049715276,0.9410517442268854,9.998583796507003,1
0.7892305803882614,0.4071079141776999,0.9326095965643013,10.032505045593076,0.7197239090132853,0.39349162913357266,0.9348017021121161,10.031430442560293,1.9829805329521513,0.3323033207456643,0.9486299116288934,9.983783141713783,1.0158128480919664,0.28051096433153916,0.9286700044393348,10.11012183772675,2.143795988357736,0.3110575319832882,0.9576134942027844,10.090168602964317,1.886682254482694,0.2566285527597058,0.9562905020709189,10.295668752607943,3.1578587782929564,0.31565906324252585,0.9319080815309182,10.05604915328887,3.6362130446647063,0.3048805410644724,0.9398555131254177,10.66147793654588,3.7732247316027925,0.2703071021412169,0.9592004876060903,10.64915194371961,4.382639251707596,0.3868114914169644,0.936705252448551,10.080613168972429,3.2808459776697942,0.4310400531616362,0.9311919298858164,10.116335439146775,4.019515579677068,0.38899244401138455,0.9314361947533387,9.966456248700535,1.8229360356967412,0.4388672609552153,0.9310813620694965,10.052683169513783,1.0634330795073967,0.37223876937321654,0.9411443006769767,10.024536143422175,1
0.7554764479211447,0.4233548187296036,0.9320102604881421,10.054313162790505,0.6811256537362264,0.35469680563638817,0.9452879427741155,10.035853737782332,1.7985281175415615,0.32656604006274265,0.9529767554310309,10.083819408396623,0.9099164046519556,0.2870638947190558,0.9306817045736612,10.100511983088001,2.072567610283219,0.3363209456124688,0.955259748837895,10.302608619648144,1.9998823796701446,0.2666188024724936,0.9551041039913156,10.394406686095499,3.2391056330715275,0.34238161508412424,0.9306364388279511,10.091451663701688,3.8594698690035787,0.317028864057666,0.9444674156148093,10.567521879813516,3.8517166898882174,0.2795757670672112,0.9591082560386572,10.66220565830983,4.957737616868685,0.43226192005397057,0.926374515052879,10.159102093928212,3.8388970602944283,0.4890177248315696,0.917372768092305,10.161047991383638,3.9901759303353357,0.3976410904310712,0.9403487149139093,10.06900152087449,2.1181502826161576,0.47922470617941115,0.9176294279161225,10.079560577998352,1.0507088169346595,0.42367109499601746,0.9367609754276537,10.125438601822085,1
0.602300580254787,0.3760129359577753,0.94191622581667,10.117003907867826,0.6679840516086778,0.34567847567970306,0.9467012655398257,10.061410237503937,1.4462683269715244,0.31070631335405624,0.9612786763213607,10.024281558858094,0.9921584908731177,0.3095612229727686,0.9382879586858713,9.983566738877833,2.1778588036972986,0.3588394637232644,0.9510485095095992,10.173823411470892,1.7954692626733668,0.26155547780861965,0.9598871861379713,10.189848922980511,3.2885728454662875,0.3583613912799516,0.9260834756339217,9.931485887799576,4.213935100225033,0.3505485694186585,0.9488001928647554,10.364604362493111,4.032822842613621,0.29664902437682766,0.9659931541631116,10.416976368571792,4.838428981630143,0.4342386652383203,0.9310039334655782,10.124022501196634,3.5492324699207187,0.5009277133260481,0.9135336085311869,10.181389878410867,3.59614753879489,0.4026226387090666,0.9403183630715943,10.043050493079292,2.069180973055865,0.46845673975064456,0.9229800312387746,10.087375884468452,1.0134340047264758,0.4128742988390608,0.9392716999707823,10.10579616905996,1
0.3460289934412559,0.23499087805652302,0.9288296777471547,9.969255425393829,0.42419373182074793,0.2338108039450063,0.9445461465297496,10.147069874859461,0.8877347307440492,0.20397985916356992,0.9463455735361662,9.756610126782114,0.7541857162028378,0.236185364651847,0.9229012421469237,9.882047285096595,1.6695702339916632,0.2905726279259112,0.9600662931289904,10.255040143946754,1.5092245847638044,0.24650535046642894,0.9751112691433911,10.394511988529604,2.119718228735313,0.2916762887262628,0.9647724355426692,10.06736038160077,3.3529749146904826,0.33864919493702905,0.9576095542183002,10.555067375264786,3.0082705898011737,0.26740867663925577,0.9745614970387149,10.499956786577158,2.621219569616209,0.32171463286172614,0.960047657920905,10.2787445476476,1.8209994010853052,0.36238171178998724,0.9500903037459639,10.226575689045678,2.278617687614116,0.298944622934734,0.9417916295461017,9.849481172364825,1.161908297368345,0.33062391963211263,0.9373798585102434,10.141776129524555,0.5971418868094446,0.30194389018065576,0.9480461343353078,10.058192068769568,1
0.2717303488858869,0.21160736483998863,0.9373730428501689,10.03749459910619,0.34443599813539305,0.20570130975249296,0.9375161929197309,10.02648361849528,1.1297143756860861,0.23447268364424054,0.922644357850214,9.54239834325258,0.5357300846323623,0.19208352632506692,0.9147004593548607,9.740875933302807,1.5067978537830378,0.2506957976939238,0.9517535263583025,9.815177950963736,1.489508328981585,0.2278731020925719,0.9708787587501888,10.084517485326021,2.3890844225123677,0.3049483281776382,0.9571728631414765,9.98624398859321,3.3646312573372583,0.3293120720402258,0.9596785643252607,10.456504721752076,3.1517324992702953,0.2953025685306,0.9645315867814492,10.135913031439834,2.2523094048779093,0.30152239043627954,0.9535306448466522,10.046471802291402,1.5316495873270044,0.3241784627639254,0.9510289509764691,10.07303708546158,1.6484353723085456,0.24174541192130528,0.9556182776415773,9.898999857332917,1.0734295956456958,0.3150874494376396,0.9327897572280988,9.939404534458117,0.48807187751191206,0.2729268581853334,0.9607824207281505,10.121589688741553,1
0.30300587597315337,0.21838557336172099,0.9434306335390611,10.067343052170036,0.3720508550913256,0.22145995888186357,0.9179152520088217,9.707831832937648,1.4088583507297079,0.24266986892747586,0.9129554503005474,9.498614176019267,0.6346169036349091,0.20750924606823676,0.9008957418478586,9.691229025665619,2.2326557739452584,0.30308808626821043,0.934352757237627,9.571814761874206,1.5135435225943945,0.23957452235641732,0.9524449751775301,9.949007505958637,2.78280978788223,0.2730259815684792,0.9423438225671439,9.876208722300492,3.3259450360341125,0.2959607721546553,0.9597259153316837,10.211793389286346,3.3680187652413345,0.26163743304280385,0.9571640114590704,9.8671494421333,2.4353980214872077,0.2601927122281488,0.9423769351414286,9.6662888669896,1.3143534604788554,0.2576586629173856,0.9500756287628934,9.844633885689479,1.5866717441320284,0.21866639107384425,0.9595143201929976,9.96942423968178,1.1124170249144059,0.2954128083818314,0.9367505062823392,9.720873031264885,0.48074517093965463,0.238163180498983,0.9649645153619825,10.132187184987247,1
0.34397512194670005,0.24531133913613176,0.9389725197712708,9.988340304723756,0.45539537952250264,0.2368393394820493,0.9110019105330986,9.73898331111818,1.6467741003718213,0.2697619626369568,0.91119105959686,9.578675005761767,0.6712902337344798,0.21444308823813985,0.8910768245564802,9.777719493607375,2.534353743743767,0.3190514013713145,0.9348126726619361,9.680120524160545,1.3756122626973806,0.2299839981235252,0.9560742737274006,10.029407266421869,2.2112095966159613,0.22628664577944588,0.9442574563270577,9.938786632933457,2.49581627847566,0.24202830459195465,0.9515685849249099,10.158286844963278,2.9421858172840185,0.24008542334537172,0.9553751602731124,9.775199150152362,2.5092587816062464,0.25794532927955577,0.9297128421499936,9.596362888418563,1.2036269562078687,0.2537813151253352,0.9398475333186,9.751458744871409,1.3330367558271394,0.19299444621207004,0.9579545727682158,9.944578470325524,0.9949591167227482,0.28768765398425983,0.9311887073932796,9.665987475518794,0.4112146968978463,0.21280148658486592,0.959730835612688,10.053915249593555,1
0.37062819757595855,0.2825674290968209,0.9438239207419892,9.97318540799053,0.4651639787925578,0.2509912158626441,0.9074477696266352,9.792689476440767,1.7406283810420358,0.301613824404226,0.921526643416799,9.667640369101187,0.6136456099024803,0.21605906951989873,0.8685898452833166,9.943325907711634,2.701998094310373,0.34203169673217493,0.9410331382706032,9.853171325758808,1.3974459022193826,0.23464832273845115,0.9477997641883905,10.038026291173752,2.0432820884811482,0.23434018382100216,0.9364075918896273,9.9815036590489,2.222386336147583,0.2196163710440124,0.9496249081790631,10.05224950982556,3.2817145880202006,0.2501729104621241,0.9567634958426589,9.805613753331729,3.22166485636249,0.31419504385022523,0.9309265591350869,9.75604368964421,1.524778089476809,0.3044401531915361,0.9453454573700135,10.045027084573599,1.3912298441008069,0.21658695932992136,0.9615682839870103,10.051823983768392,1.1419669210514165,0.3358841076484913,0.9397148372511064,9.930390947984458,0.4888563761459473,0.25418412251825373,0.9631666089621688,10.19650749478915,1
0.5423674324350772,0.2900743586762637,0.9079999739241751,9.773537384462829,0.9265012756493042,0.30729763794025855,0.8950485338841263,9.646279388886141,1.4790422860994998,0.26686904083058677,0.9321409429037669,9.861383612427458,0.8736271276277565,0.2551019524430302,0.8631754337240874,9.93186764938806,2.7958039636439906,0.36541078799377336,0.9438888806639537,10.095581188601177,1.5598680164392358,0.2620385301902441,0.9564133114958098,10.367225786058723,1.7407912108474544,0.21775445703064292,0.9249231618491678,10.113001657683682,2.4371231200919974,0.261936581303249,0.9522116804901569,10.175360386773871,2.857659476571106,0.24477057771923108,0.9703202035027745,10.01477426492478,3.155623648957076,0.3238484140280796,0.9453661376517508,10.040829826643092,1.5563375968196433,0.31632794934197217,0.9520848606561356,10.260998707520137,1.451202414880266,0.23509842554257518,0.9550238013730727,10.06487225635778,1.0696659044567505,0.3176763855779791,0.9544604578222836,10.209609413602479,0.718638560697527,0.28692322885456456,0.9471214154621348,10.128489563255194,1
0.5263770686541778,0.22836239377888368,0.8876631069220865,9.709836648813766,0.8724276728089055,0.2800821647010718,0.8900341963355018,9.724679844799837,1.2116917988810694,0.24338790968721563,0.9312370204006817,10.059000148509202,0.749615024904638,0.21347396910579458,0.8560642928511932,9.975149808393423,1.9807457205557641,0.31696810571249856,0.9590462448873044,10.533579490204117,1.3807681633635913,0.25298465710361223,0.9613121151956492,10.399691017733483,1.1095417826365552,0.1651843984069913,0.952764656512588,10.31254103519365,1.722667503348885,0.23886651046601717,0.9541658576397362,10.357940474351578,1.9155768747759687,0.2174744351456124,0.9837073456820047,10.163934588615781,2.418309746847407,0.3036112923405235,0.9517215003921564,10.224499498714588,1.2956122642421444,0.2961552713592486,0.962173706906581,10.409269612800076,1.1887923400534963,0.2280012965254401,0.9435296135640642,10.037300555166702,0.8098591148149621,0.2864772505060598,0.9552977409150227,10.477953040980868,0.6920976274454393,0.23160943647921858,0.9310281867629051,10.08592166149571,1
0.5162514983638042,0.22734315243099437,0.883527635543214,9.727968768002688,0.812962463447865,0.27514681813593544,0.8871543382629653,9.739529139568313,0.9495006828044946,0.19513927354089192,0.9089241938326763,10.252184789318758,0.7154346029323946,0.2056424751519608,0.8571372512057602,10.108717249039103,1.4697650641914684,0.2672400227046622,0.9672186791581462,10.697925908950468,1.7628709321267317,0.2573681792258075,0.9495834001988964,10.257917818410755,1.3141419822168419,0.19327457034219192,0.9525988633927644,10.086271571604042,1.6507993438594455,0.22745040231384178,0.959860199543013,10.392948561607502,1.6656241300544066,0.20501349872105343,0.9800383827407408,10.403996890554513,2.6109723308687274,0.34256715170300484,0.9503822797334721,10.320178492306738,1.8063856423188636,0.3581970887858668,0.9523073906638874,10.376337256148728,1.2207812658530903,0.22134634557211838,0.9314926393845308,10.073180920806136,0.9883088889418605,0.3300225230398217,0.9441795019153022,10.338353318095615,0.6287367116255287,0.21133920905813997,0.9255479051355507,10.083146369469405,1
0.43922206067950365,0.15743780632867563,0.834528631566445,9.808803251004939,0.8589665937837192,0.23076336132944641,0.8612918084047044,9.7112609571278,0.9233545377466106,0.1820794827208556,0.9042754790536187,10.166978840733329,0.8294481486439957,0.2336345018248741,0.8756119804016472,10.077175504955187,1.4981760688354646,0.2463703331599156,0.9766954151691768,10.581522679057054,2.0004771259121537,0.25647552143549734,0.9551573942463755,10.255073677658292,1.4133376042500978,0.21032383293502252,0.9430771097335633,10.04725538831649,2.036789882061111,0.2690014170961913,0.9620670076081853,10.48522059985771,1.606716693344577,0.1956689783318454,0.9744883789615397,10.521806443204206,2.010180058690596,0.2755917889034697,0.9623070439119702,10.377536157286197,1.4353846870698916,0.3236508514100101,0.9608264368054948,10.367040993748411,0.977790144854314,0.18540640952758045,0.9385520551093839,10.279574073760804,0.8153889873960782,0.2937378770856167,0.9497424221743803,10.123253653140827,0.498406043973731,0.1547058071029754,0.8999092306175535,10.11631538904937,0
0.2702786034230694,0.09422306263132886,0.805761225148676,10.136332760915138,0.4606056984585304,0.13237738248255235,0.8158048223370701,9.926879549197839,0.9240651515408534,0.18170120321446862,0.9203586408552004,10.082450566836519,0.6944861777847027,0.2039825711716267,0.8960680005923627,10.270059423886323,1.6104651694300172,0.24625367461033007,0.9740141230527664,10.570808532354597,1.6943514877274177,0.23925962218369615,0.9497950039469121,10.174076280769542,1.3961139843466426,0.2105184342023006,0.9412260867882188,10.001888223526064,1.457452763443366,0.2067537864405346,0.9668864196850238,10.348778794651063,1.6553833805678826,0.19475607721199364,0.975677723596415,10.358883831833108,2.304402924716374,0.28974379454672616,0.9587331109437732,10.315242925946306,1.540872761731896,0.3007550903302015,0.9607768140620117,10.272831589772048,1.0356489506458897,0.18287772299721514,0.9478865514103215,10.248110094848215,1.0274021202636061,0.28188257337361944,0.9504759050268741,10.090309873735361,0.31528500419425776,0.09396597072481482,0.8957707164568176,10.247742250021801,0
0.25559479643853245,0.11090730576838086,0.8129107916021748,10.234232692172812,0.389983618658976,0.12884446010305753,0.8204394865234383,9.958444787975518,0.976548963002908,0.19306561913930292,0.9093232383392207,10.056999545432353,0.6744384164785749,0.22233770082561935,0.9105901457042992,10.222421146263049,1.5889921204411686,0.2527410013987028,0.975884726771585,10.419378207825927,1.8889958583707798,0.2530128838704729,0.9608870845744801,10.141979446733373,1.533382571851165,0.259211586892142,0.9464106657906768,10.017211037924556,1.6580839932079035,0.22870606749455172,0.970311229867525,10.247152789328302,1.773491387314091,0.19099937990542928,0.9796073214861656,10.425217813493619,2.1606149700652195,0.2844142601435518,0.9622622670161926,10.408225835679872,1.4913911413313727,0.30646938783975175,0.9461401012745534,10.258043530018437,1.0095971266436892,0.18617721616376887,0.9459516145192062,10.12107443805083,1.0431036240310367,0.2963664149665496,0.9516880678134493,10.178550583870923,0.30113281011524434,0.11056813129019268,0.9151353900976349,10.42735044153282,0
0.20673907528699018,0.09090218747169956,0.8156170062999561,10.157308047399082,0.3873070120691733,0.12850691283740337,0.8309906430111144,9.863389709451821,0.8795710303200841,0.1723328438454273,0.929703620307461,10.005988534945173,0.559666201692268,0.1978035519969674,0.9242927825440467,10.20220147502072,1.6415790513763262,0.227864401512378,0.9837812842513358,10.35995397106552,1.6339414819051048,0.23708713646277535,0.9735041566631634,10.28957032685551,1.8884994388647476,0.25298248271579066,0.9299982953069676,10.177725675395548,1.7983707877559687,0.252260145378457,0.964742392343552,10.493809790399174,1.7536576865884586,0.19667687691155045,0.9774235152351595,10.59764265996497,1.5514157104097546,0.2159464556118634,0.9654884970385814,10.483617664082278,0.8319537695659305,0.20830962226590455,0.9509422374402033,10.238628411606586,0.6700305991359825,0.15010836271959235,0.9652759849673194,10.197336981110169,0.7719573237693169,0.24545700946412854,0.965795189203108,10.20185240430337,0.2754293982510378,0.10764715027113117,0.9226909485657326,10.445057794230907,0
0.2507301291359706,0.11819099890489361,0.8449405144420682,10.023656678789317,0.40659786555906585,0.14578610210738566,0.8480598297743667,9.674068192856984,0.8707056516343075,0.16388737382580812,0.9444955541353568,10.227731643803418,0.5720807300727634,0.1875762134573528,0.938404180950405,9.96728605396734,1.6301290877320804,0.23266650176875017,0.9830365945181606,10.282979902394544,1.4966684867045579,0.24852798141479718,0.9748074885597139,10.301187201197576,1.8852372799290127,0.23586394349732928,0.9280865449926586,10.277984327800844,1.5923033076395017,0.21213472315416554,0.9639823290679367,10.647453563959573,1.6009834769235232,0.17463391348211235,0.972949850674508,10.831761947801997,1.6830962107068825,0.21491314190460217,0.9356643124734969,10.468876821647264,0.9446283592691217,0.20250045036084102,0.9417639091541153,10.145054978983744,0.7434549043641625,0.1501776393031285,0.9679246434402704,10.280379831824305,0.8743568503496201,0.23939536932917482,0.9608481508557685,10.217849781479323,0.4185323910581716,0.15217664179841628,0.9353049831748655,10.25067021106091,0
0.3906458616239741,0.16070392042963338,0.803377654990422,9.686427346804656,0.4843372609677296,0.1570231406461299,0.8271439158925734,9.53663581874889,1.1619648770292108,0.2190905141639459,0.9185181119903484,9.994261790616058,0.760609310910197,0.23571399591632533,0.9013644919357907,9.541226567114354,1.5031092729453526,0.2374108010393656,0.9802324665024172,10.018750447340222,1.5000370087553034,0.2484408801211275,0.9700161122287779,10.309895846822272,1.834660973334259,0.23663859746703572,0.9225439762212689,10.232830835412244,2.8519641320731868,0.29880785688485506,0.9439566600071341,10.813781614559932,2.602106523995512,0.2323238809920739,0.9654990922521433,10.907408463986851,1.9718409503839558,0.23634244668067636,0.948463828354792,10.568468635014792,0.865769303269512,0.22371101692903328,0.9415925076079044,10.3669869336293,0.805649078746092,0.1709693635648969,0.9529453774865428,10.26476064064542,0.7911335902798333,0.2717691105100533,0.949979619678313,10.255242098862885,0.4607945319689454,0.16166633378018758,0.8744187916021836,10.121820642305472,0
0.3963194106067955,0.16157230968888986,0.8050919238178442,9.707027597084673,0.46975435232619644,0.1474467030779991,0.8281816517579246,9.50078625981744,1.2458213083780438,0.24218504047589637,0.9364229849147815,10.045319869710923,0.8062378142242757,0.2340154356813964,0.9189983475558402,9.604151969509706,1.4476897894008522,0.21152335761531424,0.9755043285672909,9.905365597635585,1.4824893803968426,0.2520208462329733,0.9612587024892516,10.035144162757963,1.9418333823837484,0.24606391434073283,0.9395570148968715,10.07228721137312,3.6311408710606057,0.29536237436295526,0.9485953938315997,10.910085254440752,3.201881932419766,0.26152797759802865,0.9584293095458047,10.949253829689974,2.46486008332653,0.268242995331237,0.952843837033925,10.575468670124945,1.0346808531821203,0.24428788172817195,0.9548091051626068,10.366553266794211,1.2482708683173818,0.22071712941749203,0.96317479084174,10.392035314026353,0.8935586694926438,0.2733026403019065,0.9521317591412254,10.178886197915645,0.5201267211214613,0.17395040332898853,0.8819987461604384,10.103503864532414,0
0.44888362387237735,0.16412753654176324,0.8218605748062738,9.741244796773387,0.5672808901116784,0.1635055218844851,0.8422049534298962,9.543223904374619,1.3211338938007258,0.23987453753935778,0.9424809834030239,9.94117678555405,0.920344384322816,0.23094727505888105,0.9298378624976319,9.657334059953827,1.7331872227134022,0.24392900837087997,0.9599354677015808,9.938406114054965,1.2649777125016726,0.24166513684677673,0.9423835133711973,9.873154299417484,1.5125705536229508,0.2397342029079443,0.9640876586957359,9.960617479842956,3.30722420726061,0.2703549674208167,0.9545881628466504,10.876162395280272,2.964078923948385,0.24088677872061454,0.9625675351822369,10.93018115608824,2.4232415281135724,0.26737423217877954,0.9527567919515448,10.585693029824267,1.1264466119095222,0.23952834539678305,0.9460157042930928,10.256606007793206,1.4790282767948266,0.2232700033770902,0.9503448936200606,10.12442694970047,0.9829785389221042,0.25628228360716243,0.9494254424274454,10.141764378067016,0.6014008104624131,0.18037968055702075,0.8936297487870329,10.0377816296556,0
0.4068233687785474,0.17330662246852904,0.8337674499914165,9.731805845777034,0.5193914823547329,0.17098056843057466,0.8506777679334954,9.563730375296386,1.0793875250246046,0.23682351270951887,0.9288420051965599,9.898333139412259,0.8437728560264041,0.2318431594625134,0.9358802345788376,9.792593996689904,1.7717275532029038,0.24913918994478534,0.9539523339670443,9.853200437293694,1.276117706270918,0.2235635228116851,0.9376162739272581,9.772258982287804,1.3734313179903823,0.22401881942023116,0.9599207037934167,9.766206786283206,3.1436413861233348,0.25502855388874096,0.9560337920684331,10.819804623722924,2.734766027141852,0.23555875858983377,0.9648110439881701,10.885120376996287,2.130373828133234,0.24796530440125678,0.958081020035781,10.663045436807481,1.0767374302506527,0.2221950445761054,0.9477780290448052,10.318259554909678,1.4744992319802108,0.23309809472611723,0.9396531811563164,9.976569603619986,0.9319591150570486,0.24812279050869993,0.9492775599388041,10.218335369573197,0.5349079093082767,0.17711708575037838,0.9016884024222213,10.019392545873606,0
0.2774711772615749,0.2148192423953394,0.9431333777562948,10.00487093863938,0.4189577064827351,0.2387513397240709,0.950810276235016,9.888126437854392,0.8356812223413719,0.21966545833634737,0.9583066073960576,9.929857759765573,0.588546707917258,0.20223885648852064,0.9635351829897312,10.180173671639155,1.6346688432617134,0.2339645208024654,0.9544837047017398,9.96464095231513,1.5048445935555324,0.21960408362988287,0.9467714154200851,9.97413650953917,1.5594881091858013,0.2053534421243222,0.9679468033380942,9.931234502521075,2.2046512752243324,0.19591448920495122,0.9577133697739834,10.827283533431302,2.053351309104657,0.20727848722487688,0.9699099275132297,10.845570024935764,1.8166135054276134,0.22887257602666347,0.9653721027035553,10.536370249715638,0.9856251969389843,0.21019596780416527,0.9454130933161047,10.176906352760655,1.5414395274631771,0.24072991092601964,0.9379969002934245,9.896506158279688,0.7760777025201259,0.23223751942593068,0.9533368576824351,10.23236660986345,0.47929661448154304,0.21878780820374727,0.9617176716095007,10.142285489625639,0
0.2835279689287956,0.21961747585875932,0.9389692192314611,9.833617719072526,0.5044138399104672,0.2523433317325375,0.9390625352068372,9.774609605157039,0.8866964007827053,0.2259930556730443,0.9467353670838707,9.865327147834192,0.6335399955293026,0.21753824251760845,0.9495412498702732,10.077212316685818,1.9445568546334908,0.2523582248193208,0.9521049425456644,9.926469238019076,1.749483568506441,0.2343010465884811,0.951601018247952,10.296959935352577,1.1658725817605167,0.16407902363768284,0.9636985574037673,10.116975790731765,1.5228346449298638,0.16249408275778862,0.9522683128906162,10.828583881365878,1.8545407249468906,0.2041370038027615,0.9726913726723466,10.76484890927971,1.3769271389428732,0.19019445300510462,0.9584372037411347,10.639034697848968,0.794848959157885,0.1738540753914432,0.9586212549694594,10.141409369323554,1.2125583548822498,0.1985730897023469,0.9373271189973674,9.620466634939751,0.6314043209715816,0.20790158529312366,0.9508154202517385,10.208357700425005,0.4117377115594227,0.2038734440407935,0.9590197857716222,10.01065421045552,0
0.45982875004489304,0.289519917763393,0.9277028496809908,9.955928053783916,0.5685599229406589,0.24738832859312646,0.9208703193734834,9.939232490130843,1.2651192200084713,0.29445513678952656,0.9174589956012184,9.873325194890992,0.8064469942494946,0.26968020992992064,0.9209379532211516,10.052117763085734,1.910486339927187,0.2440099054702022,0.9553477158398418,9.934122244813464,1.8997312005765497,0.25028734130498986,0.9548312052084392,10.27277648820681,1.3265252647900612,0.1918562816806061,0.9565162267945396,9.866593507547996,1.8755167274272915,0.19447354564787997,0.9580041738666486,10.725074117503564,2.326845143827756,0.2392048175531071,0.9737503640182004,10.709330910150022,1.6864291404440208,0.226974899797729,0.967062171741768,10.588427341049568,0.8631593684322298,0.18797513891497497,0.9637860753412205,10.15421954388439,1.4608687533387283,0.25105052498745967,0.9444090741022574,9.76861259161285,0.6326852628986978,0.2412898878732643,0.9551130241596615,10.187362037657294,0.593142142988863,0.27200780863938856,0.9345855044387068,9.97942881322456,0
0.4921298530041569,0.3196854204258256,0.9372964537681624,9.939763593956043,0.561866587399235,0.25438590251366394,0.9223657249953608,9.96015484646998,1.3080042535815786,0.3102517272750381,0.9099049559789868,9.833811045467547,1.0096483715946425,0.32544818972230755,0.9026085098602717,9.976105099727087,1.720976249434924,0.24951296478509702,0.9600394088663021,10.003719931575485,1.87680550263649,0.256607076445027,0.9640116165955437,10.379338661471548,1.6524191200929392,0.21636575050147813,0.9450161839894679,9.765875142827475,2.2710938480006853,0.2602596826667123,0.9598874466651399,10.653804329239223,2.4081548686501244,0.2670507644369092,0.9754786784583581,10.62239956218347,1.9149171266063467,0.2792340704013836,0.9644272450835388,10.449560602931097,1.070548326675167,0.24114857143076993,0.9369700358256308,10.031705878178535,1.4447944807431297,0.2574614013232457,0.943472186632578,9.853353628952616,0.662405009672777,0.27459601374455594,0.9394181580582422,9.90155382949922,0.5915532437073313,0.29322979771298247,0.9308364314484433,9.966526321148496,0
0.4655296531381352,0.2985287136942921,0.9350973700325428,9.881889675263249,0.4893659791977646,0.23156188083311058,0.9203513302616101,9.928980226655284,1.2181614421812892,0.25785704649526275,0.9157892927786762,9.87872887269337,0.9934944291582408,0.30741966421125655,0.9100690536213919,10.02447983742512,1.563475008208993,0.22055790963319996,0.9666218323368321,10.012454058734463,1.621973632933255,0.2582214668971406,0.9639586949476571,10.077344300321958,1.439637148099564,0.21636191713926958,0.9365922569785067,9.585481590768195,2.28455932212767,0.2724648187859151,0.9634918238625028,10.440236543439775,1.839191549876522,0.21963205609571887,0.9820758286342929,10.59592923771189,1.3573547519273095,0.22991520305510116,0.9597905804683147,10.438482220760601,0.9342025755819726,0.21367483576339003,0.9329660568625192,9.86575684348353,1.3742353677258072,0.24346275196863382,0.9448431118058978,9.81034400975749,0.5916030962024863,0.2570521242932562,0.9336695913336803,9.708469201218412,0.5738637512598281,0.27655698824507535,0.9328693763956851,9.790530447428846,0
0.47029945399786677,0.28629161518185087,0.9336825649127152,9.96615118243686,0.5016640176353697,0.2723575563280285,0.929214841456536,10.009826422473472,1.1292851047804535,0.21383574745363776,0.9146494889028918,9.81642627116244,1.1312810661596457,0.35297550198665534,0.9254321350447454,9.984190361266716,1.3300315704782162,0.2295939517746407,0.9718775357089575,10.092617004101054,1.0029708853535955,0.17447132041134347,0.9718053970680368,9.861013300831404,1.655613827790945,0.22968458649198034,0.9371196426822754,9.660225866663277,2.5145558598928774,0.32290838733816624,0.9637652529667806,10.250118923621827,1.4682513816420737,0.18871931368240433,0.9859192269679674,10.307145030940081,1.2640517716020097,0.22073538677008647,0.9645606756391847,10.164171109518655,0.9265537723354174,0.21193605015926753,0.938213340558846,9.817729565970406,1.3817667855974365,0.24812447300800525,0.9517765188956134,9.905077199714867,0.6422772839415041,0.2678857564483203,0.9402764744826692,9.678181155352808,0.5643853019099103,0.2666267351279381,0.939034679123966,9.837106062236787,0
0.4113480447288819,0.2781983870745014,0.9327369434612319,9.782606837756724,0.44153715040649427,0.2859283135140004,0.9442062141789191,9.83540287331371,1.2774485007809204,0.21734208816831688,0.9098232595394272,9.661324190051863,1.1937604335528678,0.30860933972606275,0.9192194324553685,9.849385563580029,1.0601912740844377,0.20506851050400413,0.9517335048072145,10.013427392760171,1.1560988169810915,0.18168760600477965,0.9627537335897328,9.99266343661961,1.9868097425511835,0.23367708362488676,0.9336506674174133,9.823134567226344,2.6241375738725203,0.3141163463106614,0.9581643176434652,10.133939580528576,1.3786970066990754,0.17067146028207017,0.9721095528540075,10.039624541708346,1.3421347185015187,0.18588600268663072,0.9399908293331309,10.018886881316385,1.0006271402811842,0.22434466630304326,0.93914820068106,9.906054760189738,1.5002532109938027,0.2508390837075832,0.9403183752342555,9.940602212984162,0.7736170144665666,0.2622697533625525,0.9375376593232306,9.74562293100585,0.4142668333665849,0.21408669304299924,0.9583190935458071,9.85143105033111,0
0.45013997018315055,0.2671854854545478,0.9311818141105813,9.809413799275333,0.4674350179236768,0.27507476931324526,0.9423102691568491,9.96583942445551,1.4907872286646802,0.1919606440641115,0.9241293262914164,9.872351717770893,1.1384568166739713,0.26529407097602326,0.9245645396996283,9.912166598428582,1.1465361479691896,0.18664587428168436,0.9507851474332274,10.083158669165512,1.5587715908905788,0.21787457898294704,0.950405938005452,10.030594748225454,2.4934447812422578,0.27611787592875164,0.9441809174513626,9.981742583103042,2.6216786547399993,0.2955740642291293,0.9570096114221969,10.149506671271968,1.8688273683959575,0.20679872438995336,0.9646325646470235,9.959949441621982,1.728477187272283,0.21983872350757094,0.9394108417523864,9.99311057824225,0.8314688735731519,0.19635815512489246,0.9471070184999121,9.924263607605699,1.502416245946219,0.2382851320562438,0.9386482695308012,9.905157699749646,0.8663437263179665,0.2719073740433455,0.9320129850283186,9.846512546613395,0.4557397922924691,0.21402900754664794,0.9610617257595956,9.834398267786268,0
0.4855282419120745,0.272829549978849,0.9347130818549437,9.921454951601069,0.5246926235404149,0.2664085246214148,0.9310921723648086,9.89511268020053,1.5539683303633396,0.19882147553368837,0.9295469670110599,9.8491733234448,1.2016300181372594,0.2771487428146781,0.9186413709403091,9.82694051599619,1.2427606641128361,0.20069247987571454,0.9348198240156281,9.889952914802885,1.6241878821853006,0.2312317260742556,0.9421803786884978,10.178448362697031,2.343193996926085,0.26443854905089553,0.9351895598280529,9.968250785416728,2.3333038992917636,0.28262593794412694,0.9557585554823717,10.157954303706305,1.9443588983473472,0.22154354965032058,0.9622773002352134,10.007725923063356,1.9090798066662964,0.2358725448762115,0.9431629112262129,10.103647962211339,0.9703597108442267,0.2173702179946101,0.9558257683786988,10.257068806729277,1.5065951701567792,0.24293623120401447,0.9462696665502442,10.065446716348326,0.9563642551525523,0.27699376083785415,0.9416600709990384,10.058410025657253,0.5126104168543655,0.22083487834817542,0.967644773874127,10.133979296751525,0
0.4635919112962117,0.26289443208830054,0.9376655896377444,9.86117184029819,0.8716997219075673,0.22078178075217586,0.8800709914787441,9.743703580308194,1.7423638163460864,0.22558713256970003,0.9289458169163383,9.795851411837113,1.0969248841306563,0.24025968684940485,0.9191723316357788,9.724457616383377,1.2804813496563519,0.1731151935774297,0.9274306231013136,9.728529754789673,1.9604911379931076,0.2715533524295348,0.9205255456406556,10.184010227391497,2.2222976826247036,0.249598122616753,0.9151775140804196,10.06762231335762,2.1360398593024854,0.25019630761184486,0.9571423413364117,10.414629878398912,2.270479266006022,0.24460973760835908,0.9652478496860271,10.228525613177627,2.1890149584346696,0.2531829959794181,0.9445107623921473,10.173556053925031,1.2338319224228602,0.26054323729636353,0.958713095567489,10.41338831636922,1.472824875958485,0.2481352611241096,0.9500651675200901,10.063166992456724,1.0658150760424392,0.2945290077458475,0.9431375075553489,10.174507515885242,0.5607284276162587,0.23455177881608646,0.9722865996567761,10.197619196931594,0
0.8399700730713744,0.18368246623739323,0.9889413629158036,10.419683608288624,0.7621675357227657,0.1896127063299748,0.8820714632961603,9.797187101576247,1.527879332067831,0.19305078806677123,0.9280371170890783,10.101492043679544,1.5006091797851857,0.22302325693982764,0.9789197324786003,10.26914980876586,3.4732835102924255,0.18259273624285383,0.9894012002047783,10.206629373799576,4.0701212008659855,0.21286113006958093,0.9801609563999908,10.481578769084734,2.3793206631104957,0.15595269615273036,0.9694739065512853,10.432824176114694,2.9276096788885266,0.22139984959857015,0.9812011684726107,10.46474532720845,3.3235822447026884,0.2672981845573955,0.9743788152113786,10.446921520032253,2.732493854379086,0.3036818881583542,0.965662000343834,10.395089731595736,1.7253166044210324,0.2137476112848556,0.9815060656396902,10.681266715533138,1.659734696475863,0.15599027342041205,0.9856537392814618,10.52503633557249,1.4687600684079585,0.2319761340778575,0.9693981730544431,10.094833155836945,1.06897791707141,0.1878016834143176,0.986221740650778,10.532330430233793,0
0.8627214045196605,0.19206676536540476,0.9863364563852222,10.56015926390516,0.8016410224014688,0.19631508827866362,0.8818816743608094,9.94482545634777,1.4511342919616737,0.2165912391104225,0.9066845223356158,10.063238962586045,1.4581334891326079,0.2161649193192753,0.9774004232116977,10.437134850337166,3.484512967870673,0.1894935344629861,0.9902107922241947,10.283716988932012,3.793929233437014,0.20427772654509913,0.9842436003943449,10.547222952995712,2.7285538913961362,0.1725278201408663,0.9673699715663466,10.6727154315077,2.645482539122022,0.20882193693304818,0.98423893184138,10.412351586987096,2.8930325617166517,0.24136124928616848,0.9769805753251801,10.6024831004746,2.5672218815882446,0.28914765823962746,0.9690722633615514,10.632012903642503,1.7854157652974112,0.22612086079689162,0.9740632106083493,10.896420546624105,1.7748782629472226,0.16367057331651083,0.9789564010277123,10.66297302927348,1.4573992820706487,0.2340620429768317,0.9795429006709678,10.360433516213597,1.0520154484194326,0.18779824284670918,0.9828037207482948,10.685206195403197,0
0.8543729679598384,0.18740995104676425,0.9885609898199088,10.492096359985636,0.7399993397216861,0.17892625499436596,0.8705111071814352,9.93282902295736,1.5269710804247434,0.22216501658283888,0.8953688404449246,10.04069316161544,1.3757959266159103,0.1943746517636709,0.9679184237465749,10.422282887494752,3.225518918880377,0.1780436094118462,0.9919191174154045,10.338077972171984,3.7306707919510282,0.19775605014608977,0.9856130221312072,10.508163391960263,3.155716139762694,0.19316607724651072,0.9759242243370436,10.564189395834859,2.7956611975640566,0.2123284981778275,0.9839735805237327,10.437027921340697,3.023958386422853,0.2384751665994692,0.9780267493215866,10.600843510885054,2.40388822247683,0.2671055724693533,0.9723443831270618,10.583430583661807,1.7968391203578031,0.22073987191518366,0.9775782200497424,10.758080145396027,1.9212266470604376,0.16865220402271297,0.9806716512939994,10.484980630334036,1.5085854911464898,0.22853025001630528,0.9786092828412203,10.252759747224095,1.0900218080904025,0.1960149853097774,0.9832374643500195,10.52252156818294,0
0.8544120013778362,0.1893224793275453,0.9866381319079367,10.512215088864325,0.32440479771996616,0.1471085886287238,0.8916946156292654,10.545123985272907,1.4283589690741105,0.2180023661522021,0.8987687785817002,10.05301519318227,1.2590033619539676,0.18749248537968538,0.9605853041085922,10.61649070954648,3.318530540057528,0.18808202725475817,0.9912289741573141,10.342566324991159,3.5568873479151915,0.19357589326253657,0.9886809090385303,10.542305592242185,3.4647626987424363,0.2155960324965995,0.984165316617147,10.409394799107137,2.5998961179667712,0.20641206080843746,0.9850337768465327,10.32674842222028,2.907341073473484,0.2248942196677285,0.9801045392808608,10.512801659597883,2.2886186980698264,0.2555598755594794,0.9719703050041436,10.595666645082563,1.6135163513434783,0.20394743439900684,0.9779432575374408,10.690574659773082,1.9961391481195347,0.17294834183992433,0.9814414585795038,10.450722762150404,1.4301442264774171,0.21780005521160328,0.9803764826891993,10.200677371562088,1.0592091657134397,0.19128084435735418,0.982451270902965,10.478408239027054,0
0.38496856515037625,0.19849708032889124,0.8996423721515892,10.190031874586872,0.3868100713002144,0.1487079182286899,0.8308146729650797,10.251392107249726,1.335944784307082,0.17861934656199127,0.8570538216561804,9.929532073454707,0.7603806989421755,0.13944238341030019,0.8304549325785513,9.974490219585686,2.0312862720291074,0.15677961368748658,0.8505743907634753,9.64809250365213,2.4841221119941874,0.1777207519847338,0.8574443926832486,9.905978713171878,4.0021349895974625,0.30117877862993137,0.8938750380750285,10.11128750935997,2.872695907608372,0.25971038450259126,0.9269729120260453,10.264133946443259,3.046220538618709,0.24638708930643333,0.9541132554473419,10.28852881633877,2.5966358327528063,0.2393281658061438,0.9254432714767119,10.213632293479868,1.3065633052756342,0.222994337324299,0.9283473986023358,10.220297069763266,1.9138935448684675,0.20583469303722715,0.9076386660925851,10.030550082709453,1.025208973017452,0.25011194157477273,0.9377833425104579,10.279005382553802,0.5605561008959641,0.20871774695190196,0.9317820658397555,10.142134201312803,0
0.286643884720046,0.1503743152305689,0.8920468842574097,9.8347296462758,0.2601213001591736,0.10825283287025589,0.8248401589616264,9.865042708046733,1.3643666975204336,0.17770407392791432,0.8710945874335032,9.698740890097612,0.5971548897251725,0.11964709837394463,0.8188177976093486,9.506227363825413,1.744166164310985,0.13699977951487632,0.8332600689336683,9.413737228740992,2.305436645838741,0.1654948528335727,0.8465385856514704,9.815816455276916,3.243585157898251,0.26269064660473296,0.8823601639222131,9.81296131625607,2.8354284280742617,0.26545555293047995,0.9201484130639155,10.270649615923563,2.976756425036849,0.24264793798235137,0.9529129492222244,10.319937440619757,2.1030766519645705,0.21821438843082255,0.9069439948061586,10.048374473968602,1.104756582074315,0.19114027845806578,0.9191582195680654,9.999875621057088,1.8667186374886038,0.19817045020375404,0.9117919503275659,9.78718744840752,0.8636425465146572,0.2262529461310449,0.9400505951311623,10.11526629950632,0.5005682286845397,0.18583290354967466,0.9287541041035112,9.98508544475912,0
0.28659944672867005,0.1521015949270142,0.8823867349493927,9.868518853483677,0.2604879675514441,0.11096736745096251,0.8226697132525823,9.857515764897508,1.531556587019348,0.16588526890406458,0.867219170630242,9.7913594074168,0.5543286867217312,0.11056811943946818,0.8189210784954981,9.603180110861727,1.9423089569825147,0.14649954102161053,0.8362424113126946,9.423414717532616,2.7358486466980505,0.19028757222716158,0.8528763668435825,9.825302753359825,3.105163703786881,0.258620367154986,0.8811871770845142,9.817241762537119,3.6085713000525415,0.32827913233915645,0.9184622520327254,10.19903741947974,3.8696263273250886,0.29729650901317967,0.9523288942768701,10.34373598189176,2.793359736396841,0.27142025163802685,0.9149235078556937,10.157865088379932,1.3886056646050629,0.2437325378846113,0.9152515416390623,9.958067854038008,2.080648840757931,0.2191726627599699,0.9099629085953447,9.74376314880578,0.9117012296732832,0.2552776855647568,0.9299599766539358,10.15711799240921,0.5360950953501554,0.1965492127949676,0.9203402460129388,10.102906007273466,0
0.3951913662773287,0.18875283169777796,0.8952333183785385,9.967256662682765,0.3314074674055769,0.13657913509436492,0.8463929749520788,9.875784353802084,1.7855928595229444,0.17792277307884208,0.8697029596603678,9.857213063830594,0.643741639803626,0.1258424992367043,0.8244351265174847,9.572864053477952,1.9987411515536115,0.1586685012424018,0.8303108501594715,9.496841498145907,2.9324301051607113,0.20449972198012906,0.8543348821169855,9.78327112130936,2.784370712097272,0.24076201781851295,0.8823398427091019,9.854298806663085,4.178911426583171,0.36879386734957686,0.9142257900233041,10.126128927097653,4.121553818381692,0.3298563332435625,0.9458586314456017,10.22311765909324,2.870475278490164,0.29020282058441593,0.9141700130977434,10.044944006102554,1.6087112770649612,0.2671793803618083,0.908295661852678,9.818161107782156,2.3803385014842116,0.2352173964678677,0.912048694494845,9.701561813163696,1.0360308610392666,0.26371911564209016,0.925650279637387,9.99867790633627,0.6246940775385917,0.2157695714804313,0.9210024262952922,10.082057138891924,0
0.396466244880088,0.25721841763789155,0.9288476666542839,9.739936269877917,0.31103043311202705,0.17793572265147328,0.9128996298403576,9.81114416540288,2.241533689111955,0.2559547906081643,0.8963453807150124,9.50324752594577,0.6517953983234963,0.18135869220498416,0.8991370020859096,9.55142597611801,1.2549828191849772,0.24360722239907595,0.9224717783698183,9.840835486314601,1.75802115457866,0.28466112956700396,0.9474520214301159,9.99739774102812,1.7839114373574643,0.2435626678980572,0.9379467023252884,9.872897886122061,3.6315597203344874,0.44420323883785184,0.9320812964342824,10.108206454973265,3.322661880114709,0.3578693373678929,0.9560857696910636,10.269718231683582,2.1693322605566316,0.3539959020166367,0.9509488448810394,10.143118993578378,1.6712454260266083,0.36124023761084756,0.9260357653858338,9.75427208986081,2.500633483801934,0.30799911555791915,0.9011294809823442,9.462681425037832,1.0355203961854316,0.32083460168332756,0.9365059110051872,9.976324877391168,0.6215463763544613,0.28866648781341775,0.9395027815899716,9.8682950486195,0
0.40872163612856927,0.28159971860914074,0.9207354010562903,9.726439435925714,0.3269428767456513,0.18036085487774298,0.9058319706450667,9.741163838532197,2.2252098505335534,0.2781860629205152,0.9018501548540914,9.571199521503349,0.6849081036565867,0.19325649614507331,0.9093360036637754,9.598508414877617,1.4308073957978724,0.24106676366780766,0.9219958241210724,9.746029459984936,1.68097235975611,0.29090454133127436,0.9631210378076019,10.043328060078245,1.4097040741000946,0.23182339261238516,0.9627861570254519,10.056077990421247,3.580754425133097,0.427325969177262,0.9378087247889401,10.150237087879775,3.490770470706234,0.3825065612572538,0.9462614128922536,10.33107696211636,2.2187981119088622,0.3399450634810364,0.9513353704349893,10.162705846665434,1.7226095692623473,0.3667383257886647,0.9178122826085178,9.717218406859276,2.3216949989242353,0.32501514080612653,0.913462122536526,9.508306982300697,1.0057142012540488,0.30146281794305,0.9183315510815462,9.789434382781433,0.5970522571443111,0.2970222467450168,0.9331002643328091,9.810750185980165,0
0.48579387626307885,0.19965381563675375,0.8522935434557823,9.762589864779251,0.38201507484505715,0.13751038263614584,0.8326329266493523,9.722129514772513,2.0587538227800026,0.30275906415601556,0.8882893525499997,9.587599105270202,0.820230033952373,0.19191675421330456,0.8789719277889142,9.576695819673166,1.4783393200017012,0.25560866513983943,0.9280392958548417,9.799187352103663,1.1854032511350197,0.22369651917362227,0.9640521202040556,10.2351070900811,1.4060955939387472,0.23613299452996478,0.9662471275366501,10.261346928421798,2.8359397789501006,0.3408416960272477,0.9532655407496102,10.236764057945123,2.7254053242365552,0.3029113323768802,0.9646405709332931,10.38554513443302,1.886066257733763,0.2867191522649609,0.948866178194838,10.201947322912972,1.5462951091344639,0.29441505936306783,0.9258741559588566,9.791768501664286,2.0340453923867012,0.2739542654127527,0.9201052517424477,9.586949632859094,0.9269708439000598,0.24246515048100406,0.9236585724697853,9.769174666888889,0.6437229835732005,0.2253194283685261,0.8858849029458667,9.720071364662045,0
0.528460180023067,0.18989503214375533,0.8345087664748172,10.038247347065091,0.4766501302145193,0.14705352032814736,0.8128134590880675,10.100158767747102,2.1663935592606123,0.3037931494339709,0.8882808251592051,9.802693714855812,0.9624388307066675,0.1923207001174157,0.8665209022282917,9.915510090002481,1.2942194878212998,0.21868036623284176,0.9425810647242869,9.963877371868948,1.0816592720696623,0.2113285888931324,0.9625689458919564,10.515706647381624,2.0425073466959924,0.28263840492431375,0.9610239602031163,10.396208130649223,2.910197720023909,0.3061526315062719,0.9612134979281123,10.476324938370201,2.8263377441834194,0.28691459702714556,0.965432408375024,10.665812039861718,2.7548445757522178,0.3402844671542721,0.9400068198793982,10.531173136081241,2.1768581751595026,0.33244185735070936,0.9280344054989716,10.312448553147012,2.674947898108316,0.30612980434141096,0.9210654617934726,10.08407972607733,1.2595186804648877,0.2823091935460803,0.9226212872329432,10.334678902424153,0.7877497519210035,0.23749202138098463,0.8728461189418086,10.068633416871426,0
0.4999276113378707,0.17863237776004307,0.8301501945619664,10.352409954733394,0.47080140009780935,0.15244784982678422,0.8086781638340897,10.429175522005465,1.4979986503515015,0.25714630324965976,0.8801304779499916,10.358539581510245,0.7400079126514174,0.17022002220428845,0.8455192819701725,10.328031585655575,1.0936891795473636,0.20021711785284885,0.9499677508748162,9.9583505821824,1.0656636969069444,0.22541824311890785,0.9586766364221752,10.329517140957272,1.897915908876152,0.3008032212087413,0.9629229017518767,10.32477482834674,2.4766190689902885,0.27726126782461596,0.9652456064599497,10.729785096429696,2.2182153304898033,0.2332528536210985,0.9752497561346335,10.83159717433519,2.4277005771085305,0.3217530699880404,0.9336079650236012,10.699880907656874,1.9581661030501236,0.3069608125838935,0.9210841936553581,10.576244541999667,2.081082204908498,0.2714504871863681,0.9103110638798825,10.640938135595654,1.1691309146685445,0.26162198416475047,0.9086639141064171,10.554210987330105,0.7154536130415865,0.21517260799794516,0.8648977929295992,10.333061458725387,0
0.5797627004109243,0.19243236522612248,0.8389407972755407,10.553282487277986,0.631889589230922,0.1884352404967745,0.8209660276411612,10.432091348499416,1.3736654890593902,0.22693812407408792,0.8708038325035427,10.421121976964992,0.9950850626114676,0.2093889628871095,0.8412719941543501,10.462583541288433,1.2464302845338133,0.19948956219093444,0.932239046848917,10.13351450093195,1.099773289802323,0.2326887516680237,0.950781351962023,10.035348653255932,2.0638002009719685,0.3110557007561311,0.9560897620672165,10.14430954550212,2.3248906210985467,0.2628021196973296,0.9681094686014513,10.671469199976507,1.7552736660134065,0.18593208151775978,0.9849891520675518,10.759841005340725,2.640167890679242,0.320054844302624,0.9378557061448789,10.595622582014975,2.316135919864614,0.33171232287330576,0.9239693701533377,10.609296165030573,2.27235125141409,0.2627648884203312,0.9208358809746328,10.680756263165991,1.5492951910893624,0.3092606794890558,0.9141097043365701,10.591097165023863,0.8474767611031909,0.23782979416901553,0.8718716813533057,10.462819256672653,1
0.5258048719188351,0.26046790211492044,0.9050676342837585,10.716667206419558,0.7039723568501989,0.29296133908554106,0.8937226064876403,10.470618544212865,1.1119125479675693,0.2170687384205241,0.9049792707260763,10.449513071394781,1.0826141130764824,0.2710590053316991,0.8924181881356431,10.497670017364507,1.7099297927623216,0.27085585916334354,0.9357344651001532,10.120810088723815,1.037658612398896,0.2523926368124173,0.9545602652815696,10.003361530583916,1.8737946227345705,0.2844798329117737,0.9463597985216814,9.985715004503199,1.9767523097912416,0.24174957746825365,0.9698877430904885,10.682181290240981,1.6264772306558597,0.1772726251099866,0.9888395074383155,10.684404362251245,2.7863460314210977,0.3430463464091412,0.9419521147276909,10.414443999078001,2.3644457988123895,0.3506621272729344,0.9315358857141091,10.532953871955852,2.174849790463087,0.2853431228292611,0.9468121741722454,10.676833378002431,1.772122817096676,0.3599642307167415,0.919518479538261,10.519356492648173,0.7651057726304363,0.2831551922956472,0.9185067181851311,10.599352638505433,1
0.46147263089204804,0.3130018827914378,0.9393348382343253,10.409427916846731,0.6935201579220001,0.38407359662489515,0.9456844046886224,10.149754565347585,0.9391555782484748,0.2312713513046216,0.9137148849384638,10.129723218993439,1.1550245496308145,0.3409255776221453,0.9313746176401352,10.22883329153289,2.3449519047484824,0.3321323621446662,0.9271482910627432,10.078743753461,1.3761754167877547,0.2820523495093599,0.9556737517331007,10.185990578621592,1.388755760346493,0.2546204720858872,0.9326836178362943,9.801885664804232,1.422683059745912,0.20716158409510926,0.978939517555608,10.774073902178682,1.1403107146583265,0.12986290853860954,0.9933211303648349,10.58601568085991,1.949715285518496,0.2916309965173044,0.9530552443375241,10.20660254646924,1.6760757463625335,0.3369393400195982,0.9444704843306493,10.293171313214481,1.5464512069520415,0.2700186549632882,0.9674561656966648,10.376405996413597,1.4778482931144727,0.3600015607870768,0.9371265712936794,10.306465487455947,0.6203662124212465,0.3065962984588683,0.9472722128311187,10.31771889079981,1
0.4355207290655375,0.31389334042710376,0.9430631660167723,10.282881014158928,0.660816347276996,0.34892909285994067,0.9439257450773463,10.001452529199934,0.859110519764531,0.232281505988708,0.9107461505721239,10.126052594628911,1.1339095196052416,0.33946655188876795,0.9307168776908754,10.13956042743547,2.527109735776524,0.32948185420289827,0.9239270113007116,10.070006654381569,1.3810991624381093,0.2558271649804587,0.954747413920884,10.16857039248018,1.2551192831786109,0.22534573899309823,0.9328679543429264,9.869301055833347,1.2441373671055667,0.180586227149447,0.9777093956108271,10.427887525886693,1.3595382277737171,0.14960879900918214,0.9894358939385004,10.3511923335241,1.9182408994125835,0.2773841525770596,0.9461368739688888,10.012765020941485,1.5411560044895352,0.3224119378829932,0.9509267194982832,10.160446997846863,1.4969154080386118,0.2753856424536886,0.9692725765775496,10.316010324009833,1.4173873673770983,0.35367092841346626,0.9464249334840338,10.214889093178844,0.6377666148627175,0.3249536194864518,0.9531269839268909,10.233881465536953,1
0.910506598452278,0.1962056440431499,0.9897281830923054,10.301649750361696,1.1191710613583399,0.2549208399015059,0.9730713352177864,10.118492037080726,1.5257831992877666,0.20503379007177922,0.9654075396953783,10.271999299278528,1.46197009335581,0.21956598093192503,0.9674857039041473,10.150898519112,4.522454749570336,0.24929866956917962,0.9773743330794534,10.243561367602766,2.1234498749362003,0.2517484010519553,0.9616444153778702,10.26209704947129,1.468791099616825,0.18369553913973483,0.9597008690123504,10.13293070234709,2.122313337623001,0.17214424696749914,0.9721484198209817,10.349356371643612,2.555396580585675,0.1756595446462138,0.9775392432345503,10.336794992575129,2.357222630194472,0.2828365860436374,0.9499785084491971,9.823342750312852,1.8695287321955192,0.2396559629061333,0.9711398972742529,10.227817990800908,1.5194472572050262,0.2593693015163226,0.9700461372847005,10.115706090622957,2.0393354433266055,0.21368341416609138,0.9866257465495964,10.342998506165571,1.0039650430101377,0.201918817294481,0.9879498962595458,10.306349815358848,1
1.0418783909692206,0.21111466817948094,0.9871407802158566,10.379565187762825,1.3536904652114767,0.2796752026955905,0.9680879254107662,10.206860840189034,1.845371165803623,0.22721887239290864,0.9622847597529731,10.261278637267045,1.7915238421109791,0.23759426161948816,0.9541111070238907,10.202290971756671,4.836638067173954,0.2529495476558664,0.9748883130104622,10.261669112103736,2.2287968015295894,0.2369711451180065,0.9657108218230073,10.414705124334116,1.6737153424047755,0.1919481216923852,0.9627517392093603,10.429590180832035,2.2613209148600473,0.18506452201806023,0.9727180736063481,10.334929559898262,2.481441560300107,0.18090401832452252,0.9768690651379055,10.284046086923237,2.162823628525924,0.2716747024278248,0.9492925431807435,9.810051916504857,1.7903143246577569,0.23983675183775957,0.9736460783846486,10.312756582429277,1.687957393057122,0.2775808334168574,0.968627591271835,10.18436219175474,1.8154481366659136,0.19982693343762237,0.9880748061482265,10.402109669460094,0.9790005658429012,0.19742091932162809,0.9872650761858789,10.37182614643628,1
0.9518806337415127,0.1959018398440633,0.9888615139857303,10.452111042549136,1.2205289532262884,0.2586725668137185,0.9697064242260324,10.321708896601223,1.6142942578380646,0.2023746392306673,0.9646040740427004,10.227156611938,1.6118696614241559,0.2134270905667643,0.9557480738230235,10.320133183479237,4.245531990333232,0.23373619048849142,0.9760563932095341,10.28327647041141,1.805165557813615,0.21131994055102082,0.9662267524921505,10.269540150458944,1.8378190243450974,0.19232764105846822,0.9697357863686652,10.239111459366752,2.3054557083069307,0.18394446143387988,0.9724450375245891,10.347318339178083,2.5431166079560072,0.19132725678811333,0.97270558973012,10.412520749068317,1.9696880345611503,0.24371099565321935,0.957023409157564,9.859426066136983,1.552865046511564,0.2028200216110532,0.9774680540398653,10.383263337931183,1.3531863497806964,0.20323375793175094,0.9754745417974434,10.12269947205841,1.5715473874330752,0.1809399409543783,0.9890273032078424,10.467047282583328,0.8813766893033413,0.17705224775332412,0.9890931012572466,10.478851019940686,1
0.9736932820250224,0.19116981734435293,0.9870159035538594,10.514761501542061,1.2333787729982917,0.2407556721461957,0.9623798988062855,10.36751296221057,1.8264608952865626,0.19746983728301662,0.9551962055232217,10.324012129333113,1.7064236796229586,0.19464859532569848,0.9434254703774837,10.409759311708976,4.416986431284382,0.2190325541435667,0.9656476073836842,10.3064814872299,1.8066764644171225,0.18887677868997188,0.9416376293112331,10.271121815675524,2.4359731689963002,0.22357994076416263,0.9601000985840432,10.375175710704262,2.566115318038923,0.1891052839387681,0.973631123824836,10.583422538728518,3.195890906982976,0.20966582361611483,0.97322098958506,10.623781953494252,2.6578842851174533,0.26917870807671856,0.9648309736747637,10.114892226856618,1.7946201296114757,0.19260317390491463,0.9764331359579238,10.44508794320478,1.630496878433322,0.18754809521053392,0.9679839945639039,10.25538138252946,1.7706232957669175,0.1821570544733828,0.9860290664916341,10.416496491676373,0.9348559751876709,0.17036832409635833,0.9880597258192189,10.566988388146678,1
0.43563534392870906,0.2624630007028276,0.9522045980808354,10.60856761925854,0.664283524686577,0.29167271857005983,0.9330005343625101,10.457501539371245,1.2365714654555022,0.22749519491923376,0.9283632519490539,10.242718636592894,1.1383922945984404,0.22314941654413042,0.9069048026103117,10.4069964487715,2.3923482070451865,0.27102089660292905,0.9207545177467381,10.186722329093886,0.9895907106189223,0.158046809949212,0.9269857700051096,10.331078041954878,2.0232584393938984,0.24917507712277703,0.9491315262013075,10.479026912346944,1.8661089017627355,0.22623570171157034,0.9651186675622775,10.66069986664499,2.7190377058525788,0.2573538192490861,0.965538984387669,10.618570395887003,2.175823032926333,0.26146747843349316,0.9578732649846031,10.362156825844695,1.0633019840464033,0.18723774920574854,0.9589912337273397,10.471914772021734,1.6886106213188408,0.20910652844157754,0.9662064831270553,10.443028668283496,0.742679240357347,0.20952178494514748,0.9459265611607482,10.34884897207297,0.4531787910057424,0.2025322984529272,0.9640197115670048,10.5962481636734,1
0.31560599499831987,0.23503744104056873,0.9614599640578726,10.501559502363406,0.37158409441504514,0.20831108869954057,0.9334778495839051,10.583502909965059,1.3325321939674843,0.24893061578081196,0.9472977804713861,10.206479202045967,0.8369491577375041,0.1941759838763737,0.9075806432169432,10.537587670950444,1.6208624024091793,0.21289212410184943,0.9335598546982409,10.19987688586495,1.1224251800496516,0.1830406175955007,0.9262074602545829,9.867985585777541,2.1374053577243086,0.26524887110014655,0.9545161992943733,10.429603763803653,2.4553791218709105,0.24569621700408475,0.9647622554825196,10.589720951583514,2.9471827463043656,0.247601404422465,0.9633680046208599,10.637616242521997,2.006369830253475,0.24527709078075438,0.9649392492566596,10.438690105409885,1.1378069936256348,0.18961005471263065,0.958760110664744,10.198492295394542,1.8298470748721742,0.20811603437322657,0.9715120558573467,10.332594072729986,0.8700092187253208,0.23286323204227144,0.958886591827766,10.303969398757989,0.49300679580640505,0.21796876289247516,0.972857639668846,10.510347731789787,1
0.5484325511518555,0.3039587005430901,0.9554587754169847,10.370208956530284,0.6621834031438101,0.27061039630228645,0.9456054420247133,10.341984766048169,2.1556545351462884,0.3176704882873054,0.9428534935524215,10.27504900045224,1.2234549046562726,0.2304626146474932,0.9016511767394535,10.416617959033895,1.6093291176741122,0.19030311216426737,0.9285468517311736,10.144936665330379,1.445044037270955,0.19457660736501473,0.9260147977065287,10.002016527433254,2.8375179708155773,0.34200109656357713,0.9446164290608358,10.445920811298915,2.7503952102709084,0.2678806441933393,0.9669409830587986,10.372326243051347,3.5380723632468856,0.2692072037669887,0.9603280296287463,10.497555574177213,3.401045635399976,0.3342785163266008,0.9489228080286303,10.4121307487018,2.0606978609490727,0.2753621607900384,0.9532616801799616,10.274194403103936,2.93446966974055,0.2961460249087964,0.9594805962625113,10.375683774372124,1.4282254067281317,0.27887782006372713,0.9545036703819588,10.317029528230652,0.7320387399388113,0.27296960160474915,0.9628184678045848,10.446871953211877,1
0.5983667049041719,0.3482221317299512,0.9512556305605911,10.292142307503372,0.7553521608832117,0.34711070155911367,0.9529786463764915,10.307833511263158,2.429799658731686,0.3245786434625244,0.9473966968379209,10.151832914948905,1.3005267136376928,0.26956270533127197,0.907816638793557,10.262887868601855,1.1809835672212743,0.18962991502371251,0.9529292912856943,10.10862082978633,1.4729160945460427,0.2269168601487541,0.9643001236657275,10.181840184600313,2.794921365423477,0.33500970582385603,0.9528363264889573,10.501978692383707,2.348752686008472,0.2637093677572381,0.9668011237134041,10.268255576024844,2.6541559281969107,0.25684497380400473,0.9668801094367168,10.355096764380457,2.754675157482777,0.3222074362515113,0.9515125267190259,10.35246636465742,1.8807830624294717,0.3097408877417125,0.952117201434785,10.23510396861821,2.7573560749298336,0.3232011717772075,0.9574590868775231,10.276956034891755,1.2612100190749027,0.2996186391467003,0.9522704188069291,10.369231974761732,0.6496185702504867,0.2870133230541925,0.9557356076447564,10.353451272477775,1
1.0192435498688333,0.4260179514246603,0.9327146278044347,10.344378652430853,0.8986000663715028,0.3392291933245388,0.9473212129788146,10.29298805727597,3.5516672390186623,0.3817276669738541,0.935526364543556,10.351834128671648,1.568681296900467,0.2878428761463909,0.8976472219772729,10.288452779208196,1.7415524810357246,0.2493945439505278,0.948553741843718,9.984591683606691,1.6171713773008303,0.23262124718529872,0.9692222383654088,10.241527862564833,2.953507331572857,0.34652589352173935,0.9512917586016921,10.454677248974743,2.8841216838009704,0.2966694200550026,0.9621444165826962,10.267313473207187,2.7516015784628745,0.2577061238379754,0.9694828431831752,10.333364625829617,3.2729968728981627,0.3632806212956154,0.9475411979894696,10.303590989562142,2.6677120087884036,0.37845587650525203,0.9410925124678663,10.201987030430795,4.223439905259589,0.3963041623434098,0.941250319964819,10.363557014312564,1.8368479412215786,0.37222547176053355,0.9421990407851115,10.199595387898464,1.0509317474363733,0.3654348424620034,0.9457015239421446,10.319072668727806,1
1.033781344798344,0.41609111303327495,0.9325814258037359,10.305794632382517,0.980217395634077,0.31363777147580874,0.9389544830548592,10.150713350027154,3.443365360273628,0.3784640993205658,0.9272214689684077,10.403970490083385,1.4063652147698582,0.2673027092342064,0.8929545450478571,10.232402882321823,1.9061160452976391,0.25332350975322004,0.9363256617467058,9.949746225738338,1.7817204435943859,0.2393081087321137,0.964190571051394,10.220387135174326,3.1677600268885877,0.37672511019582744,0.940909849308551,10.302079525539241,2.5988089598535664,0.30640173624937717,0.9585410412135573,10.182142107119757,3.259674199353314,0.3108012523045402,0.9596051670828921,10.146449104372913,3.7585047330669012,0.40752712018726445,0.937074148860546,10.195833120907919,2.5342090886470228,0.3940813516918017,0.9426694470867352,10.223238332302643,4.024744063557695,0.41231252327700796,0.9352662365235593,10.393561493593856,1.7503766256855697,0.36155886159911205,0.9426289895319792,10.058079839601696,1.014389992996479,0.37599987690086467,0.9434433609440104,10.233618836968244,1
0.8778454616261564,0.37947028987062864,0.928169093379044,10.251015018959842,0.8538468553998171,0.282081176577719,0.9291580288028568,10.143200902043478,2.773470281571125,0.35493807104311187,0.9306996692422899,10.43631674123018,1.000487789272726,0.22933319830766213,0.8938314041652737,10.22276203193437,1.838966037704159,0.27690534468909017,0.9475919320579598,10.034864683757112,1.4056267786953067,0.22706624989897292,0.972296503330524,10.189678870319419,2.438162247934854,0.3198229710892842,0.9492869350068001,10.407679232368944,2.7403204421554683,0.3108652500478606,0.9555923878370778,10.224719984063334,3.183951155723985,0.3354846498392502,0.9527120672777367,10.053566462228623,2.787844217439847,0.36941979769443,0.9270907485573898,9.904038492669143,1.7331737790962904,0.36140160330799914,0.9413339286490645,10.129519980378012,3.040030251774686,0.38404669774476885,0.9391149608265946,10.386852220549448,1.342435151362074,0.33302929316219543,0.9321122265893138,9.938538954440496,0.8060579951710329,0.3639219647976267,0.9424469001748679,10.220190496172536,1
0.8405599400801642,0.35317622025915113,0.9161294386094497,10.24239859852315,0.7511175033824272,0.2297758727632824,0.9249143260077282,10.066702107320479,2.4315968319465417,0.3648196100157691,0.9282079969852446,10.46526627655259,0.8387652716237666,0.2061866898714487,0.9094407060518996,10.302047347604486,2.0208790851213383,0.27158481318647937,0.9527139609822919,10.04599878857741,1.628758670775114,0.2483831266059915,0.9718147503804846,10.324003688342287,1.8583153805258563,0.2876176608569715,0.9580203919008232,10.377107648637827,3.109441115895234,0.31294858442686696,0.9617164558521509,10.182562552433254,3.605856307140451,0.35194591867445624,0.9527546798660782,10.08777407151899,3.476499738363598,0.40338653731067226,0.9289393805409485,9.979358816414136,1.9865852644620874,0.34671391166609494,0.9246646296749556,10.206529795022487,3.1916783050900923,0.4022155030512117,0.9358418720854776,10.443991827855644,1.5003127906429392,0.3240744614534778,0.9180381641215614,10.04939344944131,0.9082478764548367,0.3571438773810707,0.9164143901283089,10.249876946976364,0
0.71678654815828,0.2905203364733546,0.9036398657618213,9.938427716979929,0.6222008187512258,0.16655348169834533,0.9013171055525911,9.985784196166763,1.8676621625183896,0.31044352285973126,0.9324244579365563,10.039170321914186,0.5972919067388024,0.16889642199883903,0.9307912020477286,10.248476544130957,1.4751580041435919,0.2055145337005633,0.9531927380934476,10.12874507716031,2.131389716124119,0.2989597623293193,0.9635287688214601,10.091823927787773,1.7491136219236703,0.27743523597204645,0.9594271415329878,10.348302711869932,3.1814497381671174,0.31205444303405766,0.9547880932627208,10.106856736480658,3.716262187360906,0.35639662390982546,0.9445887222862765,10.19563148748738,3.9719734006199507,0.40725869244400814,0.9339049089209683,10.232786977186995,2.5201028497243207,0.3382831224977565,0.9123251322260056,10.3199438472806,2.493179570222023,0.3339664702419366,0.9309885602466312,10.242657539505762,2.257957564971512,0.3205423507655639,0.9088134410451744,10.24295984327189,1.1185117754002094,0.31693170417405647,0.8812267160344952,10.050025245397757,0
0.6910332467056358,0.27228091369608964,0.8970892058241076,9.880983192095854,0.46290625634312776,0.1472290902779686,0.890341148047716,10.064759274170271,1.6277385073947142,0.2690736802397181,0.9314950515292824,9.914148379404955,0.5400198619208818,0.1605209776291793,0.9402979529436494,10.176306706652321,1.2454567649109736,0.19094325635118303,0.9622580825301663,10.21963560938049,1.7700224392729644,0.299071145489923,0.9640386937000879,10.104270210654521,1.4831307224607406,0.2578457659053747,0.9660311456856249,10.278407336028955,2.8890891058572103,0.3005873375846406,0.9556059694548359,10.144948725792508,3.105280042580927,0.32118275529463064,0.959508147170886,10.319421156325607,3.6216896402804895,0.3662415250715784,0.9442936383682491,10.329566476040174,2.6293069228518706,0.3302616543033061,0.9156280721369509,10.33565165646776,2.456579226822173,0.3155046124257402,0.9286772481484933,10.221826965437698,2.4626208697833363,0.3252550297061076,0.9067690047473562,10.277418203824848,1.1512783724779192,0.2933104071831859,0.8826275765582978,10.063211622562,0
0.6294118124715817,0.26086241370992164,0.8924841724935452,9.837524627303827,0.26843904331163576,0.10451646834376957,0.8639366898788728,9.959161098953322,1.3702618051732054,0.23581332993139278,0.9201081487652677,9.769373455561686,0.47647554938948156,0.1483540478478515,0.9134951640759652,10.019822110016133,1.1802263969824205,0.17735855234258957,0.9478793137163489,10.020645457012419,1.785925738237331,0.29680213260195554,0.9674638775025765,10.169620731412294,1.3148411618482574,0.243496686951928,0.9698753654538808,10.361547228542436,2.4463860855816213,0.27847083349689283,0.9619890776289042,10.29210828771769,2.435776903755575,0.26692308610500454,0.9701061679042099,10.517226140335202,3.345456608431789,0.35463814149743744,0.9493347844383363,10.430054565369826,2.8486661060655836,0.34597948587134847,0.9195408946663589,10.28390686470555,2.4071835815229066,0.29798112738895305,0.9277125283204627,10.116606789375695,2.411499559969486,0.34143116339666124,0.9056344836607197,10.240656080684671,1.1290306956866338,0.2754651481271462,0.8875989318241594,9.946899868988712,0
0.6453795344831901,0.26747122374972904,0.912804268252293,9.888546079597575,0.24846512935604537,0.11354779125402908,0.8736696519600663,10.198078398398941,1.4178322976483326,0.22841577170718838,0.9228660414482719,9.856190558985643,0.47405426430356434,0.14547789399815786,0.8872984662567922,10.195013758927413,1.1384384398738945,0.17676789989448455,0.945617258154422,10.026761279213957,2.2730114926395943,0.32693314200971113,0.9591019855248862,10.172585535813427,1.9217328138166407,0.2808306712416064,0.9668337912305264,10.309216403987715,2.557830078468875,0.28211947425700956,0.9592966785666723,10.51399185709136,3.3373121996844164,0.28645300936516754,0.9537884997408002,10.844255192297537,2.6671856800951392,0.30274493430164534,0.956099361188084,10.598024451659127,2.424268467918746,0.32608998891546737,0.9406354936027174,10.291478049049996,2.274607416222064,0.26793747313519506,0.9443944681049159,10.102520135229136,2.268025351964159,0.3341190579403308,0.9232589772942829,10.235021406018431,1.0964719358563537,0.27280487419805005,0.9162698800802848,9.995576153681853,0
0.3418430138916215,0.1993473845738034,0.9284149983742191,10.031579923132353,0.27392387382292616,0.18088395641849664,0.9387484032064292,10.113285108994242,0.9838977768476915,0.17231565690090364,0.9249974361954002,9.994086142178233,0.5184997171242349,0.15437253473854487,0.9057448842950844,10.254190483705136,0.9132051896528375,0.15444241223300167,0.9550309754488542,10.128872374083036,2.189650773451611,0.3092577093005575,0.9589354011369057,10.419972424156583,2.5302765798150118,0.3385225323720972,0.9573967480070169,10.344057451984769,2.0776691667036014,0.2573039665091715,0.9590624764851488,10.730975702733943,2.98987746912871,0.27446580814714405,0.9597554412863131,10.861285758868116,1.8576810994342225,0.25052445714850186,0.9649667157395837,10.397868630223469,1.348109720754959,0.26519731223336096,0.9696317327332682,10.25746089597348,1.613067934126185,0.22724861985373607,0.9552884451917085,10.105725312734606,1.0262746569245205,0.2536936299430571,0.9584030991747121,10.230587642477762,0.47912242205893163,0.18981464084034477,0.9526534034921307,10.127992878311224,0
0.411002388211759,0.2310687660893318,0.9443742474122819,10.214388510659894,0.37752191889048753,0.21488838736456764,0.956758298662695,10.130681014293572,1.1227853997703676,0.19267739639338197,0.9302322435891109,10.219656584720221,0.5528438768019628,0.15806989413539158,0.9225477725187096,10.347162302473368,1.274042946362678,0.18152575330943657,0.9563370184049694,10.301285009766382,2.9817367247872477,0.3416788898985398,0.9484910966815666,10.494297651774511,3.355496609814564,0.36488540433469363,0.9491449170649919,10.400582483830458,3.281211663818712,0.33187161466363974,0.9506145484284872,10.633256296974725,4.2951285682213385,0.34387772566788477,0.947229935720427,10.723223778983542,3.033160000158711,0.360466157108746,0.9502382266408086,10.417938431393345,1.6606389128871029,0.32563467090271475,0.958101770952611,10.409670318458518,1.796525113974406,0.2555400286354001,0.9651387184034251,10.251807547106699,0.9864778900844428,0.2741647057433771,0.9664104426266746,10.500486774035975,0.4660287276752597,0.20298144521243847,0.9740905781804309,10.386010538589185,0
0.4929886373111042,0.2666171203854532,0.9368437328796607,10.169468425725421,0.4274901142769161,0.23736400506161276,0.9593473636256006,10.034050633545887,1.4492559876845192,0.23434476553273084,0.9342513812873171,10.131814090586433,0.7888600874263465,0.20154394363559286,0.9333681490390751,10.117797058097139,1.7767831087136194,0.21744635182305322,0.955116710821173,10.054100611363312,3.076943866304397,0.3228406564438482,0.9430887467499899,10.486184088664277,3.084538144902159,0.3328500408192531,0.9478193236902035,10.309710682579995,3.2080077502330573,0.3293496424781681,0.9493289755931158,10.56035124969642,4.338136875676788,0.3465463576002709,0.948298442745568,10.699362619780208,3.059167390643685,0.3591483177573643,0.9470259441895282,10.445439162384185,1.5116548415958606,0.3100893334320096,0.9619829752817785,10.43316036230064,1.8332466860388383,0.2572759523315226,0.9616507188648964,10.263417809098971,0.9013393491363021,0.2618288883805769,0.9680414959638892,10.593094490901812,0.5322081513005089,0.24498212810093983,0.9654435181335291,10.420876779849273,0
0.5327585119399579,0.23114426198712829,0.8757032155244007,10.044891539333758,0.48849511198343204,0.2305384404567641,0.9311644329330437,9.908833276986444,1.3386739819529483,0.23366222515103127,0.9297041193012783,10.233566395064297,0.8884020622902874,0.2363748513207729,0.9501086625934034,10.070292813656758,1.7055884147080675,0.20502951628968377,0.9581672961479993,10.12197096687096,2.350798057574896,0.2646087036401349,0.9282944888396919,10.42750724170561,2.9052650729597214,0.29703645899729836,0.9157376807521534,10.302050064768805,2.9113426017104,0.2920799756947518,0.9405104014961608,10.477230171790838,3.6989755450013684,0.29593916476191773,0.9535504126239203,10.515279233057363,3.743847541411801,0.3929969372073108,0.9259090388693023,10.244705546775476,1.9750528374520375,0.38649671145411907,0.9431527024769666,10.310095271933006,1.5963117287151272,0.2562978629194064,0.9483922194105883,10.269948636496046,1.068430721671838,0.32299629469055685,0.9578933722885041,10.356503263628914,0.5319192122830427,0.23670782583986263,0.9255684954998153,10.166828902872606,0
0.5932748547856704,0.2547634335700085,0.8815000309166071,10.08966792315808,0.4819767939900954,0.25214949693556965,0.9266055832701068,10.013605879488265,1.3173862473094806,0.2534504111016226,0.9444183732539473,10.306612535497225,0.9318296964383201,0.24822615005369886,0.9457865980416281,10.124187301999992,2.061555827932325,0.24793819288139823,0.9581959336544462,10.16445571836072,2.82387637665704,0.3083251307952486,0.9282498641911009,10.30294053128976,2.748594509239787,0.28665752880872797,0.9083109914170402,10.322294402111408,4.53719075970297,0.36578648412902404,0.9323838409485266,10.585816716730486,5.396487450369006,0.3611932665322214,0.943145900661054,10.533226183286594,4.026987342079698,0.4264359573067053,0.9212000907206888,10.173565107621458,2.026375640635867,0.40895183540059027,0.9348467099835897,10.179638957324395,1.405111628586239,0.2467660357694536,0.9494258388054967,10.24808796395359,1.156139608275236,0.3858502874657213,0.9445669505873053,10.184744639177843,0.5945478287054115,0.2771556872715276,0.9218836283764973,10.187192102244438,0
0.46481529540088473,0.22298578539762537,0.8832836680241405,10.135759751180675,0.3802758901518676,0.22078302556751353,0.9123158686401668,10.043004824200372,1.2488638175581581,0.2510718087919497,0.9575359152636971,10.374899642338098,0.9309132587917928,0.25144292730297746,0.9417603103334363,10.240981826787644,1.8585275944134763,0.24949560949054167,0.9423805738082294,10.210313993688226,2.2360012735806025,0.2717111240630339,0.9135715247546348,10.251298488848475,2.142209165775002,0.26331726709246595,0.8927705325946158,10.277560000473843,3.52257288620175,0.3426820673568384,0.9305606258290975,10.59425002118123,4.513781992725775,0.34857345236624276,0.9420549388674171,10.564024260145588,3.050679956165471,0.3792857622900118,0.9185265023693586,10.136586156938357,1.608239673537161,0.35392601110943234,0.9368666373965373,10.175739684868798,1.1055684962074912,0.20416360446445148,0.950644314438134,10.217117980312485,0.8531521461178512,0.33400740931268225,0.9443799267516815,10.07781723103696,0.5351638740566442,0.24660395582939587,0.927518641014169,10.293795843634332,1
0.36407852477191244,0.18798681124974695,0.8731875120926076,10.367681868375042,0.363960641628236,0.19518578787507765,0.8939026763961545,10.127280686063816,0.8503597945729319,0.20171446429103376,0.9599114966575378,10.731537570625852,0.683734633577242,0.22053987182990406,0.9339982150483966,10.464976053015151,1.41612658882733,0.21738979583497972,0.9375859267160647,10.546781060610071,2.09987443139834,0.2859438565579536,0.9214295917057257,10.245893827823686,2.6604604222430024,0.29324226461141917,0.9159789118899627,10.036524207986204,3.6574166038928624,0.3577571746538386,0.935094361483266,10.555885863759707,4.83906487830243,0.37034191613054235,0.9372383306016896,10.57458958773583,3.419401374080817,0.41519432531029377,0.9211258787453821,10.231865080905596,1.784048364483893,0.37545900689605943,0.9346782699932265,10.296436317502177,1.0144080440753938,0.19468425748685578,0.9585586781155871,10.4124135091658,1.0362700844986308,0.35143909250228395,0.9446910075906588,10.083233647354069,0.4703002209059546,0.22658714732405497,0.9255097515263195,10.468058765463294,0
0.31180568284128607,0.1614738269550952,0.8831544901409464,10.42647796207409,0.3884907741023404,0.1795221400622037,0.8716119887602262,10.18881602725314,0.7826928334902881,0.18754514509162767,0.9490992095247128,10.621486256649389,0.6617454377025267,0.1736340710072686,0.8618011720641575,10.481484370810966,1.5042241798505096,0.25047084857686147,0.9514268824487264,10.490327324288776,1.8736838754029772,0.29662812869160093,0.9566557830336804,10.235036237400918,2.4559023341007356,0.3183948218815028,0.9537139486309453,10.099656497742197,3.95548365669619,0.39251549989934426,0.9371933768997137,10.591363140102196,4.840702604512411,0.4283225750198844,0.922120856920792,10.588861201782944,2.941212836119859,0.42350108151750915,0.9362845193071214,10.436065193163186,1.5270245300418488,0.32481817547618735,0.9567133027624083,10.408433084436766,1.0085275832747889,0.19832617566027544,0.9692774436475909,10.466661387896446,0.9220481387166817,0.2847078755530185,0.9538799507825011,10.23971262846438,0.43147472036772905,0.20493867810537827,0.9366352324335157,10.778820100365724,0
0.2668688361856806,0.13444134960971935,0.8713122948876187,10.230129902336397,0.3465462534940369,0.15058192382934626,0.8701439675393373,10.136528084305121,0.6330556556166731,0.14649748520353217,0.927503822825675,10.447646997806936,0.6456284150747029,0.15768093900875965,0.8491448610263299,10.414339596302673,1.6315526359603085,0.24732722120007908,0.9455509810819823,10.400497647165759,1.1698429086463809,0.2120005702643389,0.9688186100215532,10.383546554668001,2.099482077611226,0.2629438824518879,0.9595536979690126,9.943419112952279,3.0076869667084516,0.3513161479411199,0.9525789235043789,10.436290188193597,2.9739128933672503,0.3481450121267064,0.9469190375139199,10.561556748908565,2.3766428615461055,0.381495190296367,0.9461345185065627,10.452532611694338,1.3780730973742976,0.29557177674305707,0.9607092142240359,10.434200933589702,0.8150450554408037,0.16403884860461587,0.9656624662926165,10.394981417089653,0.8254360782847524,0.2558016673040221,0.9566428772184203,10.264310570964975,0.42972952438102047,0.18826636514199088,0.9378145419225983,10.653240418756134,0
0.2590820461612675,0.13787501923257706,0.8645770171300033,9.969725604654755,0.34952014206534743,0.1571831467257719,0.8708992663511781,10.108467242746709,0.5625993768446763,0.13756283344615206,0.9110198561567222,9.783400139980955,0.5850297857163085,0.14619051525763896,0.8340415372662202,10.330983979229128,1.3324416879192147,0.22715732992358628,0.9589591983208242,10.227592275097875,0.9639192750657201,0.1748174517786113,0.9863928842811402,10.402045722852826,1.8753495106393394,0.24854138095871903,0.9570709977269376,9.789597664419594,3.373094674232798,0.35999481153231055,0.9495047358862042,10.221220981468207,2.8732943782971523,0.3307145186867414,0.9513013665573232,10.37104740078338,2.4334750575661084,0.386056752704221,0.9457293105326336,10.195686807656484,1.4068398600683372,0.29187886996177154,0.9595362715008451,10.146542700939571,0.8803505650235994,0.16779129676204987,0.948527904755468,9.89452341520148,0.8223584701546964,0.2526253580269044,0.9536420969283572,10.084538096298644,0.3595248727187289,0.17726038681491882,0.9361394216784678,10.366600910506513,1
0.3375458903724259,0.16895294390338186,0.8997272777865278,10.081539747460237,0.546978785451418,0.1395960385396888,0.9398342007415833,10.078062799233024,1.0252574530817269,0.11613052200066601,0.9610986126452422,9.879455068542693,0.6717754035243979,0.15442321461394787,0.8565101808418316,10.407997689940672,1.5100687634981835,0.22752674406145432,0.976062353100845,10.368565942500698,1.2232097071608463,0.17226415821806884,0.9873657331648522,10.307802429700255,1.630467176989571,0.19850393522005017,0.9718674561667502,10.070953227642276,4.355453834469673,0.30655516603580546,0.9685237476533302,10.146818457006137,3.4289439432871616,0.2611252799144066,0.9749810135280081,10.13731496978069,2.619048417593485,0.22391968600913073,0.9634693031644557,9.808561968098221,1.6311347249396295,0.17824920445692227,0.9715205931186778,9.853374902426921,1.6059514463991487,0.1505489657253458,0.9756217349338858,9.938401971449153,1.0539752519069574,0.2076026313994287,0.9813655744929763,10.460280975435111,0.5189880073094704,0.18578964713622098,0.9696216684953299,10.534268935009457,0
0.3368398208287969,0.2403576667353013,0.963462547864081,10.424329674745572,0.5382488423277537,0.14914289345329113,0.9700908724490788,10.00064824253595,1.2889500743119997,0.13455647624979583,0.9602773747088137,9.988709864153446,0.5818529427809306,0.15793818556569045,0.8799492163113998,10.373037622540553,1.9778876532682805,0.2737461112388824,0.9665936078768557,10.23570671854021,2.6924943137604105,0.29780564021847156,0.9646678027261545,10.143526266576728,2.2462454932311857,0.23195492009111374,0.9398255906914497,10.090079870969419,6.187586703600793,0.3721158394971555,0.9506231163650372,10.135021378293484,4.901970196211096,0.3176391730983028,0.9608661961576251,10.031455530152845,4.166551478138403,0.2863423908599289,0.9476401156894628,9.832582223646055,2.3483324283677014,0.22436502869142502,0.9617148650086759,9.933639658806,2.65395812109389,0.19919365310288575,0.9619390006885876,10.10913780732664,1.3366662966300358,0.26647760431458384,0.9704362876417069,10.649587716104705,0.652300790916609,0.24201298912350144,0.9727070984853871,10.574153663242827,0
0.6346867211852338,0.3055762605462623,0.9434123025692055,10.148676565537873,0.6158151830700547,0.1653074553244315,0.9718419723933619,9.992137375283768,2.68094251889117,0.2169145174771815,0.9618905016818386,9.838991176995094,0.7072648920720488,0.17699129293631594,0.9253604921027746,10.307255444589403,1.7558244638073108,0.2401457765347732,0.9642045088285234,10.063284469495159,3.274568595309555,0.32148559197550725,0.9594288820339603,9.949206624429285,4.850648390114165,0.3521522439405092,0.9292137856988022,9.896391691695843,8.196695803108433,0.40823711439521404,0.9417729239137339,10.094560271211366,7.183349955928813,0.374497818898476,0.9505769968749701,10.055481960521059,7.197214527459643,0.3800325067898324,0.9395547353321227,9.98210625903127,4.514270933786813,0.3314472852398946,0.9512111691735785,9.957800224190574,5.484428275605615,0.3100948122636035,0.9543713497188849,9.98006956108302,2.3492667460663164,0.36840085809405104,0.9516903222900903,10.33767166022358,1.2466761047344481,0.3257790819260335,0.9598343481575143,10.226053921521977,0
0.6493710227723923,0.2979691909062884,0.943731784822063,10.18422856829625,0.6433439062115073,0.16935811082174176,0.9727480223950764,9.99458597646691,2.7437098102351647,0.22023059779476542,0.9640842475383994,9.884624248654656,0.8135535465306662,0.19062193442665726,0.9398167255528127,10.11557237288394,1.8333163188444206,0.2427311254248648,0.9629883301902504,10.078149994575805,3.2491397715334998,0.3395732661989748,0.9514412474259551,9.922615369037224,4.987050145851708,0.3481827696546895,0.9275392347016592,10.021412797731024,7.711530294887651,0.38382799087419517,0.9470573461525171,10.173250396084809,6.528071817067767,0.34514603768266455,0.9567225873950144,10.109012764887893,6.563109883539435,0.35690478188810465,0.9448585367777859,10.02492347021125,4.274936833755389,0.32469253979596874,0.9530953610159796,9.979041710580018,5.495957652158768,0.31869270087826607,0.9567373792947601,10.047225098076872,2.271485613773418,0.36660762815252074,0.9505351964508283,10.394611626136331,1.2672046290088823,0.32938500503204804,0.9583073673117872,10.257242790544149,0
0.6345078067974527,0.3001908681279701,0.9332848707186564,10.128421672866748,0.5469334134392339,0.23000317649250057,0.9351702063327662,9.952026241068351,2.8078725387993946,0.3103399755133858,0.9337614094812917,9.807427633301257,0.8460528860090284,0.1836111790057356,0.9048326055244027,10.114147085305596,1.9354592972911207,0.258207214167608,0.9620582374093354,10.094065135022015,3.4056754478252507,0.3666735834806367,0.9413012915732467,9.922408486153698,4.990791970921062,0.37429138360880804,0.9213002515119739,10.098589269668091,6.917017537128178,0.42381526657586627,0.9389975679287174,10.260388365713093,6.036050286524857,0.3850822613833466,0.9498814488854176,10.168365718823317,6.233747443846429,0.45216160847872783,0.9265851851415021,10.108778467983631,4.128504301351446,0.4301981667966423,0.9281483403133736,10.008070521299903,5.299663147940299,0.41420329388694027,0.9261503424533304,9.959610736587003,2.1140099685670526,0.4395663789411141,0.9337941389714869,10.232681361899502,1.171209600838657,0.36335987708442696,0.9395671057306734,10.128959544550572,0
0.9094008634392158,0.25122687126051785,0.8892290624347249,9.776839834496437,0.6162724433710112,0.19149546135589687,0.8663793695125624,9.835896963678303,3.5267197964782935,0.35554765211015193,0.9232508103204127,9.759923396907531,0.9776874159067037,0.19480505378123308,0.8986008768635269,9.94768915606694,1.36171378933431,0.2110220593562523,0.9676834652769813,10.02567162106965,2.2892585217270054,0.2956582230841252,0.9529603188790804,9.86024764194396,4.84636874631419,0.3996803469820036,0.9298907410554169,10.075911308606273,4.859876521662025,0.3819076938591441,0.9486880532255252,10.302968999755887,4.241735283755013,0.3397579318355352,0.9608343511749382,10.230907886134238,5.212462274681306,0.4584245334639913,0.9275252743671146,10.154144160367764,4.1262149701881015,0.47618895916861964,0.918764885489114,10.022137690039683,5.393631918119601,0.44967503678535403,0.9171836084618508,9.893614568777704,2.06844113753721,0.438974163339711,0.9308089691485355,10.04008449195475,1.299837573179997,0.31378498986415676,0.9222525948888992,9.916087429018665,0
0.9657981784397803,0.2920291662365704,0.8914217426133413,10.000944169136325,0.7282450717157569,0.22947176684992196,0.8601400138793966,9.925109279698095,3.636390483895533,0.41889997241727767,0.9303562951338035,10.057157765081058,1.1342326481673772,0.24202202740341028,0.8947230311938195,10.05953741650198,1.1637003387543423,0.22426448471720933,0.9747255733011443,10.209103446190863,1.7075704292492342,0.2819024826636614,0.9686159114918045,10.06732279911932,3.4244132090942783,0.3601451407839908,0.9311216496186562,10.636689231011896,3.251483236332515,0.3224143115943383,0.952951163814807,10.66279514273295,3.565840132704747,0.336451362685326,0.9574141295947707,10.463785550629217,4.389967271378811,0.45819805560216365,0.9274120902382041,10.260487992058904,4.066033077947677,0.5141785140670262,0.9113081151117659,10.211516859477516,4.988416690436372,0.47170912728697234,0.9216996885579296,10.148465063567661,2.3149467474011933,0.4890305524416371,0.9189479997695295,10.253943933510024,1.4614909728782624,0.38068232623153303,0.9240239620985137,10.207427365846192,0
1.0589177897779,0.31546601078021824,0.887490997787039,10.043547882316942,0.8118912033991873,0.2491960827062398,0.8550016350600739,10.006144473691435,3.767013088775867,0.4191040466382204,0.9266719402005685,10.138833418058237,1.3139987103937008,0.2578480177344436,0.8786010242374042,10.184733188521701,1.2603553770547173,0.23236161428934157,0.9620708738805184,10.352084487041564,2.2453637069033285,0.3274187844923672,0.9602484901931427,10.367341646156301,3.946797181858363,0.37771664600430666,0.9312514452834179,10.73558273952346,3.6854081703094486,0.36765250895653495,0.9386776433964882,10.729550467876733,4.746381790010955,0.4066675533216159,0.9294987340285705,10.587092656264888,5.277707916353364,0.5017267561565815,0.911825114606496,10.373896053531244,4.502874692984659,0.5439346324477615,0.901098277130486,10.301995431140277,5.334343265645738,0.4696793869112765,0.9200183188800277,10.213206799771653,2.6767311169732935,0.5132464017318872,0.9109386357185697,10.30933831455599,1.5903620121186905,0.4078090308919466,0.9166861363283288,10.220636514103894,0
1.1217278309332284,0.3291516896017695,0.8899262618007631,10.036262645882552,0.841062361389839,0.2675028001612252,0.8675736059272675,10.050712989484294,3.702334033865726,0.4210337416502982,0.9249838320190519,10.259302552990297,1.4401977911921386,0.3055706377938309,0.9070373535419387,10.190919534239454,1.0592485886353509,0.20416886342024995,0.9433162757063456,10.331353974082493,1.9727924356393924,0.34252348397631965,0.9507772097403656,10.450031801011818,4.400595103479347,0.38947262970370494,0.9168239296109179,10.740879070388484,4.55443642426472,0.41699771254711787,0.9238081173787935,10.678259881423589,5.774111503742116,0.4623360690334865,0.9094457491043353,10.544962646817996,5.9185208563312255,0.5405581832191437,0.8935763317345335,10.369825870953214,4.663382059075068,0.5819633561334066,0.886864034740809,10.330450339487687,5.077644794487657,0.4620420681010582,0.9208861102173546,10.361988675418795,2.6275122757960054,0.5408692242534398,0.9014157529311405,10.321089856824782,1.6501827359702854,0.4156753956262457,0.9165261783879863,10.225032660247807,0
0.823076320577795,0.4665325839385907,0.9228698526410487,10.264953444498808,0.7499166608153628,0.3891122966565448,0.9311604341264854,10.130089045929196,3.013609933620307,0.4308932243076492,0.9288352519772065,10.445136689936913,1.3841726297640449,0.3435594641102343,0.9245729803080843,10.249150728507933,1.571203260745469,0.23590564178547124,0.9303461653667826,10.248468302149893,2.136861448681113,0.3418046424760521,0.9380358783813869,10.417145602082,4.758269798623605,0.3873814512751365,0.9156940567765611,10.787313800606734,4.938363666549262,0.40395611880318455,0.9352673089734851,10.54340757087304,5.979896138668739,0.4599462707984506,0.9198220333451625,10.523261568925385,5.960333924764596,0.5149281243173984,0.9089216074658578,10.413983465004103,4.209092985750659,0.5411571691884114,0.9014846674092728,10.307708607214597,4.47630201265949,0.4770528460146769,0.917449836316631,10.362378868052145,2.6006263113202097,0.5201717940455073,0.9079218968176582,10.316054616511186,1.49740803841198,0.5258396538455989,0.906748084754562,10.260079161585518,0
0.4686846958161849,0.3762419284746709,0.9440529093836908,10.172855400807038,0.6307039771494864,0.3618995537955184,0.9432571307739527,10.15026861798077,1.758348764309243,0.31710679601434344,0.9471071889972152,10.523257125975142,1.1120854013500454,0.31349114666316585,0.9224317907944172,10.209696770664367,2.1097150233316624,0.28003806137832443,0.9382019686459032,10.033013268871539,1.998159632004867,0.3124166486847468,0.9368234160231848,10.32504702032653,3.745125083736982,0.36238817154373,0.9222420532151453,10.79442684330711,3.509531412937708,0.3409619768718749,0.949337530137236,10.510872265995058,4.157893615268289,0.3641597316738744,0.9458261218018069,10.522029568237146,3.824941074315065,0.39779669319718186,0.9388955597776245,10.396260934150451,2.106078983952476,0.3832671049742666,0.9338799654426717,10.336314458220397,2.4287388978427344,0.3374039096837944,0.9426611762982915,10.333877468932853,1.3872292753968183,0.37427116108470876,0.9339220352070591,10.336038176036686,0.7269093882878631,0.37576803067717607,0.9442300234715347,10.082677150305873,0
0.4195997994293675,0.3493437045664845,0.9475397187387977,10.063727875665672,0.6297078188716347,0.3726463949817227,0.9421827254839041,10.001090855770839,1.667751465162366,0.3110889802445787,0.9499732909255342,10.317080764939217,0.9105329725582842,0.2901768159961818,0.9257599593598638,10.164450048187044,2.408127313250077,0.3076456933253382,0.9524234327464791,10.041279159801617,1.5681975793587912,0.2804579582599596,0.9265626613043899,10.02189987911829,2.933077497234626,0.33039599474752124,0.9252004259924,10.661986464553296,3.047340087161954,0.3030879231825342,0.9541487408363178,10.405253899655174,3.270251668630776,0.3006188093143048,0.9562864309901314,10.2757853377459,3.2409661514136543,0.3457417298532673,0.9455174372794929,10.189187645807625,1.7837285890140824,0.31761269398455666,0.9439175612528631,10.182411523644172,1.9938302445107998,0.2972206564934711,0.9521385275981721,10.114302711455116,1.1576611637424619,0.3126674040888276,0.9409779275846563,10.22069909758802,0.6979309811399798,0.34559232230041415,0.9531156084075958,9.978072062214437,0
0.32418717750001846,0.2980867502561274,0.9531935382025614,10.120375883908435,0.5544188811923842,0.35376829297794987,0.9505450486239337,9.981952957853055,1.3449947983202148,0.28555887206880437,0.9531589294847695,10.368248676538999,0.7007938870813946,0.24574159493526154,0.911391315596393,10.12560535161322,2.4870790633975464,0.333931937295832,0.9552498136172918,9.996461108071333,1.5660685539788228,0.2688847773701933,0.9505771913284428,10.011986284053172,2.4430611507159092,0.30612572807542876,0.9392371662683109,10.497288416442931,1.9078455722367929,0.22108088202124868,0.9541537708515009,10.235026984534812,2.0245102791537275,0.20177090691585187,0.9601595108712707,10.299602223849451,2.5628292114769993,0.2671819363451827,0.948894327633182,10.255264836645997,1.4712598319012171,0.24805539782559072,0.9500410849824418,10.339413720506826,1.7531454769594839,0.2694480276494028,0.9580065785652813,10.084006133465554,1.082325855508246,0.27525570497187357,0.9411096789280774,10.291491997962128,0.5753993700593028,0.27989146424251926,0.9639198200946126,10.098589016424842,0
0.3316996447094377,0.28622021879027,0.9432066041504582,10.282409578506632,0.5143196645687189,0.3334250324210749,0.9543278979537066,10.161349620928894,1.0814384848565854,0.24116257529210033,0.9572385680295297,10.333200302702993,0.6028002947086737,0.20385026016683983,0.8983078843970744,10.320060283139236,1.9782920283511973,0.3190553074500003,0.9633964681969401,10.035043814213383,1.2178643374902833,0.20892662885033284,0.9637155885802735,10.158394112602037,1.7984124820341685,0.2672900561002486,0.952386983363711,10.326274836658818,1.292353287262664,0.18112893129117616,0.9770922619605232,10.539835533857046,1.7302034678316192,0.16483995843115623,0.9712410620023207,10.474746535580588,1.9723913385613066,0.22540088940761352,0.9541649974182232,10.203689345540997,1.413115704618848,0.25587882429153624,0.9559962100002092,10.43461138661481,1.8545687988991233,0.2353085768064219,0.9606625580308948,10.168797472283803,0.8011682601068402,0.24753013719752587,0.9456002750012704,10.26405027407871,0.4881687962996389,0.24140014735604615,0.9631580893108205,10.298415640100586,0
0.3208717732673546,0.2617458319002611,0.9466089435703373,10.099418828901952,0.429529684584136,0.28405795803069944,0.9471815345642065,9.932860603448855,0.8003654502118691,0.1972665651161073,0.9463963008566452,10.050835380049596,0.4696023480652902,0.1614623913463777,0.8819538779979114,10.071384519507847,1.6668729242133633,0.2595566179440207,0.9506305151145878,9.97183891252548,1.242691210465425,0.18909745800680003,0.9632125213759914,9.991214440346823,1.5768012193070247,0.23996835285315085,0.9516454051352415,10.233058009617846,1.241690480357306,0.17619459106920174,0.9749177323976193,10.461671932373868,1.5592877265829848,0.162686412873857,0.9729634483218718,10.31457703504092,1.9261757420003858,0.22825878600060862,0.9549008792375936,10.209022958152428,1.3586680346443667,0.25131376612007256,0.9561158489440452,10.24401571562478,1.5722847425711994,0.21477814638528459,0.9532648599402639,9.993719116900456,0.8306850608383227,0.26042340948491716,0.943305792649222,10.01339580612863,0.4731705024161546,0.2354417932715855,0.9598102508385147,10.061679841998897,0
0.27523914505394476,0.2400196395484565,0.9468760527097422,10.137161765122608,0.3424789049271342,0.2578322277263484,0.9434942824564141,9.987701972788802,0.690793784169847,0.18687490466893247,0.9589029930594275,10.24973982141467,0.4316903195470768,0.16682283591136604,0.8969562409968888,10.106719887812275,1.3890404935306773,0.24262189803150558,0.9394265281382187,9.81812320714718,1.523854171523113,0.21331582092212453,0.9698563815044057,10.073967053230497,1.5585310299479307,0.24415774993551767,0.958520402428473,10.334267967001947,1.3666887479652816,0.19945627923216003,0.9714530771982293,10.60934277385408,1.447962031669769,0.16655229439524444,0.9753738665217794,10.50511107058037,1.6971128748858597,0.21433105195557609,0.9591963069200522,10.21661828362754,1.2954660427875262,0.26344696340810264,0.9599344573645514,10.150358445508857,1.5602894641275395,0.2204834655373296,0.9537974826438556,10.021733394181817,0.7290049433764485,0.2578984279118888,0.9347411260376224,9.866960190103509,0.3766476279746328,0.19799057541104612,0.95149633165826,10.011460794740744,0
0.2950863605146189,0.23818579797444744,0.9083708380149254,10.139160953337672,0.31445598990428425,0.2223412530064295,0.8952419399788623,10.098045516829915,0.8854989478376278,0.23263958223182696,0.9406687282609818,9.963137258066299,0.5712583011716232,0.21521634187055208,0.8934675904408216,10.206219668998969,1.367968183237109,0.22309799456849924,0.9434021091176941,9.958714283163976,1.3629735659542144,0.19951445830543232,0.9674218958009418,10.079230958038327,1.411877721232027,0.2548223531096013,0.9630916012461069,10.372464795925827,1.3195904104977945,0.21755130201561085,0.9726413043203698,10.646000946888732,1.4895873218066145,0.20257665565727556,0.9772881739491072,10.548849330064968,1.764990855335579,0.2643924977872022,0.9561190875945356,10.340178604002285,1.1798702933389995,0.2817262276228582,0.9482988323427163,10.012871040563372,1.6295173743222138,0.22958737011133043,0.9422446325906129,9.891332286126898,0.7539322451346857,0.28265084321345596,0.9014134578124816,9.73605196686651,0.38067738295392994,0.22150510202303236,0.9190775207422482,9.730665920427116,0
0.28776511818171974,0.1618064878820984,0.8634032091813123,10.042063464593864,0.3012454856002052,0.1367901817340593,0.8409173670772001,9.971152351551304,1.0441675801043568,0.22088238315919886,0.9153354553404903,9.91200393049053,0.6821560452596905,0.2009285668945621,0.885147680105399,10.192157067565935,1.384668220905326,0.19990854051916437,0.9375107695256926,9.954194777616815,1.5063580011227944,0.2212388004409832,0.9666512745451595,10.091653385323724,1.6131629669201633,0.2886003740238781,0.9705419154483037,10.217690845796279,1.4100678309772574,0.24080786403836255,0.9767560832504806,10.506395970533868,1.3529332659329962,0.21739979172715976,0.9854237567202364,10.441528855312807,1.4827122232779195,0.2371853327359474,0.9562400718119269,10.370602296676973,0.8948911112818805,0.2194310750889243,0.9427903535406954,10.058931540255372,1.2181562705352755,0.19068276097016673,0.9182651196849577,9.863978755833351,0.7087649326537434,0.23850382504319714,0.8984476583443121,9.85371986558069,0.3355285680821219,0.1561311500608657,0.8715815557486066,9.624058188494443,0
0.3210991149862311,0.17032976229434993,0.8649396314417239,10.382146583408877,0.42093312412706263,0.17573054030302002,0.852203781546582,10.128203225817416,1.1517769275319263,0.20250432807316612,0.9099875908492954,10.12291363722697,0.8055288047905166,0.21120003684609062,0.8923997714562847,10.45206183904137,1.5490732484660596,0.2477140661729501,0.9512975140114449,10.252410162796004,2.3496943927386815,0.3124596566441478,0.9567861391157301,10.28849217962332,3.110994475503773,0.39478870062255866,0.9441349402691911,10.466209684809973,3.274647780786805,0.28900675464327125,0.9302306267410818,11.052768940027898,3.007785276104337,0.2477042278524181,0.9478031817548545,11.09152881703455,1.837989944395456,0.2513845327187676,0.9556686455101285,10.734116344453366,1.0929190570753446,0.2456267333740613,0.9484841110089605,10.550725367754213,1.1407169852401524,0.1651943112577775,0.9180717900091145,10.21522516962958,0.8077021996813405,0.23968795510366653,0.9176736716867593,10.339383453356453,0.3167753431312308,0.1393988882914456,0.8730378606438239,10.218422458081404,0
0.40797929228558155,0.20796863880593572,0.8797226757265098,10.392393126762185,0.7233928888222056,0.23390783524695102,0.8831310125606825,10.356163124656144,1.3527276900189764,0.20719249961353042,0.9069931803306256,10.124205911139654,0.9641140021615793,0.2263338918801291,0.9009560729749952,10.476755329409288,1.9092165706461042,0.252354411101208,0.9430986627359568,10.505657311171921,2.690982454898119,0.31243132051925027,0.953628740032153,10.347055073997057,3.224128945389637,0.3965195299464193,0.9449644551047139,10.431229001611943,3.4877224581369015,0.265339738688575,0.9357778108722525,11.166336182204903,3.932399106459842,0.25609646786543144,0.9474685268100117,11.156988985298192,2.771526503667864,0.29381908456321804,0.9455090388749073,10.856349037945321,1.5166040350364405,0.27379649727737515,0.9430365195126724,10.743366220564363,1.1626034961289042,0.1628678262076505,0.9177291205656282,10.261588650993517,1.0738021920562826,0.2660730405480669,0.9364032191015391,10.592126902772081,0.43251291684394655,0.18136545003645982,0.8915649906705991,10.386489839055315,1
0.4603718294118538,0.19278906485406602,0.8733104066528118,10.11981918324924,0.9779377400532101,0.25978207092281486,0.9036113034325292,9.92848397930955,1.1335333703163903,0.1697733479720727,0.8876490517756666,10.147867815415339,1.0127437730299058,0.21147142693536644,0.9057120970231739,10.152729262654873,1.9950787201520166,0.25193870649245503,0.9319257700438113,10.159608325100526,3.2641643374101017,0.30945982776593767,0.9442489963852287,10.358829874917308,3.89190337692561,0.38827181853142245,0.9412555462601598,10.252259064551708,4.140434089722641,0.28353086490355633,0.9366434625507329,11.117924846873002,4.841685406613725,0.26963754143502283,0.953427952103384,11.01171106981004,3.0424417109811506,0.2892262133091936,0.9494113493552224,10.759108411526727,1.902755823141285,0.3144021442659548,0.9443287352228787,10.815973333564557,1.0563072146901047,0.1580365277810795,0.919516129036445,10.5802940693671,1.2041567820663368,0.2954683296426268,0.9454535644502549,10.701548797382555,0.4883977942435969,0.18942709178746842,0.8945921011595254,10.487549203639322,0
0.8645410513294047,0.21739453659302316,0.8487418679038519,9.515102085096453,1.4230452374819564,0.3089709917417531,0.9088856778721006,9.676424290339796,1.3061955047215332,0.1756116634328595,0.883250433634142,9.982043983827971,1.1882753408513382,0.22230553363055985,0.8983733332944206,9.921968549229682,2.4678413140389366,0.2803415482328205,0.9394393251787589,10.211377709200798,3.4677240501331403,0.33680365675895263,0.9353910770110615,10.272969810058006,4.527649704369942,0.3927957087889642,0.9330132632931788,10.190819027079975,5.308664559583464,0.3196427550710915,0.9385496676194723,10.955521441355218,6.124624161430982,0.30410303041628123,0.9522427699949204,10.868010012622683,4.2135627691067175,0.35116065112778694,0.9410013148072099,10.557200151760023,2.421779922320015,0.37310900195522356,0.9424009893853167,10.562710821911624,1.4296096406234824,0.19933044186182375,0.9394941979852219,10.351970150318387,1.456696993054687,0.3389593225818301,0.9430479504911807,10.48850271022663,0.7105932990024808,0.22985588430394735,0.9174486454150138,10.041902606111886,0
0.9803745098817038,0.22254909314408708,0.8315726044201478,9.445111955156397,1.403212435811358,0.2993382058415667,0.9031855466329095,9.60798550390615,1.5092146303757965,0.1938002873199533,0.8581661208672408,9.810459874378743,1.2643683028691326,0.2308838402632512,0.9023800791927072,9.765922446279733,2.73046904088221,0.2937764251741177,0.9352022286921665,10.007811691979166,2.9852314329935945,0.32367584604582184,0.9348673367590911,10.178256557342468,3.3263571161146457,0.33649978804261566,0.9261106951102288,9.842693912126416,4.544726018056055,0.3674195273700703,0.9426425647638332,10.51937531645384,5.6643586287963075,0.35233562952006575,0.9497298022844424,10.596872399036679,4.8421425090871875,0.38702546400087356,0.9326944160054799,10.422711356817159,2.9511579746015584,0.41805946026628826,0.9337589424261868,10.406223384062544,2.0295261438602923,0.25191078249702004,0.9298827569345921,10.174904062730363,1.5859826521829352,0.3642592411019009,0.9348911333512266,10.346333108770457,0.9441563246759921,0.2691852254396087,0.9037995082117932,9.955480114707305,0
0.8507656473933276,0.20070007102153356,0.8236096041313294,9.318484961334685,1.0845517145085501,0.2676404626458914,0.8881090323738303,9.345556543260097,1.297332478678069,0.18689790747166812,0.8423949556007401,9.591445669877825,1.1164732270101414,0.2204105721920525,0.899720269389321,9.657304814004936,2.082449614099408,0.27584033084928117,0.9347744401058926,9.749563375778422,2.320643486388675,0.2951824423841828,0.9436580526892544,10.073967353935018,3.5717681997352084,0.3498838938622218,0.9259770740555738,9.834392781471804,4.096889728863942,0.3867131203552284,0.944735976696173,10.353082831926832,4.544606421991505,0.3546603001530237,0.9533288194935973,10.43993131446901,3.9162286122274734,0.3866852791093342,0.9355018731152382,10.301229396261904,2.564750526894268,0.4314240079546702,0.932787554645412,10.327816575915058,1.8616640726435947,0.24750936500158194,0.9258785281274786,10.160520169947802,1.3070197689265668,0.36804747650405784,0.9365919123271502,10.227646521570012,0.7914625117480992,0.24753134798115448,0.8958999369309887,9.863531672426944,0
0.8649844887394548,0.22901135306544054,0.8171269640087012,9.367687738001926,0.8743666387103983,0.2593696096819263,0.8993385237351129,9.388569505238301,2.0737782061913537,0.26849012090997815,0.8542508345938454,9.502014471916429,1.0545204501636385,0.2114263985958336,0.8934278523268874,9.687740439201356,1.9787151645721126,0.2819949199208167,0.9419654980892995,9.761627018440684,2.0637104058897338,0.31830714688690126,0.9512955807184831,9.881083963726242,2.9182130629699654,0.3330047789714702,0.9429701736444619,9.899915789353125,3.44984307163345,0.3718347151174564,0.9498902644848339,10.186751226817647,3.7373407621204726,0.33996626313717726,0.9607700478207195,10.298043870119118,3.573908026292999,0.40219320552485605,0.9381920130728673,10.181380973880497,2.3487022255390624,0.4193345396783118,0.9359418950986657,10.193477006376252,2.673822969100433,0.30458546922514124,0.9140434721027871,9.88017011925717,1.2285996023963304,0.35437588490244454,0.9416202153468362,10.126848444658721,0.9098941995193401,0.28592220105447336,0.8918782475070268,9.855315287331937,0
0.4751456623389003,0.2784981024862215,0.902205742780301,9.838283449364507,0.3807598765806508,0.22677644657987847,0.9346825522338096,9.616761196300482,1.9603690930522895,0.29826902488669105,0.8916518932830538,9.534002107279933,0.7580925616354833,0.2060984665185355,0.917132019369674,9.831876491081138,1.6383313097243852,0.2907757323524602,0.9360984000809358,9.517533397619239,1.7286046361268272,0.2827883593927994,0.96926652473308,10.025263642646994,2.2388842820748884,0.32653123275182583,0.95940338076181,10.074763567602709,2.3559304153269096,0.3276613863706878,0.963493282649699,10.172877106777143,2.6688120824646564,0.295885659010382,0.9710146473457162,10.346179541803668,2.744732583798003,0.37336028395134085,0.9416995638292348,10.202732900806291,2.0698975956143713,0.39477640548333914,0.9395716055499188,10.263598138278235,2.6157381588437656,0.3395499706167763,0.9238937143915962,9.875969724736494,1.0763129737574815,0.3387397090471726,0.9444389621550101,10.21647646552731,0.7628467276062905,0.32908320327816915,0.9371270912931627,10.113403636180418,0
0.3496433029583016,0.28067765684901386,0.9549285373193525,9.954043135376942,0.30894243569754737,0.20304296186238793,0.9587218262760951,9.908376399461751,1.7710466095527062,0.3020580504010376,0.9193734969668721,9.529804802160031,0.6200279812526525,0.17698594041376645,0.9057136895041138,9.980184214249173,1.050043591337727,0.20529482550283104,0.9526151611701472,9.748612872446863,1.2937175857657026,0.22196251481429743,0.9809623826229472,10.265105595289926,2.474796232574043,0.33537959762952846,0.9540614334850978,10.482351097995918,2.052263840241502,0.2865365099460898,0.9671354784220884,10.502270362223593,2.4891854444188,0.2799293388358414,0.9664817064935618,10.581008871175928,1.9290111205444467,0.3160537610435871,0.9563789869242566,10.347220762949295,1.499256899770069,0.34451263610736715,0.9520691377991483,10.407094601821843,2.258703889816592,0.34623939621034006,0.9379614808973101,9.92839461335932,0.7780914788185039,0.26719733325518497,0.9625050989206737,10.239436660181516,0.5579430156400033,0.2926384961828347,0.9641782783216765,10.056929030568988,0
0.4333678143613669,0.14849308819742765,0.8282687374314046,9.988760448847804,0.3647580011132962,0.13086687004585335,0.8503453362816008,9.850734450545145,2.050886325517475,0.26926950806541444,0.9215655057715698,9.754272358039197,0.6911435107706809,0.15247278148971538,0.8591712343913908,10.083621732352142,1.3724491638945713,0.21508082043771998,0.954537651633165,10.009978092800425,1.1573207279143296,0.23209963518437482,0.9768007326699455,10.271598955183613,2.635755801935826,0.37342812848766055,0.9463422017088002,10.433315672813668,2.094046153623509,0.2896023279266959,0.9605894879243997,10.578931562693354,2.6950952851579135,0.2628600990006062,0.9622662125086777,10.649304353575902,2.1776765713244233,0.27913352252935114,0.9517869836115768,10.528458908619196,1.5442965843894885,0.2981204987033396,0.9536434721179297,10.50495354777309,2.4870326746616143,0.2889375606262901,0.9425396947829088,10.047186156053913,0.8796504570563999,0.21940495387619882,0.9512025732302206,10.307594022456485,0.6468278271595551,0.17806014592045125,0.855655498212074,10.073715684036943,0
0.45103736619142987,0.07894837580608438,0.7331971876456934,9.912365067182284,0.40454336905174926,0.0816256466146002,0.7490255594158357,9.747512655129192,1.2703431762493271,0.15915427648825814,0.8435870699641453,10.065759011913464,0.6373212936240886,0.11259138353154818,0.7810576549326544,10.171469132336316,1.8168166129460877,0.2751870338071883,0.9590928421172085,10.269427997103543,0.9847708454235534,0.23361072632791485,0.9756901327252753,10.593811894892069,2.569345430874374,0.3936108240164622,0.9352254555234648,10.431674856182106,2.58721985913931,0.3094793980271387,0.9594447317387078,10.455778170048747,2.4957082977541836,0.2421456853173324,0.9683609882659988,10.823924803689135,2.1614187668264915,0.2648153177844574,0.958112126488072,10.707705810259535,1.3952179131668219,0.22512143085641168,0.9128459347581902,10.49417273119649,1.7188061088654152,0.18639331892872557,0.8872550535778588,10.280297978037337,0.8309113353361697,0.15832799602575698,0.8579437011027546,10.329615921988633,0.5041780380702154,0.07696884223803348,0.7376702694685213,10.019267810672293,0
