AF3_alpha_abs,AF3_alpha_rel,AF3_entropy,AF3_cog,F7_alpha_abs,F7_alpha_rel,F7_entropy,F7_cog,F3_alpha_abs,F3_alpha_rel,F3_entropy,F3_cog,FC5_alpha_abs,FC5_alpha_rel,FC5_entropy,FC5_cog,T7_alpha_abs,T7_alpha_rel,T7_entropy,T7_cog,P7_alpha_abs,P7_alpha_rel,P7_entropy,P7_cog,O1_alpha_abs,O1_alpha_rel,O1_entropy,O1_cog,O2_alpha_abs,O2_alpha_rel,O2_entropy,O2_cog,P8_alpha_abs,P8_alpha_rel,P8_entropy,P8_cog,T8_alpha_abs,T8_alpha_rel,T8_entropy,T8_cog,FC6_alpha_abs,FC6_alpha_rel,FC6_entropy,FC6_cog,F4_alpha_abs,F4_alpha_rel,F4_entropy,F4_cog,F8_alpha_abs,F8_alpha_rel,F8_entropy,F8_cog,AF4_alpha_abs,AF4_alpha_rel,AF4_entropy,AF4_cog,label
0.00013005742369574797,0.23029567334469378,0.8853224524124581,10.014167287320333,0.00014948012656623366,0.23258514939458053,0.8729897687819883,9.903969916562644,0.0002514317896571089,0.173684050256258,0.7889488088382993,9.79468718288888,0.00017637374662641137,0.16765603421052044,0.8802876938960962,9.945686766818518,0.0006101305788282242,0.17690888218010378,0.8580483407819323,10.679959710977188,0.00028685744474944426,0.1461766239989915,0.930721441346093,10.361132449876743,0.00031890963415180554,0.14225774008719297,0.9174810885801349,10.501699474239153,0.0007293473167098407,0.19991856847579675,0.8748716665937623,10.770416285923595,0.0007631929854378932,0.17223118784499974,0.8693267260273786,10.684527312119114,0.0008322961817590923,0.2519866511434423,0.8823161786247702,10.02254496972339,0.0005229022644306334,0.27970782755209045,0.899024872543026,10.09482938903847,0.0003358391588554629,0.1587622928060691,0.8759622036015348,9.859020288112177,0.0003111979427932017,0.2778512492930784,0.8793253425273618,9.970255604867079,0.0001196270630018471,0.17687023245874484,0.8794827850738047,9.931680008502392,0
0.00010976214044381341,0.19031893543760228,0.8729799312946475,10.134970170442434,0.0001190410788722964,0.18817524551598333,0.8641603460852375,10.057441844768663,0.0001846863077142634,0.13794729429531824,0.8556223324698963,9.824429480517656,0.00012208532078619347,0.1098724429464888,0.8651184495555572,10.600733196867676,0.0006284513911579931,0.19650083559799755,0.8669186558305555,10.756576483762165,0.00035555470943613425,0.15884744510684096,0.9131800901936381,10.257071480685099,0.00038474217432829365,0.17986158891061574,0.9294020563036862,10.486447452142698,0.00044312579860208664,0.14225441644069262,0.8858858400180719,10.931637961145874,0.0005486377679442881,0.14669128601322984,0.8830473048533866,10.499744833574168,0.0006502113361060637,0.2344135713641035,0.8790423996274853,9.79665130781739,0.00033881062184881023,0.19886804337553274,0.8935752581287632,9.614685084315335,0.0002465552323998593,0.13416191349867385,0.8938662366434003,9.602158625279197,0.00020741402921323925,0.20756622107152356,0.8854545402711721,9.591917349587629,9.035867230436634e-05,0.14374731519904962,0.8719697907688985,9.7853666042577,1
9.877464382561003e-05,0.18935975069082134,0.8561411850727151,10.164476572305874,9.304443626606506e-05,0.1364763128980351,0.8409534213120355,10.119003530837205,0.00013788042712655299,0.12116894590149108,0.8594565878181752,10.113795010116718,0.00011282615786889915,0.09614640266338624,0.8442455784058849,10.702624268142001,0.000585614556269211,0.24645475969314645,0.8604950746743062,10.845148637668858,0.00028854411922873827,0.12329519426085636,0.9125993936481501,9.818396001719112,0.00040682565383507385,0.20000524328491295,0.9168954970882014,10.41598400431694,0.0003535933825800356,0.11975903459365844,0.8916326392916539,10.706835991904148,0.0004417043080086812,0.11135870605194043,0.8909601108725924,10.290026188518945,0.000505573335891218,0.21223262793587347,0.8803867311416942,9.549360775454497,0.0002834264431590276,0.17495171423221403,0.8883399233296418,9.627437766995802,0.00020161326255816015,0.13413479801425574,0.8950086745675019,9.979995387379512,0.00016927052278291018,0.19326040318389429,0.8928913432088371,9.533039060308479,7.324769189603287e-05,0.12988309386530542,0.84694581487693,9.696590070554954,1
6.622714931187111e-05,0.14697984707055106,0.8509746586525533,9.583391017230532,4.891485310979643e-05,0.08626227749224379,0.8310746272727515,9.41432377941048,0.00016098428241766743,0.15124082821299858,0.8578898636100496,9.755188671567796,6.555533610625534e-05,0.06455864785212782,0.8031947383634914,9.693698845682544,0.0002836978215728451,0.1414793756872842,0.9057992106407152,10.374513456307355,0.00027955773754526005,0.12378430421645406,0.9061685766407002,9.756069242719514,0.0004498568788107922,0.25027744521760226,0.9060383662578245,10.261775254186414,0.0004283280907983912,0.18037937509246393,0.9073483652010774,10.376455362875909,0.00047053972772206085,0.134010763168112,0.8842742832061088,10.225018426382173,0.00048652913005399305,0.21799363688612755,0.864577048315674,9.6434402060429,0.0003218249721689511,0.2064540155702225,0.8663713342146234,9.511283107501939,0.00024364737187897818,0.16441518752234605,0.9029091484863383,9.80995260796176,0.00018458024363261335,0.21717559813923257,0.8825321994212276,9.402538416731007,8.213319693209159e-05,0.14772574802913493,0.881588392135552,9.598096839808058,1
4.8822360003864665e-05,0.1086336798910827,0.8709654070252544,9.810614315086095,4.507617583043018e-05,0.08102496609318194,0.8157096366096774,10.153703104716124,0.00014935688858778933,0.12143058705252788,0.8530250893647651,9.839170724701427,5.9467577195653095e-05,0.056796783713993826,0.770713675813135,9.877282783864041,0.00018933073899528435,0.0995681268251892,0.8903792263965142,10.188794713345619,0.00021368948982128193,0.08768793700872055,0.8670955383406243,10.088016883400913,0.0003696144181627913,0.20748258650779,0.8846706065646526,10.165921927859618,0.0004224936936915177,0.19962108522057245,0.9097693830569444,10.639791767904569,0.00045992855195587377,0.13944482242879935,0.8840713214007806,10.311378355166958,0.00038262444022300256,0.18321202894026878,0.8668210303684214,10.025356125066333,0.00030999450185286576,0.1951715776459841,0.8605386284181077,9.814182670019575,0.0002556305372017963,0.1510664091099465,0.8847769188972572,9.921120432030152,0.00018006362956899248,0.2028079794744623,0.865320088817894,9.743363169406829,8.150936817519783e-05,0.13355771242614517,0.8949411609448468,9.81954434614131,1
6.0419120934260915e-05,0.14376074903079705,0.8855637595498017,9.824695390157217,5.6576414120179936e-05,0.11354772967433341,0.8508123737758032,10.436952477942889,0.00014773902494604805,0.13020747109311928,0.892354071245694,9.90821553373816,7.387304706128533e-05,0.08056986747909119,0.7809088520098018,10.231024160203097,0.0001881710811358772,0.11016898949499088,0.9309912946758901,9.776637957869424,0.00021550339087051656,0.09578125488634932,0.8764753117990065,10.768217501920683,0.00035765770889694337,0.1919034118182847,0.9301466036112118,10.464855680331643,0.00044784089728270313,0.20316723946942866,0.9179356677709795,10.461666340196105,0.0004410268507591814,0.13378623621635236,0.8869958965657929,10.03016431504006,0.00035618668652823355,0.16692347679704117,0.8763005857082963,9.732608713341875,0.00024026277099203368,0.18875036619709382,0.9132443085858128,9.985097545527768,0.00020440593583999605,0.12923929093790287,0.9103769981809361,10.013235241648339,0.00014201669029851696,0.18062230383074535,0.8945007662314186,10.053805155512702,6.327397710779562e-05,0.12281649588585687,0.9221457995605646,10.053422279943343,1
6.39028915267998e-05,0.16580324654383966,0.8973201406980149,9.835167403168667,6.447694966528162e-05,0.15403018019026324,0.8874173403754478,10.358559381469583,0.00013449077668850842,0.12513178681276188,0.9098112368935533,9.730259489511878,7.420532734701877e-05,0.10366014012675566,0.8229015968314928,10.015516208672487,0.00019724583763388844,0.10074792162096217,0.9104013536950853,9.915564321731505,0.0002558013218348939,0.12247460039414963,0.8619504116934836,11.448363974848558,0.0003104325416015358,0.15462881474767248,0.9357491351834154,10.629090048710577,0.0004128103364007244,0.17913363247278888,0.895780001907395,10.279787656126134,0.00041968753444586486,0.12471052296913974,0.8657913029939083,9.679510291267158,0.00040544057775955756,0.17456435031470177,0.8661514893505579,9.587335590965502,0.00022938798438629126,0.19538608365731164,0.9042795962563673,10.007972311805787,0.00014609654082818377,0.0964694694041535,0.9179573909723746,9.97090049003278,0.00016495209439782308,0.20978105180366063,0.865297673955318,10.08502816495658,6.344117350893575e-05,0.1252487348741492,0.9170613699131956,10.115825897003832,1
7.008562241664289e-05,0.1798882455374854,0.8998220657340941,9.931627937177513,6.9818726905055e-05,0.16221758935502462,0.8994707312099288,10.60317045355229,9.86900368777964e-05,0.08984801617811883,0.9204366877088862,9.880423296294923,7.32732041207945e-05,0.09559061981763815,0.8834853959113521,10.656465105621491,0.0003503856075255517,0.15863043317436124,0.9130175125320009,10.222046880200097,0.00024671980646675824,0.11859533527305754,0.8715043017580212,11.430273450559302,0.00022389617335804375,0.11902232878868753,0.9291003079325729,10.831251537374454,0.00031971444095904274,0.1348994190326283,0.8782192880664136,10.343267190020255,0.0003651910739275164,0.10593971249726318,0.8474084413817997,9.215985021085686,0.00041528146274554835,0.1779933815323714,0.831857231077614,9.298840940092072,0.00018213887478688267,0.1532824777556698,0.9126307521172501,10.365509787166014,0.00011528401364689964,0.07384438663010687,0.9115697435505645,10.575538770900517,0.00015486000421928117,0.18951562384108622,0.8703976761584119,10.348282778763062,7.187863801296876e-05,0.14316151956604473,0.9132976078568954,10.313706853926693,1
7.421855477013002e-05,0.2099999442973191,0.9139508325968431,10.017856110640315,6.058068230984756e-05,0.14574620722968507,0.9256957785488014,10.813402171637097,0.00012236159580472983,0.12380601764999444,0.9230750488338714,9.967878054932141,8.809785346097537e-05,0.13585484309802187,0.9412532918358928,10.95741304757204,0.00037741779714320725,0.16947707037335677,0.8984258724062685,10.273811645419743,0.00027333493908594477,0.15166647973143763,0.8843795405573963,11.162533461445637,0.00025626895907600506,0.14405677535094025,0.9271246960064535,10.880623625376073,0.0002762366539463568,0.12382924240395715,0.8755134386703611,10.063200702198086,0.00037048704008500657,0.11205156795058581,0.8484200186220853,9.050071393098557,0.0004498159952384431,0.20141022669012967,0.8447786472486262,9.361318009767386,0.00015261787964842758,0.1409635094187475,0.9191129398875426,10.517839715981161,0.00013346785042949068,0.10371438926701111,0.9164674248391077,10.641578860631066,0.00014399837883185586,0.19313755590796242,0.8946831501300084,10.541293844068768,7.848359304159462e-05,0.1791518786621201,0.9237827507113014,10.585681089814205,1
5.717046549866994e-05,0.17318858822070848,0.9160362004487775,10.37248996054191,5.823183738875356e-05,0.12350623844365627,0.852441229812556,11.216146992263665,0.00017322090972274502,0.18743371918112275,0.9264455062626766,10.24528667210835,9.393751073182844e-05,0.16141965917249176,0.8859119846375304,11.35432999652458,0.00037286272694633994,0.15268026631351275,0.8928098809317463,10.742678954633858,0.00020898840642219935,0.11277232284443404,0.8955016055062885,10.590508822986774,0.00021685112605557668,0.13640253991385154,0.9296204685558975,10.375337458608515,0.0002623089393289443,0.1225580853310298,0.890435284009152,10.285564932325828,0.0003371642526528259,0.10600308831041898,0.8695700257396871,9.153793409877611,0.0004042923679352171,0.18906915335741217,0.8735209924480002,9.694946050927514,0.0001556303615957296,0.13346000522934456,0.922191992630635,10.606967740926722,0.00017893771283496542,0.14294739390313166,0.9148450873024551,10.619280615356088,0.0001476646548214129,0.2022690751599212,0.8943777391833133,10.75145934282965,0.00010018244808207127,0.2111948591342152,0.9286977455656937,10.89670363879398,1
8.788557433796634e-05,0.12195305269861013,0.9279004640926891,10.539309275143253,6.82184409354043e-05,0.10279629877840762,0.8458423367985968,10.97167351981495,0.00025885399303429284,0.23528678152095317,0.9051965748960146,10.207359612890015,0.00012123111095743372,0.15902890361299316,0.8787908224896095,11.121490573778118,0.00042647530877739563,0.14325009183828627,0.9221381492414829,10.57761228843506,0.0003311167190991707,0.12611873622230674,0.9262271732391048,9.787332091666768,0.00033695346253672287,0.1954129101088294,0.9300540135016525,9.850529936310352,0.00047803497876023596,0.18785468965862415,0.9102859972326801,9.715858284284515,0.0004562195480447947,0.16308527247717186,0.9238458570993932,9.332190428095455,0.0006272003592893911,0.24068680969770817,0.8874000213390095,9.779247484128929,0.0002132719923764465,0.1636030219642205,0.9363508212776787,10.251353802555194,0.000293519778860373,0.21355123916793164,0.9151526731612118,10.225642597972735,0.00018556603722957304,0.2124018037023346,0.9259717502988037,10.536135664663263,0.00018813865175711726,0.21070502905059973,0.915344231097279,10.80949362353052,1
0.00015281039300573383,0.12870400957757644,0.9284653796307687,10.249055760832832,9.196930792109386e-05,0.11569943301282934,0.8697265497410882,10.380150917367724,0.00033299563651407094,0.2845651093183163,0.9009775020128233,10.272103157717924,0.00013414808046238144,0.14548953896949382,0.8977451653824756,10.779592455424517,0.00038065730658074046,0.09682671478670206,0.9395982648989099,10.469651186819373,0.00045245576671318447,0.12698196124566954,0.9334587986290812,9.921578470612667,0.0005331725836239574,0.2433735252625419,0.8943486423673229,9.900420120445162,0.0008435011138144832,0.23295627389938486,0.8921898942345384,9.74247806299914,0.000732649324365663,0.21990189460439535,0.9002119493083405,9.886492079434383,0.0010312994439346363,0.2647944317218249,0.8603849512273168,9.941486725676889,0.000337292111858299,0.21709286316437082,0.9344020927725459,10.245018705334598,0.00038676192121023625,0.2516642644939323,0.917671323668358,10.264113635654457,0.00024649524878872243,0.21175509733411002,0.9335788567642697,10.357697033288344,0.000298734568646519,0.19878341688651088,0.9005694695729493,10.518769158911685,1
0.00017456215033070734,0.1440678904907949,0.9303811874246253,10.03503344205063,0.0001089710997729456,0.14096132344665713,0.877548722126765,9.985286149590719,0.00035884995380120854,0.30757767301377026,0.9006728133715145,10.125552939665285,0.00014250985857534857,0.1454208956602535,0.9041916267015461,10.29795426690868,0.00038064796621508105,0.10091113071155167,0.9391855810852621,10.31232327373045,0.00047256971315063327,0.13018380424861495,0.932092962556858,10.022317554474903,0.000586012593253804,0.25986959859736175,0.8735900123612358,9.819351715255097,0.0012186423483940292,0.28920558000775864,0.8569853423922477,9.913158676784052,0.0010725419117394706,0.29175054481934937,0.8475770709296399,10.068259507223404,0.001217152204569937,0.3013507455230829,0.8172747471053211,9.927015128208026,0.000450023707119838,0.2732361618082592,0.9054083939885845,9.931078740729255,0.000437978786827189,0.24869303985994856,0.9043159993335822,10.017850046562275,0.00032541985134201844,0.2631539486765506,0.9042838884909642,9.961717041254952,0.0003439880277628826,0.21642055056315104,0.9027857817503302,10.237885742562634,0
0.00017748119210017448,0.1482203237187988,0.9239318686907855,10.029232413269268,0.0001082860082076428,0.15779846459454033,0.9149564207140671,9.817686691151843,0.00034082136053028764,0.28626510726793497,0.9058517530368656,10.050050096468151,0.00014339463473511595,0.15461999268833324,0.9310528349882122,10.035277473607737,0.00045571419597012334,0.12849691724166634,0.9379337231011096,10.185574458876042,0.0005206229648234077,0.14876747722477748,0.939315589335144,10.16506061751979,0.0006153709177305358,0.2612980470269971,0.8844292127333178,9.974680759690177,0.001256019470544171,0.2744150768871802,0.851299405155186,9.98396509137552,0.001135542122933869,0.28238719201827694,0.8304745531626374,10.084082794023002,0.0011983109700569883,0.29436767218320203,0.8169154539786595,9.862624732733186,0.00043945812705087936,0.2687888890182864,0.9045425678859219,9.862694616343562,0.00045668947649627444,0.24655621476191603,0.907650903569162,9.958910502302007,0.0003070157898202616,0.2432723713012192,0.9035484252265236,9.807106072809123,0.0003299347372698739,0.2123615068544783,0.9008025204220566,10.097455671729056,0
0.00015226373454044545,0.17611409345215345,0.9132320251562074,9.936358424319161,0.00010609485275222126,0.20920240954805422,0.9190294206557333,9.966621438477743,0.00028709691431086436,0.24202063869066556,0.9062745533980887,10.266891572938361,0.0001282984262162079,0.16231065515997847,0.9407645026048529,10.144535532910952,0.0004971280947265173,0.16982244523213852,0.8987422855320253,10.24048850071516,0.00035436952808331156,0.13280945909443437,0.9399010965019161,10.36992789741705,0.0005028439432236838,0.2431516999784832,0.8947846359170593,10.253393393597502,0.0010439124400340553,0.23354561327532916,0.8219023366578315,10.231201022685292,0.00101977323408497,0.26083446160252827,0.8199870779430944,10.306820288441811,0.0009663526283718482,0.2794916741910808,0.8154825112192889,9.956038694264185,0.00044677167634677524,0.27784854807439857,0.9073868481633529,10.0380877642931,0.00048518021186980413,0.25914432771413193,0.9024758103372456,10.211771056765796,0.0002772267798896908,0.23889977752883837,0.9079634625720703,9.886028295459168,0.0002584512097886465,0.21712778944589248,0.894061316073986,9.945180211990017,0
8.287670058728855e-05,0.2217714262877319,0.8985270405646704,9.817841510387534,7.571512898213795e-05,0.20318096620890352,0.8819978545946024,10.185083743638238,0.00022312017130784995,0.19327718236498287,0.8686924355041873,10.094406746083374,0.00012757475540584195,0.20306396707117672,0.9117186635111684,10.139071592110733,0.0005333213865313644,0.2610223825188668,0.869129055301805,10.269584677845504,0.00027532628882684785,0.17774809501709785,0.9330811010138699,10.88730171908868,0.0003043441381242179,0.1871978606007084,0.9335993984495825,10.556623328140098,0.0007376502559019346,0.2083533299366439,0.7819118636453712,11.000463290956944,0.0006815818281628031,0.20442002408966004,0.8187492634732454,10.573403663990288,0.0004619864739303442,0.20510319601010332,0.8690367136411294,10.010039645422319,0.000309647993658174,0.22677545000083996,0.913728712803434,9.93325799402311,0.0003948134454820326,0.2317704066102447,0.8894379903918902,10.032174812751007,0.0002040427160521104,0.23836125097451005,0.9130467941504959,9.741517326429948,0.00013073048462549738,0.24323016878907222,0.8971580401522189,9.720464962189025,0
5.3363498362665355e-05,0.15416603012396257,0.8810103040660324,10.143655768606648,5.095691257638637e-05,0.14422630802038527,0.8411784246930505,10.775520768488809,0.00017771057222251848,0.16361773828444862,0.8402004164179111,10.347760273415616,0.00010639616610738897,0.18599700794690385,0.8749626147055876,10.55871083871108,0.0005131250811597105,0.20957176975402783,0.8679588224704691,10.489115083089736,0.00024692906439182863,0.14799438245165333,0.931584189315936,11.185428794724558,0.00029243362023677127,0.1617856091976383,0.9177348497841251,11.091467832958248,0.00041031869635942353,0.1353540618937891,0.7980550510665532,11.748580784714962,0.00032295803709818746,0.11137659411789483,0.8681238438340368,11.167804545296299,0.0001659266707000904,0.08845188877406306,0.9121953388849177,10.300152648316475,0.0001813044418616716,0.1537019545772367,0.9128842550798594,10.35850152864193,0.0003257032964246745,0.21085284177662963,0.8890146626993695,10.174697411420217,0.00011165744767694688,0.1504595716423647,0.9328085066618937,10.065689061248012,7.051762029997075e-05,0.16090950377735433,0.9192776122442196,10.110860707432769,0
5.617073545010281e-05,0.1552350129850957,0.8488181787952604,10.060468768270253,4.349493695736375e-05,0.11309972745928187,0.8289150799228842,10.27759576607924,0.0001599196116863074,0.1361352505022474,0.8423618603152522,10.247484536336323,9.484284178614799e-05,0.15508627131179298,0.8394764866837398,10.319188149060532,0.00040689783918919386,0.16839165354924868,0.8801562836339829,10.357796900861695,0.00022443337024287248,0.11474275067764488,0.886376145164752,11.42821071229779,0.0002483875342149305,0.1498615474626811,0.9150261039233712,11.089476364670315,0.0005893764271588246,0.18818554489911285,0.8185562729154522,11.831776498410196,0.00039317924276516806,0.12562646493896706,0.8811010947174431,11.45116164296183,0.00018714316677656486,0.08997245087003385,0.9116247198917202,10.501494935958895,0.0002107499189604455,0.17051775848803166,0.9003513533433464,10.183474957728178,0.00029327331459686726,0.18191803451916175,0.9041676869926771,10.016103653878586,0.0001310833049449231,0.16935545135748803,0.9445338547265593,10.172680672617004,6.858733437775679e-05,0.14904904024710136,0.9052756235015359,10.054982605219122,0
5.9943653669773615e-05,0.1463825459325657,0.7612512959157439,9.76598480605087,4.1681168919287876e-05,0.09725722596958732,0.7578956044265628,10.585884778594306,0.0001274382834053247,0.10288054042727984,0.8412098408462484,9.82412928161469,7.762893251904409e-05,0.11620030132081154,0.7887259876972004,10.325328643537414,0.00029914500013834475,0.1369458935924989,0.8784727295117742,10.480460603720442,0.00022807517095464007,0.1137424444967295,0.8666039872259129,11.33063012861225,0.00018556967223094074,0.1180509642533159,0.916420319247157,10.995769203782652,0.0007363895333889058,0.26676661217307485,0.819925726092339,11.93255866218706,0.0005321776270933456,0.16758151594903414,0.875269452350143,11.56086363492492,0.00015983901749418766,0.07775255605115752,0.9225628150938038,10.447449933236156,0.0001301219748520522,0.11380097750820616,0.9084204636298853,9.787083941724505,0.00016357372436991147,0.10130131365543318,0.9046869159852273,9.317456040475799,9.22214663284204e-05,0.11964614385113997,0.9447273303514391,9.747151066516718,4.606134802174543e-05,0.10037165843030034,0.8120353282977213,9.516810338047607,0
5.57740288779074e-05,0.13525589430697949,0.7480752985801592,10.056791429418537,5.4141435797996264e-05,0.11194569405472796,0.7772363113638858,11.092842809180407,9.908150020223396e-05,0.08862552314254242,0.8304911127175312,9.922484985421478,6.857081559212634e-05,0.09064397306151822,0.7936826179364836,10.922094147448307,0.00016266006469398353,0.08732248175902345,0.867003688832776,10.840507641767015,0.00025833252517017027,0.1203702387557378,0.8635726139140485,11.458445306734367,0.000276106137770656,0.18546075596172354,0.9044590935114918,11.489122351505717,0.0006862195584614858,0.2778532251352657,0.8464311812707943,11.664116684248599,0.0005926274765543204,0.19470652974606315,0.8803021698742037,11.446690948863854,0.00021386866670334082,0.12323918358810118,0.9147079357623952,10.791353457870594,0.00016768278017289796,0.15042821868142894,0.9162705247457195,9.987272555177544,0.00015200788157181366,0.09744242403136735,0.9076169906191632,9.356863751344628,0.00010150119364642576,0.13280450230550392,0.9309266820005684,9.991068495419341,4.944210800076042e-05,0.09770606967591808,0.7766807470984545,9.662369242537709,1
6.109176431189545e-05,0.15577154157572382,0.7296998999754035,10.329654459117975,6.325813866307898e-05,0.12166953553911604,0.7906018279829389,11.152340135991151,9.965368526998419e-05,0.08797915972861683,0.7971579514251089,10.369825204797415,9.110645615802148e-05,0.11297822416600352,0.7916072077055967,11.307503149223576,0.0001747411464772255,0.10861017482658408,0.869489952327921,10.750457745716602,0.00028774502027976095,0.1351588750157481,0.8521651921099257,11.303053765482714,0.00026360695017379993,0.17210663925010067,0.8810446318811063,11.613395322675723,0.0008103498061974938,0.30738464672038096,0.8404980854535105,11.733402806006417,0.0007528248785280025,0.23897334962851144,0.8543825110711281,11.744240967264293,0.000372131380802252,0.1860019374710094,0.8993074761447628,11.520196102650097,0.00022381813024062864,0.18797253706867897,0.9187465093877436,10.65352283567489,0.00016879549258762595,0.11256376259474184,0.8898605997070311,10.002689064311584,0.00012803317080858987,0.1531513889688887,0.9379929827842276,10.569863981762312,5.656683559653197e-05,0.10908952970770901,0.7655546195036799,10.116160613430328,1
6.131932107968762e-05,0.13858656517347992,0.765955040927514,10.622964941462055,8.517151033612434e-05,0.13730175774615672,0.8348509830874727,10.86804791059363,0.00010019189938930543,0.08655556304855921,0.7883130650442529,10.69663375088568,9.775512643662953e-05,0.10348022979495655,0.8188909488563574,11.191925848364672,0.00018411702064708146,0.11262126062913824,0.8965449197973206,10.943329743462701,0.00027593161407406524,0.13963689280561156,0.8598789403662009,11.33354287018211,0.00040826238037724023,0.21928768237931626,0.8293428792862468,10.67307186230688,0.0006941326110773798,0.2977258695927834,0.8695425506400964,11.286888776098802,0.0007292452650738741,0.26207256889793124,0.8404997886568198,11.60842492208735,0.00048204675395649156,0.23377137780018706,0.9099400841359628,11.342788356773006,0.00023487591235041286,0.188677602756055,0.9222774263128373,11.066265620054335,0.00024306375404417038,0.15612062305143898,0.8802853646506409,10.473837261632594,0.0001263046610452636,0.13164700816526478,0.9414837813103908,10.720584958936769,5.5204761036937986e-05,0.09107984035913991,0.7948302683472871,10.697084585244788,1
4.983675991089758e-05,0.13812379090124396,0.851231296283485,11.0477800105715,0.00010401564693617691,0.18176094780621943,0.8729131191877868,10.477621489040443,0.00014143277068667082,0.147293645651255,0.8083549628667125,11.021571968659629,0.00013016559402434253,0.1446914517773344,0.8574520002491433,10.814258156663781,0.0001760542706091383,0.11245056829617481,0.898222604606569,11.008017574671676,0.00026296127429565594,0.1322698463121361,0.8656046208663989,11.428081455972784,0.0004582419887081286,0.23549923493645472,0.8240032539273214,10.545870239519704,0.0006510342812395093,0.30190128008378275,0.8689749337113664,10.642384213612415,0.0007096990827543464,0.26152462035526,0.8450661516724526,11.046141479628425,0.0007158024674448567,0.33036300346637953,0.8817146146719113,10.942238585633293,0.0002542903231872277,0.204617898938108,0.9078787313277923,11.183407691848178,0.0002616923493115779,0.19714595954285521,0.8621744513094801,10.722437570892389,0.00018048546291103126,0.17675616792516025,0.9270931151537531,10.788269270983909,5.9223231745959335e-05,0.09693567293633605,0.8316696802620662,10.820996823376353,1
5.7074375427153344e-05,0.16713706046424434,0.9035500458753928,10.951198635798992,0.0001096806884389979,0.2106569687663831,0.8808143657326852,10.285402202039888,0.00014199968669825855,0.1378672034238492,0.8663318167991874,10.93285946167317,0.00012348267161484464,0.15286644125779647,0.8995715179982782,10.612891081904106,0.00018171547980889245,0.11760835506912806,0.8955761115029813,10.98764043014115,0.00018302833986340257,0.10480639997309765,0.8815306227874331,11.078320099874794,0.000370690649096366,0.18366752186213364,0.8493379511969323,10.180577906511214,0.0005668555022163488,0.2742525911049343,0.8777109169885579,10.446337255192722,0.0006431747327185417,0.22937337184357953,0.8550150844489204,10.964470871732173,0.0007101046250950925,0.3241880916305452,0.8829150728609172,10.773287666806102,0.0002243614356892232,0.16906603624831087,0.9173597347426807,11.070528856921678,0.00026517259718232945,0.17542665610194122,0.8669704629939553,10.755843184625016,0.0001842312287987828,0.18152011665389953,0.9273056084470473,10.557737328086084,5.1218193415118255e-05,0.08894815847768833,0.8627272333231614,10.854030539858947,1
6.271835394904738e-05,0.1785197427069745,0.9173022221279974,10.810207203525936,0.00012168439366332361,0.2474181534128917,0.9005882561172865,10.361723642351196,0.00014666601496069362,0.152390363193817,0.9102475661731084,10.69419389268756,0.00010623717378620226,0.134066771362478,0.9340108553752754,10.32166311953478,0.00013992225717677785,0.09654899901226097,0.8710614477380959,11.045211496685711,0.00016146401810552727,0.10223026963975541,0.889772602113085,10.509611155809523,0.0003366198251075266,0.18622423716955186,0.8709187854072333,9.845087943388938,0.0004362408727812326,0.2342240800461047,0.8685431745491434,9.762554769382337,0.000522659910987378,0.19862163854125225,0.8882050949995932,10.215685978612878,0.000670819926739059,0.3262911879482565,0.8762274773315131,10.159688336138515,0.00021848709490345842,0.15660524236385867,0.9009063072215567,10.321673620027546,0.0003018763676883717,0.18775206287334337,0.8732212985619769,10.60192968437429,0.0001858016469489175,0.18529639122620342,0.9216239050448345,10.16832074935513,6.259595476520847e-05,0.09786605015670037,0.8845598817934764,10.538473830196871,0
5.920532477585229e-05,0.17850404156741317,0.8953187603490077,10.68564527991205,0.00010334291101932397,0.24673820009312766,0.9097465387242879,10.4694062185183,0.00014254938327994246,0.13467383170663125,0.9171509726826812,10.435304639335364,0.00012162400849149215,0.16057713932192674,0.9240280835460754,10.340101941985257,0.0001369118043671897,0.09024506599188664,0.8735111649476299,10.946204212587961,0.00016632499558725885,0.11409665755167421,0.908381853800614,10.200483522353911,0.00017608092533189006,0.10189113651261025,0.9187592330887003,10.213698272213174,0.000329520382867522,0.17764334569101986,0.8826044269562028,9.671159093845434,0.0005145087657105116,0.17779935698198374,0.8984211469466046,9.959133759767777,0.0006399790242741048,0.30574663512448735,0.8698018562954989,10.052851467990763,0.00022754481655266477,0.15080306450539546,0.8982212746551381,10.271035234784016,0.00026751807474372283,0.15705661370791063,0.8856425301129991,10.515419141123132,0.0001987745234218904,0.20440288023756747,0.9024582596887232,10.309140050149567,6.110170635060933e-05,0.10217742405548606,0.8589452788695634,10.338418879185724,0
6.68260984517744e-05,0.16348094611444253,0.8766041511635367,10.80737784817064,8.514141540607175e-05,0.19073770003308857,0.9089014013657668,10.752932071460268,0.0001460130095133273,0.10878311824742352,0.8748434630826732,10.24700051529275,0.00011701006447729367,0.1431549983371315,0.9208805858965946,10.636928964151615,0.0001716288999892023,0.10083068727889921,0.9147279814820177,10.52341064375113,0.00020220142510866818,0.13127930494363355,0.9064412110570167,10.240816908110173,0.00016640286602965048,0.09790213872911237,0.9120447691109442,10.727898315762491,0.00020234947323156802,0.09084648212561923,0.8623240564139533,10.081310314201493,0.00041193153946074337,0.11926988873189898,0.8792131585394047,10.064983725904986,0.00048119829868706977,0.20130417737195214,0.8838029286909305,10.021314863855148,0.0002640509701231196,0.1517898688697281,0.8877010404762522,10.171161570334371,0.0003311152040623578,0.1592851594219038,0.8788684617488033,10.499383351303791,0.00018729211666006245,0.18541041556923177,0.8978089526363053,10.123172097513294,7.294219957697111e-05,0.11630496110309736,0.8633617004256978,10.374765087651346,0
9.907943346641363e-05,0.21682407944141815,0.8539655248593185,11.511015010722412,9.843207589256362e-05,0.19670466264839734,0.8691754812036139,11.584845551514881,0.00026474541267618276,0.1871923064454075,0.8747532389833322,10.744322555993437,0.00018847376129920183,0.20107198482058836,0.8834393890412007,11.570286205198407,0.00021878221969575756,0.12632456274438356,0.9104197898907802,10.793619895833157,0.00032995355534989044,0.1919085857113324,0.8953028217122416,10.83837306260344,0.00028020568738588937,0.1472171615002557,0.8963147754913113,11.400763530313338,0.0003230450697793397,0.11883647161944597,0.8443650586660493,11.027725901399112,0.0005140513495165661,0.13871859605776818,0.8636936578916315,9.954390991696314,0.0005016931995269506,0.20004776743093244,0.8701624133633589,10.116016652655434,0.00029491861271818416,0.1776248709033745,0.8960614201318708,10.525137542248745,0.00038040959495773733,0.194617318985055,0.8897177448213578,10.6544632390458,0.00020458053082921486,0.2043727101991864,0.8799762573005677,10.484841967470311,0.00011392759495995842,0.16693933105328437,0.866607638145366,11.081862026282831,0
0.00010478831697601675,0.2184106358888733,0.8696102792408078,11.438197042515894,9.560598371327288e-05,0.18463830362168737,0.8672965867168384,11.550904067993113,0.0003421344488567229,0.20981206777732633,0.8860287801234397,10.486293017659117,0.0001976477182245597,0.2189793062649614,0.8613860685104497,11.485496307063821,0.00027999779400121437,0.16963252890417094,0.9130273548658995,10.898541761749422,0.00034449836234169717,0.18055146475509215,0.8716657430399666,11.064908325525098,0.00047332752506701,0.21983245443199645,0.8710547961151324,11.474860448493114,0.00031402728345232046,0.11026883966897418,0.8318491485078451,11.350771881577087,0.0006890003130937584,0.16917501867283571,0.8568014554714389,10.312190067810489,0.0005801827834735514,0.20896497530747482,0.8687343059504459,10.506355278126998,0.00030858416164051097,0.1882702141448222,0.8841231524108354,10.793128763302192,0.00037062715219036914,0.1678040974650172,0.9030240373883545,10.649325020295201,0.0002191614762954646,0.2270543980401933,0.8713623435838002,10.584410747114879,0.00013282391829696187,0.19152043086388432,0.8828603004924974,11.084743081548075,0
0.00013065668088788814,0.28705076226238346,0.8772233922146255,11.172920693620782,0.0001267324918475133,0.23919852572175845,0.8620843888970644,11.134529160699003,0.000406660062506727,0.2546492664825149,0.8835728641270465,10.528023599158164,0.00020591731386305944,0.2552483188535961,0.8570339365832741,11.295456319834646,0.000301699887988141,0.194352831883558,0.9092242431085035,10.818844586715556,0.0003230259275761357,0.17924760952962965,0.8641307567243764,10.957554670299055,0.000545395353643103,0.2537702840430708,0.8471868997088019,11.530879569096982,0.0003169094175767559,0.11199523895488225,0.8427919709168231,11.732087626376458,0.0007432472484422157,0.19189567381621284,0.8696794679406397,10.785189497214851,0.000636371487336838,0.24241933762858417,0.8582307959228181,10.846887366089119,0.000282512687661969,0.19242703446914278,0.8984421824476982,10.934296892483808,0.0003676414594852905,0.1524717534923119,0.8780573835327687,10.806859893580999,0.00020333694106312167,0.2361928655067738,0.8861622135393686,10.530884520517203,0.00015323194034277425,0.22460508262979725,0.8854128931468201,10.935189400847102,0
0.00017023536033994004,0.3655905625061638,0.8853258700610426,10.76326745435286,0.00013870268656743036,0.2629299924936713,0.8611932540427536,10.915421331322497,0.0005375260476427782,0.32753272382835164,0.8919489182051688,10.709872654103044,0.00021297007302344272,0.27755932053072013,0.8691409762785884,11.274048504834898,0.00030000998062799727,0.2095595284159514,0.9181511216422088,10.731317311776435,0.0003304414793334706,0.19629150084143893,0.8897761253776524,11.213369570219493,0.0005973779819895219,0.2593788253053214,0.85069023607911,11.613788732338287,0.0003493632295887639,0.13213008004715235,0.8842860705837673,11.700780210144604,0.0007177862055147633,0.20762598207696095,0.8875518768328864,10.873846239285598,0.0006609999352331795,0.29079773205419085,0.8776411295629035,10.88842008350354,0.00030276609587489905,0.23869074425521036,0.9182201388619137,10.978266013557757,0.000461389672852847,0.18742238160896632,0.8921499694132177,10.92643850849383,0.0002151664772457878,0.2546389943341405,0.8715575487422298,10.580847115819559,0.0001786841261958222,0.24252381942593476,0.8572913293840687,10.792716373646895,0
0.0001496017443385474,0.3407089631897431,0.9106920312398704,9.993075605410636,0.00012765748410211542,0.25706425485163237,0.8753493466073039,10.134968900462809,0.0005076999785070574,0.3262659372287388,0.9053527315520713,10.507942903396666,0.00015363533772183084,0.2567356323563134,0.91277099327869,10.367481246927007,0.00026940457454874246,0.1913685696384045,0.9257719333987907,10.574758737277564,0.0002554670957260665,0.15538072370627715,0.9210128793071675,10.83295253364014,0.0006069285071919709,0.26433348303777177,0.9000944573152639,11.416755147171601,0.0003011643007435574,0.13119498179740274,0.913488163574785,10.890021857170035,0.0006711051786708049,0.20357740247558015,0.9059329736693078,10.880719309949095,0.0007526103280639096,0.31231631708262475,0.8976084327513547,10.729702664254939,0.000361951570795255,0.24531539697111487,0.9134067292952476,10.465207034011542,0.00046918387214273994,0.18622921861649433,0.8989714431737679,10.694653716258577,0.00023348868371372123,0.23291259067155531,0.8708031881198719,10.073889772612294,0.00017338484679250922,0.23417105402737282,0.8660824557015974,9.96404983570489,0
0.00014438319023688624,0.33458766640848175,0.9144446019216859,9.833858700175622,0.00012206740407807716,0.2546472403136805,0.8738543544436599,9.89439735587692,0.00046238104094344394,0.30690160156956137,0.9154456539807441,10.533169161730589,0.0001472827092256222,0.2512463482635576,0.9271363403921075,10.118413937741604,0.00023635572948264575,0.154822629811623,0.9295116725896911,10.462028947391959,0.0002685540912921809,0.17946481628700095,0.9300351731879108,10.758046119672272,0.0004970405362131861,0.23318014782843982,0.9141321100660983,11.005788987527614,0.0002692157732607279,0.12745173923727768,0.9068218494903958,10.759577434296595,0.0004608857552380927,0.15974712188532,0.9225465726172158,10.794318070847588,0.0007096768573026137,0.32309874767707714,0.8991867002876679,10.562595227732654,0.0004250109955844983,0.28367737061946485,0.901799990536813,10.237786720416404,0.00048616397424402087,0.20640034247946484,0.9094912226179622,10.540547073307119,0.00031369428782803094,0.2838406364026206,0.8672518538425826,9.960584940492636,0.00016082071711053496,0.23330289827830486,0.8637161461861664,9.70559753316101,1
0.00010783366267356183,0.2607961181717052,0.9227445003867536,9.726694262480185,8.54585271173725e-05,0.20213313458255885,0.8808251393727059,9.773945016732597,0.00038756290628792864,0.26440434358417636,0.9127558202128045,10.546698840917212,0.00011091775087374093,0.19623327029230014,0.926155599763098,10.093970757177283,0.0001968677070440202,0.1264136802602444,0.9299804629464782,10.329069528230214,0.0002992188705412596,0.1933013372689538,0.9199231000579613,10.677491078638294,0.000499663737582817,0.24922303797145887,0.9080302129885884,10.682740002455917,0.0002461275227632451,0.1215177980925315,0.8900491685543143,10.28934000203683,0.0002994285550048785,0.12129064392541973,0.9099338622206873,10.126590893010308,0.0005513945080401003,0.26180735206001626,0.9132212010288208,10.25432553123867,0.0004048576268899613,0.2786217463210612,0.9007971970120553,10.095169307846001,0.00045705653559642275,0.2366584616249134,0.9211976775763266,10.456135861405365,0.00031331661246578654,0.2879553224264562,0.8569802753175375,9.879572880783615,0.00013585551749065164,0.21066486323854963,0.8652888512412232,9.670819112143713,1
6.311674747700826e-05,0.16751337443592612,0.9300072178812019,9.69325192712337,6.797511198347922e-05,0.14800055541370444,0.8897248895582619,9.882968514764876,0.00020873913899464836,0.1682183390276095,0.9216832396382443,10.091417607910442,8.549189161431394e-05,0.14887153787257923,0.943146113911698,9.929913079772973,0.00017267624211540913,0.09505037552069989,0.9055708014285611,10.617729074904691,0.00028341828259885384,0.19501143502371265,0.913048264460429,10.373020707806452,0.00047868574222955295,0.2589444605187971,0.8635789192649623,10.365789137616142,0.00026154382216348463,0.1372288696344847,0.8859414046848123,10.107029093158586,0.0002782129472340592,0.12799029258514846,0.9058507862304035,10.011709341344417,0.00044290069052840055,0.22941058253998753,0.9204245192311528,10.148967300680427,0.0003259997703668595,0.23441443965602315,0.906641084683727,9.957369384399147,0.00026525905718473335,0.1818241220072248,0.9263247052648119,9.970112051109568,0.0002600660397367782,0.2709768465824322,0.869648520069326,9.817098521827974,9.16288149812866e-05,0.16404312514411024,0.9230796525779873,9.461403334201206,1
5.1772118988989795e-05,0.15115090958045546,0.9066874134493215,9.853691324382163,5.849530261191017e-05,0.1203757466052193,0.8644630268905618,9.845155452358751,0.00015047695331807707,0.12034548531803495,0.8811662234732515,9.696550771822444,8.151286920417992e-05,0.13486354575505735,0.9358498206256337,9.679876832459382,0.00014507053197803686,0.08251800930133503,0.8927971897233339,10.218693574234202,0.00023572944731054506,0.19509456955473178,0.898526631343776,10.213525843500243,0.0004713328361189607,0.2921547283723107,0.8426413443662456,10.151807723628588,0.00034246432477154457,0.1798156487691809,0.861410011543487,10.515334646558488,0.0003130831818312092,0.13949210084779734,0.8962326386934139,10.444266831300185,0.0004097272390441029,0.23333216508386734,0.8974581691027455,10.438232585474477,0.00027135854506272876,0.23958814489270683,0.9154913499275077,10.231456196224288,0.0002038807886799508,0.14930932788355977,0.9125898668448201,10.232201380139896,0.00023961946669394846,0.31989754836697804,0.8528518022893828,10.164684297097862,6.886467540184033e-05,0.1487305185570791,0.9321779383695075,9.96145928832485,1
7.065772470759901e-05,0.18043213766811514,0.9004131309750698,10.174880646495122,0.0001066927271910626,0.1762107346638814,0.876578860056978,9.972132385244317,0.00013896222506471493,0.10812794990943574,0.8782321477727139,10.03104061470997,0.00014112041948203996,0.19885280379240353,0.9245443403245209,10.102546223698978,0.00017750806545520267,0.10550789180626868,0.8894084193884911,10.106188481424505,0.00018038313296282315,0.16755500083520336,0.8919281518573045,10.159038666464847,0.0004099596654384603,0.28818668742322456,0.8491184057635426,10.072105610238452,0.00041371770100183706,0.2084011870474144,0.8418167520397271,10.591491991174681,0.00034122258847704993,0.1377699053688575,0.8696650549658844,10.627445377646053,0.00039947460927351915,0.22108124520463093,0.8687487087645273,10.676670719889028,0.00022300334009763638,0.20336558560485413,0.9047148924807171,10.502023630028367,0.0001679566880644116,0.12017592941704672,0.9180278733486257,10.44251286610667,0.00018238989949664221,0.27274251871534283,0.8715988587937301,10.455908051799664,7.806272593860433e-05,0.15870139824229335,0.9371285772774328,10.27707370614193,1
9.952543340359415e-05,0.22207799391492583,0.9029927371297145,10.03036296923711,0.0001573374815201921,0.1979598956564269,0.888705416540075,10.004098853354913,0.0001614110786340632,0.12478126579998029,0.852207571801516,10.09653775617276,0.00019148594742245326,0.2279961380042099,0.9081190283674201,10.283020768430442,0.00018573679783808172,0.10316471811580658,0.8863431674508973,10.293643930801673,0.00012614056670684671,0.11733382834537938,0.906319075376706,10.630606774983374,0.0003911384065531216,0.2786096070777153,0.8557365958401018,9.935629760047775,0.0004348940138740082,0.21039997386892959,0.8612930712005907,10.715638780204069,0.00037154266771018086,0.14441213136445802,0.8728319407376958,10.852645474986955,0.00045844515606488804,0.23970266687790956,0.8628067661618296,10.83081840360177,0.0002462554921362036,0.21385765224085998,0.8904520831765291,10.490474322556977,0.00016871619636371144,0.10863845878542375,0.8840268085347887,10.305725965608383,0.00018114316585843827,0.25707341560345437,0.8918842869276662,10.489249564755537,9.494039036340096e-05,0.1665132566952693,0.9332071491118451,10.171517182790598,1
9.403258765798079e-05,0.23410639279612042,0.8881090475624203,9.96151960411795,0.00015680812577408237,0.21329516520642147,0.8910680913299242,10.011610352652216,0.00019358322584940048,0.15681083510323857,0.8366273457983407,10.191853750415854,0.0001996718159463291,0.2264591306800366,0.9004405744147482,10.30099154061665,0.000172911071301747,0.11193345229220208,0.9372333327355439,10.224896170870709,9.776396047105545e-05,0.1094269601293338,0.908762115707699,10.876807537912622,0.0003676915834167691,0.29074208277417096,0.8753062376249482,10.07051934629871,0.000385239384669658,0.19390447231597793,0.8574518910790745,10.830445399794925,0.00037320234507826576,0.14251774165286962,0.8654680097362776,11.058758033585791,0.00044180281461437214,0.22772003723810336,0.8599771472625242,10.829236933339569,0.00024064618311669868,0.20980692544169938,0.8620393642341269,10.48248905495878,0.00017691569974748154,0.11668101519977321,0.8480971654401297,10.328913291655809,0.00017154953575164417,0.2591328965544745,0.8826012029259572,10.465489083634903,9.046206034588348e-05,0.16961099697624457,0.9260641241003063,10.172448921771363,1
8.973449828513207e-05,0.23385432722745159,0.8922936972052371,9.968943681444843,0.0001561037159656592,0.22815060346338162,0.880062849002223,10.046944232608794,0.0001796354632227657,0.15425946000674992,0.8603152073584026,10.189382998929084,0.0002118596533224223,0.2376228907103196,0.884809980116464,10.430029702179162,0.00018526902727424488,0.11220744587912523,0.9163530411858346,10.551922839234814,0.0001340483965728215,0.1202024178827755,0.9185145601100844,11.26800796955458,0.000332919151221843,0.2410976211650837,0.9168568675350236,10.423041294267994,0.0002511927560370494,0.13034829332439726,0.9088201264930013,10.92086551444116,0.0002419199714328434,0.1073684113849193,0.8937307439130524,11.099539030738105,0.00036983337535048504,0.19428467936817795,0.8847820588994743,10.858906364509906,0.00020467661882031418,0.18205373656841106,0.8528350288030384,10.421742771386441,0.00016333913261735989,0.11555394860552826,0.8468224743208614,10.20749874103479,0.00014928391292413326,0.23122205492323786,0.8998710322287586,10.405017273378458,7.94523960859321e-05,0.14363488905813965,0.9308163405669798,10.06869493784512,1
6.346142328712801e-05,0.18187928952725962,0.9144250430940252,9.766005361405858,0.00010370138940841808,0.17513067707125504,0.89086903836752,9.879034773551929,0.00014829024670217315,0.14807573763571613,0.892336219422725,10.131946712894928,0.00014366218255490955,0.1703967636220271,0.9091225407132637,10.422763211208444,0.00012352751281912854,0.07006633868360508,0.8730361518597336,10.677362629391398,0.00012124524459802559,0.09433655854070211,0.911598701211951,11.323064717125071,0.00029058303319352396,0.20229059741711877,0.9329132050303617,10.650462957856286,0.00024173259523224986,0.1175692969592166,0.9328919890942243,11.096093832346623,0.00017709972505721797,0.08585284103663453,0.9137462067659476,11.147189080850023,0.0003055701700252032,0.16348651834348288,0.9069192104886576,11.162107296888196,0.00012286605002264072,0.12897840091101312,0.871529277725977,10.506980838235698,0.00012540461811954605,0.11585089277042725,0.8361801022731186,10.319022846561538,9.675189533339326e-05,0.17711735281510513,0.9101701368204,10.520668723792573,4.872596525454007e-05,0.0931977987593823,0.93425316251852,9.845392662958329,0
4.8439500661370084e-05,0.15193158052061023,0.9079516561205092,9.445358423537897,7.033064060075518e-05,0.14878512843652325,0.8712870589631891,9.544189035473238,0.00012710829970960982,0.14847397929836753,0.9232984037335689,10.127902721186649,9.87624222388447e-05,0.12375039466923685,0.8922049707702047,10.21915529470399,0.00011533230617097849,0.07142619777227179,0.8597501312278817,10.671343685291928,0.00012322426172065845,0.09460262322467389,0.9009023573322525,10.75125589197552,0.00024894045034683953,0.19313276891259054,0.9340664549480151,10.678103192480126,0.0002546695786926061,0.10220096467696074,0.8695652960154868,10.978159254193846,0.00014109407138214518,0.0636909481342523,0.9182980043687268,10.769212511049993,0.00023163601777829535,0.11835861139201259,0.9274359381177442,11.109501128186924,8.596041369567475e-05,0.1028706012592683,0.9077124810461169,10.64021564979676,9.164098932638775e-05,0.11906639076737023,0.8908980195932479,10.312260788040533,7.26077127490356e-05,0.14918180689233412,0.9100096632970699,10.693556920528911,3.206528809010556e-05,0.07334773607955693,0.9088181764514881,9.41339432349038,0
4.876855012450234e-05,0.13645988189460237,0.8606079558534898,9.300843456806215,6.827406885249199e-05,0.14636483219988078,0.8606482716074415,9.448059481220389,9.951533878252102e-05,0.11395366193420886,0.8936407405750372,10.213694265204738,8.05600462247902e-05,0.1225561375367471,0.8696677503567062,9.867790524740867,0.00010295538050583351,0.06473811596784736,0.854832124707739,10.75654534742113,0.00011607303251333015,0.07694927765887846,0.9216573959985438,10.752767939927217,0.00026611651473895014,0.18854417580848792,0.9468082257925406,10.551667838800386,0.00029137272446673045,0.1193862442799734,0.8676801658915174,11.031126704379568,0.0001218813485070082,0.05684164273097274,0.9111664942036278,10.548206996813786,0.0002446389750702598,0.12493641280661105,0.9222168405486254,11.25592244340176,8.06711329156597e-05,0.11073294095007692,0.9287939492724614,10.623157361054707,8.945856748888146e-05,0.10373413026731432,0.9226883456360896,10.469907165175512,7.573601825373066e-05,0.15220937770827386,0.9381255117603288,10.660626340987461,3.859335500376065e-05,0.08447494371736419,0.8700154431411844,9.59172282690155,0
4.113745300108012e-05,0.11033648853582878,0.839478798784262,9.473585355757349,5.914818791488803e-05,0.13081785600169094,0.8572007305734836,9.428897902725366,6.425729639328854e-05,0.07052035519625793,0.8719551859832915,10.884714090974484,6.409990815949689e-05,0.0916366025953173,0.8631427508057041,9.490419973176971,9.07920765937571e-05,0.06072388495777778,0.886259882729818,10.23348551248805,0.00010803960455554061,0.07243259170832694,0.9290351263849757,10.607505639397619,0.00023185372584009052,0.1713522675835901,0.916093010935169,10.028147037704148,0.00030860941142982483,0.12244130856043053,0.8508434879239566,10.954037165935008,0.00013617918214042234,0.05935899043544297,0.916911022114203,10.360586234106318,0.00018729081725611492,0.09897360647302858,0.9102120814368474,11.161818183156534,5.953992702588696e-05,0.07916800263562608,0.9252484113744857,10.84448302671477,9.073776371471912e-05,0.10073065438146346,0.9277469375087013,11.108315513820873,5.970851960854527e-05,0.11840769221317092,0.9375412141773319,10.765767738886312,3.320076549609335e-05,0.07288401667453173,0.8620717473363604,9.763410062211857,0
3.718667240323324e-05,0.11754107477795417,0.8350250552769515,9.72871153771265,5.1897902780413076e-05,0.13267102927145677,0.8678194340645051,9.70856536665107,6.150139337946624e-05,0.06585872807107752,0.840181219298056,11.207320988583962,6.219595734907654e-05,0.09048775859800252,0.866147115728359,9.579623670995842,8.650087932889988e-05,0.06479225566553695,0.9040389742533009,10.286872597267692,0.00016082389627060275,0.10266893500607713,0.9383665461918309,10.152184627978908,0.0002583286978138951,0.18197282449330537,0.9119206712075263,9.939361567357494,0.00032341207944801997,0.13255439608493125,0.8473255304373771,10.76731354808663,0.0001813373085181811,0.0751969190160543,0.9101047678509429,10.092386318195047,0.00015624975102350403,0.07664676753535483,0.8956791087579854,10.372977383889715,6.602077481011424e-05,0.07688910004472388,0.9124702518822976,10.50844958356946,9.596515999649909e-05,0.0957926703222334,0.9120205806752069,11.464236531233809,6.798132950158792e-05,0.13439254665506287,0.9411684845908459,10.474459847253243,3.1085146556232493e-05,0.07058861073400619,0.8687652614897516,9.998840487988538,0
3.956284023179661e-05,0.12142692970766479,0.8631429284020007,10.548134098577629,5.9177864344175734e-05,0.1560914218356264,0.8887256600204891,10.401936254766804,9.115450078494335e-05,0.08553385024880139,0.8623218199711222,11.118989438380003,7.98787450477886e-05,0.11893164239429853,0.9099977602320136,10.212092970004676,0.00010451743852191837,0.07103298311779097,0.8954411100783146,10.518056411113134,0.0002242637233102273,0.1295347174486985,0.9196405095075513,10.12250240345205,0.00029529788658974544,0.20558926735383282,0.9105128045367485,10.153602316524218,0.0003483629196924789,0.1711620431266807,0.8882751953501762,10.79718052932573,0.00027354596145076724,0.11316073087373966,0.9123531607676174,10.395995905059426,0.00021339969296257222,0.10669518430209973,0.9070841362434582,10.636287919806932,0.00013139267029653389,0.13086144594856577,0.9015852420739268,10.839167228703086,0.00016136551679905172,0.11649533118881136,0.901542918507993,11.424349952942176,0.00012610909376739962,0.20801275171227243,0.9243481637940216,10.69704614952202,4.04366041035001e-05,0.07580076348847972,0.8918323562845041,10.375638012807338,0
5.6160914403241376e-05,0.16816864182685698,0.906715221110259,10.620239518113056,8.494314063551346e-05,0.20449754884242685,0.8866152218747972,10.417428236182314,0.00014706634056231772,0.12845142866967668,0.8867371872584905,10.458113252419098,0.00011382006881835727,0.1321457689218362,0.9095692844636034,10.406383567340479,0.00014989195006131508,0.09863651457022132,0.9146243684143456,10.332223492019567,0.0002922764445026962,0.15173661049067272,0.9214254702877774,10.04051858011982,0.00032437459297503344,0.1847156493250318,0.8854359448074387,10.492214322245502,0.00035271446106450706,0.15180039526219394,0.8480962345308107,10.50393181219426,0.00045728725602451606,0.17578553396041277,0.893718572201378,10.416578922565433,0.0003156992820676002,0.13587934013430564,0.9114418596132451,10.565010499302872,0.00017854920072973786,0.1419634227042867,0.9157509925179621,10.614132365557603,0.00024238245043321294,0.1589538455244941,0.9112300148526421,10.8337539243517,0.00017911896037324445,0.24109729687615492,0.9263896468686943,10.613944115782308,6.460247114938508e-05,0.10361523912078802,0.9097955797987805,10.228083670664578,0
5.602299734250506e-05,0.175751015975088,0.911773957402248,10.32426606793523,8.468386583424604e-05,0.21084263028492808,0.8892981436909454,10.278101129448403,0.00017656468868443504,0.16990742070883064,0.8789084531673185,10.407273459669133,0.0001051096067885928,0.14321064348854684,0.8958110646025205,10.527397645096048,0.00017791525216496784,0.12021194839520069,0.9159326089123415,10.50568276634804,0.0002916538244118449,0.15864628461162525,0.9137988808020152,9.794679626867799,0.00036589944469971384,0.21949517032537372,0.8852862645708028,10.710701167679758,0.00042225770594010975,0.18567755649631093,0.8763082500852915,10.539057621424307,0.0005484633064976113,0.22600759847856422,0.9072086835326456,10.538327465317478,0.00035967692390289903,0.14895592971160873,0.9052276123240671,10.64489116290314,0.00020759018099943144,0.16163082720734376,0.9250761899977119,10.327464782047814,0.00024786375573174316,0.1615530830762149,0.9110280910078971,10.516327889886702,0.0001887701534714672,0.23403398084620275,0.9240412994492565,10.458256296281244,7.05581655927627e-05,0.1112805939350696,0.9172129591735337,10.118286995322146,0
7.405655157483256e-05,0.19675485422200845,0.9282038956794811,9.966279023721773,0.0001129548159760869,0.23254544953835876,0.897543770021441,10.004230563037,0.00023453586923396412,0.22550072406970262,0.8867386199671384,10.142578329773514,0.00015244640878633577,0.19156204766933824,0.8885212240248443,10.305470166988618,0.00026386630405746266,0.1712385829518006,0.9183558096066885,10.300579938479888,0.0003868258973794625,0.20870555955060688,0.9158332447772791,10.51194332288511,0.0004427570563990921,0.24825734050067985,0.8567573059647466,11.124459662724762,0.0005739221014907975,0.22625276831853464,0.8833434063318277,10.640934559600543,0.0007540770978949399,0.2768247479300665,0.905952889237156,10.75173384994898,0.0005134067027842384,0.21354504429159382,0.9016362948639162,10.524536818551688,0.0003188166796593986,0.2414842431000358,0.9111385667131363,9.949322109548564,0.00029682527406926416,0.18945366165875133,0.9295715363700806,10.151573973691873,0.00023142044775482056,0.26533821473673547,0.9163528610570683,10.10467051598738,9.169346137123143e-05,0.13586388684623069,0.9255272358768509,9.963542373303556,0
7.785112166799307e-05,0.21595394679278979,0.9140895237801778,9.94942977212746,0.00010702054929726197,0.24835313576424536,0.8887421630367909,9.954761863525036,0.0002583182016468986,0.2711698111880894,0.8680914025832464,9.95577200014135,0.00018798441331547262,0.23093754346542772,0.8738198606548522,10.07913632316346,0.00031479261624197503,0.23847059198337534,0.940048437047489,10.250685926177649,0.0004965711958171777,0.24330291309521554,0.9017449584620293,11.318949630610474,0.00044286075356482274,0.23532487424478227,0.8526144249868757,11.377123041757901,0.0005827408140709834,0.23017526497927335,0.9013135653932769,10.911291030688076,0.0009346101842188192,0.32108972981453693,0.9039476379847132,10.99226107805245,0.000642038346964072,0.24601290260332262,0.9149532923634748,10.507697112155682,0.0003578373551085132,0.24818819638950965,0.8989872361120437,9.773902043800298,0.0002849104868272338,0.1975316852579547,0.9414392732708236,9.967256754353691,0.00025888377293945984,0.2345879813333466,0.9069845426589594,10.184470559767439,0.0001012538248918156,0.15102185521376346,0.9158098564934132,10.272169604247363,0
8.603159739051203e-05,0.2511900608744648,0.872077835618134,9.460611418416,9.486470410395826e-05,0.2276136927289452,0.8901750709183576,9.595761541622956,0.00023605087209815223,0.28314425845302293,0.8140049112588769,9.760400574458185,0.00017443724180639579,0.2615079748579806,0.85101779631462,9.83423672317774,0.0003645977730885802,0.2708168805413529,0.9166854548102118,10.304806224834199,0.0004710561756529131,0.2561613342636808,0.8875338355215132,11.47522432225329,0.0004372296076747558,0.27377619424774297,0.8633851142795379,11.369980935670391,0.0006606097209028286,0.22934536466267874,0.8888962223784366,10.859856301272162,0.0008858594753638161,0.23730792662190459,0.8850772596623595,10.958196402369934,0.0005919672572651151,0.2215672142050164,0.9080916461629159,10.370057965133174,0.0003494412382538739,0.24766698830513662,0.9038081920444092,9.795210086149094,0.00022135704253300207,0.16116255263331322,0.9305604004373023,9.916857286200267,0.00024871506200973333,0.201763472774999,0.8989905020080082,10.106104789346977,8.760027602140914e-05,0.14770218565741572,0.8975411524977134,10.258714105596178,0
0.00012223275508863816,0.29456413235391266,0.8565981788272569,9.312337738217673,0.00014439773984938777,0.25983252796995865,0.8660544837096289,9.330151491965687,0.0002710409345509164,0.26963883475414946,0.8313860711893021,9.483805222575016,0.00022229794238996748,0.2471062419750846,0.850699517239232,9.549566953173171,0.0003778586552191542,0.2258823053589711,0.8747018186918446,10.10881861147689,0.0005061979288070766,0.2532315079129254,0.8780202746064177,11.413034955404243,0.0004462009986859935,0.2568767488176975,0.8705663284338518,10.948218279151702,0.0007937081686692088,0.26288563018696076,0.8603438737611229,10.466235854229591,0.0010714814834302455,0.2522562825623822,0.8622857405706644,10.469931411596109,0.000855868237799722,0.28075234115465886,0.8788312197766118,9.8691517527738,0.0005246951609523985,0.3051802585113408,0.8815823139231376,9.550679598320388,0.000329728971248337,0.2101372937953366,0.9194592738277788,9.654685599992337,0.0003978579722656296,0.2643332626328296,0.8904933678317779,9.798469339905706,0.0001435808731385243,0.2041471590419501,0.8978088209261443,9.801202620976452,1
0.00011969684673475664,0.28115050078896686,0.865712175107614,9.470715237798707,0.00014173908365166217,0.2644869982359614,0.8641642227076303,9.511467490186432,0.0002591561279949816,0.23734205630011598,0.8761689451820329,9.63886082410299,0.00020948099105151782,0.23916978412303994,0.8686169956395614,9.56189891334644,0.0003233332857799886,0.19151363932206975,0.8579819851256676,10.199050109198968,0.0004108739610536412,0.2238102491260221,0.9017747700574333,11.171109019715642,0.0003872769637923904,0.23228703175195117,0.8830435860426177,10.723316508532655,0.0006920861764577973,0.23572769884566935,0.8797783539171649,10.324597493193815,0.0009352119905969923,0.2275709849014937,0.8773914071971001,10.172996933826493,0.0007668219513494996,0.2622114791599817,0.8846895895332363,9.779703100305193,0.0004616718973562815,0.27251891140658263,0.9037293546797273,9.60807739518092,0.0003298741314187196,0.18837932973880653,0.9450480596753756,9.902338595942414,0.0003582416233236322,0.21808432933205843,0.9025877130721587,9.912760232668667,0.0001337524199768268,0.1881195361708397,0.9077703243986373,9.878710016606346,1
0.0001012427093657957,0.24024441470837116,0.8691753776747618,9.3573834912725,0.00012663590115016723,0.2359905955824818,0.8816351426693052,9.557859840682024,0.0002064914216752639,0.18030998140512916,0.875359931622695,9.633764521598868,0.0001680171407152837,0.19786649874296305,0.8797109435550705,9.53098970467675,0.000251112254441926,0.1422201539242807,0.8700671331809319,10.261057681595254,0.0002602842499285196,0.1759867221798069,0.9343099523087299,10.368918814797137,0.0003513621757644574,0.20867166271484786,0.890409968641389,10.54625603336057,0.0007641589290625075,0.2666724429571074,0.880669448222877,10.251765914090381,0.0007869867371800071,0.20788902846811308,0.8714525126186143,9.886425801901407,0.0006580536036337566,0.252058265617675,0.8852876686176245,9.670584810150558,0.0003590010202102622,0.24116435380292897,0.9089593892289174,9.47228186342621,0.00029544870445473594,0.17665302655664733,0.9454643024197948,9.864842030683256,0.00027225176926968776,0.20009595981125136,0.9073308738352842,9.570033131257674,0.0001118820251200459,0.17664705891424026,0.9175545292668806,9.53128403505586,1
7.432636252686204e-05,0.17690871433820532,0.9155996800883308,9.739406327662499,0.00011228981446192323,0.22694429969797175,0.9032286586581678,9.775466672246768,0.00017126287439790498,0.1548983658833049,0.8806453628425052,9.821715414819298,0.00015944040281955143,0.18754195170262244,0.901581808345589,9.868523647925533,0.00020608279688801517,0.11973888036703384,0.8583182104069053,10.194585291244227,0.0002705607511545399,0.15511845830110357,0.9357895985774327,10.222834382474197,0.00027931550273606467,0.17605210300207577,0.8887467963707474,10.085716945891448,0.0006777806622481365,0.2808092308334667,0.9154829709401344,10.262955156934186,0.0007115967336645936,0.23402940324190055,0.8934429541691987,9.761433546858054,0.0006510667475701634,0.2898236861369157,0.8814223321456442,9.646884886206712,0.000361917090936982,0.25659557044058445,0.8984973211926943,9.484684529135208,0.00028648745849383587,0.17323542910390607,0.9490303839608788,9.954595189556887,0.0002510803251283317,0.21960830620077942,0.9107206788046328,9.573644546552863,0.00010318107075801688,0.1707236338925541,0.9338590058770837,9.581967195772988,1
3.7529194354231005e-05,0.09969257193680857,0.9172482037767888,10.657615043523865,7.116428132295771e-05,0.18304311152694225,0.9043384110240662,10.50917476426708,0.00011318832040642213,0.12623944981444402,0.8591369823733582,10.296977020611585,0.00011536866518145676,0.1513166561775566,0.8878812783889614,10.401535613188246,0.0002217806065659667,0.14171573101245546,0.8937160656141887,10.18698543978243,0.00025214411227241125,0.13985212251376092,0.9128123156244651,10.201374396390548,0.00016301069722775968,0.12387721356578088,0.9007702105268423,10.27361065831684,0.0004589515624265423,0.21607313631867056,0.9448110609370981,10.647514401437258,0.00047804137806398486,0.19267015285850803,0.92775659440353,9.999147744830232,0.00039923149060414943,0.2106063265065285,0.9198323475514307,10.080851390711763,0.00018682197231182523,0.16646970340333347,0.9384085028411981,9.930685552554541,0.00015617761047305456,0.10444211912828759,0.942954414390163,10.701391770195553,0.00010628573198188002,0.11907932287068586,0.9297172274365959,10.110063351778747,4.698319648169204e-05,0.09538218025361957,0.9303969642510426,10.280308922987368,1
4.457239704748982e-05,0.12563042504981117,0.9162498595561751,9.83359665457252,6.188572911705167e-05,0.1791420118565927,0.9108493135946364,10.128957073560455,0.0001050385458418655,0.1266867542637683,0.8633563262342052,10.137161510346617,0.00011405577554274365,0.1484377001727814,0.8956263023563893,10.042748006917998,0.000275105670960802,0.17461660053472977,0.8839861643470236,9.834125581634488,0.0002724911625789227,0.13967812776522145,0.8729208886800874,10.28693834338651,0.00012871765561655918,0.10907493201546709,0.9148817908677536,10.208159042312559,0.000371820846602474,0.1900924123937704,0.9354846377667806,10.692614749883171,0.00041896166311224673,0.1857054879257914,0.9142416920850195,10.281460375966136,0.00030560076652974186,0.17478429128274184,0.9226323110814341,10.162079675135157,0.00014609990244871695,0.13578386915469948,0.9468568843439108,10.00779591445732,0.00012138676091860978,0.09109107042126051,0.9330668841835198,10.205736157213725,9.005379313236202e-05,0.12309965672118814,0.939729215553657,10.065536672131051,5.193327052443859e-05,0.12133794607136726,0.935215579635496,9.822237534337885,1
5.9537730564682015e-05,0.16664742596404925,0.9102072521225223,9.61131202504428,5.74708205535739e-05,0.1742389932003441,0.9130377432443543,9.818421585057012,0.00016880064506079908,0.19571239463960088,0.8671401775232411,9.866727260727632,9.566371444753405e-05,0.1253581595073662,0.9189343119081895,9.915589514983386,0.0003129221164945061,0.18785032072621216,0.8963604633916109,9.663220543925705,0.0002730146816317599,0.14109192563357079,0.8572589157485268,10.046504546101252,0.0001509839372362795,0.1374320261201776,0.9165483412743621,10.32999086465552,0.00044744100983242256,0.20978273967312547,0.9086696553092954,11.020370423501657,0.0006836409375715701,0.22924793955933898,0.8882113406819563,10.918308560382956,0.0003457677696466845,0.1829304742378347,0.927707469486906,10.359593605828229,0.00017870387615274104,0.15609303825400453,0.9454042502051458,10.099255923294296,0.00019286696727220285,0.1448514160318305,0.9042083198976686,9.71402284593301,9.958464206036905e-05,0.13430326174275609,0.9177767962864682,10.209186857282104,7.239434092573235e-05,0.15566463926220145,0.9319906872236008,9.862136256184458,1
6.24716186283496e-05,0.18255160700060744,0.8921639439236857,9.415518244405824,5.546231837358525e-05,0.16661974008589414,0.9124687339052493,9.664246378923341,0.0002009254404630556,0.20356690166596703,0.8878261053657718,9.826476576856994,8.919858453812824e-05,0.10960361536560295,0.9111954082813973,9.800920722791817,0.00029136312457789595,0.16601413502419402,0.9012101331213619,9.517413046904762,0.0002446676549125581,0.1491453169855438,0.8620170078206899,9.995625869070418,0.00018586949817779445,0.145501770869847,0.9253587374178585,10.721668446914483,0.0005142093770720273,0.25364279828910125,0.8711844996530531,11.172079905622624,0.0006819188116409452,0.22927492919060927,0.8868309125014395,11.08897708061158,0.00032173013375900436,0.15461971201912342,0.9176968072461297,10.372440720265441,0.00017438788851289883,0.1401502442643527,0.9091486362051167,9.837214607830012,0.00023777337604581186,0.15951966949813634,0.895183054443358,9.497283902034079,9.166287483495067e-05,0.12372909338393133,0.9044138268014311,9.943601716056094,8.094183746435788e-05,0.17194611989101113,0.9127216335157672,9.697688042529823,1
6.348321771176943e-05,0.1802501506360138,0.8909561979937916,9.496240504064634,4.774852748945235e-05,0.15147496766498314,0.9248544666848433,9.78454388085916,0.0002209076069615146,0.16754211140242078,0.8782296099231302,9.890592716451847,9.135646188973319e-05,0.11834879684694573,0.9127199953568554,10.0413959661754,0.000231993621305542,0.13898795837084219,0.8895457076111069,9.462017496466762,0.0002599033705260272,0.16792546238422343,0.8849455309455089,10.316130984881486,0.0002929299397045918,0.1926607898929585,0.9001718484395586,10.786252723904395,0.0008099651206577135,0.3083802899598581,0.8161912491080328,11.345502762786476,0.000901509758018139,0.2467406176209806,0.8628582969281071,11.393151773876284,0.0003854825275556611,0.18255661136265106,0.9068583545476311,10.64418429158035,0.0002013420293535725,0.15080679662143193,0.9107003536179916,9.943290131403828,0.00026434280333798683,0.15566621668380193,0.9010161368351622,9.570108442190115,0.00010534668636279142,0.13091903638229432,0.9101083732391102,9.830312733563634,8.689342927290972e-05,0.17209073975899844,0.915384336643878,9.744384746746679,1
5.0803564551504796e-05,0.13074643301608446,0.893996196863291,9.606278771375257,3.3942672538183484e-05,0.09908528894985523,0.919155931025095,9.941237993479117,0.000191352342540635,0.1179905198887159,0.8459424395354836,9.915960194299213,7.142473959962122e-05,0.09211502455014046,0.907396736239887,10.861177957961585,0.0001725071514104798,0.10121734403911244,0.8776203538808993,9.541241631665622,0.00021423086826646208,0.1381160686004508,0.9244149593437089,10.09630536231345,0.00029360101620994153,0.18600655102987557,0.9084605504141099,10.795038414482697,0.0008701495963449187,0.30759388264032206,0.8255846493054229,11.329131348231986,0.0009263516703742257,0.24233864771458472,0.8728640539744843,11.389730266839067,0.0004413918210539591,0.19956149525786482,0.9018048336081705,10.704920531666213,0.00026921518938535587,0.18124355384228902,0.9039226962960955,10.064475849769178,0.00030554629761210365,0.1547254952793793,0.9022095476448421,9.67805986830834,0.00014058371239449158,0.1543657334935691,0.897887587713973,9.759025937016707,9.52761229807059e-05,0.16353243245776816,0.9066758567712017,9.75964593819998,1
4.361798442245771e-05,0.12000786083430919,0.8903992418756298,9.561807320248452,3.57531647722072e-05,0.09519188409656539,0.9108791181172191,10.135471444556677,0.00018633074731994523,0.11026820830700057,0.8284487227049204,9.220064202723972,9.435211754246097e-05,0.11741590132373445,0.9225259513979661,10.793000768283353,0.00017806304569433076,0.10521046777153355,0.876337543866152,9.898729928462995,0.00021282632055584865,0.13324348915441633,0.9144030573197091,9.90312863657615,0.0003256369117000036,0.19522961870067998,0.9137107404191406,10.598085239461025,0.0007683811071564355,0.2908980589653259,0.8460939830456092,11.126574789123225,0.0007422294455820561,0.22543960139319139,0.8845732680280712,11.18586928516215,0.00042143701111829464,0.21376093162543172,0.894652491337164,10.492104683781546,0.00026291915531575296,0.187394950405677,0.8900460645197854,10.195975739729459,0.0002793232728083253,0.13222238744653672,0.894868057563213,9.291478342013635,0.00015664583202477993,0.17093867247086017,0.8844971206081386,9.93547654005957,8.884363241911408e-05,0.1527392242742675,0.9008548734996047,9.756075544209555,1
4.4846439154406196e-05,0.12331400277997558,0.8806746189509579,9.368014122521508,4.925111894323568e-05,0.11726204632184062,0.9008404449217733,10.631930804669434,0.00026075992880830197,0.1327376281138954,0.8023702609142848,8.796282234927821,9.554404570263747e-05,0.1272012830861515,0.9230685713217998,10.604962750380166,0.00019921218422224753,0.124172155974043,0.895300982954311,10.194472212014395,0.0002801019276369555,0.14922231508740513,0.9177533018774089,9.9725543879466,0.0003320540976896143,0.20655513245453508,0.8898099090597613,10.492419764494741,0.0010092104841506108,0.3314759222155239,0.8784041014351258,10.699688703316191,0.0010631945734504355,0.27607034801970304,0.8901590580397908,10.84772562913259,0.0005776962238163163,0.30356207117655876,0.885671417519414,10.149997939878544,0.00025242282482009816,0.20104131009168544,0.8754370611095996,10.238791225251294,0.0003542892663600773,0.1529126341396373,0.8409152590612149,8.891214673993789,0.0001611472565889994,0.18498890907956558,0.8837347617773812,9.864172204562674,8.721884663013047e-05,0.15644576168054453,0.8874679444778142,9.640094675677334,1
5.7099608038488276e-05,0.14483442589044798,0.8707681897533903,9.066842638679413,6.396288738620619e-05,0.1275327601217963,0.9086618474832024,10.345544894597545,0.0002673309812470217,0.1384778657101301,0.7928893391276467,8.646953215364904,0.00010152575203400111,0.12688775393583376,0.9035542635789413,10.34266195385448,0.00022061114933483037,0.13152192293647688,0.9014498205929075,10.28374803772964,0.00024094646641508832,0.1181488292718101,0.9097243503748442,9.97238072367876,0.0002568755052624372,0.1614282649478475,0.8728458259072446,10.37534056344463,0.0008003171835832357,0.2999180332466162,0.9091517524775732,10.510281571191241,0.0009252027676116526,0.25254362890966253,0.9075593521743491,10.708759302660416,0.0005699387736721955,0.2852971031518628,0.8858553959685243,10.098646678176914,0.00026711031482306934,0.2154136739849583,0.8708505529452277,10.208899511479048,0.0004236157961613992,0.18091343182140257,0.8291011658310941,8.823484920247848,0.0001557392321377439,0.18525169476464443,0.9035006714504978,9.872152414797736,8.635359457243171e-05,0.1531491057180951,0.8998137772339666,9.5948807218737,1
5.807581095007473e-05,0.15884484356385045,0.8547745247783906,9.090357858637732,0.00011146465290098992,0.1751643868129017,0.7998380916769967,9.713015819673636,0.00027403159416719954,0.165359583934479,0.7863263010389661,8.616268704755912,0.00011874530039963656,0.14460072936909815,0.846532609020516,10.028261997810507,0.00020623327019161713,0.13140361066877043,0.9102252926768581,10.520867857705948,0.0002416687320057837,0.12743863741779193,0.9157569055606881,10.23060377673203,0.0003216458871129047,0.17557238666992067,0.8547655629790686,9.969152023262374,0.0008033230533243936,0.31772900402455584,0.9110864694787262,10.663897552139073,0.0009729943260096134,0.26219946444239794,0.9141042953944409,10.876658848814037,0.0006751349381226578,0.32446440136916815,0.8933884852164459,10.287574816843993,0.0003214765810691148,0.2638776873528827,0.8680815662196629,10.439924370693396,0.0004734915494499692,0.22110274872672694,0.8146021737525473,8.983318393695022,0.00017425566662428765,0.20589036727769328,0.8966490530555312,10.272048915208243,7.921001350972689e-05,0.142851123836538,0.8585993223171964,9.884121252565281,1
5.2696082398010844e-05,0.13179579865776206,0.8352092004899001,9.16828422915148,0.0001261794823623103,0.17961535475224671,0.7792217006954464,9.575967670087433,0.0002681510709368141,0.17273283253050664,0.8351239222038997,9.074572529059381,9.591437067792129e-05,0.12003918435754825,0.8375721630787493,10.018692489936882,0.0002460472574412095,0.15331372456842896,0.8883828510686195,10.854721434914456,0.00025221644870089825,0.1412766775747516,0.9276871245924597,10.667619518658029,0.0003053434853302824,0.16935860392227553,0.8772494286691341,10.228538615203494,0.0008229765834738896,0.3305798679992603,0.9131327840694714,10.59322519620048,0.0009807348439425229,0.2517372088387358,0.9149072591477823,10.744187377612736,0.0007125083499089986,0.31175884202841614,0.8778670068287926,10.377556061973639,0.00041690082025191446,0.3064677559325416,0.8512520820044454,10.484917014520507,0.000524366413556476,0.23868287157276194,0.8390118658066137,9.47207509367328,0.00025434679088753376,0.24562775269603487,0.8711044447192758,10.356858830000347,0.00011334839503697407,0.16439515421042328,0.8489234736602311,10.3939090805984,1
4.878938623826068e-05,0.12291575812292892,0.8485398970750111,9.37910205793448,0.00011516739167590374,0.1724202025932289,0.7457533579114647,9.307587244163923,0.00017241931350978236,0.15354607344947738,0.894460856553926,9.693452217670437,9.277576170089622e-05,0.11663095775646593,0.8494802007302581,10.041594770819819,0.0002556023384454312,0.14555085547967445,0.8943544453980432,10.815246532800758,0.00017406857772000697,0.1079056329337679,0.9304692788150781,10.987435908925573,0.00038091718700098635,0.19425499592158826,0.8874114690125618,10.231431630832828,0.0005778294063623232,0.27063448360917136,0.8994095727758851,11.014480894678986,0.0007044649968368504,0.21810683656427737,0.8981954711539492,11.02442493525804,0.000627934092326891,0.26044966204678754,0.8689596833406635,10.937249136914144,0.0004596280795182303,0.2966740085144064,0.8635263827074309,10.622721740399266,0.00042475451272523055,0.22673749712890398,0.8739056566516196,10.137296043688869,0.00028088641677334494,0.2251388954479114,0.8895061354432855,10.55832658110617,0.00012240440565480006,0.14937686889092952,0.8878437889557721,10.798614697004743,0
3.395311839381223e-05,0.10474510321884341,0.8685888233198029,10.071328902895592,0.00010186637393391334,0.17958534520159078,0.7228049886306672,9.168972613149442,0.00013788739277047768,0.14978810612803725,0.8930505135815218,10.415146232304341,9.466531458031926e-05,0.13300456710568626,0.8800860985272458,10.136382598854215,0.00027172097883558597,0.16558049845794412,0.8945806553495045,10.614467976101741,0.0001618159995371785,0.13298515828292262,0.9321519764071209,10.617897365988686,0.00047749970709626223,0.24208847228660774,0.9022386335179268,10.29855830808415,0.0005394010352463624,0.26689033445059895,0.8742713688481533,10.911160440793646,0.0006230995617132093,0.2185070287658171,0.8783638220844473,10.954359729924075,0.00054011220158883,0.24464563593338212,0.8472172152157926,10.998061612130149,0.0004097735934871776,0.2854919173683916,0.8632603932833164,10.726037880272399,0.00033167510860634687,0.20376581358106757,0.8720841413196724,10.68762536574814,0.0002714785547023621,0.22802495891086078,0.8791106810394631,10.627944530949115,0.00011562122757904296,0.14841039763060232,0.8839324255633175,11.060762310414704,0
2.4470846169341824e-05,0.0770253280263523,0.8736830963653284,9.965298736293986,6.204959503513925e-05,0.1410782970900819,0.8687175676992176,9.414351246862738,0.00012676116898242983,0.14821835602168157,0.8888146873706478,10.329890459857065,8.199734124672358e-05,0.12014618900549226,0.9224943464207096,9.998506592817375,0.0003080785149270106,0.180763818770938,0.893188841419243,10.435671357793424,0.0001904410721625844,0.14862456345041417,0.9142333960947534,10.360637084248708,0.0004744869392233273,0.27175380951869843,0.8949299425352507,10.622391069003875,0.000525535890191272,0.26951910588517686,0.8683546946216886,10.587134643600312,0.0005396139756480792,0.19852906150374233,0.870833239008803,10.689311536480066,0.0003977057889061285,0.18845484513290225,0.8702166911921473,10.904449265709433,0.0003014615849200353,0.24743722320079928,0.8918907193852871,10.645766507484018,0.00022596704226232506,0.14145909998843698,0.886152922367354,10.80767753070087,0.00021897673249476408,0.21144406040300934,0.8951219652450159,10.578069036316519,0.00010630514135605196,0.14732235833724386,0.9157864195876797,11.0259270901218,0
4.121063922399933e-05,0.13442309199243013,0.8751288454066684,10.080464635248259,6.37355210552244e-05,0.1636833412144514,0.9129881248909799,10.019299805276434,8.996214353427893e-05,0.10997214603054647,0.8915675981964581,10.079101038332459,9.712217350432833e-05,0.15418355403875866,0.92486024388825,10.164030857290431,0.00027172574477162984,0.16748247030557756,0.8848600544287741,10.402471937185616,0.00019255242733515735,0.13926435280976335,0.8858963790754099,10.159403350815781,0.0004489344952017106,0.25949829557271425,0.892867644206292,10.487028074434157,0.0004455744301218624,0.21201220187350134,0.8745326837831148,11.074675659907257,0.0004106541858195707,0.15623922982959906,0.8873120568617954,10.88328158339368,0.00042640628780755014,0.1900860376649726,0.9028821584050173,10.772555334027585,0.0002919845951895412,0.2543114799765626,0.8900090891719498,10.65411428937438,0.00018822222114757583,0.12864986671053444,0.8507371595678365,10.559716584616782,0.00017331645541124113,0.204530498554801,0.9118197393362992,10.585421526098221,0.00010441918044324551,0.17079946234529436,0.9281294808383991,10.686630932286018,0
6.35785309208229e-05,0.16838003769087828,0.8786738600737218,9.974392532105275,8.938850893800626e-05,0.17183094642145028,0.8782638082981042,10.173386192770698,8.836052835877855e-05,0.08741637755967303,0.8899360990134986,9.845908875819637,0.00010571684499455607,0.13052460934153332,0.913755467353899,10.037530302416457,0.00022539694025121542,0.11830815790097941,0.8296139954246984,10.439277858092249,0.00020786081595526926,0.15307207295425596,0.888901369855729,10.533033287943764,0.0004432888041972438,0.25365416151413744,0.9125028317404038,10.742119185423638,0.00048297918519875783,0.1977658978324664,0.8726014245897491,11.357743881377477,0.0004114842178305554,0.1414910510068328,0.8727241741437678,11.188466619439232,0.0003757788357991752,0.15926842513158515,0.9088051787344954,10.582630373543937,0.000243921504031748,0.22639059816956356,0.8883847093480881,10.56980113423445,0.00019246225363720023,0.12619591681780779,0.8167533626062808,10.443566351867965,0.0001557765800022165,0.1924344801185627,0.888745167333882,10.33189722574364,0.00012119457057895723,0.19564390991318772,0.8841116236765862,10.103786424808929,0
8.488241107329925e-05,0.18188265969120787,0.8691136916467518,9.934461417655891,0.00010016207720659891,0.17389973777531967,0.8674973340160003,10.213675114667083,0.00011057154178414601,0.10964976077467617,0.9057743172400089,9.709065930257207,0.00010007284652946348,0.11333601011125476,0.8904313088973568,9.790838924234285,0.00022086967511843032,0.11511568404487656,0.8355261874888623,10.367578028522264,0.00018668845269645173,0.1318072888236497,0.8738112659096023,10.591069821525892,0.0003572717044157926,0.198557061377408,0.9171573906023108,10.8863345269348,0.0005078643265767904,0.1960044120037878,0.8716764878361076,11.262264860342809,0.00044298143070753236,0.14619255476098963,0.87469746649735,11.136027707153966,0.000561937353726199,0.21603867927275394,0.8983808894323762,10.541508670463966,0.00041336735560900355,0.32298572290306776,0.8661587909836439,10.695655310905682,0.00028759528819071725,0.16659454665795317,0.8290533211259741,10.2116718354002,0.0003164026963164796,0.30441650201517123,0.8488321195232088,10.528723334018427,0.00019447861270712873,0.25918164463750926,0.8611321976798618,10.38034608440568,0
9.484877471199961e-05,0.1969898488719947,0.8728498148623024,10.095688400301249,0.00011061664217660328,0.19572276809638695,0.8487478959978065,10.42280259249378,0.00011909215157775304,0.12468295425328413,0.9060506161645393,9.853562276138732,0.0001027493447777193,0.1219513001454855,0.8960174644636403,10.191832848738887,0.000255634399507072,0.13085098292509553,0.8284257999239371,10.483085802740101,0.000149403268218002,0.11230407157630291,0.8987385192498254,10.835350327061937,0.0002733369608157477,0.13690185030695054,0.9005052298691045,10.99441697650904,0.00047511887812138747,0.18314569848029866,0.8690211707835747,11.25746654757792,0.000497438026367136,0.15993052849364636,0.8895384620073917,10.955588920666743,0.0006987601315523338,0.23793800378960878,0.8894681008900303,10.504912470519132,0.0004225444491004455,0.2987454841084967,0.8844201673864306,10.753681983412553,0.0003198428278076449,0.18293699839034613,0.8239490489801864,10.265463515784397,0.0003489724424114775,0.3004734567479465,0.8666554764085893,10.538783483948484,0.00020965186811883112,0.26695047482466366,0.8622993620897522,10.412845511894803,0
8.794533271735676e-05,0.1890412502436464,0.8823806984388841,10.117635608151117,0.00010943071693241015,0.20573266110703178,0.8408753015889684,10.343496234827281,0.0001980060626926599,0.19450431204582952,0.9198314858052659,10.387153324614426,0.00011509567906872826,0.12951242925581852,0.8917547268227886,10.242217697051233,0.0002411287107808406,0.11771058946061791,0.8516077942116722,10.111152485825116,0.00020937454877284516,0.1412749150680634,0.8965180044534178,11.617591760955701,0.00033646088678533355,0.16271356297785758,0.8877623091517769,11.392551205474383,0.0006924341326971803,0.247107250258819,0.8656333406979333,11.331685462187567,0.0005359034461914424,0.1746869647996826,0.9142194749438372,10.965064694134384,0.0005732838073485773,0.20154259063344898,0.9008788753063431,10.456667855287005,0.0003209850472196354,0.2360895498847803,0.9009920949127203,10.64694744924267,0.0002742585952069895,0.16624505474448187,0.88728131425392,10.258312145675108,0.0002967000512017296,0.26528913507865715,0.8694305879026397,10.427805738957598,0.00018163711590020811,0.23424910910133961,0.8639467414890291,10.283942358918319,0
0.00011096184666469365,0.2378820724184282,0.8717359827235854,9.916397210541643,0.00010908281810667848,0.2387766484222099,0.8969310183561798,10.127279017587382,0.00025666561606977966,0.24297047071370956,0.9097640184489508,10.374924285251149,0.00014604918902542995,0.18362094842264878,0.9110409475583454,10.14313997482235,0.0002625652310443941,0.14309926895866212,0.90782159150327,10.002535594364323,0.0003207374788314046,0.16416051623287872,0.8800718685458814,11.193960989289554,0.0004062230719859182,0.19995524831150124,0.872669770273181,11.266303623617752,0.000777919071014781,0.31057757113488105,0.8870743198239167,11.130304892470091,0.0006151105118597578,0.22811883237474725,0.9347552744061193,10.233633477419012,0.0006163924961599045,0.23560270763436883,0.9162213068747865,10.090675814704168,0.00039386544121747745,0.2990829246455687,0.8954463140468137,10.234693741634771,0.00047978199409553796,0.25959753918870865,0.8766932039652912,9.762074571610146,0.00032759171479093967,0.32370799824065777,0.8676146111633425,10.197781044040065,0.00018793947493540112,0.2507040346720676,0.8872290334720331,10.212083709256653,0
0.00012907408613690448,0.24012491683871318,0.8768206248289367,9.630985663176668,0.00011761234687063264,0.22989828835186368,0.8684439083279387,9.833261544847549,0.00026908087076273063,0.20530541060504687,0.9173148243230514,10.466504125231507,0.0001526221888205254,0.1849378269266672,0.9025948169291039,10.062974228941558,0.0002617834603756305,0.115478743924775,0.8987878438379794,10.166005223814853,0.00040608598059278496,0.184990245412709,0.8701830974069201,11.050225192266158,0.00044740186936086747,0.22732349468406582,0.884467435892628,10.973518940260858,0.0008002903148606512,0.3399030245426123,0.895865094790509,10.9166747732131,0.0007097417930764934,0.24468797114504084,0.9137239452607828,9.902635335503371,0.0005751514671459242,0.1968830888868979,0.9056711247771091,9.716204499648196,0.0003076947122175585,0.22136591581223058,0.9065960373302582,9.595867794618039,0.0005266834391422296,0.26483420463632484,0.9064253686053444,9.641310385604921,0.00022662691214436523,0.23501951896651538,0.90639763753296,9.602283128719842,0.00015123717048814815,0.20620053044178496,0.9130665455344013,9.7535885840546,0
0.00014091014201434847,0.22701700522659254,0.8505350471221531,9.699459232034725,0.00012370561357265074,0.19551356434697093,0.8422379952996507,9.714649935097157,0.00029965772037185445,0.19166910722388325,0.8889000403060647,10.900164277961078,0.000161263287273217,0.17237071649724983,0.8991594468828406,10.028257511623318,0.00023661434859712567,0.09844808581945813,0.883305887997167,10.097147454307658,0.00041662105929658874,0.18134400946675774,0.8732426780364695,11.169127063290757,0.0004655958515259956,0.2499023097856702,0.8988419554396264,11.065933228831781,0.0007969104139604016,0.31135215149935236,0.9110881789637545,10.968117040408401,0.0007910784460524996,0.2500548905028308,0.9180028680658984,10.069756664016602,0.0005998739707253134,0.20798326372843853,0.9117826618062798,9.877332965758242,0.0003821178475628043,0.2545821261036458,0.9026093374457863,9.73817406157322,0.0005132296161609783,0.24296244579450782,0.8951699373832541,9.73180424983973,0.0002767462679724468,0.27459196629813576,0.872237882119506,9.712332343898328,0.00013442597831534315,0.15054165545254064,0.9020653648394809,9.687651500338887,0
0.00015003192030907885,0.22752749830699157,0.8588175220995707,9.623826646528185,0.00012770393032105756,0.19259672436052822,0.8288513959721434,9.568782220090288,0.0002643767133938248,0.17548450492650958,0.8935910506584441,10.566668003650674,0.0001607866734177865,0.18358814383670521,0.8736912993849332,9.82959320910952,0.00020828073042191672,0.08868818475664697,0.8734707240890536,10.064717547085543,0.00034949394843157425,0.16056055719032322,0.8740662573416468,10.80591823585106,0.00037179606460031905,0.2031282230661954,0.9289141655121891,10.847960997418353,0.0005387598854197147,0.25192574860834854,0.9174472511338833,10.427903748476544,0.0007441106366096377,0.22945194459454807,0.9163858243632169,10.015363140994733,0.0006622656459649821,0.23082594760831862,0.917675051872241,10.038797448165608,0.0004157572482178112,0.2845260895882417,0.9017295371493378,9.855181340316808,0.0005143464935328404,0.25328259790706426,0.8894382413838597,9.71262103972872,0.00029845143552124426,0.28582599996457786,0.8809851445045702,9.84130187225569,0.00013051357269130344,0.14506707218502304,0.9036708825742019,9.798110773593374,0
0.00011621099370664182,0.18532993133468215,0.8682091834829618,9.658305782950485,0.00011592033699679954,0.17962083755153052,0.8446784727877149,9.504476101594019,0.0002569880804155311,0.1829059216971173,0.8956206757695763,10.477948748461701,0.000135795187734944,0.1689510221239487,0.8805900571581549,9.857930668216756,0.00020652097750345564,0.09355760286184986,0.8553171489185051,10.416873946537294,0.00034368830846116094,0.1753212213826814,0.9147733149785383,10.761761870877905,0.0003000862110065695,0.1454592078075496,0.8885613626730545,10.826797148394855,0.0005876587372096219,0.23305978476113234,0.897973027947068,10.499561210199232,0.0006853397467003994,0.179332506608077,0.9096917723530544,10.434865167719487,0.0006133142778082122,0.20809939018673054,0.9150604095752807,10.355935869501977,0.0003458160404225514,0.23669104727084836,0.9215619390921536,10.194610894964903,0.0003044130292248836,0.16830115899470086,0.9050907387098347,9.989381582489942,0.0002498907515572082,0.2227313295312255,0.9072062130647977,10.143583436502798,9.946065235913392e-05,0.11511264026615162,0.9119098149892331,9.97196812528564,0
9.551682831042144e-05,0.16826848627859942,0.8300905098183673,9.816799156404791,0.00013680510778564704,0.2156899549269556,0.8527531283837372,9.754722683604603,0.00027006083109657516,0.2056113069303378,0.8724937032671828,10.36016564799821,0.00017958172591951038,0.21034853356685296,0.8534234823560949,9.994592122630808,0.00024042235353955767,0.1269120215708482,0.8924891408532364,10.973781186708894,0.0002808001345132046,0.13717589438283906,0.9245629936067308,10.867130400816052,0.00028588384416970805,0.12568288001778807,0.8367218894861663,11.221972599181516,0.0006704914845368108,0.23336201211805788,0.8657322691397532,10.843200775593735,0.0005945236391766001,0.1513462236688034,0.8984408713343366,10.889508590936668,0.0005063899654330931,0.20005913905499947,0.8787149950112608,10.974366438164068,0.00025599904209001363,0.19427609066000345,0.9053600190809673,10.734439859576094,0.0001731039589159593,0.107419351194522,0.8843340834100463,10.337798867692864,0.00018276244543503827,0.18714219663843853,0.9043199977831038,10.575079865924348,7.613536440423906e-05,0.09051110949388937,0.8823256239069075,9.890354739344568,0
0.00010057726734158287,0.20229756556555725,0.8287528454553812,9.562980831382237,0.00013530599420023546,0.2357945818023414,0.8858632258198671,9.702769046188633,0.00025095625608603876,0.20483547521308879,0.8877743682135317,9.7718508250189,0.00020794110427942495,0.2449403474692932,0.8477009717718837,9.895884405001258,0.00022745529561050444,0.1296593373592962,0.9213572370628561,11.118575480831028,0.00028473643190583223,0.12765368760960197,0.8980631795258182,10.69256324007825,0.00033075820629695153,0.14622196409894858,0.8380334126723724,11.121857131289035,0.0006632354520612958,0.25811005488801153,0.8603574631036929,10.806654508631532,0.0004922525317984812,0.14387964372667697,0.8723954491589166,10.86319562873364,0.00039369107445862584,0.18577197313851931,0.8546399740440994,10.987986386158392,0.00017231931165595112,0.16273266215825827,0.897966963217421,10.765801357748641,0.00015558136385726394,0.10286374981630898,0.8955997552891666,9.800871674763464,0.00010351806624670297,0.12508847805036383,0.9244408997921992,10.681600035263351,9.429445621459326e-05,0.14434136142157128,0.8815390230645103,9.752286779709703,1
0.00011804202250455595,0.2170093273744718,0.812490246954161,9.797509439752321,0.00013705119609755487,0.23064798370149042,0.8851495131398255,9.990416051259064,0.00035144510279564887,0.23257726433261644,0.8788853905727161,9.799517931545454,0.0002697612309405814,0.2571877627465947,0.8526790694738222,10.224789630606173,0.00028614477897090043,0.16227990632907652,0.8991908494660743,11.40621102316573,0.00027318124617774827,0.1210631074105974,0.8831607558625513,10.75521756958885,0.00035357067003496717,0.15231512263504143,0.8513684180310732,10.822013426805224,0.0007598022369017523,0.2858628474490183,0.8633482071166266,10.707261947010336,0.0005413339621140518,0.1624310528448732,0.8552103877363851,10.467759814194391,0.0004513068078479992,0.192457551849415,0.8021322573163545,10.671979232745105,0.000201095506793153,0.17521128198773434,0.8719527642880978,10.719902518072285,0.0003193885836911466,0.17141980105285615,0.8645161648580018,10.381141741954577,0.00010916198437222025,0.13098593156627125,0.9032611809444522,10.985937290202246,0.00012071336354024333,0.19225414086475862,0.8487786667280895,10.073386700827124,1
0.0001400303090749465,0.23037270270912588,0.8148788538917857,9.838857314949006,0.000147742465241911,0.22960420506848775,0.888436921536464,10.0428983516947,0.0004659711359499256,0.2659666750309935,0.8538954652611381,9.799870221055594,0.00031944073804656293,0.2723153871085604,0.8538772042671617,10.365571719190545,0.00033332284747563225,0.19139267515335068,0.8830293480697212,11.194423887744254,0.00022494175916862595,0.10375424193175173,0.861252496973657,10.939589476085184,0.0003268483600082089,0.16012567010852544,0.8946110174233303,10.560572027440717,0.0007791963449359149,0.2922736534800321,0.8670442262000141,10.484396240855103,0.0007897949678168186,0.2350875778658344,0.8397290800413072,10.447037932324461,0.0007977558857411382,0.30280708953228275,0.7872057402000607,10.580587303737381,0.00038674209494864094,0.2892381890202647,0.8005060110859661,10.365230289312814,0.0006638970769723858,0.3036606149253964,0.8164568615527594,10.128985174124358,0.00020020550061112798,0.21024675594961725,0.8356418473015585,10.770667541121465,0.00015576333514663707,0.23519245786876986,0.8131247120078527,10.069713019908741,1
0.00022658043282719652,0.3350990598907928,0.8254664301931094,9.977639345022038,0.00018256055291219662,0.27163926461024795,0.8910235210100594,10.415972182506152,0.0007382858229267775,0.3764327334647441,0.8461887809822602,10.090553588721757,0.00048689180251844556,0.38558739261051167,0.8635696918595951,10.688439228009505,0.00044132959267798185,0.2158530536450069,0.8678588003143648,11.100116701172675,0.0004598478788055832,0.2089772197124104,0.8941413316367479,11.156745004123028,0.0003211404181079642,0.17289300474525077,0.9261574093953183,10.252863951856176,0.0007215484258697657,0.2895199764980429,0.8636825948465809,10.346931361029688,0.0008656922408522224,0.2653722317552008,0.8545851897309042,10.376865997561044,0.0008990945046859346,0.3426447568675134,0.8047345218531594,10.48322759240465,0.0006430205399463623,0.4428589685520674,0.7772464342503838,10.01855865002916,0.0010578632750450905,0.412064043421902,0.8001388682763042,9.96515600240039,0.00034822338043138127,0.32914184079305175,0.8383382701547452,10.385289287020125,0.000268623648440141,0.3818279674372244,0.8065768410348452,10.021619822685487,1
0.00024652941756406904,0.34745716986163067,0.8319855763304125,10.28223576786172,0.00019180002310112832,0.2857325161660087,0.8856566665709045,10.675182870599718,0.0008464376779717859,0.43084441287855524,0.837942741013109,10.222151679636413,0.000500823391132461,0.39896444286225985,0.8636738945702975,10.823764628787048,0.0004835286462515635,0.22199584628519048,0.8776201854212557,10.801942194881827,0.0006206534866881843,0.27219474452031994,0.880733633657388,11.088254157974474,0.000316634609121399,0.16072527222906252,0.9223891526892913,10.191534725084631,0.0008497885103689925,0.30299638822767816,0.8704173589114836,10.443803177459094,0.0009553476197932112,0.2654351624935838,0.8764639813339903,10.41497061634586,0.0010206747551578389,0.356121759001881,0.8136282038560311,10.35866720862842,0.0007522617781395759,0.4118162105576671,0.8081159855189745,10.15378237377273,0.001338659751188098,0.46455601507934613,0.8013081656582046,10.206682525061332,0.0004718567047615751,0.36901378096057824,0.8333867406458743,10.551412473663696,0.0003159748664941553,0.3876409306327527,0.8074422719155293,10.271747094465324,1
0.00021538973827350884,0.35351326396656213,0.8373448017246761,10.284530260586887,0.0001666693680695342,0.2682755319343974,0.8987992927825978,10.61886194944413,0.0007093099716940882,0.42435941884329365,0.842686593690343,10.318900675499753,0.00040736360310821213,0.35799061037736146,0.8664904545382882,10.827229555527243,0.0004419067010222317,0.21326649253854732,0.8875953516741082,10.38610414513482,0.0006059509120486812,0.2757732722588791,0.8615572869389903,11.12981843150831,0.00042680945858140944,0.2141563003790941,0.9010393666612527,10.834134876924711,0.0008735552542571189,0.30782443440359275,0.863341166038802,10.59672658760451,0.0009402039377406247,0.2658767136133649,0.879601115175196,10.507656548520197,0.0011673147182947343,0.4148236376350894,0.8240447712420352,10.31750454778134,0.0007531461379232448,0.40837358308857247,0.8154104550304847,10.094818254162858,0.0012269845168126157,0.4545937924873021,0.8189694926338292,10.141076832046899,0.00048081159445965125,0.3754391837597298,0.8401756301274907,10.41666214546003,0.0002859545487277306,0.3629314705888423,0.8110506339205527,10.185227493125353,1
0.00018937561492498074,0.3703892974851308,0.82825252455528,10.36751087497957,0.0001431094776945422,0.2597050528844935,0.9142457806351318,10.749237239245183,0.0005544559964982445,0.40538104824568405,0.8537297021627015,10.535708848463992,0.00033724453704625436,0.3328582880141494,0.8566996431102967,10.810451953877392,0.00040230432883579906,0.1941085564423786,0.8951314491490903,10.141711279989705,0.0005669288474868023,0.28275658871123377,0.8600088264661984,10.925758719973802,0.0004475866426842125,0.22111057446602983,0.8833491197301431,10.675681279827296,0.0006685175154689761,0.26944574629393914,0.8833925382007909,10.606625235733178,0.0006183491720440107,0.18895062969284251,0.8992332300170128,10.36662951417201,0.0008364232726484473,0.3464884584538409,0.8428895996097575,10.13092586376744,0.0005827419265860012,0.3548778238722534,0.8371639068355483,10.037538171264305,0.0008941622079066698,0.39562391037302125,0.8318231550444183,10.298153404759905,0.00040731160907518156,0.3816970417277361,0.8470575450686564,10.27612476798043,0.00024495123450061487,0.35406777922256705,0.8304224537272841,10.234729415202272,1
0.00010657080859618345,0.24589541011282412,0.8779544311738235,10.863226209515927,8.113794105548e-05,0.145512918208958,0.9351008696187877,10.700606023411982,0.0002896626547205747,0.23182344749936956,0.9019810920023915,10.624617957726104,0.00011299433629371733,0.12600683975945465,0.9259679012050935,10.639078502854394,0.000242567562308315,0.13266593760209305,0.9377574706001964,9.351346888011875,0.0004196901470714026,0.25347622473553516,0.848204951425108,10.402337824554161,0.0004578755512855859,0.2520925193763294,0.8713058889474344,10.621995884970195,0.0005959209679861269,0.26414108482771653,0.9007983416481226,10.77092970577475,0.0005645070307607913,0.1856302551125237,0.9091633450858194,10.640913640173984,0.0007693503397377688,0.3386552181059639,0.8620195016077078,10.226312758477405,0.00037364162799415513,0.2522849178638113,0.8698271808370842,10.485873075014064,0.0005439572659980071,0.2701133759100215,0.8791250496863015,11.007204425595042,0.0002918048972876762,0.3002277717217385,0.8523513044169098,10.56498026218212,0.00014506206017340643,0.22853272734544175,0.8646308402700603,10.773106216707706,1
9.716977294005425e-05,0.21897358455012203,0.864591753818155,10.611329361716203,0.00014489310684177365,0.21634889007482655,0.8656354545264539,10.365022659876445,0.00020277079285270405,0.15923664442282096,0.8383013236588781,10.430252458287795,7.477488940718736e-05,0.0868335266932851,0.9125848209225695,11.056157092436106,0.0001767302614859095,0.12093634153230706,0.9152998023307982,9.747916832017664,0.00037543997074201,0.2662532956635752,0.861453387534259,10.326193254637815,0.0004587993592583024,0.28706160521768104,0.8847867539755198,10.67788872546945,0.0004828493178988353,0.24609265757132018,0.8936263076513974,10.897035248449168,0.00048437793978590917,0.1731534150366337,0.9073911317824279,10.913714255102835,0.0006687116761536088,0.32828525147971566,0.8630145811088933,10.570013238617944,0.00023766603989682267,0.21604651525092586,0.9023321738967645,10.178621925685965,0.0002857440488655097,0.17659228366699367,0.8964652642247793,10.69111935602214,0.0001781436823621763,0.2324372227289646,0.8847982316405126,9.952353990698013,9.677481863983918e-05,0.1777730860285283,0.8990414543717893,10.261945640351392,1
0.00010080012940598621,0.2232742575363575,0.8549434533471255,10.642652167459719,0.00024891714119012716,0.28282194331862054,0.8196159967640261,10.013820602994782,0.00019386854207903155,0.1456539914836687,0.8093388501340422,10.478657899460195,9.968259644469994e-05,0.11412799357545053,0.9118898586452098,10.672694768300381,0.00016589880822781035,0.10660639688489348,0.9282519966064272,10.088510205145202,0.00043372822612936906,0.30108818133424264,0.8706984909309192,10.273869083848519,0.0003187610739120593,0.2203098272291571,0.91825694486427,10.253103263812593,0.0003961799660419036,0.20062216897263777,0.9278411311248023,10.76818746523541,0.00040461709537325803,0.1395080214607473,0.9232698189142345,10.951772195290191,0.00041031189264568107,0.23351336578671805,0.9110580979873155,10.768107139392978,0.0001964971427479363,0.1815259646281384,0.934483642518278,10.149533919986103,0.00023914050610103992,0.15940361969857958,0.9004141944798685,10.543035955899564,0.00016285017583009354,0.21515024042411668,0.92230203282748,9.866485894830866,9.95692257385858e-05,0.18504082814970518,0.9022533848692923,10.201060915228961,1
0.00011344599493856212,0.2450178264922994,0.8685118541672712,10.515690940267346,0.0002699733427133091,0.2860931927575303,0.8100439572424926,9.96258358464958,0.0002261363652465447,0.16111230865727796,0.8085419808625568,10.368650376846041,0.00010522305165478003,0.11338148211790787,0.8846597743953267,10.71687063919973,0.00017282129138217358,0.09432903538598893,0.9093756226058037,10.489175483625926,0.00042029011348569575,0.2794522255251225,0.8810400508222986,10.32869221956933,0.00031203096345525566,0.2324119128251162,0.9316126713148306,10.610760147436029,0.0003242756093679998,0.1821626842958958,0.9394733870981083,10.726500993822063,0.0003990428614667144,0.1567867609698722,0.9280498269425993,11.096252197195588,0.00042829636152344025,0.22862424354403366,0.905731667903412,10.77372508880074,0.0002674547592386781,0.20620500737456843,0.9314089986473169,10.042820616344736,0.0003018806011119908,0.1969005010825899,0.9084220417817791,10.14024079811726,0.00023020727007040534,0.2189956364562613,0.905890523339709,9.792769694145397,0.00012123688859649508,0.2072314148064727,0.9119664103197493,10.00214811127604,1
0.00011712528585358146,0.2844630070571429,0.8480758880659488,10.181208640189757,0.00026591592785999677,0.3133763301441108,0.8105398496645199,9.907756549420347,0.0002063612685210749,0.16996043049521428,0.7898025046578376,10.096278932283216,0.00011508675073174094,0.1410920209530407,0.8722621382318081,10.526962383501495,0.0002438545355291165,0.11432901894486204,0.9249541649354385,10.893260769180008,0.00032515742629617004,0.1798122837178331,0.9149611442395064,10.464568645762512,0.0003905098036103699,0.2380506643100073,0.9236418131002319,10.722726485431826,0.00034745660287506075,0.17647731502375438,0.9376824851148078,10.594592321480853,0.00032521386886068444,0.1380406365202286,0.9354188184058455,10.904891861033423,0.00037953624135393616,0.21119575910452149,0.9276639687572102,10.547881033425261,0.00026997554558287265,0.20820020428675848,0.9381209788118879,10.03674814917827,0.00027439931340489084,0.22197842121438505,0.9092999304837467,9.837721785389347,0.00026875665710806884,0.24119589217668563,0.8993962214469021,9.701005204229444,0.00014584365627994415,0.2502674015835084,0.9022910992705968,9.73135363434203,0
8.502661792220709e-05,0.2561269253650557,0.9095529668331438,9.837164646405034,0.0001815886873943185,0.267612755177476,0.8402843956231316,9.665164389292135,0.00018067185615312117,0.16531680988137906,0.8653928483988493,9.731496015065817,0.00010624057776922607,0.13338032083687185,0.8990432415563001,9.897701376915572,0.0002440157565181708,0.10615127346997015,0.9108270834798771,10.71683186379301,0.00021132699036506853,0.12576570817764793,0.9318308019618092,10.143352717680896,0.00045442818189714545,0.2703597296720405,0.9204936196491488,10.588301981215684,0.00036589633582871043,0.17985099915241343,0.9305489763960193,10.323625706803195,0.0002852560795481779,0.12571896946580924,0.9348157014429571,10.327486576606011,0.0003494446995804906,0.19346978595419623,0.9302750116572965,10.111909948139951,0.0002917406008535222,0.21997676899268737,0.932950158827738,10.0760738378634,0.0003043625931956012,0.2446423131598996,0.9124134412191203,9.80306048851797,0.00025556404333173643,0.22702150197090715,0.8956411020412193,9.729348281944393,0.0001342318203570877,0.22780159526230695,0.9177543485033903,9.6515725973216,0
7.710270958513526e-05,0.2449069899807306,0.9055617018006732,9.754572996123205,8.075417132863455e-05,0.18701824288620858,0.8789583831295764,9.786496493978534,0.00019700378994364902,0.19198469476499413,0.9092615318694609,9.75658546872894,9.542451011493037e-05,0.12952485096180757,0.9218541511244902,10.16654001981269,0.0002687370837194824,0.1224448405407486,0.9033888540539127,10.607059371509123,0.00014516777530398684,0.09140582063100193,0.9163242976792868,10.101200829826892,0.0004946173588016076,0.2935149679622869,0.9233710181618165,10.560725680625511,0.00035345517088498105,0.18766565238431004,0.9312181594036059,10.467401243054388,0.00027744856646827834,0.13748052295838853,0.9235713106475798,10.489847196218369,0.0003703375297218058,0.19421215275200704,0.9188222516801757,10.286437985825318,0.00030662258612229186,0.23611701783394543,0.9140667834345351,10.194444937726677,0.00033953256565443765,0.24052002327175317,0.9005151689314702,9.899808520141717,0.0002611001008977354,0.23539328211939595,0.8749421528844884,9.72229251155962,0.00014490838034991602,0.22865126947690315,0.9075238310363258,9.65231132480575,0
6.433749558328389e-05,0.2208019534676471,0.9341128245333066,9.90520846480667,6.012319770854259e-05,0.14248731619272337,0.8745800584103524,10.410014671838624,0.00016924312493113105,0.17143188769522472,0.9288548980463129,9.821912361251641,0.00012088950874446455,0.15066882779934568,0.9320853391133168,10.888973210297584,0.0003211461425325354,0.16572516119305608,0.9120791204664472,11.042981385793402,0.00011973255312327191,0.08131451530396626,0.9151776571769841,10.382307599624692,0.00042250047355307465,0.25853479541496766,0.9226152863843637,10.426159417932755,0.0005867183898963155,0.268898822633681,0.880193880290522,11.520950536524898,0.0003644111460302347,0.1617002542091068,0.9255884098098517,11.0914944932925,0.000375328767977952,0.22557588728677896,0.9209770455591292,10.60665675419071,0.0002579120953248057,0.24257475953225938,0.9200067191914956,10.449530100681724,0.0002685297319550122,0.19115132409717514,0.9104649071247105,10.09854894259836,0.00021579275025690597,0.24753160539527774,0.8862397225261682,9.860316021939589,0.00012863154644103357,0.21549865427123643,0.9049398555099575,9.762250864173975,0
5.621118587461252e-05,0.15547180001866143,0.85087318656067,10.120454954212073,6.818361818026835e-05,0.14007442556832264,0.8662336252224623,10.415735147461664,0.00017590977281977432,0.17272195244771094,0.9259814597468523,10.16381781407959,0.00012833084678890035,0.14558515842288325,0.9068743672908667,10.90776496591638,0.00031496756911058264,0.20245092463944636,0.9271344555936635,10.562729965518223,0.00012917644119517019,0.09089461918168643,0.9313209337190378,10.556520169068765,0.00029651248247131504,0.170139341392857,0.9337612148758075,10.49059962623267,0.0007138459984419112,0.30306750303198926,0.7848842006144637,11.998478949153396,0.0004385399641239707,0.16777157317131897,0.903626795249544,11.260624802649174,0.000431813481212443,0.2502172193576178,0.9167485821959327,10.589614603649316,0.00024268245639472933,0.23218728382916717,0.9139574888469602,10.363615072233046,0.00031915543766018436,0.19443737935107777,0.9050678741579553,10.225228594642779,0.00014247503856550277,0.1855856130939232,0.897283147686669,9.803282442175298,8.960206177879723e-05,0.1593639994485812,0.8904034172835651,9.848524341001571,0
6.917758770579824e-05,0.1760952061095554,0.8130653861149014,10.181763696505062,7.563215611789298e-05,0.14714216566082122,0.8433414601678458,10.5969224534107,0.0001890546282981079,0.19190176957201438,0.9024102737162283,10.40607164076352,0.00012155225569555928,0.15352548670247448,0.891597322563335,11.076794119562074,0.00035149032083081155,0.22076908925561362,0.9226760335417679,10.612213940378329,9.408394625595842e-05,0.061667000790664846,0.9225570491345311,10.344372271598559,0.00020591853742053215,0.11117991700648888,0.9332871588608012,10.308764879392646,0.0006815144025522804,0.2414457765500911,0.7918341375029331,12.173401912561163,0.0004567812448616989,0.16192089337715979,0.8931806633590071,11.217676779660094,0.0005063218493627437,0.2858263118457243,0.8899911771448328,10.571327238952895,0.0003531003118937494,0.31123437070826737,0.8975236058438589,10.43100453496912,0.0003588411075944588,0.2247571831609863,0.8930298907251181,10.335159601700859,0.00018440378866341352,0.24208285973578034,0.8964272787014483,10.129709165201863,0.00010635202486178612,0.1857919803844168,0.8781342140786962,10.074276657867983,0
7.019067486033719e-05,0.17058267331592916,0.7923723807173406,10.2656475460624,9.299897388013821e-05,0.16333316440734488,0.8455187955464003,10.741680297726262,0.00017567626032709564,0.17867586520357354,0.8911771513220975,10.620516033756818,0.00015306676622759297,0.19563099913040483,0.8802441468244225,11.257007230819339,0.00035489769219539916,0.22549218611778069,0.9280111178169291,10.747339165949127,9.891064344854516e-05,0.06495723856833598,0.9203239113420497,10.354306737573339,0.000209397120973867,0.10969589864514587,0.9195470814745299,10.016041338152057,0.0006653524765797365,0.21040328906574104,0.7851937158344259,12.21738110202414,0.0004251526912919477,0.14710132545012344,0.8870507894128602,11.23989051267561,0.00048707840313491505,0.2856548628859748,0.8903773966146186,10.619769331394286,0.0003740913009701576,0.3304860058375759,0.8843359290451955,10.423252334658208,0.00035349912568695147,0.255101174838523,0.8909720720971471,10.501813850789866,0.00018518312055791942,0.25348118912142104,0.9074972043544189,10.45381882747437,0.000101769611411465,0.1916822474716614,0.8674451588923547,10.467373701430773,0
6.696190019665017e-05,0.164382527929944,0.7876670327627462,10.194780177837886,9.574259622515609e-05,0.20049668589771427,0.8493419890796603,10.430056799873697,0.0001673879488016725,0.17558957987610388,0.8919497471888631,10.606886503786667,0.00013869987330969598,0.21239744844503428,0.913472115217172,10.698802434353386,0.00026461406154049995,0.18716557076852927,0.9370850731758791,10.312370926788978,0.00010687648291139652,0.06744818421985604,0.9174847515343004,10.302272981412617,0.00024101816392652702,0.12009904599128916,0.9114817113265659,10.339433655892242,0.0004271717556529143,0.1404412215445534,0.8102788147497181,12.103636086373431,0.00028531810125699255,0.10765389910776935,0.8785637782749168,10.932369589446964,0.00038738665037575237,0.23301482527725798,0.9044479254024748,10.62881455828235,0.00033430596310379704,0.30087215994219424,0.8931473278388551,10.60247887993775,0.00035395763552451746,0.2680369147875273,0.8827003090185221,10.74238473769298,0.00014615425190491483,0.22487833863594894,0.9088614448598648,10.826583470222044,9.527586375456207e-05,0.19496006042147776,0.8506555831072614,10.807574024730238,0
5.077977823710782e-05,0.16167512961713706,0.8257242437008273,10.385282256977865,7.495296214508887e-05,0.19554408984726007,0.8871828157031794,10.542946573183244,0.00014306990345548605,0.17014966782447524,0.8893569487458657,10.472776328577423,0.0001229954369139015,0.22457113339309728,0.9405116875063342,10.703230029776865,0.00017093319462218866,0.12180650198798827,0.9139392014762832,10.496915422863466,8.28049079414339e-05,0.05862651476309613,0.9192247780432479,10.245333224533983,0.00024100541177329756,0.14549254353113722,0.9244463667248256,10.446620799006432,0.0002148470276376121,0.08167729968676322,0.871912854064039,11.351348044857833,0.00016876418937701088,0.06960809348905864,0.8759169963315249,10.26467189795303,0.00031658715195361105,0.19949150967015689,0.9206878858518736,10.748749891539934,0.0002975440635040022,0.3051038103364962,0.8870076177258319,10.666047952001467,0.000271907358339573,0.2586671883770106,0.8957962833253424,10.938968450027101,0.00014586258323982134,0.2594646323636734,0.887557685084341,10.896779786328413,8.095055507842528e-05,0.1906139535048464,0.8818977733147692,11.010809097581813,0
2.587438463324838e-05,0.0907598792288593,0.8954889330475099,10.65630810649062,5.315733577662205e-05,0.1441932615725022,0.9105173088670258,10.229294180797192,0.00011006515237079622,0.12362883481057911,0.9164058528023039,10.191244673151164,0.00010887255624716797,0.16085200551956058,0.9295466660840372,10.48953025015442,0.00012053480894664225,0.09068736378333325,0.8865875052107733,10.04578802628127,0.00010361628199940251,0.07780464412989478,0.9213987522196307,10.495240012661139,0.00021778532657469515,0.13993505462981495,0.921426346838045,10.573424100439631,0.0004138625497306577,0.17967052322299834,0.8656902665167886,11.098139412036428,0.00028798822240158584,0.1254757000490302,0.8683195346329731,10.810629707752044,0.00026902784970694285,0.1598074868923213,0.9249022047440912,10.900770446824907,0.0002025367246748451,0.21304360928311933,0.9085850606594031,10.766656385662658,0.00016821165330296355,0.16684694416541704,0.901255572818955,11.219568506644526,0.00011934308926472064,0.1940342472023914,0.8990123090060729,11.091228591961627,4.803595932698365e-05,0.13473735203733375,0.889397977992219,11.569195926571645,0
2.0586276432218132e-05,0.07864760882561429,0.9031317149790639,10.474696830830375,4.0944050297218105e-05,0.11458724680723427,0.9030717805523538,9.436918682586782,9.494530426329985e-05,0.09962947587904332,0.8995478791854823,9.852644604162485,8.77707393899964e-05,0.1241305275373645,0.9269984138261577,9.62318165387195,0.00012685688886094162,0.09679499332177999,0.8934277132373823,9.547818833663557,0.00012776059755997523,0.08795795183723061,0.9067665420890103,10.621562588527159,0.00022468381522397103,0.15134360861050153,0.9132882825518074,11.038409946134234,0.0008387595248870149,0.3349699361541448,0.8164525686234501,10.802305488773815,0.0005935058097401275,0.22655560589591633,0.8681315758531543,10.502322193027098,0.0004325262815159404,0.2357660932923142,0.8975679747001271,10.504228559587157,0.000200148035941096,0.20916470857223188,0.8983706600398811,10.569708260136006,0.00011745493229569623,0.11087128633594596,0.9106108350954986,10.728487590154987,0.00012329669335783562,0.17419197259788968,0.9086831791428803,10.934728877171606,3.1128291481086627e-05,0.08981287797404627,0.9107406030522751,11.290370215615349,0
1.9450923104365223e-05,0.07427369320630897,0.8645832183844805,10.124345947773563,3.526563337939504e-05,0.08758277551397688,0.9055730292505519,9.619207420737686,0.00010831109541715343,0.09344406320474467,0.8949109351823014,9.696560342594976,7.088234374419495e-05,0.08986926377886013,0.92197200478206,9.595344376416412,0.0001327979557486837,0.09311274578613177,0.9029407958892395,9.63111752997185,0.00014945391583863667,0.11087701708102254,0.9054352190002013,10.77776728428102,0.0003714747968849541,0.21035311085595237,0.9005128490107578,10.789230643737977,0.0011253925202682536,0.4275377529094422,0.8018597931890774,10.558729372180247,0.0009147568026416897,0.30932051598903865,0.862677576034259,10.249215206861114,0.0006923429152285572,0.33694784382198767,0.8757465027544007,10.210885749587613,0.00031561310422054063,0.2899012836196379,0.8676023563822559,10.078807611143374,0.0001477955922391332,0.1130599485779346,0.8933718276508055,9.894957300891386,0.00017920448815111553,0.23322036019672637,0.9263522902955124,10.367170327516193,3.18147270413191e-05,0.08297057534975477,0.935670448297205,10.278409175366395,1
4.926721996040958e-05,0.1626152849472431,0.8627749346097894,9.8362163674322,4.8641769488285825e-05,0.09882972894782817,0.9158986272669318,9.54136634150035,0.0002279099208640708,0.16272501810776885,0.9057586329609705,9.939356421301445,0.00013070253919233071,0.1287496036405407,0.9131815112210673,9.64907322216397,0.00018564529448405462,0.1349631836330436,0.9338600827875269,10.029070660987507,0.00017269513232807216,0.13085176766658405,0.8905509795818021,10.742564545899883,0.0005670048957703792,0.2931732891593228,0.8552970410445575,10.646880925666993,0.0011966462542599059,0.46407814097045236,0.8016184408991426,10.494679066252948,0.0009558242140355491,0.2902046768719008,0.8597175368154029,10.211111965660855,0.0007060242281881543,0.32418097779963817,0.8763691879961147,10.11480956253549,0.0003772803198517251,0.3162177583136759,0.8437793373682463,9.96682355324138,0.00017595568573396277,0.12678078483199812,0.8910205723202356,9.955934130907552,0.00022785405243914405,0.27286374797715246,0.9101400725528227,10.179884960435007,6.077186992630643e-05,0.14921961142299478,0.932081524519357,10.269385433516476,1
8.497394698535835e-05,0.25913908591947515,0.8597959022614106,10.181450578746507,0.00012889495440742066,0.23334987571593419,0.8886987813996711,10.36994360994121,0.00027395881535544314,0.17562424817889558,0.906485538079585,10.270926878708373,0.00023393596780499267,0.21330692397180773,0.8879145052680523,10.232864113247945,0.00044135866732346253,0.24410600520085257,0.9162461521454442,10.260939798951574,0.00017754912474452728,0.1373111348510097,0.8950552103380066,10.744586333949265,0.0008075856199021735,0.36626041948423466,0.8379724586029293,10.48239546355174,0.0011410832631886959,0.43419665073867936,0.8124757942216182,10.332248841408491,0.0009288352837238383,0.245181354701816,0.8548537471490557,10.153396733205287,0.0008004411736875173,0.3385844826436,0.8606348960530814,10.267654578104363,0.0004523127739476201,0.3517006276498803,0.8304485906406486,10.004855151099425,0.00022310716354959843,0.14943123557257604,0.8966228546347255,9.895953322567852,0.00025336216736991586,0.296956027448007,0.8728776789198169,10.065385703165225,8.72132374472312e-05,0.2030765297959162,0.9277721559333958,10.28233879782307,1
0.00010836494191945753,0.28412080308215876,0.8798371909811372,10.075569328058403,0.00014732372857337262,0.25114168468575954,0.8873460592434064,10.459552408208594,0.00033212708298430767,0.20457694291343817,0.9034314699224357,10.284017408574506,0.0002490357497383613,0.2198025143512896,0.8756504561305312,10.389901520531955,0.0005496494371849308,0.24566740718039268,0.9094918264913237,10.302932788463426,0.00017730825700286597,0.13781209822730586,0.8870101997626333,10.705386919823908,0.001009078620751352,0.39890280885695534,0.8382943072444821,10.247067298877147,0.0008155669327420162,0.35133655671574987,0.8366819045582949,10.09247502822024,0.000730282469974805,0.1962677122005966,0.8524820157940795,10.147970735440543,0.0007271408705359046,0.3255558113468696,0.8683170955524007,10.3458161954417,0.0004298478327279541,0.3451484968454639,0.842639977073919,9.976377154026911,0.00036539894570360057,0.2103884483510176,0.8860910468370531,9.832137070335415,0.00024318004004848028,0.3005996300196037,0.8538599141671349,9.942134437941412,0.00010269686748473551,0.22223354802458284,0.9125438866181086,10.159182533521028,1
0.0001883789415575965,0.39782275216532165,0.8387943959946997,10.539789660207067,0.00017028591239695394,0.2976287698921606,0.8689304752007573,10.50796362660765,0.0005071045087586798,0.30846984180493825,0.8778418232711416,10.826880438004148,0.00030128603276502117,0.26183057424644,0.8635738656678316,10.304842169922214,0.0006795562242317655,0.27792924066746094,0.8911965780587576,10.448637986777268,0.0001540015347769375,0.119848693087866,0.9006077719823469,10.55424328442537,0.0009510759310249789,0.42925179668297003,0.8348800929874058,9.98569654341179,0.0006419792368728061,0.2883809558924821,0.8872573191192029,9.966877817109399,0.00046611851035714414,0.13699919489346915,0.8561714972638732,10.181937112226242,0.0007315224992448049,0.3023193275631221,0.8646101748560788,10.510899891183755,0.0003861445182678488,0.32772669204241467,0.8662688283622788,10.244733275927926,0.0006662033121497689,0.3581137561088127,0.8609636546628412,10.618238971534884,0.0002463738240225309,0.30749179482891403,0.8545537824074013,10.245514133481041,0.0001841353106570843,0.3465494926616094,0.8832394079188499,10.879358821143992,1
0.0002154423867657197,0.4399659794395697,0.8049552931115016,10.785352125502415,0.00017402885165364478,0.35586892172730283,0.844233648481262,10.747108585424677,0.0005646836858693034,0.32702161222278897,0.8657581002820881,11.125975836718986,0.0002985676443681897,0.3012138302603602,0.8604369851036381,10.647610303301448,0.0007529986669943763,0.287302036799906,0.8936483830227662,10.540551400154623,0.0001570950459457201,0.11835323942478718,0.9244365996381029,10.725287242123681,0.0007506805746855109,0.3660194130205219,0.8565463012631788,9.891239663045646,0.0006956160978264217,0.28723081364454545,0.9065030105154163,10.165900702867447,0.0005705960934875093,0.18341784000579037,0.8708057630417045,10.389577939236554,0.000969267220680192,0.35883856649275436,0.8269367566085205,10.446542139925715,0.00037762244213089395,0.302668091786956,0.8927253428888783,10.59949973418965,0.0009439310376817619,0.4236849686358327,0.8235169168965822,10.772966608633205,0.00023383226716300378,0.26565797891350107,0.8755042622634711,10.64943132620237,0.00022777193721620296,0.38725032860199055,0.8240961364309898,11.168479881833248,1
0.00019185029165776936,0.4397700881193154,0.7942503203907536,10.742976360465514,0.00010109984777032835,0.2583255931702484,0.909300812877815,10.63947983056969,0.0005302518021132838,0.3586572569516535,0.8501924389983754,11.11739737793541,0.00022043406226019508,0.2615083154001189,0.8721759849111644,10.379952235662111,0.0005489661498020623,0.24142886964126214,0.9023303878325705,10.613176064320092,0.00015227313004006045,0.11125220086377516,0.9399213434843834,10.383170177654844,0.000610051879092573,0.3128115282828781,0.8739069158352438,9.676699299180791,0.0006026474222293281,0.2796152354270864,0.9140330379968769,10.070046736912728,0.0004743121845576685,0.17003604521210966,0.8754457914131961,10.227716139155921,0.0008539096690931288,0.3286754833273856,0.8362108820193804,10.204129923875424,0.0002948096754889289,0.23818900576356475,0.9292459352197824,10.614294551838675,0.0009255943201331516,0.4249953049511973,0.8290713214900706,10.857718989814636,0.00018957463444800726,0.2192830275744544,0.9060856450025037,10.75006506238201,0.0002135947706742255,0.36722722400768165,0.8187276506322533,11.207938486882998,1
0.00017322830318523515,0.4174658520701613,0.7824991926377556,10.797905356104726,7.415839979710892e-05,0.2154738815093256,0.9123810203093833,10.793272126678072,0.000484810653201635,0.317780398953614,0.8201695524190649,11.116912505759538,0.0001903072955614133,0.24094203948424928,0.8354230792722933,10.225818450349282,0.00038402629191791805,0.20901270212122586,0.8929200894969435,10.874446448998254,0.0001279836759113508,0.10422307809228817,0.9370235569289476,10.485060732401417,0.0004016027045754085,0.23465655407714017,0.8943255460204204,9.579803639549258,0.0005651346174042408,0.28542143768271283,0.8832612773730663,10.32062872887412,0.00041035276814886364,0.17034527797879623,0.8886789681404672,10.156790103421336,0.0007508878476963258,0.3062455106557322,0.8254856429857342,10.097090646686564,0.00028752413958553524,0.22034300698148926,0.9288869119830578,10.418364816525138,0.0007924676937418455,0.3826854541438393,0.8241237411603116,11.038302226624953,0.0001855024103265471,0.22453557696295007,0.9110873883900128,10.53162370284548,0.00020575735936761112,0.37258012838758015,0.816148571001301,11.176152579736982,1
9.909198498771334e-05,0.2760831144080634,0.869758658386208,10.594771562095627,5.364248654476216e-05,0.15708724671400556,0.9199003158132726,10.828424258921912,0.00030278781384709215,0.1970600849267253,0.8450056690532414,10.789316628120668,0.0001553109211076819,0.2148602765629556,0.8408763655449256,10.49243094089247,0.0002938491022480703,0.17869174303145288,0.8856368430282224,10.9273797934991,0.00013438550566439886,0.09372972236444807,0.9259741301216117,11.002450731553857,0.00028084301055625847,0.1508796802866046,0.9067357562748709,9.980756144711965,0.0004552002322317202,0.251499116701773,0.880127470383519,10.698517988878606,0.0004745338612291829,0.18703328985611437,0.8880639033391069,10.520500173360048,0.0007033142057099843,0.30789604635955997,0.8445415277161709,9.982570695664572,0.0002754926476813273,0.21320420469032922,0.9003314155627821,9.984152419134,0.000483055230715111,0.2610931861950444,0.861745880368265,10.555292012892098,0.0001509778238315724,0.18227655846718457,0.9090487309611927,10.034072710101833,0.00012475938487334525,0.2518496130197319,0.8666289229929992,10.74463238563411,1
7.205569050246924e-05,0.22385896125853627,0.8990689210799985,10.230508313777477,4.311147329648904e-05,0.12848367490750576,0.9231943656784525,10.408372932898189,0.00018663749081649183,0.13759095849393266,0.8486041708666581,10.503743296944196,0.00012543038195370125,0.16304788997914435,0.8612408531057999,10.000822672161924,0.00021143788480617066,0.14347759895760953,0.8798865800493252,10.489760079222727,0.00013676296525313346,0.08524888467991415,0.9163635817109604,10.785342435368884,0.0003212463849495015,0.17019276905292022,0.8947284489014443,9.815353695149996,0.0003492747298742537,0.2084946601707983,0.884459813527223,10.603426966304411,0.0004496553907516402,0.17194551186150722,0.894865185153619,10.461407814379495,0.0006231813493691839,0.31020154032606123,0.8460441368010456,9.905189831944261,0.00040712471274802073,0.30425281588453784,0.8173664317818992,9.382191571903595,0.00028471792801149,0.18130292911974552,0.8721742432774918,9.565218375815409,0.00020148041844908308,0.2505288117150485,0.8555461359495189,9.193960637151637,9.031891535362005e-05,0.19754901193955512,0.8808435731195774,9.65761965966195,1
7.709767325799044e-05,0.22918899928867204,0.8977536179923179,10.268048924464061,5.419151409531606e-05,0.15443006052260208,0.92395486488702,10.544610866053866,0.00021887932214454254,0.15192891458648314,0.8668727355905035,10.394151897504674,0.00013270755578379814,0.162451907313079,0.8921682288856118,10.275802295852912,0.0002706348356039944,0.1897464945115419,0.8876210665482269,10.780224429997569,0.00015232369699789045,0.09453592910748967,0.9213025469154801,10.913363114640608,0.00028973727326547436,0.1605057224463895,0.893719540467284,9.990920789299755,0.00028484282082045554,0.15304370755538227,0.8750776469313847,10.952686356901495,0.0004495411980225995,0.16261759085467933,0.8880216478554137,10.534935893136733,0.0006517760808244836,0.3394223138146065,0.8561635240799896,10.040950597518647,0.00043545059541247555,0.34484075925775853,0.8060739364851368,9.353641104979035,0.00031239343976272185,0.19320543998140136,0.8534242620089768,9.487737052408836,0.0002304584323375185,0.278198677301537,0.8361347711723853,9.172355046209194,9.73611132832007e-05,0.2133019445155624,0.879460499646551,9.626094421878848,1
7.033115260758286e-05,0.2162239761319992,0.9144695519712769,10.430032241357464,5.1188507775862466e-05,0.15237508668643554,0.9140032168669006,10.653354848653414,0.00020395309333705815,0.15575152935982578,0.9002233166907593,10.607278656322162,0.00013063649404036062,0.13666418769112,0.9241005011904878,10.499689686975291,0.0003369849841944048,0.2302832612018697,0.8914886299310835,10.770561513901805,0.00018217696445703644,0.10092992528826301,0.9012234100806478,10.500065380195961,0.0002791427307915096,0.15265857861831938,0.8850441059035229,10.382877341403242,0.000217046885842685,0.11262984770069241,0.8837683028713786,11.069638889622158,0.00048231371337204937,0.1614017268422756,0.8848636758068921,10.897183376963929,0.0006777124154967163,0.3448505341227864,0.8669032757079971,10.19318001823218,0.0004316802490114762,0.354489615066684,0.8291226915757892,9.506191109019127,0.00030428882733450884,0.20514156141592238,0.885829705745243,9.688232666297466,0.00022117388086917954,0.25945795512313125,0.8485543650232567,9.320618193443835,9.247575682488863e-05,0.20884683406631127,0.9052716365608752,9.84614680781714,1
6.400068000581873e-05,0.21458325511707477,0.9274223274779173,10.258309629834196,4.789039653003605e-05,0.14224239310388098,0.9207786484482672,10.43670837005053,0.0001924172741017662,0.17268164302761357,0.9431069946227212,10.601398801034435,0.00011094341729649991,0.1142668400053846,0.9076605758774614,10.332736823044833,0.0003000888628686011,0.22965634664083076,0.880225134695358,10.603539512490807,0.00022305474052229229,0.10809336264534053,0.9049105011884057,9.909437622406593,0.0003104975312424541,0.1757771971975165,0.8882571285268605,10.38602274234584,0.000270549351691141,0.11797657732160752,0.8847358212152762,11.205717332889865,0.00047521406310274184,0.1418803288677769,0.8930421065135319,11.104488348603109,0.0005740830424552434,0.2966183802518882,0.8851684306224578,10.294353895322757,0.00038720167893882795,0.31975022346598886,0.8536775423005177,9.584997354477554,0.00027762645549470055,0.19706790059049356,0.919518536348262,9.814544598937651,0.00020801073877380703,0.25481100690924174,0.8641606174875142,9.372976781584164,8.783813854667971e-05,0.20721139539601324,0.9235796248721841,9.832850973862673,1
5.85653083193621e-05,0.18178174221942914,0.9187872610383594,10.84425709716788,6.253555382320568e-05,0.15938362289165434,0.9180471581363941,10.805420759216386,0.00018951122180419904,0.17043645525005385,0.9347321000986886,10.822718142446277,0.00011845412934726262,0.1256203689901477,0.8946360410293357,10.975668384208776,0.0003169178686795828,0.2227403482324151,0.8867446634939875,10.883393187802486,0.00020382730995995892,0.09854388790880032,0.8924321173115739,9.814399805760935,0.00026454401530256934,0.15285378828143226,0.9073834587943496,10.472426618204826,0.0003042279828215071,0.13245152753169526,0.8998099710676024,11.212127897471959,0.00045334478092014127,0.14085945016783452,0.9072902548064298,11.270806465566986,0.0004960413011552284,0.2520012614895873,0.9184623940959639,10.661682998650692,0.0003136247121017827,0.2685426635241751,0.9114734351078653,10.529535061323466,0.00026892006312570737,0.18828310385073266,0.9265061852313077,10.672304267653812,0.00018776944815761045,0.23861881474143515,0.8987355048304485,10.292386488045898,8.608890174304195e-05,0.20539022895539114,0.9305704287547003,10.859295305426437,1
5.6102152280724535e-05,0.16077591711574352,0.9057957661819541,11.071319100891039,5.683692654979552e-05,0.1493852404848604,0.9043622373485026,10.529876019805405,0.00018468590054422645,0.1509049882745625,0.9207007476984694,10.962133358861518,9.157545432354958e-05,0.10212865807284573,0.8744088794330365,11.095024590946354,0.00023569615836339984,0.17014493885044382,0.9277284444792628,10.98697869527529,0.0001758374187549778,0.08851372067700107,0.887383862734604,9.604470239015424,0.00022794467045881314,0.1384277886270571,0.9140611926281793,10.365453416813523,0.00032287219198895174,0.1460776316948486,0.8985319089219977,11.416330757986232,0.0004271356815389064,0.14408189873538704,0.9131893780239023,11.372915226654063,0.000411833663183519,0.22760679305359702,0.907185010638967,10.750799784415568,0.00029011429692741235,0.2439755141401286,0.9051510280410888,10.867295348038674,0.00023242653047942768,0.1456809713997603,0.9167644789211125,10.87285587246635,0.00018272157541596607,0.24405483716016765,0.9113894093935659,10.482592034065762,7.625451796491066e-05,0.17232991056482086,0.9197229398444792,11.234341569704656,1
0.00010407345448473114,0.25356198043029066,0.8784661842627964,10.127559080834793,9.952096264651409e-05,0.24044383486243592,0.8725007765946109,9.731528452714006,0.0002678705352528319,0.18276529880662512,0.912130293269583,10.589282752488366,0.0001312371952937847,0.16666309193565285,0.9050635538843605,10.331238783662386,0.00019655643821940366,0.14193359294906158,0.9256948382541934,10.179407213599498,0.0001995203244152992,0.10611933071993677,0.8832184844592964,10.073720672162766,0.0002557403210749112,0.16089264494557357,0.9126730038066309,10.37808289050478,0.00033275122395654726,0.155424607069702,0.9107528831366168,11.17773834245519,0.00039928316748335873,0.13785733474398176,0.9141111394289766,11.083298040225992,0.0004710550618056594,0.2445892863431355,0.9135939714897788,10.628023341070326,0.0004021987658129322,0.29529338342502337,0.8972066233721493,10.575084881496343,0.00042435250890420124,0.2175391938804971,0.8737610528395324,9.839955215547,0.00025728166387325134,0.3320981336451317,0.8834052126252585,10.098233998041081,0.00013070557136014952,0.23525480026666293,0.8922958239856658,10.254897550077454,1
0.0001582792400910383,0.3635348389437262,0.8297499043304759,10.415651549742263,0.00015495785430228077,0.33987821334754453,0.8237916372902409,9.839684461904977,0.000360624778578362,0.24654440610593664,0.8869679860968195,10.564483896032689,0.00017083041075271766,0.22260086250307887,0.8920791749726658,10.18269881965907,0.00023722395834847745,0.14776249948933143,0.9250363827401804,9.80373971440324,0.0002285292494711064,0.13417379759201503,0.8834643601828768,10.728734987722637,0.00036793721818488616,0.20696220325059295,0.8680208928092092,10.832346436763018,0.00030370803605257604,0.17559583759056957,0.9213536584455392,11.094344368600465,0.00034819671188853765,0.1447066283111422,0.9147276305476185,11.025537004122421,0.0004820980868624513,0.26201069729311455,0.8937835404680324,10.855381965058685,0.0004402779667401572,0.32682659158002486,0.8790293007115538,10.709236729692316,0.0005380692963833981,0.2846543377047611,0.8391102139913101,9.956886494111512,0.00032187255300539,0.4156287738548099,0.8590604961930687,10.398596398918222,0.0001795089798052712,0.3257370163251868,0.8556048089283962,10.406800383235273,1
0.00014690497469475424,0.3656945161788435,0.8411258906257597,10.090077501225474,0.0001570796139823147,0.345910860424312,0.8312062777773085,9.593906258368454,0.00030186091640054533,0.22893141345406437,0.878171703319473,10.276358184925787,0.0001479069559839216,0.20316251571681684,0.8951049598824531,9.706424322387408,0.00024915954970324326,0.14315765852769066,0.8905566609341982,9.218938604105515,0.00026714833535326565,0.16580314768836454,0.8881201104563965,10.485161558799236,0.0003723504269105816,0.20073047543185002,0.8671595023541598,10.905822110434856,0.0003105755376779653,0.1675509976640088,0.9187686539785908,10.897647469173503,0.0002711990260552367,0.11550381680057506,0.9296826130800346,10.793295429767605,0.00038132269739739165,0.20297319467599725,0.9177141062534058,10.68325256777299,0.000325721101571029,0.2544558983430702,0.8953655264661784,10.400583744696666,0.000454965310674638,0.24934996455436353,0.8518881328019718,9.576453836999178,0.0002813389848188488,0.3434851504125148,0.869151395473229,10.227113509468355,0.00015538190246911144,0.28187093732569923,0.8807561264166731,10.035777551033892,1
0.0001475318754674659,0.3591046497578164,0.8447078850284833,9.930450343101233,0.00014827780387982755,0.30964245774400206,0.8524294031826858,9.59807906278097,0.00030744591713778206,0.23290100870601463,0.8785064061501363,9.955875320254373,0.00014137807648133946,0.1909515293383773,0.9051795177504282,9.602588909874623,0.00021362154118546352,0.1206976275708931,0.8737968382376634,8.880800905544643,0.00029649031765381417,0.18796756498530287,0.9018180819092138,10.565921059367358,0.00035230062632144,0.19851479663824764,0.8893068164061202,11.039393940384247,0.00027039708817441587,0.14335092048202897,0.9214275184051081,10.834003599187653,0.00024130320608596552,0.10346168260487426,0.9319186459549318,10.792327289685225,0.00037824025169092256,0.19877606523113145,0.910314452332652,10.768442935150013,0.00030021772602106594,0.23629174190348734,0.898005485631757,10.33115250941036,0.0005212053973806732,0.2899521865020975,0.8468750320895095,9.501519549491368,0.0002595900672877437,0.3291741298530936,0.8681604371982717,10.325626074080091,0.00016544599106322735,0.2782611062552454,0.8819133575487655,9.93923977203365,1
0.0001085971546754808,0.30883761127219794,0.8725404246366453,10.33827312016184,0.00010832084665407498,0.24949479633802507,0.8986958127174376,9.921564889306163,0.0002527056538143206,0.23045820377705054,0.8465764210934841,9.913942549825107,9.725092934489816e-05,0.13922837263130083,0.9097888466892464,9.8310216546919,0.00020174386287582347,0.11278364405567931,0.8822750715697795,9.157977087080875,0.00028697959027346946,0.1800346093430241,0.9012074434387546,10.648051585642456,0.0003031530046815461,0.16102753439964496,0.9155208829904886,10.45566757918988,0.00024809532557371256,0.13395022125628644,0.9163335424008486,10.93722942017111,0.0001996542563563686,0.08906165672815311,0.9201290339554251,10.826196239397214,0.000279712159712645,0.15696217196475792,0.9397706649396238,10.664661192943326,0.0001727841734907955,0.15150980857447563,0.9235406938665862,10.498223926753946,0.0003350038139249072,0.19790496493805174,0.8797901748500658,9.854429118864704,0.00018945603663188146,0.2483304224651807,0.8875206087976418,10.760736041465995,0.00011375780919336794,0.21900320954836341,0.903250428620342,10.355155577735273,1
6.242240822537408e-05,0.19156072670153662,0.883144867546412,9.904857468979005,5.821347116819927e-05,0.16321239733058415,0.9228356338407909,9.827995308667134,0.00016997887866484053,0.15436075056591123,0.8214043554541653,9.695383452769534,7.321673188395719e-05,0.10939895134076831,0.9317611197891028,9.761439670479037,0.00016493752506666382,0.09769969734087816,0.8793025921954704,9.422686157745545,0.00020377240702727694,0.14875848872511363,0.9229487451371217,10.47344133116143,0.0001666763757120186,0.11277637059109132,0.9195027806846476,9.034314528891684,0.00018711233199394307,0.098658342777785,0.9091207816236138,10.563156190289574,0.00012664659531415334,0.05327408262915535,0.9068966728672208,10.360346335841154,0.00018481971747242822,0.10717666041473779,0.9285583294038297,10.279336129189273,0.00011463103764446238,0.10913541489584132,0.9373482650507,10.22046030402371,0.0002083179341345605,0.11727393489366504,0.8453690298669019,9.665723367194879,0.0001187569960748884,0.16972556952165146,0.9209510422851486,10.501704775434028,6.573484744574069e-05,0.13324842600748904,0.9045867342842865,10.0948740125511,1
6.080454739212483e-05,0.19225788028860732,0.8845983344202736,10.115200288968683,4.684109093100632e-05,0.1578796211617097,0.9109732872253714,10.215749791277638,0.00018713473433117154,0.1441170737431253,0.7863070782083602,9.873664428597788,7.53489771706679e-05,0.11045523513982447,0.9335648183072676,10.030217710096748,0.00019591242093832992,0.12382572552052563,0.8403541382749214,10.384071504958468,0.00017518532319339139,0.11903242533033197,0.8896027112074919,10.788670952626434,0.00021314980000786138,0.15000794939888715,0.9088745041479025,8.859166975449506,0.00013891291683816736,0.07648096704374438,0.9061100870091072,10.6767033211203,0.00015350424762974023,0.05926018413044607,0.8778242702288769,10.732599012193758,0.0001967258964403883,0.12610033322828892,0.8775485292592446,10.331246199329497,0.00015394920947850124,0.14923952587627942,0.9189960323616256,10.376606142925866,0.00021686054784176225,0.1180272791542624,0.8072092470138311,9.858909135353585,0.00011262774857331633,0.1953856771873021,0.8975805861455741,10.361623150270882,6.704337782059255e-05,0.1429479613852589,0.894216541121976,10.212523030142348,1
5.85369107749902e-05,0.1929049048132732,0.8918433423323062,10.378504386554537,4.619495804047136e-05,0.1492387461352229,0.9043742940086729,10.326827254698653,0.0001517917978734252,0.12612034417282397,0.7631573344971084,10.203955836543166,8.006350779099999e-05,0.12609242037245103,0.9324684916196874,9.972471118518024,0.0002339835998417778,0.1460440690303022,0.8219800311660945,10.774017677610107,0.0001418387878734655,0.09217875739852445,0.8690286140599875,10.938706016598639,0.00022924137687769998,0.154047195513154,0.9047765149194731,8.976314339704428,0.00018946697126791582,0.10891687982184174,0.9075517452296248,10.724113258786549,0.00022253638203224241,0.08686628159736239,0.8790178522255524,10.839612475157997,0.00020046120901630674,0.12377661043646146,0.8572468271736413,10.335442755937803,0.00016218266117201238,0.15176150266714813,0.9199255736850507,10.554661125166286,0.00016488386251234933,0.08288119913586499,0.7998547372173647,10.373658076512012,0.00010586649340722495,0.16770733362720489,0.8915829572448446,10.471303176478402,6.56962405277443e-05,0.14171508742102842,0.9084213465069705,10.566603638182057,1
6.234564386025626e-05,0.21049963603818478,0.9000820469631498,10.235475127077782,5.1570797762305146e-05,0.16231766658261662,0.9158614592289979,10.332574195478387,0.00014225352079420746,0.13080843489778526,0.7803875343571383,10.281936367746995,8.46397108416614e-05,0.13483709053426243,0.9152161722975525,9.94282236595497,0.0002750113281484823,0.1636374272829746,0.8124769296687788,11.227861506029527,0.00013574131537330631,0.0859933991322197,0.8649563694994933,10.502440580512998,0.00028153306154797076,0.1946674547797084,0.8899190653097115,9.398725511079371,0.00025768904752630577,0.13847480585539637,0.9117075383727141,10.927841726559928,0.0002669185258097767,0.10578132439739933,0.8814740319538336,11.044388731604867,0.00022017539756428471,0.13103556589222878,0.8414169123615431,10.883316091042117,0.0001587832754641443,0.14161588820015963,0.9082137049638067,10.974561950047319,0.00016483325073300535,0.08918376842393208,0.8174859574034554,10.539246391586904,9.289994578401832e-05,0.15282052752438627,0.8934348299916923,10.88721131268005,6.685813974901186e-05,0.15073366861148121,0.9282101645926405,10.495058147973293,1
6.036281867225896e-05,0.18739147614976667,0.9040862581410768,10.23941777406309,6.301007190335711e-05,0.17961015517548798,0.8828242484084291,10.500903623252704,0.00012745111769780183,0.12087526032163862,0.8019743510380679,10.17327755135335,8.106896472032422e-05,0.12347267633981225,0.8582671299533973,10.417577052846928,0.0002853608114708055,0.15904210950910483,0.8546367589171948,11.261191994493762,0.00018267121423623983,0.0902572505344845,0.8780782380095835,10.764793687791604,0.0003305138583609768,0.19397999033846686,0.8850638796159817,10.083629746195225,0.00041573309995922433,0.21554263177658234,0.8955269994061433,11.389368688128565,0.0005102995481528049,0.20072503360821398,0.8813569255915998,11.4784010945203,0.00022157608061367456,0.1293225213225232,0.8505214181281582,11.144095072075794,0.0001443171562144395,0.1190916961724208,0.892599985932504,11.024130822598735,0.00016855001050836531,0.09188918183504667,0.8277354226327646,10.490814157066898,7.487178523725012e-05,0.11826075850563929,0.902372022186314,11.168795672958039,6.897509703082395e-05,0.1419196036631697,0.9332947672955477,10.419596273952594,1
7.069201094804056e-05,0.2104558631864134,0.9204336288802814,10.37934541535331,5.3856627578382634e-05,0.15201212885147725,0.8761494009505638,10.36118316150126,0.00014130559731788,0.14582075257321295,0.87934127430151,10.206894040501698,6.66967280363975e-05,0.10711164607607432,0.8490929787554493,10.380805183687304,0.00022360464182463797,0.13582608421477024,0.9205643100631393,11.25646239430184,0.000283984256885657,0.14436031252451434,0.9030236697033429,10.940973820912903,0.00044255757709837104,0.24202653217031408,0.8949053078091195,10.903346164167125,0.0005376566682193766,0.2534939151131703,0.8743174321567225,11.623358991606212,0.0005834685629113945,0.21246989377040118,0.881110400446423,11.644025043075725,0.00022064329866030332,0.12467039729922463,0.8833336131144658,11.096860687475717,0.0001864412470623528,0.14683798903242495,0.9038212259842744,11.11931326123777,0.0002379344230067629,0.12457689504286797,0.88513185732317,10.780268060379267,8.645412318362577e-05,0.12695739208299608,0.9335741696567031,11.279291328775967,8.76371226231465e-05,0.16402624767861795,0.9234448461321306,10.72461144381791,1
0.0001247339131306651,0.3357298735726654,0.8569349967111641,10.162937554808892,9.055030150315445e-05,0.267972959460083,0.8355772765654063,10.0548269732105,0.0002710999561200801,0.2498164312456125,0.8700134840515517,10.080954897781732,0.00014352760831021197,0.2100101877008831,0.8122146084991994,10.129271769123436,0.00026883207426250396,0.16913182150784814,0.940086167655064,10.498954376328363,0.0003298124843801389,0.1669745373107345,0.9151697545710314,10.76244028697345,0.0005142489385917379,0.2751647508436014,0.8942715565446093,10.804666824328448,0.0006453890627591691,0.2680308116718137,0.837037594319424,11.313033701988081,0.0006856950575917993,0.23195636755429513,0.8720419534610055,11.293903081541831,0.0005340534964576793,0.26234317629576037,0.8506719663687109,10.33340655730611,0.0004530307276476969,0.2913841846980611,0.8495586532137295,10.361992508344388,0.0005046900954796585,0.25209600719424824,0.8467001049879342,10.305883705388556,0.00024622745930938795,0.3108142038584751,0.867941926800272,10.275082240222865,0.00014537937770403827,0.2533273519880713,0.8963533188841692,10.28400571961454,1
0.0001257843603054363,0.3285786486771478,0.8654467550353481,10.192353491749536,9.348460332297165e-05,0.25966378559137815,0.8527246728991884,10.071810352172726,0.00028909257160678433,0.23336939242343097,0.8789247594155853,10.038792275313071,0.00016125991362866553,0.21616138074863592,0.8418669963058568,10.169766977239506,0.000260716546244294,0.1761796699942069,0.9213366070566813,10.108291628728661,0.0003340749973989644,0.17200733567457824,0.8971154647185623,10.87835535770662,0.0005002482967612189,0.25475458865614065,0.9046221861562016,10.786444789434745,0.0007233714748835249,0.27866658475053546,0.842628164373634,11.367483412269962,0.0007357284636660042,0.214997446923007,0.8854306208414716,11.351101306762091,0.0005568182025789979,0.25581614603552044,0.8780915981800893,10.201125355863994,0.0004922862754564032,0.33196088138247076,0.839563833948949,10.241836157144675,0.0005552330743465231,0.2668961671457062,0.8499319886764647,10.262856738453504,0.0002687892325085694,0.3339357422294645,0.86505989137152,10.10955172705394,0.00015078225452057315,0.27411816701236935,0.885537081971923,10.256289743969184,1
0.00012143835286709237,0.34018724563045644,0.8609997590446069,10.164678936558717,7.897374764738186e-05,0.2011481746533346,0.8728503634626421,10.009584606408852,0.00028463912423823824,0.2399954763825685,0.8904335676533744,9.989713949400205,0.0001544363629348708,0.21135813202941142,0.8424570078089909,10.05837661420084,0.0002920919014221733,0.22537528836816922,0.9113503737000311,10.416025816128547,0.00035623783329013223,0.19657749694238694,0.9094842700099588,10.908344376140684,0.00045743695815558295,0.27151481410770323,0.8917283124696218,10.614952536035657,0.0007339623872685083,0.2690639151925144,0.874610629056279,11.226985452913027,0.0006575588531465151,0.19680082653745368,0.9031000175526847,11.13562015906262,0.0006601161046921606,0.3094302425360891,0.8665193419428099,10.252337790618583,0.0005702996924683774,0.4020396848203337,0.8230231109152186,10.282347956391666,0.0006158224526309973,0.2788066833925199,0.8619817144981836,10.231230600366956,0.00031522778622516376,0.39611320189506355,0.8319846774604299,10.111377304309173,0.00016678124718204516,0.3242409725639493,0.85781557069381,10.256244450994332,1
9.76119892057065e-05,0.2824668729669933,0.8469338646329893,9.988644149343408,7.978215930039578e-05,0.19819278651672184,0.8747722954357389,10.087637006190636,0.0002419567596708966,0.2245070793203737,0.8796648181426262,9.795055715720995,0.00015894397225270075,0.21970129286817486,0.8556287193413669,10.011423203158467,0.00028368183343600373,0.23019612162164452,0.9233552553126877,10.453024258052983,0.0002573565661043081,0.15967408204475797,0.925246012770087,10.646225829016164,0.000370152130855136,0.23472280505852638,0.8949196783326364,9.634865749861186,0.0006976002151397344,0.260741449545675,0.8977207459697296,10.9514860121162,0.0006381077101491735,0.18924886508618352,0.9196510247924602,10.818291345198563,0.0006745924404200363,0.31148602757631827,0.865427216082111,10.257563222819206,0.000500688502976891,0.3562953264241564,0.8129059780656123,10.14243357445529,0.0005396798686967599,0.2649856901647007,0.8510285427955943,9.955201320138556,0.0003035313110447831,0.3617900489622162,0.8125754578271176,9.958519105570447,0.00014329116412225174,0.28863113288935865,0.8457629756213483,9.890901631709967,1
3.4588580773727004e-05,0.12306367138252701,0.9130422707986143,10.060571434283816,4.152559736319409e-05,0.1076790299425123,0.8951078427260648,10.56077528757069,0.0001066526160726011,0.11153892583950846,0.9250446414950066,9.949579340519106,7.195125357065373e-05,0.10818854766051186,0.9131721394640552,10.336753562938181,0.00019360783520571505,0.14737197248531206,0.8703720831582975,10.955301674595486,0.00021524111018944524,0.13537589128401975,0.9278632691568978,10.861111318870819,0.0002981364229070373,0.1746536602476533,0.9039672427931035,9.396024654511724,0.0006645900637576083,0.26763452793339343,0.903378639677637,11.328457890779703,0.0005138121607385579,0.16425357556372666,0.9143680321794239,11.11835952686797,0.0003536810694699871,0.18730406047990947,0.8966303988486157,10.638092401141174,0.00020632462883451693,0.18824382609168896,0.8242282202194368,10.335074917652447,0.0002351709334274607,0.14720810191229872,0.9176437471609149,9.90490376268271,0.00014843051928831045,0.2163047316387339,0.8497435720016703,9.80650337162336,6.665228244008624e-05,0.16766809566902188,0.8670214320023236,9.819636154727721,1
2.6862674440626158e-05,0.099619041741571,0.9168991064293266,10.558587346331036,3.401246053835436e-05,0.09162178330397791,0.8812047760182237,10.106463702805087,0.00011536007166255652,0.11814963304584122,0.8909032395224541,10.502715219774943,5.1582032058081255e-05,0.08236022340130723,0.8723195610300517,10.348412775081082,0.00018891484263923385,0.11470235697066912,0.8070080446963309,9.668399257836215,0.0001936078967587865,0.11659988353594933,0.9087718411288517,10.893908624182986,0.0003274467809849214,0.19230733883730766,0.8903399382378151,9.31988562623142,0.0005786741862891331,0.22923458036453317,0.9070418228337742,11.332057554942953,0.000443594526542999,0.15235472510658302,0.8746215291914409,11.012389886023836,0.00029101350578451514,0.15635296632182763,0.7818356285547194,10.787668060743565,0.0001736734314349205,0.14962343525564303,0.7258318697691575,10.592699019596221,0.00017208635796413582,0.11567943747087402,0.9091566260111739,10.089727983431342,0.00013097836764279914,0.18695029104789126,0.8042565110483958,9.412532571594358,5.2454065017649315e-05,0.12945157882744837,0.8614610224920194,10.009790321945143,1
3.109705674806488e-05,0.10599395136348692,0.9289524797326512,10.850234965073128,5.3744847417105474e-05,0.14690892609820297,0.8416851093674144,9.551302758641393,0.0001295795839261203,0.11335418599755884,0.8498354361949461,10.986736858513835,6.92601765052322e-05,0.10728276175427016,0.808384219503135,9.999896024294884,0.00034173334516265105,0.1682645897449073,0.7684904163283919,8.751256281695246,0.0001556061283597077,0.09535880591659744,0.8600252049179324,10.435357323027505,0.0003736462212261573,0.18266814511010868,0.8834998075854589,9.279507890507992,0.00047082098795214955,0.18349002016021193,0.8962484325459807,11.192654345628057,0.00037895651648375253,0.11379037641630362,0.8459933550043134,10.388808877922695,0.00025780152509194615,0.1214224332556579,0.778054792610467,9.666363881041493,0.0001485493784575194,0.11478073401267709,0.7378550632617928,9.844945638472158,0.0001481842749204094,0.1016071115974033,0.9195839366159355,10.25861279168706,0.00012446612911888848,0.14762111676625997,0.7971138985947984,8.95791206193777,3.953953247144386e-05,0.08563858411933192,0.8729180002509257,10.18644495414155,1
3.9855497413795324e-05,0.1407829024165859,0.9312675571525825,10.754948276470085,5.845301867920638e-05,0.1584781776462236,0.7984054507983948,9.733946725328298,0.0001767899786059602,0.14599714166615288,0.8578627703434327,10.692640923635295,7.943808338686456e-05,0.12259343311926679,0.6980835442792048,9.81992658541584,0.0004236185626510288,0.1970714426619022,0.7546640415462156,8.845909155426593,0.00015024127542071652,0.09238419477750236,0.8587641248273427,10.688826334492022,0.0002999647093551401,0.14027253453553715,0.882391329951649,9.483500954608592,0.00038647375077599945,0.1655112475824235,0.9028679916590088,11.203795243012982,0.00032302691891530655,0.10670900095191828,0.8603279249655138,10.128741711828788,0.00028740419489556475,0.13485511633391337,0.7897029561552091,9.407646650176602,0.0001576827582425856,0.13236425275032715,0.7419504885440505,9.866870823062532,0.00015580728272370599,0.1088840614058849,0.9129931372343488,10.518628251317024,0.00013034798169633566,0.16469928758823452,0.8052000542765115,9.076733388464064,4.0598795862210424e-05,0.09173620288915198,0.8982667593373159,10.70422637417743,1
4.8278022406825636e-05,0.17179869676898973,0.8890751542472682,10.813998805052528,6.886778055482245e-05,0.18959212682237106,0.7726002861253242,9.72111277527536,0.0001989527398046639,0.17493784587548192,0.8568115468921019,10.558567761474826,8.457642749287626e-05,0.14019067402328078,0.5609387607616411,9.77287092071746,0.0005015053177585888,0.2315968499537408,0.7640342890915742,9.068533960629628,0.00016492468901041615,0.0998283117866998,0.8501122865266594,10.710503167212904,0.00027132625982140014,0.14006982081972688,0.8734091725993359,9.657058287736016,0.0002535531811804748,0.11511917343642505,0.9135205746195149,10.922565375210247,0.0003307833261067693,0.10547825685593078,0.875623744497261,9.992645389606842,0.0003953989960280209,0.18710519910182996,0.8104335899877853,9.637994768544747,0.0002172222138686391,0.19104517658239187,0.8240638440438188,10.146135697199266,0.00019615071770694747,0.14290140314847655,0.8998935014078259,10.529447422123582,0.00015640000352963558,0.20908517705153806,0.8424417305153551,9.540210343541162,6.139685248145635e-05,0.14264079812041744,0.9086461259727303,10.80358345068785,1
6.167501415023987e-05,0.18550764368618122,0.8864560217355729,10.474134246863324,0.00010343634464622713,0.2260119255316974,0.8204152456385471,9.692119961315804,0.00017953758451275123,0.1593535242091981,0.8805671098014299,10.536704628450066,0.00010183899412356328,0.16174427102417893,0.552040171457312,9.854440031404566,0.0006006656059700564,0.29658031928668815,0.7787026609870543,9.62880354809022,0.00022128309749285837,0.13879506472171355,0.8570811711027805,10.712785219760866,0.0002182055191258241,0.12902945575854025,0.8774469680597133,10.012893299267859,0.00026527561410993953,0.13248184035565364,0.9349767556879537,10.628612511706518,0.00033933230400683703,0.11518515630482895,0.9029796966176313,9.910763192836955,0.00043718033546058315,0.22136764758408226,0.8868017141590215,9.75763750593387,0.00022149868444126662,0.20841184036661342,0.888261017318163,10.122085684836069,0.0002065992232168827,0.1560574787800137,0.9017364579177417,10.415299024990164,0.00015935913253457482,0.20626177228472245,0.8831568806377792,10.065687563208034,9.179236684484322e-05,0.17356486351358105,0.9121597886299642,10.737596817382794,1
6.742225858221222e-05,0.18652335778734838,0.8840903140802325,10.104325290243278,0.00010528284258151614,0.22661057150711314,0.8154706215302782,9.771990996189201,0.00016733026843305404,0.15923896249363378,0.9162593671611377,10.422353937850533,8.951792326752068e-05,0.1522917731459354,0.6075152286904225,9.967368099385174,0.00046698231023523096,0.2546028672563421,0.8398774970267202,10.772406970979347,0.00027253222648863083,0.19819432465931655,0.893723846349254,10.690411358746395,0.00016691989483055356,0.10828960087550983,0.8841477494904967,10.649865556189136,0.0002155519130623894,0.12759659620445185,0.9426752197940906,10.614250730227749,0.00025077763890015255,0.09889384549558586,0.9153854584050779,10.073739756537961,0.00036782021698851167,0.21383934338725807,0.9027726196558763,10.277980655508326,0.00019093111457460857,0.19208074224220956,0.9054481571039721,10.741877622862626,0.00016741260348949913,0.14277117978783996,0.8929360814684264,10.533902596470677,0.0001301448425184462,0.20957958317463987,0.9151956178386915,10.75437361634695,0.00010724480944171422,0.1630660040069446,0.9093512313160313,10.540006303172614,1
6.386949430770692e-05,0.17745593882657507,0.9007526025873724,10.160035039108253,9.94413096632707e-05,0.21930276474356178,0.8462653535547885,9.695113222949075,0.00011983346536100281,0.12260225702575261,0.9175100545782445,10.989257991722631,7.984453982897531e-05,0.14530751821461915,0.7060622341154433,10.31843961443987,0.00036665745544431274,0.21414287630643997,0.838417915895917,11.317174857347565,0.0003172024612345725,0.20711182452616556,0.8868899668463538,10.420129441856167,0.00016282802634660484,0.11222177317441956,0.9155944692726657,10.35582313015959,0.00019317325230585924,0.11177781099562492,0.9217726666458547,10.720973253351687,0.0002126781412916818,0.09077107511502264,0.8816843968806114,10.39232253742729,0.0003554425562616165,0.22307937534258546,0.8859073821541109,10.657902528809347,0.00024141176741094775,0.23006616663343776,0.8855199873092003,10.732414297590019,0.0001440061563709775,0.12721312791432135,0.9030673126473346,10.695091284558432,0.00013252404037041087,0.2322505914834099,0.9067457241955845,10.691782280198218,9.719200309216602e-05,0.137071837057955,0.9157229474635832,10.55486498339276,1
5.2244375924812556e-05,0.14355633646282717,0.9140516932577447,9.989544039762754,8.996867213192477e-05,0.18695513589037896,0.8963721254716582,9.608878427064683,0.0001016323962183002,0.10178360140719496,0.9238009089830574,10.599482663673074,8.32180953340798e-05,0.14493392975308655,0.8896575043377267,10.086026015590052,0.00036966173398226664,0.20690557121385164,0.8604294453655983,11.265983909414695,0.0003348035487781702,0.1955850724862217,0.9081850244140716,10.493549178526807,0.00018627367475466844,0.135513550127069,0.9183129908786233,10.421333235523928,0.00024788576860419395,0.12997721986010335,0.875464678066945,10.534851577737637,0.00019491874730169398,0.08032049037765171,0.8506535340596661,10.40068576233043,0.0003095029423623191,0.17184519050002645,0.9045806079652121,10.67284671054957,0.00020994304823521016,0.19990796816985282,0.9103355153915921,10.667596373867134,0.00012538712879160425,0.10515815221386093,0.9265621351350007,10.425748850585682,0.00012486332612952937,0.2082110426124356,0.9065671372031026,10.259377329533898,7.837353534731158e-05,0.10409745472539403,0.9273198561511582,10.464107015979735,0
3.488717220345883e-05,0.09849168188825386,0.8925874062365747,10.045109250521579,6.270977881347439e-05,0.14515615880239086,0.9269636660984449,9.715120073507686,8.762520355545788e-05,0.08932189522133054,0.9314798948853314,10.110389578443106,7.570763567527302e-05,0.1333549010473249,0.9379055852761222,10.142083228318564,0.0003028150702277851,0.17373562173641682,0.9004925048482323,11.167856915291226,0.0003204754422763651,0.1927165928759728,0.9225118680531182,10.691060221750602,0.00017896405457247592,0.1290629586484459,0.9273192128049259,10.560181680468137,0.00017857189675908033,0.0909200254031262,0.855427667853728,10.105212042677776,0.0001736913110537372,0.06927771788811317,0.8544981231015378,10.264657022158845,0.0003158068792957837,0.17444020889074408,0.9161641660695168,10.661580636978302,0.00019887855312282693,0.17955645993624764,0.9235805767449268,10.573908374534659,0.00010890813394038577,0.09113834657298833,0.9239259557621755,10.281915160331012,0.00012816741425508737,0.19737553417272746,0.9228850824011569,10.193334761374121,5.1756327449837384e-05,0.06890934979193661,0.9308700518217662,10.413376231156668,0
2.493016815047866e-05,0.08661061305414854,0.8647874693407477,10.515335465518115,5.219382511768611e-05,0.13004732002689962,0.9192536918921818,10.208587673393916,9.00665137955782e-05,0.09606412795392663,0.9092017664404033,10.089912665867828,7.771016037700233e-05,0.13889983309596945,0.9092078541084412,10.134473151977236,0.000301703649138341,0.18684619535309993,0.9162205037259898,10.542911869639168,0.000290293666865456,0.15539595265883974,0.917284935104155,10.65002834556439,0.00018790795217261128,0.14807935160428887,0.9162742923133339,10.198623736177133,0.00019670829893828095,0.09577956174062824,0.854737200046283,10.050669171650501,0.0001864233374292242,0.06629891174481786,0.8530293243014629,10.359944418140442,0.0003053538532075612,0.1553416051376155,0.9038508508497138,10.661357546810008,0.00017824873851649686,0.18100714844710517,0.9185146367141112,10.578532031243904,9.914144497229075e-05,0.08714894651316389,0.9025786933374623,10.101991818167766,0.00013953615824136082,0.21172783106874707,0.913694498165603,10.394811353013806,3.628029036117777e-05,0.06009111493973122,0.91417031718882,11.047044877066051,0
1.9115139151439207e-05,0.06296056973688592,0.8687946650825439,10.32468692084623,5.2961903137328185e-05,0.12064307344749972,0.9185604210960104,9.923175377551148,9.490628703792147e-05,0.09201369100854132,0.908842964501801,10.081457226515885,7.271235443573275e-05,0.10946729595958044,0.8922050544196912,9.932360922956338,0.0003126646466666363,0.1390167438681263,0.911999233030212,10.419048247843286,0.00025022144159000134,0.13429833287952198,0.9130133221850901,11.085430038123501,0.00026331565514942193,0.17415395297350103,0.9087972224620411,10.665347788681922,0.00027061734434866255,0.11833627369659848,0.8444358579323007,11.117641588984199,0.00022676963372095905,0.07346207059830887,0.8544882102485362,11.1753844036207,0.0002476837917804374,0.11763314157170329,0.9065370470098916,10.652704733828564,0.00011105599140307017,0.10371720332298606,0.9072651027265914,10.58419194713415,8.142925815839837e-05,0.0677195182808489,0.8703727694916312,10.056881808362549,0.00011569539599572259,0.15784848269122592,0.922709871185188,10.519457722599354,3.6883965742567004e-05,0.0629541281342298,0.9088782578586401,10.89447361142966,0
3.237910418067e-05,0.10368442032946158,0.8921639030332078,10.331790850748552,6.577787016659394e-05,0.14884272586615788,0.9191291097252902,9.64235011615932,0.00011217707643633936,0.09641091307375695,0.8988853524798588,10.15487446425831,8.962786589125193e-05,0.1261664710665998,0.8807899843663513,9.629556448999962,0.0002672732141123727,0.12282811458859667,0.9064217222668193,10.179428276772619,0.0002241861306420921,0.14309750133083676,0.9172917149849246,10.959700779760889,0.0002461623266262692,0.1603171410784911,0.9146499035799286,10.8051210850026,0.00023935723319460365,0.10315641761464249,0.8421895047105529,11.457554487422849,0.00020429134828311895,0.06518565296495873,0.8582348853621854,11.448448074348626,0.0002036012578195803,0.10505594562335618,0.9189400768103964,10.51466925618963,0.00010990584821751767,0.10617432283232184,0.9250138315047066,10.41351734996026,7.997644201544129e-05,0.06532480809407593,0.8854231667522292,10.747744038789481,0.00011278095763772293,0.15471532095468685,0.946164082954522,10.647589001439966,5.45898907414582e-05,0.0932625636354779,0.926333930145708,10.836061319699153,0
4.6444974389940374e-05,0.1694933275527502,0.891298384085338,9.729713983996797,6.854529478852688e-05,0.1632163692638947,0.9143377554147749,9.505422937868152,0.0001422929799621949,0.1311951526882437,0.8930830485483657,9.915167753958412,0.00010051549751662854,0.13928283085576593,0.8762490423498392,9.14903625820882,0.00027411270136027354,0.13261694480096267,0.896873988806469,10.121063354263503,0.00020021081546417382,0.1361784976893576,0.9259578864553432,10.534662453212405,0.0002666644324081841,0.17416923799665648,0.924451131696447,10.620617350567333,0.0006286494017221091,0.23852639944633425,0.8279689563948299,11.657217447917022,0.0004945673086611706,0.14099652414822486,0.8576372395644655,11.622163302790707,0.00037998728165852314,0.17474443297426948,0.9083755234164974,11.085545212302243,0.00021629206110659324,0.21642093784208438,0.8916168511459251,11.007749125194513,0.00013832666009211934,0.11581825159549121,0.9120900029163009,10.790369676643744,0.00015488276076371915,0.23654105435621695,0.9123497464650354,10.759950169051018,7.703450332574155e-05,0.13816040779732813,0.919161978266758,10.408743683172437,0
5.0911220110459726e-05,0.16877307995948598,0.8942319341962843,9.822193691315226,5.47231144501959e-05,0.1202441265107812,0.9083733552847902,9.273694982693382,0.00017331306806439917,0.15424431887731002,0.89530390346927,10.204558790167926,9.859947080509511e-05,0.11886819203026418,0.8897152002929748,9.176574291013528,0.00022089272503573944,0.104068804687826,0.9039022237485279,10.140613205378525,0.00017565544774889884,0.14952456975111778,0.9398890818922571,10.262209187702778,0.0003044700223340764,0.17574347555986153,0.9264222823633114,10.32105954551235,0.0008802357404505092,0.2724450549313162,0.8234852328429799,11.73999241713722,0.0007095804166655381,0.19057389324864724,0.8374626256237174,11.735921724339343,0.00047456249724100704,0.22423980482533695,0.8943707423402036,11.276576174235958,0.00026218445828512984,0.2496943459751724,0.8817236782269153,11.120707460982477,0.0002552920657487728,0.19063438033834956,0.8981312940274333,11.044134182462379,0.00016341668814690385,0.23194079346643467,0.9137714509203289,10.741227669205871,9.116153166818772e-05,0.16129452683816564,0.9227444194452968,10.501288955777927,0
5.559180192052752e-05,0.17309914658133835,0.898892771897698,9.858038259085772,6.179779775656536e-05,0.12832098877557258,0.8872823771900509,9.237138931168369,0.00017180470751236796,0.1531242402967433,0.9138585427525376,10.11947736442646,0.00011434227856748337,0.13125505597831907,0.9022367823583819,9.352408424583333,0.0002519108555164672,0.15351711750645805,0.9130262641226264,10.165804271687731,0.0001603711535963665,0.1672465793730995,0.9399123578796237,9.888412236474968,0.000259945697980908,0.16059188650790984,0.9009257432168327,9.839318940307885,0.0008061143299654161,0.27061190829738424,0.8311707881423245,11.547239348494562,0.0006597004650281001,0.1874393381100122,0.8529235328327518,11.615269945845828,0.00046979511002833357,0.24395422391120164,0.8842993572862892,11.339097810987582,0.00025030474750973116,0.266565012753673,0.8586096529411997,11.12706355187231,0.00026692674977402234,0.1970000535866019,0.8889989364927692,10.915309382592701,0.0001626607064001932,0.23578696390976855,0.8939050805274273,10.747209951730216,9.617604908274978e-05,0.16670737393257434,0.9268105468819657,10.444845485397197,0
4.552448328983133e-05,0.15130395399602695,0.8882937765522816,9.732112246982576,5.8778717773358035e-05,0.1269733996121818,0.8508046208495036,9.264221382287195,0.00013919138894140856,0.14637186265656812,0.9290400404265539,10.226013869866016,0.00010278506572327638,0.12332515347873181,0.9005152675491638,9.670197793422066,0.0002888548966501471,0.18659960654539995,0.8866697731888811,10.053375659791586,0.00017245432980227162,0.16449006848974665,0.9429781208067644,9.932153293702633,0.00025408132178817756,0.15061029537459486,0.8857346003498748,9.579747743171282,0.0007787785916783451,0.26904408228732707,0.8181771576443568,11.506634599319026,0.0006381962827039895,0.18976518222098215,0.8397840100755147,11.599423215361274,0.0004501487170450575,0.22244927266613984,0.868832814405831,11.485931883752915,0.00024372074852316774,0.21975781829774144,0.846438246962715,11.105886594656873,0.0002591678082778896,0.1909113981422246,0.8616326819299822,10.811767252256377,0.00016064603272671605,0.220222205938868,0.8841179232513113,10.820403794239505,8.876905111774818e-05,0.16228299970976592,0.9260687640330251,10.250732113432461,0
4.067178817453492e-05,0.13618427008254436,0.8662974388711137,10.164390033622132,6.0573081610410586e-05,0.1371369085452945,0.8382056017994032,9.811289567143648,0.0001270124301023858,0.14131764219276882,0.9099641157702538,10.482984194765228,9.61513503061372e-05,0.1289180723018936,0.9050257893273778,10.517790423156166,0.0002596184872744612,0.17178443588965955,0.8719856287293015,10.11656384482868,0.0002015755579733362,0.14858248527843249,0.9099757231516091,10.36071657687469,0.00022700808086723127,0.11475729836849684,0.894979192409907,9.343463001848969,0.00041480393674473413,0.1536518890924428,0.8637317586753788,11.255037642572042,0.0003870886130769208,0.12781885571790097,0.8848378464128748,11.452186071306292,0.0002665901877493415,0.14311546477292308,0.9086782497124679,11.132363422904499,0.00013936509419337366,0.13460593269553173,0.8757947485239491,10.561257007116069,0.00023199830721371987,0.16676214447950571,0.859465592351599,10.560212906609406,0.00011029759089414631,0.1666812034570378,0.897884478658056,10.72416046943047,7.604076973332197e-05,0.152598631307817,0.9032639359292801,10.56718787635201,0
4.109202640124071e-05,0.14338802399462236,0.8774857260930687,9.692255637293156,6.319942451221721e-05,0.15559162429842363,0.8646833248864084,9.754093688648688,0.00011294074723976559,0.1296331000481866,0.9042513153472884,9.897581173018196,9.696519615571089e-05,0.14247124425135554,0.9161559826107702,10.573660209036346,0.0002858643606455793,0.19516886888327042,0.8844018065724674,10.133882256766132,0.00022377385969217403,0.14463755645078527,0.905246987902763,10.711937365481557,0.000153663612019705,0.08437898174935332,0.9201104055530267,9.659118763612724,0.00016647063097896336,0.07490170998826523,0.8736531102131447,10.338834718637097,0.00022580859017569285,0.09525510492725203,0.9217100235762735,11.103439115622104,0.00019049793276437738,0.10791047028284147,0.9097165118985643,10.997393605112881,9.586431280672638e-05,0.08843430412678666,0.8582871451550184,10.000511395395462,0.0001413781743025279,0.1054074381798942,0.8773074617855,9.748520651706917,8.342238271735454e-05,0.14042412386856906,0.8835817385468852,10.537953527576606,6.0968371955952844e-05,0.12703043407876607,0.9066854875776758,10.081797709461814,0
6.151861845801285e-05,0.19629032329939866,0.9174744393038168,9.696790564900182,7.498631749257013e-05,0.17607742621238937,0.9159389090501903,10.044271654852492,0.00015565035816500085,0.17774720274772943,0.9036119491107621,9.908710910406489,0.00011634224119161893,0.1700857120054569,0.899535700755548,10.431135493052544,0.00033760423903056685,0.19611333487923166,0.9196735119711426,10.264423376584176,0.0002456699148693731,0.14436475913790356,0.8914092851033228,11.057338887004429,0.0001124602340651055,0.06754646788305115,0.9008597587701878,9.891145243563264,0.00023968053770268198,0.10021712440671186,0.8729804241423857,10.805456455736017,0.0004260008890035698,0.15360829855427072,0.8818639409276662,11.33574395353429,0.000258269482256335,0.13224109509665424,0.9171254316754093,11.128612001842013,0.00012126727912534311,0.1056606825237468,0.8732294605693401,10.007484802067973,0.00018629974512441037,0.13134871295822903,0.8764861917046284,9.736638934583366,8.687641965231066e-05,0.1585065127530119,0.9187002030021136,10.26128995007402,8.441938451853109e-05,0.18141235258468022,0.928439797980509,9.856807079857676,0
6.870530876061296e-05,0.2152601678009583,0.9196180411356645,9.67646981956374,6.922972702080727e-05,0.17408880853796574,0.9392191061375117,10.241112753948629,0.00017475137887085915,0.20949189044211575,0.8928218665042177,9.816996211633478,0.0001460151030142171,0.21688619597837222,0.8426351080739777,10.214083443937314,0.0003139809561887314,0.19147112950800546,0.9269691258634425,10.470083567988457,0.00025449555215019984,0.14581200289943957,0.9011661980249631,11.069994541262167,0.00011130284261394486,0.07225486810084401,0.8897696444628485,9.819166441361814,0.00032974992739856837,0.14273303843932678,0.8837286502183949,10.844360197241528,0.00046136356486192666,0.1785090339305515,0.8849287422805514,11.290217493624324,0.0002776323101030528,0.16344790539704473,0.9177300678956084,11.114212935449215,0.00013123498058319365,0.12831237361828787,0.878211072708695,9.796245168894972,0.00021585229651002543,0.15299688241432727,0.8866113200944475,9.701916752825502,7.282232251763245e-05,0.1536833660933256,0.9175645782748997,9.837955761858288,8.565885063881005e-05,0.17957571393277286,0.912126041237405,9.813864917085231,0
6.156883209895746e-05,0.19717209841766664,0.9346099610264197,9.679831698118125,6.037510682781309e-05,0.15056350959702958,0.9326579742593702,10.28426940707785,0.00015781448138253221,0.17917756979148997,0.9129652518484054,9.999729301685134,0.00015703774458251615,0.22283967720113526,0.8592927194232709,10.252613256898348,0.0002919235414512943,0.16431195511197783,0.9187573410136213,10.461908443980931,0.0002039301438278524,0.13513391179183923,0.910767137520043,10.453334238829871,0.00012699875867797975,0.08474960871181911,0.8393639876715612,9.67114628270928,0.0003516082970523855,0.16316884771616713,0.8819327259591775,10.66596741450904,0.0004048641515456664,0.16055490337238543,0.890075074658271,11.278954548951313,0.00022183706324574223,0.14252120796593154,0.9179893173382154,11.20869681575668,0.00010310593900553924,0.10094665141062482,0.8644795344041191,9.621724741917212,0.0001865496226222813,0.13807865599325467,0.9018217977958843,9.78018640215532,6.311149904345706e-05,0.1354611544433851,0.9016176255964213,9.460506374647842,6.922927341977671e-05,0.14904995595717993,0.9168846703702475,9.54759175124968,0
6.426992566939127e-05,0.19838364086809293,0.9129641692638528,9.821243907137394,7.542471086417551e-05,0.19385666997299067,0.8994403133396001,10.118937355025318,0.0001348830050330458,0.14554917867282413,0.9205977596562908,9.951065531319804,0.00018507110866574137,0.2660647833589254,0.8471558602521906,10.011501217350181,0.00027385620650743697,0.16227802744531347,0.9079402679411589,10.42267249234636,0.00015632599306639435,0.09769770766159587,0.8926064968973039,10.239259614651079,0.0001618043826933343,0.10403032317548465,0.8472263787755137,9.629017419160444,0.0003943094240137392,0.20326777660149523,0.8953716756735529,10.565610635564855,0.000349436281107364,0.14147899121151078,0.8936732031229524,11.076576487288234,0.00018705698043215685,0.12067694060400962,0.9052723605589487,10.730000265355761,9.614139866610553e-05,0.10130073567914517,0.9013167930154249,9.586575278951505,0.0001759953787847877,0.13599042814007076,0.9064263979342301,9.888948002106494,6.910980395893453e-05,0.14651225309559782,0.9277745054888775,9.327530543964333,6.287559582048858e-05,0.14341005572255922,0.9322210398345121,9.637754566213655,0
5.9413988860773154e-05,0.20164238354932168,0.905717911958884,9.521725610181324,7.256643504613668e-05,0.20761709939334336,0.8917805077539537,9.753931267658006,0.00012525981816508902,0.13012443208213864,0.9170935334249449,9.522225614919284,0.00019238886829029805,0.26693723374044737,0.8940303340920186,9.656244445884349,0.00019787935637922426,0.13930616704788937,0.9294439765769974,10.104384063987546,0.00019039716463966852,0.12642839192909713,0.9092727773296682,10.140846374298972,0.00026984080941184173,0.1652873501051427,0.8839691039211478,9.623371500433892,0.00037921267716213884,0.2212968795050455,0.8920997749785416,10.3448286545457,0.00017783729059409368,0.08469893323998684,0.9003298383036237,10.535154184496573,0.00014284669624183073,0.08911678018618491,0.8784975701604996,10.468572352707012,9.18546514475704e-05,0.09656949730575431,0.8912934946226169,9.661802952561947,0.000181048479355637,0.14630947181150725,0.9046055285407555,9.562743052069429,8.853306195424219e-05,0.13991240946252054,0.8518164353259744,9.288305668153411,5.9321834942792886e-05,0.11296663447698918,0.8996751267315797,9.450178884101765,0
7.094922285600989e-05,0.2210267597858565,0.8865130341943183,9.602840507775655,7.938885771663722e-05,0.21606061643377902,0.9047034429205185,9.871333340079131,0.0001264245402345431,0.09978575284299328,0.8862636745687996,9.518766877733938,0.0001739129964794631,0.23503088975026934,0.9301252065101427,9.667480417683844,0.00018866726315367154,0.12481246825583234,0.9252849622539275,10.081626148252205,0.00022918874133265392,0.1469490991773471,0.91304511799035,10.020062470236239,0.0003666677173061409,0.19048547147819456,0.8672301059383815,9.546721209477873,0.0003426372403943079,0.20367733150739672,0.8993004811346228,10.370081729122461,0.00018997272415682766,0.08655780625116039,0.9055987791899839,10.518642027406422,0.0001845422089309018,0.10995280894507821,0.8868771539330915,10.352209804894967,9.117295241418705e-05,0.0976609699469988,0.889076461504271,10.247082047776122,0.00018238610299485034,0.14014353640495003,0.8736802722690337,9.466875835133502,0.00011390280608282924,0.17156792050424285,0.8488007235025482,9.696408876583885,6.32120676479471e-05,0.11911451686952751,0.8828114162934145,9.539094013250475,0
7.263745544758888e-05,0.2150852077413805,0.8831417301509722,9.624962876289187,8.164276318090041e-05,0.19006335060588844,0.897897052593566,9.805093244622489,0.00012849675051980513,0.09784064045002491,0.8843191390635623,9.284472587812278,0.00016545452064514017,0.20787355364598564,0.9156988505172488,9.56314769398316,0.00016233207130185028,0.11443177138893593,0.9183057811231717,10.031391690302009,0.00023845239286652393,0.15596114983078382,0.9122115175230351,10.245700795336056,0.00033819569367936374,0.1915141672092309,0.8376476557862557,9.605178592148642,0.000315644734869295,0.19003282122265755,0.9118157146055794,10.41996038401228,0.00021983748137057482,0.09898602866690095,0.9042166765897264,10.457241488250155,0.00022642161270201015,0.13121423032483714,0.8932789213728969,10.391448550853108,0.00012999294992995436,0.12136143008073831,0.8909148476193519,10.591917731622507,0.0002303329635660332,0.1645493680848969,0.8659111743364873,9.671075647266843,0.0001387255957531001,0.18583091127146162,0.8481346513525011,10.20424720985127,7.846932249427895e-05,0.13151257797003954,0.8931019524165916,9.79751051195271,0
7.396634979724522e-05,0.20963826458119228,0.8966837489300741,9.783597808193447,8.198226674140861e-05,0.15833658689508281,0.921242676339342,9.95523435480763,0.00015450700616097604,0.11982421668810397,0.8762364535421966,9.341661362701078,0.00014154697811171254,0.15932237552659267,0.896371514433597,9.723317124878344,0.00015974481808536293,0.0942547751244546,0.9116920111367494,10.059588454943059,0.00033092680257815785,0.2282234739765833,0.8882093659080754,10.630536759817232,0.00034950194435584694,0.2037487136268399,0.7988279152291383,9.83320661839405,0.00031843782510014817,0.17597337984451847,0.9129605284127239,10.743257436067422,0.00033680423356671334,0.12587919534830372,0.8959799722623399,10.60534234029328,0.0002903011307531442,0.166120532292008,0.9033382768485932,10.407020314142564,0.00020687966835653037,0.17071603570269234,0.9079292955184955,10.89627498328375,0.00025562113831170945,0.18178839944799283,0.8842949323386202,9.850060569917105,0.00017845050689771497,0.20871063849676733,0.8606335597301787,10.405206696738686,0.00010633453620897295,0.15677820697954875,0.9126980992039212,10.180886203611779,0
9.602151060628499e-05,0.11220141672470678,0.9240747098765513,10.75786894741951,6.708444251206375e-05,0.11979678089338011,0.909889463368921,10.394341683163475,0.00022091221795047454,0.1566512021519447,0.8779910500856044,10.156210932746493,0.0001585233398270501,0.12127537853478684,0.9045620856162584,10.817659601445976,0.0002823597161400969,0.07356147391939484,0.9390768146912211,10.638416969080348,0.0005798323870448411,0.1567149917883154,0.9058307206984939,11.065133910228488,0.00033770130163210605,0.10816652745559209,0.841233881511515,10.305635518971197,0.0003390492675705208,0.12172983474283636,0.9321538634243435,10.402734351888483,0.00041238410562156565,0.12434044880583724,0.9096841273545587,10.473498042789586,0.0005283936263697389,0.2737683997287183,0.8879107126073658,10.772853602122382,0.00026958565272857673,0.1524136153099138,0.9145025365870094,11.325032378564401,0.00025592517435573786,0.11560142915148114,0.9204528373759845,10.597637272561894,0.00024978556781788097,0.21361779217783455,0.9280126091118868,10.731984079983258,0.0001214937378259578,0.11052850694326836,0.9378687299544952,10.925769627686677,0
9.599423305692604e-05,0.11477457343159467,0.931725795959396,11.158383672241207,7.293792575873075e-05,0.12993769500382435,0.9174836458037385,10.72990711693733,0.0002625407038577364,0.21357362596776525,0.8754249129983971,10.543261822178552,0.0001677823136897607,0.12379288089512319,0.9070540512119009,11.250002465374374,0.00029553585597032585,0.07775292539652821,0.9297097051699877,10.865638348021784,0.0006085415870292301,0.1666137468121094,0.8883290126969393,11.451524322609455,0.0003886319534197342,0.12743041507725247,0.8545150786800734,11.037311023685945,0.00032268063227914825,0.11314826016518818,0.926243104174957,10.201774350725573,0.00046991909305648603,0.13490911280216802,0.8907890631551167,10.715252105608053,0.000609255176452169,0.29935736346868685,0.8400525008632247,11.012084441094542,0.00030799895046891335,0.17192154098035464,0.8953892130751605,11.555343888239122,0.0002946659049963159,0.13450759383657254,0.9327315362261577,11.108447466012663,0.0002977605273545914,0.24400162753543003,0.9053389250323617,11.090726439304193,0.00013045109819146352,0.11930227993181627,0.933452803221851,11.180607187895044,0
9.714089066391147e-05,0.11683783434911586,0.9401224634547372,10.978251687958698,6.40398517601465e-05,0.12828608653793966,0.9027827960119549,10.72503306786701,0.0002865165906844631,0.22965788544958707,0.8576556444409312,10.341126040899695,0.00014490776308666043,0.11168358915478915,0.924397021217356,11.215388725699095,0.00027697154647739864,0.07409126154996976,0.9306340774700347,10.866770099601434,0.0005873972975643017,0.15833418941419766,0.8927731018470503,11.491749236921136,0.0004453835022884707,0.14203908263593049,0.8907534255303585,10.52510698623394,0.0003194914589846144,0.11180546629968853,0.929354574798076,10.346781168894635,0.0004579082497438444,0.13393167006180867,0.8913401611637068,10.867999358639567,0.0005669383155276855,0.28239149846615735,0.8484171003860832,11.052613540017475,0.0002959166425231272,0.17290336466129036,0.9096654167110859,11.464274812093295,0.00027869461267618866,0.12504996284569792,0.9340559782795491,10.935071072559907,0.00028457141357838807,0.23300096674163237,0.906939662339055,10.930178395850751,0.0001414558226323223,0.13327330879872898,0.9370346089057033,10.817096843618524,0
8.813063938835095e-05,0.10585882296492642,0.9451425550038155,10.94382630522889,4.849974917374573e-05,0.113386171334688,0.8450849410843958,10.879876506500246,0.0002943166305629409,0.22408526921122116,0.8546605925700913,10.239290321683187,0.0001329440047036997,0.10726885779889699,0.9209484985174395,11.022748609040944,0.00029728217844847134,0.0798271697437778,0.9325451841756781,10.449970751812886,0.0005318185668137969,0.14138848299970472,0.9197142256369443,11.353933863067171,0.0004971323726876365,0.159592230663584,0.9209389854908022,10.293629892532051,0.00026764749641193145,0.09805817500024251,0.9362091770748756,10.227389099044803,0.00040086615075233807,0.12662065756816454,0.9246277250774684,10.783532298413192,0.0005110238826655468,0.23272869886951505,0.8448223566418103,11.036217735533214,0.00022541529285916858,0.13317320296667282,0.9041298532009278,11.323696791447453,0.0002624312140617985,0.10257374746490464,0.9241074161666185,10.701651541417117,0.00025020221227542514,0.2090666844928379,0.908223657205064,10.714319801169099,0.00012099070937327139,0.11487397917592582,0.9424091385399344,10.507002518194819,0
5.292125683338585e-05,0.1644845858272731,0.9350643451164972,10.385284609968634,4.8946522481079094e-05,0.13213582276124702,0.7910187919571958,10.541260305940483,0.0002430429278703005,0.1962267520289548,0.8527394096212513,9.852330350503438,8.650353653728469e-05,0.11870885488172978,0.8556838476092358,10.0830671759777,0.0002158763548500687,0.1314660118040428,0.8927415627615415,9.471061493850904,0.0003158930625277162,0.1685904412016717,0.9243932774812449,10.754832045769948,0.000555078112330735,0.29920053375282535,0.886322390913216,9.999527385642057,0.0002796421361831667,0.15307792710981868,0.9304823755984559,10.425908882330477,0.00045264669400582125,0.1811799174425428,0.9213030958037608,10.67615946002582,0.00034285383883777073,0.16906220521102458,0.9149380471841082,10.46644658457447,0.00016786471899857757,0.15356270016177145,0.9059815179359806,10.549776461150726,0.00025366201656674004,0.13859792088408035,0.8916511477142706,10.159528366031054,0.00018413403764749387,0.2343777805134146,0.8884256275184629,10.513830847564316,9.17832151262171e-05,0.16751865123886137,0.9216312523694657,10.098887677718754,0
3.1384369320377655e-05,0.09273810882867739,0.896735085522859,9.706429800478691,3.086833519675588e-05,0.07415161540398336,0.734672132122739,9.957176692439521,0.0001893505229146535,0.15488859528549367,0.8502614566288712,9.388533993490848,5.2698910920914846e-05,0.07684685752985634,0.7947977875617251,8.945022100061706,0.00017421330467820697,0.10599574078011921,0.8370072894597352,8.959462623787733,0.0002631279805038549,0.13696555611822486,0.9184683382230718,10.183614886012029,0.00043261675132640314,0.24887264636234083,0.8975265883846751,9.567243307216756,0.0002993829388032178,0.17552663479074854,0.9237094252225054,10.423185311982628,0.00042384087108744695,0.16302818213173106,0.9297307921227352,10.562604750152126,0.00021106034616749536,0.11167971860492786,0.910541916853483,9.8031352684486,0.00010948248023441844,0.10465069607621869,0.9056137568777752,9.856903430778141,0.00019174407810822013,0.10433201886771713,0.897081448159815,9.612631010720909,0.00012205388341803658,0.1572556307738325,0.9159744888702603,9.906650566922439,7.679458523831745e-05,0.13737069058669646,0.9222131504417421,9.898721025684594,0
3.1488229891076344e-05,0.09584826161596523,0.8831799586814895,9.989553885951654,3.144101802169615e-05,0.07222333647558127,0.7565141002081994,9.75234154021795,0.00020004604343757656,0.14135823039798642,0.8593668590330175,9.936270192770271,5.097766646332931e-05,0.06913376090414723,0.8042239180649339,8.997539181027276,0.00019910467337074853,0.1200329124461105,0.8334764489955476,8.901316868765395,0.0003238860011413418,0.16138379538729966,0.9077692443534496,9.996556769567533,0.00041581038718712727,0.26669308611696363,0.9074456049244373,9.88800857347912,0.0004437249171880976,0.2567065266657445,0.921077783203452,10.397929738018272,0.000597255362783733,0.22571895425999858,0.9290882801520495,10.671851826041284,0.00033768185909850836,0.1698299686827219,0.9151453291371732,10.178040704654991,0.00015593676926207778,0.1466521334426601,0.9321510261452338,9.98740519442608,0.00022889015010291717,0.1274274029663377,0.9084509860868921,9.568550760513931,0.00016069670256109745,0.20855216400765453,0.9271183152936454,10.312534126291771,7.966311626186011e-05,0.14213093581216252,0.9335277547110971,10.329935985472599,0
3.773491464306677e-05,0.11653879372048058,0.8885630610897826,10.005112677021117,3.417918648770962e-05,0.08199899078077098,0.8119176737385227,9.868497036102925,0.0002361643555551192,0.16236489119004788,0.8817216833263318,9.956444511339873,5.7150690106861454e-05,0.08124517767147187,0.8282505479528325,9.06020332119864,0.00021981181072779267,0.15462961075700815,0.8588475199104474,9.102770140694757,0.0003514551815432508,0.19073746461051752,0.9119712565484951,9.807994627044677,0.00035599517673995124,0.22479786881467495,0.9226412909372805,9.964841925359664,0.0005560066070587422,0.31942863662002646,0.9076087516547942,10.230511442815594,0.0006332319650925716,0.25797281905229064,0.9250717193129028,10.521178244207023,0.000396982088392871,0.23281186801459808,0.9347526869690694,10.119073681550859,0.0002455882484030139,0.23125778265119026,0.9117664260696041,9.714142312586475,0.0002745187593165785,0.1690903294912126,0.9244841201062258,9.53290298087487,0.00020983772183037427,0.25234880420942163,0.9188258707142318,10.117965123475026,8.636259018531244e-05,0.164584143434601,0.9329835249902353,10.2836949681156,0
5.143018119171601e-05,0.17177930887072534,0.8431369302903094,9.398792419983023,3.9903528030771696e-05,0.10240215241764779,0.8247696741558037,9.738047954066086,0.0002471981666569377,0.18229189525937728,0.8835241407521274,9.50366570283992,7.908455672374552e-05,0.11426454646039769,0.839513685445775,9.044683732536267,0.00020967424694701782,0.1677733361762289,0.8439481936420872,9.537682532885473,0.0002852567894550868,0.1824138885337282,0.8942951734328769,9.831331921854305,0.00024798855363542536,0.1668387933338859,0.9131593921783756,10.357578780748842,0.0005873788334093146,0.34304684740815733,0.8824633814076404,10.237355516352627,0.0005376906232045788,0.23119190391255898,0.9095501874575215,10.540869174806442,0.00036238533038493025,0.25418458572889957,0.903524865463943,10.164548162523735,0.00027550355188133406,0.2684290001075042,0.8497482253177195,9.626273245631985,0.0002965781686277534,0.1906329095886177,0.8769699161532143,9.25505328802537,0.00021329079996167946,0.27188974705439817,0.8554564463853626,10.031823765521153,9.463942318499577e-05,0.2041101253962422,0.8825622878564472,9.843728801086371,0
5.2914059745860415e-05,0.20635301016399074,0.8674137015021179,9.365984865658328,3.642155624808185e-05,0.10759732414088519,0.8884067552889883,9.583901645777843,0.0002545025700456062,0.2013297811363497,0.8983350312828978,9.52164678438968,8.344767228039254e-05,0.1282696663670558,0.8901396010488621,9.209967074311377,0.00020955493487266426,0.17268607246922382,0.913845949985672,9.390646167572225,0.0002447927101047145,0.16932782910663452,0.9223610831165626,10.045448513083011,0.00021480044354053372,0.14672004528724142,0.8919211842199322,10.645929623363857,0.00056841502963254,0.3215220233163568,0.883476565290205,10.373688071022075,0.000511735926611487,0.264759988139812,0.9102528839790506,10.643920827916533,0.00034463681298990223,0.2594306410645756,0.9229971922991517,10.246316519426523,0.0002702604911181105,0.26658286717919966,0.8360139496133854,9.59427458601551,0.0002873242322773598,0.2072660971966946,0.8528268657652511,9.246656486098006,0.00018847676575992018,0.2700632208966927,0.8320658212743116,9.866429948871465,9.024433524086058e-05,0.20654066529106274,0.8544301782065473,9.725943947639866,0
6.388368938145504e-05,0.2084484398705384,0.8909350664438059,9.595934614404946,4.5181572147725586e-05,0.13029903051766203,0.8762305005065939,9.827498067805225,0.0002600681560085301,0.2521097413001884,0.8887379653317243,9.491603138654437,0.00010633027254489043,0.16184031926069925,0.9077021746875085,9.32549345337289,0.00022166320467351998,0.1799724172219236,0.9066896142998512,9.435172985846156,0.0001940205188836803,0.14374972303613068,0.9236378524447114,10.464501564618663,0.00023145885464796474,0.15377707510951877,0.8811035833787398,11.060982416770921,0.0004553172581594642,0.2613306108342147,0.9108180627220019,10.473363562417214,0.00038257262021741396,0.18806171195132826,0.9309971861594799,10.610091704936208,0.00035006764656499796,0.24706767365341825,0.9113084360187266,10.410229827857181,0.00028919312100925,0.25613811647237916,0.8586653199675797,9.78345444742523,0.0002721139716222588,0.19058720863841108,0.875230548663428,9.448572909993922,0.00016638278819071145,0.21609389918848168,0.8534015162609716,9.582649744633454,8.985678425037357e-05,0.18913033017243944,0.8788638213112641,9.54437091741094,0
0.00013248668735859497,0.35722684017683026,0.826499891927455,10.590476070165032,0.00010493273721375181,0.23985694129941867,0.8493957152238205,10.717989489044173,0.00032429109917344153,0.3049775031965902,0.8635210664444728,10.111579071471072,0.00017392249705859358,0.23538520284880207,0.8740986463623955,10.132293637701528,0.00019568469132764065,0.15302531415841028,0.9160083182695431,9.75276134151224,0.00019721558652058242,0.13524689600668963,0.920630017726182,11.197908767305021,0.00032407813519975086,0.20045980774743344,0.8597000680747947,11.477027560979728,0.00041576940599301506,0.2063788296421128,0.9197691909652014,10.768374601482005,0.00034427223716785487,0.14768369821059874,0.9220046947102337,11.101871318280752,0.0005690856271308701,0.340779956211411,0.8535440555640786,11.082987073415033,0.00047691079396081673,0.3532101031082271,0.8314448143288885,10.808424971550062,0.0004837883104491846,0.3043455696009571,0.8508280955563526,10.448522420490319,0.00028525337567071975,0.33836228308543526,0.8306831419857436,10.77420923776979,0.00018063582362912539,0.31645072518826806,0.8511397005248527,10.464241809383957,0
0.0001241169427792096,0.32086872922883347,0.8107242847928757,11.1340608095627,0.00012347049752979228,0.2707047664002308,0.8201726446690498,11.06380793872782,0.00028546806077288324,0.2726362794261553,0.8610901071879017,10.717522245073642,0.00016824073821664537,0.2174955266546807,0.8421436984512175,10.72904493403077,0.0001590642685060542,0.1349273512827742,0.9149971424572717,9.820602305690095,0.00019365582943242274,0.15538551278458546,0.9201317960373316,11.109090984682839,0.00029771102758035346,0.20030039499784855,0.8817805916725066,11.27571156192921,0.0004031872666146836,0.16541637131063583,0.8993594738187023,11.094349338635144,0.00029907426999504615,0.1086737052115316,0.9005619712696051,11.397754497495646,0.0005628066175349611,0.3218744685739888,0.8469476241500408,11.27082845037172,0.0004661352536053509,0.34966977546435574,0.8266146971709499,11.092738619803823,0.00045840128499216213,0.30095128585683084,0.8506006931811926,11.022754502412724,0.00027454567777783717,0.3311255642792577,0.8279733484938786,11.07255070646863,0.0001740421621537245,0.29605794502298954,0.8501760248695065,10.851781314178083,0
0.00013502057169920639,0.3308567454877314,0.8259555423974759,11.248160963213444,0.00014505523165546486,0.3067213863103986,0.8504960314838614,10.983199931072535,0.00027639166478739225,0.26180635385948486,0.8528701776609936,10.810977440421086,0.00021210474513432904,0.25498363782601363,0.8421600847268134,10.793738087466213,0.00022924782906833733,0.18018461645843076,0.9258845138583186,10.270904247254036,0.000206414287066771,0.1694926000720383,0.9176123423791801,10.354665598762208,0.0003228477944775441,0.22038084918520282,0.8899300142426881,10.923638355078888,0.0003709090448800878,0.14629999508660196,0.8898784099756042,10.91873677930849,0.000235569773671155,0.07603915024424267,0.8768845067511382,11.19320306652064,0.0006494202875318648,0.34473763993782747,0.84517971444518,11.132729104805371,0.0005404785590056673,0.37908106209654796,0.8382179098064187,11.057108591474499,0.00048044345001259045,0.27506397453496817,0.8799737713331759,11.10811746410948,0.00033040830516111374,0.3697931874580609,0.8417846536912321,11.059947679258888,0.00018794539811499094,0.3206080388700451,0.8648159526324066,10.940799095628524,1
0.00013465472839703193,0.35553261161460803,0.8198305971762496,11.235742774921526,0.00015721594739553907,0.3386823049423587,0.8528360974921885,10.875435731851361,0.00022983091154723365,0.22416728396014904,0.8416048469268883,10.823449426517696,0.00023822102061945728,0.2787891306355458,0.841884950492822,10.748740461882104,0.0003267531091303748,0.2409392596428628,0.905781353726467,10.47212071915331,0.00021404645559932508,0.18744753698278854,0.9163741862144515,10.13848601303678,0.00027868423300274916,0.1976369517252302,0.8844913579452839,10.85841960880011,0.0003189136135901952,0.12817380590904123,0.8759948385060498,10.795401635649686,0.00019633395632336022,0.0626265999943172,0.8809664923595081,11.176457854874124,0.00065005422338596,0.36535063880728963,0.8655973516037573,10.938341054616215,0.0005412345974396455,0.4075706720724912,0.8532477875317959,10.974482638979094,0.00047096167430746977,0.2869235334230925,0.8943848194991535,11.099871010559774,0.00038210714462742215,0.42765673306214574,0.8546221718129023,11.027766888217426,0.00019111276015304268,0.35265624502674114,0.8741873586403162,10.996234859181317,1
7.263797521284219e-05,0.2553111023242865,0.8969468887846788,10.699260016466072,0.00010837073119631046,0.29334085920710146,0.9054011475409867,10.397566345996303,0.0001428833311027258,0.16640521190273633,0.8336457007469883,10.267646556399814,0.00019276521080900628,0.24801129807918917,0.8683284133367832,10.404589663455893,0.00040581323907471677,0.2753929621277935,0.9097942476252939,10.330512114688139,0.0002136442561799812,0.1852424901244942,0.9130522418161617,9.889040014348751,0.0001858375246117,0.15327298418964408,0.906288397085953,10.119841523876632,0.0002717937132803636,0.10741746098177038,0.8613816395329842,11.101248277748288,0.00017788338992646185,0.05136738821996347,0.8478576623047567,11.235507862026298,0.00043458569429763975,0.2744965414532457,0.876390415923814,10.855373587628753,0.00029274640361800705,0.2997103237054831,0.8980626470772582,10.606682095143803,0.00029068891302055444,0.20563677231805574,0.901211605627584,10.597002397036439,0.0002453548942102107,0.3107453459138149,0.8877378074674035,10.907369644709663,0.00010638174956548045,0.2558224049436879,0.9271705049281618,10.68482223800395,1
6.52545843891747e-05,0.25132312137738466,0.9165044218111122,10.444543979662168,7.965645580109511e-05,0.22370096971381193,0.9216226173844622,10.04015308990031,0.00012515844248852694,0.16834504513766896,0.8165876580335407,10.168641317515307,0.00017162433814853044,0.24964217639071404,0.8683471301614216,10.240404502641193,0.0004313336246647952,0.27169368968018054,0.9049706302496664,10.31953222524674,0.000204631676580474,0.1584680545066317,0.9021442656741119,9.84938002483068,0.00017422654119441508,0.1417923441989001,0.8979255202466971,10.105605720546372,0.0002084579323915747,0.09600200771453196,0.8698755947828148,10.559410510905959,0.00022289364309411298,0.07173046589031044,0.8926720305575035,10.629916723705175,0.00043877811806646494,0.29851777507522503,0.8894612911562175,10.520490615235495,0.00027095801523744213,0.28444026034827546,0.9154764910854086,10.425315204150465,0.0002751716811902053,0.20398225147482946,0.8937518909810939,10.355462153680467,0.00024355660637125667,0.30333106081255434,0.8921587370151025,10.799772134068032,0.00010243223292772692,0.2631235500626365,0.9285444824440371,10.485138129375699,1
9.463238420298931e-05,0.12193330234137591,0.9354443757439701,10.31014933376025,0.00013478874466605267,0.17430133212957202,0.8888854095146052,10.099953759836435,0.00016706064418203152,0.12718716588785028,0.8685952529912572,10.17296481261748,0.00022212194166500816,0.1691997363656132,0.8846138661229275,10.075892199803704,0.0006035274117446854,0.1858197447971141,0.9208294808164622,10.21245842898438,0.00024204450774855985,0.14868000096257133,0.9293079232257061,10.352344803449094,0.00017868307677691153,0.10841884163378956,0.9322385530713478,10.345060395166078,0.00026824223228859,0.09951781779567145,0.8854823894239164,10.600270191761425,0.0003297757598137085,0.09160758596734617,0.8986079628269366,10.52172895174822,0.0004760718362534959,0.25927775478060744,0.8838245911131268,9.964362460525813,0.0002631175301248266,0.18501581759681818,0.9414870068444287,10.408253495245956,0.00028478530450806613,0.1930830661093873,0.8916189375152921,10.235577834839953,0.00026545636157449725,0.15644039419437455,0.9267040375109324,10.787625292282113,0.00011742714830357695,0.1351861322008755,0.94322671344442,10.43759611865075,1
0.00015139517781797508,0.16850563796709628,0.9151314347160472,10.693521321029554,0.0001749635136211392,0.19709058740720026,0.8840398466102687,10.348187903790567,0.0002361771668020493,0.15857535516220522,0.8865801908613424,10.428658107329428,0.0002872291849102239,0.19089780645994,0.888657716070263,10.409125853313306,0.000648682115743815,0.18726386409728768,0.912053303364713,10.211385150336662,0.00029627237507410305,0.1512673959341656,0.9240762031546821,10.903613574330562,0.00020371825199437172,0.09982053987996709,0.9232926280776835,10.428958858653631,0.00030967365072803645,0.10761408948316156,0.8875989387229255,10.578426438638791,0.0003795041425824415,0.10670284794408083,0.8959948664552597,10.547848710602077,0.0004016422635541326,0.2204404939892351,0.8879404391410269,9.861015122313974,0.00025018007685149546,0.167420349530494,0.9288439639426899,10.55705061335671,0.00028900482730255913,0.19168205107270764,0.8786507866478979,10.479835040887766,0.00023000590187702822,0.13739410785405232,0.93787010733951,10.900392141270123,0.00012101918084445131,0.1315100869128213,0.9408151795705674,10.617994914585521,1
0.0001438358198415998,0.15890017228941014,0.914991278567895,10.854900719341087,0.00016353168469828515,0.1876283422573084,0.8838108840949035,10.457704307327989,0.00020810203920554072,0.13426094669781824,0.8733483405762416,10.604854825631229,0.00027408044355339183,0.1739000395796573,0.8802765340494598,10.549674141613435,0.0005760048778818564,0.17330212379063134,0.9134009394421451,10.22797268900666,0.00025185483427481777,0.1396949880250844,0.9234061963336083,11.139252125732439,0.00021758852738049128,0.09740807840689344,0.9350479777744569,10.320322975297753,0.00035656443256645474,0.12303436441608606,0.8884997412066822,10.492404576323331,0.0003952121835838438,0.12800858489575878,0.9021884288779186,10.6598450498765,0.0003500109545814355,0.19020879865130433,0.8970765114793045,9.53474159173345,0.00022504289962385545,0.1360603648446679,0.9221085094973938,10.630596299491646,0.00022037412382221503,0.124832527433212,0.9077918553887837,10.76825292938518,0.000191811970398344,0.11930375132741508,0.9372502702355177,10.828643385569224,0.0001075245065448903,0.11141556287819157,0.931155469419824,10.8572347452652,1
0.00014360018110620487,0.15162698232893834,0.9159348233754829,10.910741582759382,0.00016443810310674703,0.1860263915897508,0.9005341847116672,10.494270950297304,0.00022687960127826907,0.132400850418974,0.888380303167879,10.713918966704298,0.0002784077483470683,0.15824650277180813,0.8946910991923845,10.574080511745649,0.0005852004030117565,0.16884826730245664,0.9185245331641798,10.241253033349262,0.0002505274617682126,0.13935005744070753,0.923228240878515,11.176106485132943,0.0002978253756337467,0.12997162309441043,0.9361271659952035,10.578553354381068,0.00036942671863555727,0.12406117132727115,0.9063333550369503,10.884732378517873,0.00040209539807736636,0.12331039275454367,0.9127698853678087,11.019179297108211,0.0003798901299185408,0.17944572378901844,0.9126523255305384,10.01733512750041,0.00022929225351192207,0.12374420229470297,0.9221372116074941,10.898779357172964,0.00024317967001963892,0.11809659585993881,0.9132752400601635,11.013121737769499,0.0001851173350087067,0.10836454543927411,0.9302540715229922,10.917267617359084,0.0001039490700141466,0.09673495722239236,0.9242917977300061,10.967555432316848,1
0.00011671312031776827,0.26367735211731586,0.855404680748402,11.179663077535375,0.00011018855308319133,0.24132478562445944,0.9092782293896917,10.858335128875165,0.0002238604431688296,0.18315139398265146,0.8620735574245848,10.937758652477191,0.00019311256096805473,0.17534158055834115,0.8567892735932376,10.871176592421705,0.0004345700792093824,0.22997631125809465,0.9218075067468442,10.425387870133843,0.0001991480580701328,0.12777493448943494,0.9108019432447249,11.267757495970455,0.00027515497024928424,0.14472460916725235,0.9146845876426887,10.846449081202262,0.00034095812879358554,0.15031695057749883,0.888503688547168,10.782136067085196,0.0003702124294980778,0.14590419276787603,0.9191192095371451,10.849151781864176,0.0002662763753766031,0.15692234587975842,0.9448244609211333,10.675005738187602,0.00017516683216074513,0.12972146175790716,0.912789736934477,11.064960417393545,0.0003211832562505992,0.16381539429102404,0.8967084699478594,11.400214314358433,0.00012644859805049154,0.15213791323245354,0.9074711682831232,11.182829557157655,8.323354426683761e-05,0.13918180809019698,0.8922371909818525,11.21358036007327,1
6.451430443840847e-05,0.2158698575479172,0.9133146513125978,10.940581910067037,7.301534848977472e-05,0.21286153262065022,0.9300653526007651,11.037141500410968,0.00022355880906078023,0.18865729596885222,0.8891797090668195,10.556822853023563,0.00011247791951576479,0.12377677480660654,0.8386176451315741,10.837313031751945,0.00030596340669000684,0.19017748703744963,0.9172816369584723,10.363022327917472,0.00014281297761247364,0.10079711106996561,0.9146841445827114,10.467174123901366,0.0003206585896496448,0.18020860279748632,0.9177057099848188,11.057323646315465,0.0003557026020610622,0.14785978558077917,0.8957220042012011,10.69797956013903,0.0003278601095271557,0.11992445451708854,0.898313903831562,10.719610975519243,0.00023688343290609234,0.13389845993954852,0.9284623594075644,10.806371338676644,0.0001625936114968531,0.1302824517475949,0.9253026126159326,10.899184388539148,0.00036293678988700607,0.16515495728088347,0.8908842589514082,11.064679868013776,0.00013947410520072308,0.1800238215132603,0.9196132717021125,10.957830123623427,8.05636429543172e-05,0.15116931068937775,0.9004168955493314,11.048277979456117,1
0.00010159154505902759,0.2689736828435266,0.90061016094099,10.504767213279118,0.00013113701214939675,0.26572689236561614,0.9017264984097809,10.637827363050278,0.00036714335174742297,0.254293640874568,0.8945543194599542,10.292833704306672,0.00017289933133770913,0.16884899481049967,0.841390106589832,10.557014861548287,0.00031307651282583965,0.17954354084158564,0.9030324299002135,10.579563974174786,0.00020355808312086013,0.12605450797027237,0.9367809671518369,10.507270801711451,0.0004425860629593258,0.24340627329121428,0.8985104611642457,10.876979984337542,0.00036267286155637266,0.16724491702197594,0.9041379120624943,10.323949897955394,0.0003887514671134813,0.13834347099077507,0.8900164527200164,10.357371990480699,0.00039191842647595015,0.1999114455921607,0.9051814911557958,10.511109127389721,0.0002924496330283725,0.21125481295052187,0.9048506210283533,10.539229391789215,0.0005412299190915828,0.24531540699723686,0.8862551250530566,10.676433524408774,0.00021503673213055973,0.2229971408406998,0.9128619254185801,10.602118250892174,0.00011902373932787133,0.2110576979279144,0.8991986013497659,10.617871703649605,1
0.0001141139084428704,0.2901038103994095,0.8748483082092868,10.392024864154022,0.00015965222949923907,0.311346207953957,0.8559026555997987,10.528533426898763,0.00040451679187344805,0.2324907522268605,0.8478767370758985,10.2590335921837,0.00019470615301479425,0.2035681296483537,0.8103106438969933,10.44822960401871,0.0002602998205345694,0.16505553183680405,0.8952820171372695,10.646212915082593,0.00023928764432029392,0.14113982874275716,0.92818651870675,10.911973946370978,0.0004023340251228638,0.21903392403713337,0.8926613771241333,10.927755752932143,0.0003126053892748273,0.1541725115625386,0.8858673963088127,10.146516849960479,0.00031610206577481237,0.12521183842733433,0.862342600079393,10.140301873049436,0.0003298524108330357,0.18833368109591886,0.8901024338767176,10.27908887311385,0.00030061861116423153,0.2436256592678248,0.8958001309111893,10.408894019351859,0.0005270937107401005,0.26048024103024164,0.8881672090195964,10.550077294035,0.00022021966820529618,0.2521051619838687,0.8927011216195391,10.472993602122814,0.00012174787998986349,0.24034932876580273,0.876000734585481,10.555876799583704,1
0.0001647236751746427,0.3627436059826045,0.8563576743115459,10.275131674434048,0.0001612329387560322,0.2876933813071161,0.8814755571631401,10.445449385525167,0.0005357413151914529,0.28198499300077,0.8215240959617087,10.522139508111723,0.0002118018435451683,0.2098560068425185,0.7637220675922338,10.48208568120521,0.0002025775952558043,0.1311209982658241,0.9058949373002283,10.387418748421025,0.00024480776702653977,0.14508980295959575,0.916390450123791,10.889257623203953,0.0004408752772509615,0.2370761282252443,0.8894823626966775,10.74334538992964,0.0003388284195552747,0.14797928745017278,0.8933230238734934,10.221091681653384,0.00031156612563714076,0.10858736856522883,0.869587887121334,10.281484568375575,0.00037796980283448436,0.21221006252042018,0.8914272453056354,10.28036553978764,0.0003950182770363785,0.2971882230654091,0.8876383090385623,10.326602019840587,0.0006442713623035228,0.29959893410825106,0.8645026104224074,10.477903028149894,0.00027137706183011536,0.2998837947930605,0.8937790113076953,10.127528506522223,0.0001623169360246359,0.29235957828248005,0.8561599193346979,10.357426744390722,1
0.00017431269232094025,0.3577421982634,0.8495881695972466,10.266349242845962,0.00015312981418759127,0.24930637207987164,0.8833802294902895,10.315618321986502,0.0005534151961267458,0.30321436448242334,0.7996477923442384,10.64734766575505,0.00019767731650637747,0.21154231698378326,0.749560240833657,10.411868041816216,0.0002227673812425701,0.14366276579105947,0.9079711773782586,10.380502176459729,0.00026866220653194755,0.15462001119004506,0.9190133154488626,10.550535034297296,0.00043177129669224424,0.25204945571287624,0.868473945363806,10.254406083667186,0.0003787672129316392,0.1892131709155103,0.8716921990410167,9.947326443308592,0.00040221762551524644,0.14825254601021193,0.8607444590856558,9.890618093258217,0.0004694187991468107,0.28345122458786565,0.8888332399792193,10.036922561506607,0.0003648656744136256,0.2842408539968947,0.88610761453271,10.270077750782622,0.0006221771881489617,0.32780441756961204,0.8586914816551264,10.525680446044154,0.00023327639822478527,0.25515020126962995,0.9095271942718588,9.940101841105548,0.00015924727587021727,0.29505416552760294,0.8460786884089332,10.23432581209464,1
0.00013231701284220653,0.32124879764081365,0.8674880306962146,10.278767683479757,0.00010168202231335919,0.19064780597508615,0.8977862654318882,10.211148016424081,0.00043449508791022664,0.28247540027787377,0.8231820311163873,10.795319120407145,0.00012422469967400844,0.15321998964933473,0.7536869396182249,10.347766647129731,0.0001949668228750727,0.13323962748290252,0.9160278130356309,10.19855821239216,0.00022887124500603752,0.14489795825733082,0.9143961111821083,10.499033031939518,0.00032084933789396097,0.20233851120816393,0.8791946499499095,10.319657745556569,0.0003255902432029869,0.15933562429307033,0.8792196298541507,9.99828135018058,0.0003503979733368933,0.14212360097859153,0.8758745780042446,9.7292905213438,0.00033626568214661966,0.25357380319468115,0.9196101329041351,9.917231127303156,0.00024367983446297914,0.2602661404667712,0.9192799239000087,10.391800303114259,0.00045977674278834424,0.30649863864925897,0.8825137623793092,10.781853948420586,0.00017203670674035873,0.23845024133160875,0.9144044201827468,10.00469553177817,0.00012125872964171697,0.26288448875704074,0.8465384969365678,10.502521479311026,1
0.00013548337144162192,0.33011982049465816,0.8690648970294587,10.487472004476208,7.737451910702959e-05,0.13525513910522652,0.889482708485146,10.041211763787569,0.0003927963454131327,0.317393600678443,0.8509724065521423,10.822487034561423,0.00010801091098270132,0.12815557992313062,0.8088001416359989,10.333729200966125,0.0002251671356677724,0.14260351186037626,0.9322922263875325,10.25875394503339,0.0003550594965130079,0.2114681261248571,0.8871903615843746,11.02415051443658,0.00032378546339426273,0.22124498476298124,0.8748580328260523,10.709327387393934,0.00044430644115850735,0.19516803409097974,0.9088241283384656,10.349422674220852,0.0004811386106959155,0.17872015991237364,0.8988141235669929,10.052643426399852,0.000477242468446882,0.32501642779999645,0.8982935550793003,10.293936853086459,0.0003367960595551321,0.3171730052391012,0.9008751404971982,10.788256257225992,0.0005099031445479455,0.3490087990977902,0.8800086597595399,11.001365313901907,0.00023563145952633065,0.2883888138993592,0.9100676231370038,10.48827330708905,0.00014761466830961494,0.32543398951738123,0.8476417439149234,10.793722415905625,0
0.00011195028741499097,0.2704968156345802,0.8911051074046842,10.753115147484381,6.345054380898371e-05,0.1073540149774868,0.8748641029050725,9.749225849435076,0.00027188476102258774,0.24392637411030335,0.9019666475353283,10.50403527360042,8.720745679500692e-05,0.11066548241967634,0.8584736826486684,10.017815038002778,0.00021176668848894116,0.13273426614444667,0.9296561816973529,10.27069521498717,0.0004099421454760191,0.2273111977719981,0.8916360645071795,10.879711564067719,0.0002920843953558871,0.19876986812692063,0.8959580949991912,10.884772883877472,0.0005203252267519504,0.21567706037741324,0.9026655854176172,10.508632893003657,0.0005896319411412968,0.22505471228248647,0.8971588811117645,10.458417962638313,0.0007561545830654653,0.40355591540094743,0.8504093664012085,11.043066733308942,0.0005125230025345972,0.40141990509564685,0.8587635868831714,11.29651886356922,0.0004594791427630771,0.3264010465397887,0.8701471046088796,11.163368296213736,0.00040884994576934053,0.37319844480930603,0.8736159345370919,11.181692102058099,0.0001612429277730515,0.28863779823186225,0.8498126900330941,11.000988548902487,0
8.751830652944485e-05,0.21607212153416797,0.8625644168575036,10.743911680667678,4.9744370954491886e-05,0.0980996057422321,0.8654231927191781,9.746039919362445,0.0001828969614601334,0.15204952866383734,0.8821419454008858,10.489678054998828,7.528909317066006e-05,0.09050960335973617,0.8689526354478784,9.888535312295243,0.0001712966844884986,0.10289112525603128,0.9159341675309728,10.418661923749003,0.00038543679529951197,0.24742022960186605,0.8692223370799417,11.084522761793922,0.00023968102340318664,0.1700607029956651,0.9041504640145372,11.196838632688353,0.0004351029735615855,0.18164921222645125,0.9046170083342234,10.828314238236924,0.0004988696156397871,0.19107249823815758,0.9035017233384297,10.823078787156556,0.0007118818754009175,0.3578419954403674,0.8562721196029649,11.348140799119298,0.000531308849075939,0.3893852326142277,0.8666103757139526,11.227891605260991,0.00043024282082414943,0.2893477447786348,0.862714259171088,11.125043834054313,0.0004348952830035965,0.385092689980541,0.8680218517895822,11.094288347078784,0.000147612712666806,0.23939618840556123,0.8444255540103354,10.898989887777491,0
8.548585860389004e-05,0.20724635073222714,0.830207622197087,10.83570990142803,4.23923651749209e-05,0.09882547017547225,0.8822461759976742,10.14643122899631,0.0001426783446312451,0.12236146160136621,0.8629689027836437,10.633855489993154,8.763418720372433e-05,0.11371870427441866,0.8862531216435422,10.24073116478861,0.00014926518624289642,0.0933609517195664,0.915978294824678,10.266552917076822,0.00034947068703513435,0.21127706342245398,0.8754093790581896,11.123047636704312,0.0002366027446695646,0.16492291489137714,0.8957913061911392,11.431627288001383,0.00038551034035792326,0.16689492815008333,0.8931693886519474,10.970234838322993,0.0004296468717760773,0.15843115181969494,0.8876742982460463,11.094227745739733,0.0006960711890127543,0.3346391433518811,0.8615359799041427,11.368618765946195,0.000544929621228508,0.3597365675661841,0.8737343613368918,11.127491061114855,0.000403240955044026,0.25149733247373346,0.86460039701811,11.060295860859503,0.0004275135494265682,0.3705186435077978,0.8691421147987698,11.028540275140818,0.00013876347071705404,0.20043084441093312,0.8563235136887486,10.713613130411103,0
7.435957475683804e-05,0.18941366950366603,0.8543942095724276,10.6938745378169,4.554100986192477e-05,0.12437533619515614,0.8876116401074867,10.719764585923118,0.00014160438847764074,0.1246030624940389,0.8765526401570327,10.62815754463266,8.502310033602274e-05,0.12933760621369367,0.8924021981854638,10.635344038916859,0.00013177191927658474,0.0901177533205224,0.9082336476335007,10.17622444363545,0.00025729723910349175,0.16869288932184398,0.9246856779223604,10.328160252559847,0.00023625311204042388,0.1538410479081672,0.9163394865681688,10.89976869393097,0.0003105509754060431,0.1416255444743631,0.9018700020565741,10.912048499803914,0.00044330653334760656,0.16213352184047988,0.8925928493829284,11.350459219387718,0.000544171455367082,0.2820581850378221,0.8754541998714281,11.44326836475232,0.0004116195786139689,0.281691032893622,0.8851976524692118,11.029940232466272,0.0003372107388448242,0.19540641727063682,0.8886595657229691,10.81175930471663,0.0003561427302290384,0.3226074673280455,0.8843627724974709,10.932558787847263,0.00011334768006688412,0.1539279263771538,0.8883278071765909,10.447330060556675,0
3.687911187010916e-05,0.11100154764404617,0.873310241641397,10.607697404454145,4.918449489828203e-05,0.14821912111563515,0.9177727456263159,11.021452377110041,0.00011337727104744409,0.09507602665732404,0.9026808759180062,10.484867731349585,8.99212270093456e-05,0.1304339904347116,0.9142812104621614,11.106751004884302,0.00010695670767891334,0.07281131411679725,0.920357128140975,10.380169375726899,0.00033833449910000257,0.21792948728488298,0.9232276292059564,10.67931863185265,0.0004125600401719347,0.2366468749452684,0.8836514636583589,10.68119631846931,0.0002232491782800732,0.11672277306348157,0.9088100742625049,10.860755886919554,0.00036091430093044283,0.1330865757670677,0.893418247734007,11.173188165530055,0.00031305164978815737,0.19199077160657904,0.8967152743391611,10.565709620821805,0.00016389721692848647,0.13845395084380324,0.9127961020677148,10.229094959659175,0.00020097578133526883,0.1263824376052798,0.9206462504304933,10.128988579341385,0.00013688734212423303,0.16923944863446866,0.931903858282246,10.376881826298993,5.066460495101173e-05,0.08412508301387345,0.8975156202916749,9.964015558182071,0
5.8282006462542275e-05,0.1725118889355209,0.9036022458084851,10.778646731483672,6.097243184097914e-05,0.1595173542513704,0.9163146882611962,11.002728197928285,0.0001675650581345725,0.14772052945732383,0.9059338618855446,10.424957253731609,8.974407462526902e-05,0.12708752078231803,0.9104791629536038,11.28547049781085,0.00015318040361068436,0.10489197344038147,0.9461571469343641,10.802636632612563,0.00043216763989436326,0.24719719974903714,0.9244075640492121,10.953310273404908,0.0005585288430871596,0.28153724738570923,0.877792607687457,10.67222405174986,0.0004418050630807343,0.20402944525664524,0.9068246303844769,10.903180726390586,0.000539672461584012,0.18298782757498955,0.8980428477721646,11.04056405223821,0.0004303421441293188,0.2578765232416676,0.8767740910101646,10.503951525033218,0.00020219742236591317,0.17405635611392103,0.8924274766945862,10.443367441679522,0.00023527080130919097,0.15027771597301112,0.9247817968948356,10.246767556708523,0.00013533186956936333,0.16829986970307612,0.9165541268291769,10.752903136538023,6.586110074906533e-05,0.11322887625562442,0.9016261164601944,10.611863565784057,0
6.906329640499206e-05,0.203716467159954,0.931768759364608,10.47121655232372,6.585862014043192e-05,0.15758753386373017,0.8947207498175692,10.345915933833336,0.00019528345882022696,0.1695229224098476,0.9249421272920467,10.21124835372287,0.00010155346371269381,0.14339877910259716,0.9173300195740743,10.392283533650751,0.00018771233549880905,0.11780121737436763,0.9569799927985198,10.418418318719691,0.0004781018862556264,0.27631483222476694,0.92835282772014,11.001492699461494,0.0005317286042509364,0.271456855628175,0.8915653201851728,10.560587536288102,0.0005032981314251381,0.23690183494322553,0.9016025061065072,10.927351556558024,0.0005794596015769842,0.19239171775874608,0.9038371636594323,10.985213346977723,0.0004376072385373249,0.2714986276206907,0.8949465992822945,10.532150001466745,0.00021245802125598314,0.19171244846915172,0.9098453082578873,10.49735842705824,0.00023789057305272524,0.15928276163021704,0.9375613869395725,10.262244061912838,0.0001380389940367246,0.17702358077202568,0.9187851011277636,10.817291765037881,7.693654932254644e-05,0.15332589150758574,0.9274148170463068,10.652027697546078,0
6.797882828556411e-05,0.2094206823523236,0.9274603628857037,10.528815216047139,6.17318635770061e-05,0.14271060829010038,0.894817844623494,10.089886676448746,0.00021912594507755812,0.18014740908740404,0.9134389005486595,10.507244881120949,0.00011371795441410223,0.14815619272684932,0.9122211344298099,10.278147557815968,0.0002054225393664165,0.11312558769280462,0.951249324939983,10.516783123887373,0.00044906975597208015,0.26560842321024103,0.9183165154043431,10.98413774395387,0.0005586573932937692,0.27022815560327657,0.890892349282579,10.521354894967171,0.0005442081281240055,0.2693353355240541,0.8940089100999108,10.793742429773996,0.0005587715990971611,0.18329007390306445,0.9053906866910267,10.640417168248156,0.0005178672132255824,0.31846123057993037,0.8854134354683755,10.359165397664793,0.00028643795853523833,0.27660366511086426,0.887691644919911,10.36477861186921,0.00021941748963984767,0.17043070223748608,0.9301725868399504,10.368349041800117,0.0001599958654102266,0.22201143411638025,0.9000932620425072,10.518140197036258,7.791140859080426e-05,0.17664416034257052,0.9196166007478865,10.76820529690264,0
7.460985432676972e-05,0.2364363497961386,0.9224756556848487,10.476695595684467,5.9000318403209984e-05,0.14084952549670865,0.8890494488116809,9.985462282288172,0.00021892280919377354,0.20363036391600692,0.9312498805143711,10.719797714754694,0.0001147707157364951,0.14723000943698886,0.9070676559410877,10.103697028806911,0.0002459050975095993,0.13581381915849988,0.9413348214158669,10.518720425232575,0.00044582061551715795,0.27234136546869614,0.918329958894887,10.881069694046461,0.00047813270077330325,0.2598492838347092,0.9163914772866482,10.654905742457904,0.0008597824707325989,0.3549196620147242,0.8410121982090628,11.030399188795904,0.0009006680046938762,0.27663890543032643,0.8615987192516072,10.764372542322663,0.0005774898471921616,0.36393068965326797,0.8711571372911099,10.267203540874089,0.0003132749854082531,0.31704583749460497,0.8923329299923779,10.218118821735246,0.00019837800867916947,0.1679305075866089,0.934247594489888,10.693105204328495,0.00017989181596203934,0.2713476140013359,0.8788983422132133,10.165016340041934,8.785520896537608e-05,0.21393212838938674,0.9136114812140104,10.858347455907735,0
5.032002698352866e-05,0.1777389312964744,0.9274317760343584,10.79442692623709,4.4618139905478626e-05,0.12176041852038148,0.890446196484293,9.735146275676433,0.00017101315328639467,0.1647409514680293,0.9106452432479261,10.925809715063519,0.00011345426049868033,0.15426321793872919,0.875058365775334,10.181926185570646,0.0002087699298531349,0.1282513722419543,0.9234230411779503,10.479701619337444,0.0003855741868155851,0.263238710512521,0.9140867095496074,10.768489053569501,0.00038689669438913155,0.23020028052544939,0.9187327468968698,10.54573434779908,0.0006976183947617877,0.3415377743312752,0.842947436122536,11.032445770857294,0.0008637092017328183,0.311199479243191,0.858298475650875,10.74830769246082,0.0005250598139596063,0.37521253656278436,0.8647011629626203,10.289268067010815,0.00029201357819367635,0.31149354080443226,0.8742775331537617,10.266203892319693,0.00014431224915060012,0.13067605463087822,0.9290308243999805,10.901481429047093,0.00015187716346013973,0.2762789868832538,0.874987898877295,10.010706809893744,6.957725263098193e-05,0.17065968648993057,0.9209694884863231,11.074275949013755,1
4.215636127244362e-05,0.1624352638406835,0.912713181376352,11.316000874064098,4.434119599227215e-05,0.12753818882601234,0.9170210065727429,10.286872386071883,0.00013657032521061454,0.13892678739807335,0.8954993759111437,11.388719954562928,9.479625807729157e-05,0.13649677291140339,0.8563361443877082,10.651028972159292,0.00020033088244570974,0.131559621722962,0.9234490207583045,10.63103955842892,0.0003617713138214983,0.25411464241669857,0.90757230554039,10.770624580766412,0.0003736024516924961,0.1985822127465171,0.9219577528602009,10.341271324954043,0.0006512949606131762,0.3348357238226976,0.8451444195982833,11.030539125820576,0.0008545633887905996,0.32009811764063156,0.8558866314881263,10.776079538037695,0.0005570340619372379,0.37626864409347566,0.8653708156941116,10.401950955319334,0.0002964950179588932,0.2985771082376992,0.8810536032171722,10.310968943022255,0.00013587892248302663,0.12018951035348231,0.912433319651628,11.169816902281003,0.0001523204397863073,0.27147501809007785,0.892993361487396,10.126408568422017,6.547916863090046e-05,0.16011981709421413,0.9097670619163175,11.241720876156933,0
4.050297909710817e-05,0.14953987804600144,0.9096549798538254,11.076882584028978,4.7420659754921014e-05,0.1371837292883315,0.9183609097140325,10.441558263374812,9.367221087315769e-05,0.10551162971351588,0.90563012582222,11.274648423275334,8.705293462890471e-05,0.13450379516187697,0.8550327321202609,10.755672297023382,0.00021401131828996763,0.14507054067301908,0.9241738323144828,10.497415311027847,0.0003087294746097081,0.21227522682147207,0.9090398214101842,10.764666053054514,0.00032918590756964684,0.18579436028105847,0.9252396989855158,10.529890845191517,0.0007065524080862516,0.3354908002132332,0.8364433901635837,11.204958077913533,0.0008878870133553379,0.3426792244123326,0.836205189052083,10.95450777344562,0.0005051345209421646,0.3478343299701807,0.8863426965670487,10.604072589493937,0.00023930471441012608,0.22497842483057243,0.8957928503498847,10.510936624162616,0.00012301487347647668,0.10176540872433662,0.9194386863833505,11.136185052411184,0.00014110780908840572,0.21553706448593027,0.8926483723025209,10.870190806020844,6.072125591655993e-05,0.13779646108634497,0.906544002628565,11.293683610045706,0
3.324695484743031e-05,0.12053203541153382,0.893693060077402,10.92277964196961,4.123245896857472e-05,0.11547743056238832,0.8957673819076217,10.373950170309561,6.755044732174241e-05,0.07621529244131812,0.9103112477277083,10.918896436172576,8.016496297467785e-05,0.11876163971668695,0.8190103631627275,10.74338926907532,0.00021978848248743266,0.15231038896350804,0.9421593602451329,10.435542760564411,0.0002400021120466544,0.16973440919621002,0.8851753436899236,10.944265899826949,0.00025669211849139604,0.1407061140712136,0.9216194255205664,10.17644879699566,0.0004800141393058117,0.2604561648712527,0.8990779106572986,10.742139782043626,0.0005538438073488523,0.24414415449831123,0.8654038252099251,10.893827275633834,0.00038915001607487147,0.2994845349385273,0.8893620474778705,10.528033373414829,0.0002021929486980124,0.18693963851700346,0.884835291996586,10.539419827575204,8.935382485598543e-05,0.07184648695512534,0.9150703493196103,11.02589769984177,0.00011324276307409047,0.1739799233310754,0.8997254705394223,11.12111825278938,5.241443340885254e-05,0.11330040396602993,0.9040663131008759,11.098427468304115,0
3.24370889615501e-05,0.12433045566421295,0.9124051985191431,10.334903521333672,4.59727370230068e-05,0.13024348346393777,0.9001325701213353,10.451597590101391,5.653113418731098e-05,0.07016146605632465,0.9160097428921663,10.170236709572762,8.036316470913163e-05,0.1153506868896768,0.8045097675264349,10.554328213191512,0.00020524214404684884,0.13778974100396077,0.9244726384218094,10.060609530413673,0.00022243855933465952,0.13452440620680772,0.8947857509119507,10.67450281326153,0.00026146305691606667,0.15187040287482015,0.8878396614133753,9.685282322785005,0.000499144704131134,0.26067978554408666,0.9047740164726427,10.331723391723866,0.00045296173744699365,0.19441958771478363,0.8789057481316468,10.608882111141986,0.0003111141962862667,0.25191581674624314,0.8944160035333608,10.09729378577325,0.00018225426749803706,0.16410096832806662,0.8982795705879117,9.994889855335828,8.646578904480449e-05,0.06902926531966184,0.8921359255152483,10.305089497489755,0.00010294306788309997,0.1574529341441163,0.9050456869908224,10.970576754640762,4.291827867648931e-05,0.09918731613786105,0.9184155602118921,10.900921236986045,1
4.8107605884184965e-05,0.160398799591592,0.9287169821713028,10.639222134175501,5.08026515464667e-05,0.08869312289085146,0.9121743431968817,10.226550413580778,0.00011443823309821985,0.07991164678228199,0.9261955383330475,9.62948021922787,9.805921658364204e-05,0.12229337350257583,0.8085641540029174,10.895555803706571,0.00022015679825251102,0.13763206905229905,0.9391239880441653,10.30393653085692,0.00029823263784793143,0.1502122219502068,0.8814165099192321,9.87728189185283,0.0003176908120245282,0.17646407125053962,0.8624994935547157,9.418084160568112,0.0006432562652955759,0.24738009863121949,0.9168389380955856,10.333533048511804,0.0005654725503223331,0.19697013193582102,0.8850003429672202,10.31486133013203,0.0002957875558371572,0.15887999346537762,0.9292788864066628,9.571912048575248,0.00018569278029614635,0.11614713722092929,0.9172521603859155,9.573320948372869,0.00018493901840019506,0.08908011780802383,0.8978129394701164,9.553185921594975,0.0001338287373662754,0.14832529203333367,0.9300904226613027,11.085908546223436,7.201552520544761e-05,0.1325992146040685,0.9306910412591701,11.12980426133267,0
6.673547587360557e-05,0.1910783684455291,0.9162899929429086,10.95111236872389,4.8652694359457973e-05,0.0753963106055999,0.9129811880071932,10.195445206221676,0.00019349742731741525,0.10716520691249887,0.9317817626770766,9.823895719246133,9.385251067683686e-05,0.11104041916971889,0.8241384662992716,10.761495945806214,0.0002554523729544942,0.158529875260367,0.9385509915369001,10.096818442806414,0.0004933118371644548,0.220003043457202,0.8897075761962144,10.162300950051264,0.0004052971660567392,0.2015932079512036,0.9044420086137599,9.494257504780983,0.0010821120221891508,0.3213050863039435,0.8684365501170158,10.287599255615426,0.0008098223470876819,0.2374791570628517,0.9004364009449047,10.063189035643177,0.0006648801634270169,0.2650902049288527,0.8852639274233965,9.969254689040836,0.00041564752050504537,0.20999850127293349,0.8815246729343075,9.980439119995374,0.00042995940434724367,0.1610190323351742,0.9010997412486815,9.99666084221091,0.00024320628530207937,0.24531792983036035,0.9093908055170643,10.876049775562034,0.00012396038283627912,0.20041411756706626,0.9235693216070048,11.154732010342832,0
9.228134090788473e-05,0.23352282922649129,0.9161193963334379,10.707156845444567,6.16406844760324e-05,0.09368741283352242,0.9158277815294286,10.250395523564288,0.00028763788919764936,0.1405943897418517,0.939056655606215,9.701507671120652,0.00011608906684964568,0.13490744177255615,0.8790257382520756,10.498123006357526,0.0002413281558283881,0.13910316010356744,0.9247035576026202,9.740020447270338,0.0005314934350446753,0.23152569560984304,0.9099204630343097,9.976663951415908,0.0007462967511859001,0.31515657888347476,0.898947346102454,9.808831485123234,0.001220468552039884,0.32441312232352226,0.8716152107714479,10.227315284069494,0.0009334086136729501,0.24865982763732103,0.9146356421541529,9.99388331446164,0.0008890025400694067,0.3000549144139154,0.8906373233069096,10.11920202598236,0.000561970379533796,0.2546767328926657,0.8827647971302235,10.011779055423498,0.0006394587189243685,0.22208530406527316,0.8998059565225441,9.904089423632083,0.00032213089933269936,0.29521313528983584,0.9047420451235448,10.661406075307001,0.00016266062611844937,0.23499228891155402,0.9373625671050024,10.808944165491702,0
9.073503757682798e-05,0.2209680487895972,0.9041189740960281,10.773892156418473,5.815529752511455e-05,0.08654010969941486,0.9276913372524423,10.201115214198717,0.00030733824466065365,0.14480416779053285,0.9370226974898138,9.770461928188558,0.0001213228698186406,0.13808854405120838,0.8999948823132076,10.406908199301443,0.00023736776426603213,0.13483940432558775,0.9213614335719342,9.837159308897704,0.0005202807744887532,0.24907461311232806,0.8992275602037377,10.027345272025284,0.0007339343356677298,0.30245790306607945,0.9017841200770244,10.03070231617645,0.00119366234984089,0.31150346474024093,0.8783982688792862,10.361112094160676,0.0008820410315766743,0.23322704241593764,0.9244839901236245,10.099762508058749,0.0008392021418416932,0.26851444000805746,0.897975645173504,10.199037792546736,0.0005260075122611085,0.2423295311126903,0.8912106872262849,10.066317247177006,0.0006577745155361744,0.2230076317725755,0.907912457470552,9.900701256078513,0.0003172025467564095,0.2905151030528578,0.8956077894166022,10.702896109104486,0.00016737836341037605,0.23885476590296773,0.9268655250547893,10.865834191413692,0
7.912142102673667e-05,0.18917201564695255,0.9047586036949815,10.569030611464546,5.8048276106499796e-05,0.11978913056984802,0.9191060705988237,10.166850508351056,0.00029544720934888236,0.16811321837855592,0.865702628819411,9.91974440372373,0.00011393642593087876,0.13978091908158335,0.9059419422060536,10.225915679419455,0.00022623858879241467,0.1278185909004379,0.9211140523286288,9.782997690222626,0.00045535182542945216,0.235292858221473,0.9074132022692332,10.333867585292179,0.0007024181095465226,0.2878089870019385,0.8934351424099747,10.355593106249826,0.001122548699892447,0.31901635100906645,0.8611908961392194,10.445144383914323,0.0007925195484761772,0.22554628826778694,0.9222022612140551,10.26632403783437,0.0008265276535065631,0.324958328676904,0.862374817780434,10.286844021995377,0.000558325553747106,0.3102999335034405,0.8546386181434641,10.061505271237206,0.0006374733436041207,0.2693467506518922,0.8606567756669344,9.792349609994885,0.0003167962930520085,0.3530087038335026,0.8839771540948211,10.477844805481036,0.00014486773314850726,0.2288915822909081,0.9263334570703806,10.539569296904405,0
9.494489081373277e-05,0.2175188474585112,0.9081292361909719,10.062495491992083,7.857353893784712e-05,0.16631239059773392,0.9115037322185033,9.908521032877633,0.00043726021099042324,0.25867891444278934,0.8132861939104696,10.100840462783534,0.00011791619749327744,0.1477148604287735,0.891565470931974,10.155003609202712,0.00017598894521746335,0.11048132619936803,0.9233995923831324,9.787189931217517,0.00031775844760774104,0.19006012648487958,0.9188715765067722,10.03152891856132,0.0006899849668795174,0.30707509124738613,0.8794581762745333,10.323605670019182,0.0006178525794748048,0.23513251300456317,0.9036246536517809,10.450688578132313,0.000488806686470952,0.17359665803603086,0.9180135192957991,10.401630589905993,0.0006911755003193394,0.320058668235339,0.8407021172097046,10.198319982327368,0.0006654819475687998,0.4015247556679253,0.7949572240472177,10.076991309140132,0.0007904065936623309,0.36481542155733865,0.8086584170838669,9.820736884179423,0.0003328954611543929,0.38183522472437886,0.8220239718460927,10.190833023374559,0.0001729378766276915,0.2637563139764249,0.8880069493976918,10.162758381693004,0
0.00011937152892283074,0.26132188810461965,0.8984290584041326,10.211979831787358,8.48230105377254e-05,0.18628689114088784,0.9006971275645147,9.93474848343573,0.0005665643847808343,0.3330324235984986,0.7741925974226145,10.366850734448061,0.00013942347431327508,0.17992460654385176,0.8935067127660863,10.34059964282812,0.00016100452148769435,0.11523483099475194,0.9217830641816763,10.280730842135942,0.00027586043573442646,0.17797327212036854,0.9056947001008883,10.165861767845401,0.0006303198950831604,0.2729702527347537,0.8356840191772332,10.619240024424387,0.0005023735377262685,0.2154116049880187,0.8986359288540487,10.874945169583286,0.00046249374340184287,0.17552926627432824,0.9097186402697823,10.820965152152024,0.0006258720649650487,0.32151090018975126,0.8375799840635902,10.312952953427976,0.0007794051573167243,0.4607650013170275,0.7388488358008606,10.239149375009642,0.00098051550679929,0.41244362504256477,0.7496839009179124,10.111228118144137,0.00038254612992962597,0.41603865058476985,0.8013422721543962,10.349976349464534,0.00022467936691529695,0.31411320962597894,0.8569967889041171,10.388979538933985,0
0.0001448279656983847,0.30557785367895063,0.8935861678395018,10.246575451704267,0.00010844667693534819,0.23758887886556534,0.8981136075495448,10.085806264745358,0.0006583183197413103,0.37441463737718245,0.787850789003245,10.531071687158025,0.00021393338626213396,0.27081492936025786,0.8965509927481158,10.378843614216578,0.00019927491402540418,0.15075480555491355,0.9167543088316549,10.506571400717235,0.00036507988802821046,0.2287360958018729,0.8870906378062916,10.514760130236773,0.0008505553939298206,0.3247630349151192,0.8215226919608299,10.952648742467881,0.0006754689189582728,0.280451921774198,0.8646419946058563,11.078355824024968,0.0006845345231944754,0.25251606431742735,0.8760609513794231,10.99778228422293,0.0007577030117172976,0.40431899050906983,0.8301343235469452,10.48799579790566,0.0009152560662576978,0.5290324555618183,0.7310595708383962,10.4117262635104,0.0011678907023654405,0.46846872889426944,0.7550132260157002,10.346580743282695,0.00043725910214047106,0.46134806229806335,0.7880051319528416,10.430516311788702,0.0002578632260673588,0.37379477428706975,0.845397823360841,10.387340952923948,0
0.00015321243113748954,0.34273469065563705,0.8792713940004637,10.205427348066044,0.00011638423167457216,0.2537082503084255,0.8985168237582856,10.1856687166118,0.0006568493836297622,0.40949733932213983,0.818245814223244,10.581593425733278,0.00023093873497359005,0.2823938264796689,0.8888109085826192,10.396158575532226,0.000229071852093088,0.1623702700258327,0.91114561939313,10.43296876820879,0.00037778313042575296,0.28424187244533944,0.8965255288132468,10.602979923082017,0.0009866994042716129,0.3775533451987739,0.8207991438223988,11.086574627136144,0.0007344488153736525,0.30308275331276113,0.8695516600586793,10.90307290804843,0.0008444065593838405,0.2893331424628292,0.8656294473697657,10.849286225488209,0.0008806055966209915,0.4226064684876876,0.8213951369370142,10.520981532438151,0.0009135774131595386,0.5584340092363844,0.7343512234269357,10.479872228465311,0.0011397852280690202,0.49474488163582003,0.7660586415388382,10.521690859886895,0.0004460711232105654,0.47099247375210235,0.7846020707143916,10.460142262176301,0.0002682217033659425,0.40224780105331576,0.8317167280845843,10.383401061822642,0
0.00011705480609261015,0.3477080006450869,0.8527446371294373,10.327213792828257,0.00010071156175899073,0.27008584236325067,0.8760129411566717,10.26595172741368,0.0005034672255284448,0.3695275285865418,0.8515790109082935,10.768280518343369,0.00022971087668952612,0.28659702608016463,0.8747560968577617,10.390299913739065,0.00035800098065152063,0.2217352251395804,0.8797491588232382,10.269067281795913,0.0004064601094648496,0.30973598160975,0.8857833727900709,10.591105283541454,0.0011347324196670579,0.4161211478256449,0.8249751552968214,11.282311611622045,0.0007840833180509847,0.31396905441679474,0.8725175945786897,10.726236646834819,0.0008568480096134866,0.2930172382987012,0.8644720545655608,10.782404354021974,0.0007505763311823125,0.37322435824418954,0.8683850876683057,10.661556031501235,0.0006414643015603677,0.4674337125575157,0.8173317197836366,10.543548723088271,0.0008318528760662886,0.450569259135971,0.8227058161680877,10.664778784737182,0.00034289893093647614,0.41454056934704486,0.8406788107814493,10.441639265445476,0.0002034286350108969,0.4004452930533546,0.8668074435058704,10.34118862757449,0
7.261978017803816e-05,0.28450377691846607,0.9035187978306273,10.23545821314414,0.00010579770934150966,0.29766306316908175,0.8906024026155444,10.35034142417719,0.0003311661514439802,0.2657719912670998,0.8483204153411398,10.952951632352892,0.00021375906752157448,0.2945416921874495,0.850720128458477,10.41390218739683,0.00047785372076122374,0.2810146463040905,0.8446824529139669,10.002254387765253,0.0003630690259749645,0.28291233401953486,0.8880214087641405,10.395723500922383,0.0009585181977736644,0.40941710248913565,0.8169554559712439,11.510381185140806,0.0006752366373022671,0.29552273042458804,0.8684725484788368,10.675360317903829,0.0007074982072751727,0.2557215065363226,0.8825797078798417,10.743384758151846,0.0006061350551104935,0.3100062281523877,0.8881178682183747,10.592118476739527,0.0003982075510820133,0.3478188433424722,0.8647553396233105,10.619797783318017,0.000513036035850631,0.33866946007331483,0.8489962488428422,10.689792365907596,0.00022622680138243312,0.31144572013452076,0.8681191525531076,10.474636160823373,0.00012304346131781135,0.32970165489072306,0.9060470830203812,10.111229907155616,0
5.716113266455244e-05,0.2381403701934506,0.9211822527871466,9.989445453925565,0.00010169385843955377,0.2987842255218545,0.8872528687838683,10.177228426357066,0.0002437202772132425,0.21227472360422778,0.8836599273957276,10.628480017185243,0.00014770009083050757,0.21308993379984592,0.8687532308601021,10.329939879289826,0.0005218861723966768,0.2842502653441154,0.8563187291722564,9.885307190220407,0.00026122536081811873,0.22933643455682132,0.9126971409114301,10.031109083212113,0.0006860134755707122,0.32731536331405464,0.8568216273995996,11.442323586992476,0.00046947029685706854,0.19887353994865936,0.9055385991581834,10.475564605020637,0.0004812604621674653,0.16376919664074396,0.9009151968452417,10.400925104950163,0.0005002646694976464,0.24344917868469998,0.8919943756564608,10.322519024284595,0.00027931455781652443,0.246565758869744,0.9154202453455099,10.347818035934809,0.00031142978333933464,0.2322700707021873,0.9158016269256795,10.22590552859908,0.00019042199599553558,0.25234262945399394,0.8708478786966826,10.345346815058841,0.00010565031638749519,0.28098914859598156,0.9222435780221341,9.876676231285005,0
5.4193971804033676e-05,0.22086728937130293,0.8914617005430191,10.06972536953587,9.609665178181222e-05,0.2617372440487772,0.8624705820391917,10.109235801002285,0.00021452091079747748,0.18514844689255294,0.8761064999414103,10.649111110442355,0.00011601729888196521,0.17732496629014735,0.8465374289782026,10.272551104691056,0.0005153560132880047,0.30224857638065744,0.8603643284149642,9.865104803994301,0.0002594272651274996,0.19556602298380685,0.9231934890736638,10.193615261197122,0.0005420167252355298,0.29289393599375946,0.8656958083758068,11.324470289521505,0.0003239646904403505,0.14816674328911617,0.92025385833662,10.318299740732526,0.00027286680636138616,0.09619676499782137,0.8973714361391517,10.216175244997514,0.00036284660726829885,0.18160274316490044,0.8951055065773087,10.268603506642648,0.0002646837793016727,0.21879721067861502,0.8988169316223161,10.51871005631087,0.000301235913377818,0.21206327887933754,0.91566407316257,10.28692063531045,0.0001454503275448439,0.19330952474677832,0.861136129282401,10.416969194220853,9.101685883330653e-05,0.20963942291450055,0.9120243940406356,10.091479517294307,0
6.225800456408901e-05,0.24675277386387995,0.884335909447179,10.122876208812524,9.42422453954639e-05,0.267488227018468,0.8806393979127562,10.227020844744354,0.0001626603786066818,0.15885604096142164,0.8845213989753377,10.520495507580291,0.00010294688302606817,0.16420700101617222,0.8475809711178409,10.380693156485528,0.00038652500863424455,0.2579092459561082,0.8992704442746815,9.78491224859926,0.0002002416402926872,0.14229806926734018,0.9259457911958336,10.781542452774286,0.0003348404768876224,0.19202905280280266,0.8904338553443966,11.004120378407286,0.00020756841133020193,0.09717610258181264,0.8978848442779981,10.682275897838851,0.0001871008146179471,0.05605469738065311,0.8810149376087579,10.399562213756841,0.00029763300906086876,0.14794623081354963,0.8912788472133808,10.280110007259523,0.00027843855066180385,0.22929794679362964,0.8928733831256683,10.510844418047194,0.00028475601017952757,0.16429857074728466,0.8946432167347959,10.505754780263377,0.00012622444933789057,0.1830172155750253,0.8567847554381158,10.220369665572651,8.551342818124471e-05,0.18612507466979022,0.9163064390006709,10.176044018311906,0
5.4326836924625565e-05,0.20998118513961808,0.9080818240179659,9.94499674889966,6.63805553774716e-05,0.19985117296584182,0.8830335570157956,9.969009763405705,0.00010510228472684239,0.11994463568579367,0.9192139140092459,10.384046806184264,5.7607668117685355e-05,0.0945387776669433,0.8563235560162793,10.16315791990083,0.00026550087829839864,0.19172267606659268,0.8991256175316565,9.673153649748286,0.00016467409575970178,0.10253650627135234,0.9058441020882197,10.82385455842845,0.00021051554489154601,0.12336813207448334,0.9117271004711571,10.70326114919637,0.0001354255702642873,0.0642996469801149,0.8865585123316496,10.859571106467172,0.00012595704201231426,0.03823651713535274,0.8595200952098984,10.092646922052307,0.0002314830566601823,0.12332551415079311,0.8916740881401842,10.31404248573105,0.00023607824796492542,0.19960508067037677,0.8966983254734565,10.420533233437796,0.00020303811562629584,0.1255556988465826,0.888705539694015,10.554580212400987,0.00011262144213701175,0.17543809996662937,0.8779321049978537,9.790707281561959,7.068031267657145e-05,0.161383605294747,0.9054533990428781,9.983420277148333,0
4.834541845296488e-05,0.19496369957432602,0.9020376174588243,10.185582703862154,5.137715781824935e-05,0.1582838784266453,0.8346246929866387,10.021084548135315,9.356108076416453e-05,0.10970090201076564,0.9265296340977461,10.778194169448373,4.505540996835814e-05,0.07801993067528691,0.8506570110010494,10.567215193234702,0.00020845128859831632,0.16010300465348162,0.8974093727958876,9.56938630981362,0.00019299843194983037,0.10582081709907552,0.8944941414070098,10.910625105941355,0.00021547510926425015,0.13731868271437958,0.9133098595493121,10.784455296908636,0.00013944049753907792,0.07453437394146048,0.8699158978617474,10.635823055053269,0.00011907722670336754,0.04169830812562373,0.8592288358883758,10.35398280945172,0.0001967505023201903,0.11243279610034106,0.9013998723808495,10.452683921405693,0.0002115926443829508,0.19166923081194365,0.8942343361110852,10.405532459265942,0.0001845100211442622,0.12075991543706073,0.8944226678309635,10.69841623700574,9.121423883375849e-05,0.1545406707827204,0.8963561950989316,9.653838958406537,5.033476551693121e-05,0.11827949761408654,0.9133551255295622,10.04797622199809,0
4.385542894714043e-05,0.18260921965496765,0.87793132694172,10.331576388605795,5.137265439219842e-05,0.178563963372715,0.7439812133370988,10.384776095418353,0.00012092993442914533,0.15015294720220568,0.9305235307122224,10.637117616767432,6.077364177980983e-05,0.11148714538116022,0.8497218731135023,10.815091247451887,0.0001961258745402815,0.14304636364891313,0.8976602673966927,9.675618282851174,0.00015921377220328152,0.09229531412372337,0.917134252646922,10.638048155195397,0.00020631932814052753,0.13181699842350586,0.8898983772450519,10.696249752558275,0.00015188352641992947,0.08640849424417937,0.8620690718025744,10.899036377862377,0.00016445293168558322,0.06772517467743885,0.8820503201216771,10.755553515394352,0.0002538859125293624,0.15616965626030796,0.9141296049443239,10.711855777683542,0.00017787218929438538,0.18700909493753914,0.8963025322183389,10.44604910994946,0.0001565630264229531,0.10610904547532249,0.8909841943831623,10.609325438756672,0.00010325120860703763,0.19296027354617132,0.8980151347653869,9.591047183530318,4.5987780576169475e-05,0.12514316272360454,0.9255484938203509,9.676033385158819,0
3.567547071664941e-05,0.1369925484244675,0.8838712422497594,10.458167813043255,4.765570705989446e-05,0.1383724900112614,0.7630361943669567,10.622916029388483,0.00013090897230861093,0.15591623994249929,0.9353459628273251,10.483302301247829,9.633586154953272e-05,0.1581988330555209,0.8203691644511133,10.830188220364047,0.0001760454566245141,0.1255885219833841,0.9083871934623419,9.838986584101272,0.0001720991577373388,0.10568763572584837,0.9206436577246393,10.396009081441111,0.000275834048676589,0.1743389786241444,0.8982280521216447,10.581027923157542,0.0001976110779308308,0.11793856837672097,0.8655721912568791,10.618386656148076,0.0001813375167991618,0.08952560592733838,0.9111580014118276,10.662890891012104,0.0002010575519656277,0.13430907429106465,0.91601660159318,10.62731273831478,0.0001184253217802944,0.13075639716409104,0.8968087585931025,10.810884886303059,0.00011389790046087024,0.08819567069791887,0.9027877261303132,10.586205587685711,0.0001054019860869469,0.17548271335457652,0.9060427574049009,9.858849890037689,3.4446021751233513e-05,0.08817077154552033,0.9310624044832542,9.727494318493333,0
4.2289729560225506e-05,0.15750382429876494,0.8754901277279096,10.932713823045905,6.2480230057192e-05,0.1652547240806495,0.797278113006736,10.736096811339682,0.00014175145328550342,0.14107162792420458,0.8947011381843966,10.565490607756239,0.00012185178945896688,0.18091834864927503,0.8176280754842908,10.93391817578827,0.0002504343275867615,0.17876910709146646,0.9117796596919936,10.613571312638129,0.00028824499212198797,0.17213795370915214,0.899055897835018,10.344393362075598,0.0004988999458835804,0.2861952188791849,0.9031087513159595,10.681561220781724,0.000534629117400265,0.20772185373965255,0.871417959103771,11.355215219486178,0.0005568330083822936,0.17511783819589294,0.8763533644017397,11.593366727964543,0.0003160678889816298,0.18618780733244797,0.9142351873332449,11.209822521080772,0.00018099604100482662,0.1895516251215485,0.8966068512000782,11.086768482711035,0.00012321453903370343,0.09082311710666806,0.9080852214663498,10.808495764686148,0.00013910665798146018,0.1968236531060675,0.900746515759943,10.469458705269158,3.833735839299839e-05,0.09105207795421098,0.9316203716077628,10.650149096094378,0
5.668133859304788e-05,0.20014690190758108,0.8896054304475041,10.788664107929723,8.908884877204071e-05,0.19324010805368153,0.8686893766789135,10.611896016495313,0.00015831112786604757,0.1379689264664094,0.884121536430373,10.467521168839118,0.0001374092015091741,0.18844158973318567,0.8323929032046761,10.807581200692956,0.0002989896484518646,0.1952994023551661,0.8667534313821714,11.186275285891668,0.0003471933571241463,0.19521981479882347,0.8861113623657595,10.22062008770214,0.0005867502242451256,0.3074384610151324,0.8973170486105476,10.727452663331558,0.0006034217572897899,0.19520258984687372,0.8610211615421677,11.656881284537175,0.0007909560441449966,0.20056351081414797,0.8513280350779201,11.909842730604206,0.0005316358432882325,0.25712803054544436,0.8668350935139733,11.467251830377142,0.00027048964991859925,0.23589780362215093,0.8737763066264562,11.157727881442856,0.00013753856254447968,0.09407977230113826,0.9083639741096188,10.725435161786129,0.00018587443338535092,0.23095948929463567,0.8677678391053398,10.732540806089588,6.0841092065488475e-05,0.13012715282682544,0.9230029640561227,10.694065879351044,1
6.52667635690236e-05,0.19897754414077673,0.9178072607716171,10.41199363744821,9.80258450349469e-05,0.17001807157638557,0.92458659173138,10.118734895716344,0.00012094073318715979,0.11009515398686757,0.8586085799350778,10.54183808421692,0.00014504948197526586,0.17332165230131494,0.8799084128282043,10.220157077429182,0.0002914543885121347,0.19624953296093953,0.8851494365920286,10.869554091192681,0.0004179022803430327,0.20024404299335,0.8790041571958157,10.420273780299848,0.0007447493460749173,0.3593234427740572,0.8848858968890454,10.521761550779653,0.0007853373387810216,0.24022495335099855,0.8600226256819267,11.607914141137778,0.0009968632597851202,0.22931190884410504,0.8592767117084611,11.768897548579478,0.0006659048772349352,0.2912253662579882,0.845502163883429,11.394010312166948,0.00037841776537533953,0.29319226326941933,0.8419725244468367,11.192585720945456,0.00016777982032121683,0.11444341748899396,0.9118661779479013,11.085171479434315,0.00022125902483514085,0.26060243602800726,0.8580349899852041,10.99248893259023,7.385762070042878e-05,0.1570852953323033,0.9285525828338765,10.919317019104946,0
8.458342958807772e-05,0.17919627822670162,0.8377084438771661,9.930835152093843,0.0001317008761086949,0.16753869061935822,0.8608490053660589,9.508587188871148,0.00014139525379264648,0.11250195068169823,0.7863898996260923,10.347181270010173,0.00014263154039595463,0.15707111883535477,0.8693790081917097,9.549419061567471,0.0003265121406615057,0.18485216659955667,0.8713926502273688,10.93104530957464,0.00045171017626466196,0.22081895176850838,0.8698254144836443,10.255819495217905,0.0007585930938554417,0.3474379226657353,0.8808683433331075,10.43148246383485,0.0009651687576606705,0.2824196797670038,0.866335793984361,11.490462578437672,0.0012436153279146561,0.27075026480945574,0.8653948911691195,11.687957583581081,0.0008296472700203859,0.3353648296238197,0.8652574611178167,11.163693865798406,0.00045276032712554033,0.330107981550152,0.8592558568085384,10.86355698284129,0.00022850368579449806,0.150814951772383,0.905895677694025,10.660416618183186,0.00023324140272966252,0.26169071666592386,0.8588350545553198,10.83324643909577,9.243094706617324e-05,0.17258337599528653,0.9052232593384127,10.522950211499905,0
8.987266647483085e-05,0.17173123819667607,0.7723082561560047,9.92130139471315,0.00012827377947416483,0.1606960076133943,0.8432084561840238,9.442051658605944,0.00016285305933153762,0.13542566953090615,0.7354398226619213,10.277018835889596,0.00013889509378808168,0.1488686874101356,0.8657100129510522,9.326799653392778,0.000285600741261686,0.16270519510338138,0.8622622515244501,10.527701424628868,0.00041599960180437983,0.22148966184581656,0.8782191910119561,10.222847468267068,0.0005648131244559511,0.28639671588070803,0.8950971572952917,10.211161491062416,0.0007705524330281772,0.29955179065019655,0.8610367001838901,11.070210105623174,0.0010103272256481329,0.2869367311114134,0.8638296937303799,11.465293066571181,0.0008535954700291551,0.35286887201965395,0.8692804484660355,11.001365343750784,0.0005240691636196105,0.3773938151000998,0.860414639007209,10.689426518559179,0.0003084606244291029,0.18991313150270134,0.8913223581996795,10.528996461920116,0.0002365125644638718,0.28983352518683986,0.8633368514716698,10.752436690568608,0.00011538334182032423,0.20291147487056752,0.8580136638169661,10.48812634778913,0
7.075333779566937e-05,0.143432662422164,0.744367881743709,9.680253539353169,9.99994864567215e-05,0.136272101588188,0.8174794938358608,9.221866182545282,0.0001559434357158745,0.147370582386671,0.7202302273886038,10.001364603190858,0.00013784152900968294,0.15120373825022068,0.8633368170269551,9.311570189809348,0.0001918139371131968,0.127322411257137,0.8629826434395351,9.943620557491554,0.00033692530876720014,0.19918685386538296,0.8998921089232079,10.12002992164838,0.0005531112858669582,0.2813019126826458,0.9077178658927657,10.03912949517742,0.0006738401675268373,0.3168165215246658,0.8962435715538859,10.778212842557116,0.0007782238182521698,0.27625836642426915,0.8954364700539952,11.10560417459054,0.0006619731614152041,0.3333178638301597,0.8656183266503373,10.732658365673991,0.0004887863658709448,0.3791761252688216,0.8548780650457071,10.59676567567779,0.0003107428605667186,0.1904601153291691,0.8767922507544467,10.495437855987467,0.00020528849691456365,0.28634609122489957,0.8480296329471885,10.638639376274998,9.933249624087474e-05,0.18804970330869328,0.8508088555411377,10.42587228093059,0
6.719278791511967e-05,0.15228228023436433,0.7420101295134687,9.620755029195264,8.466638035936821e-05,0.1327341223447416,0.8151826177156515,9.13009731552198,0.00022035877492472794,0.18347630126170494,0.7741588325191057,9.599102729396833,0.00012773562883670216,0.14676992446938214,0.8511605507889654,9.247296525105185,0.00021973265358982038,0.13462930174932047,0.8518641154087175,9.782652854961967,0.00028505116180169756,0.1963855257084038,0.9120806060243236,9.840982294401142,0.0003915577042047873,0.21964598390784654,0.9189629231092017,10.11850116441576,0.0004910430528463255,0.2529651005091101,0.9046950589568024,10.496543838496544,0.0005452892913532215,0.21686544822703507,0.9140552582464055,10.988139219662841,0.0004912004619124279,0.29003540652431553,0.9025598529868588,10.415855476369599,0.0004176204451201168,0.34678992490640526,0.8684835563290763,10.215105402423685,0.00030776925737571097,0.18928243846555526,0.8849144592377111,10.058057813127453,0.0001889982035150047,0.2610888594808865,0.8747724936848041,10.273766625032556,0.00010852932475251517,0.19963493448667508,0.8469404456947178,10.070587676460612,0
4.812651683411159e-05,0.1541938507506892,0.7996067726888626,9.96962176974367,4.433188993537269e-05,0.10660082813519878,0.8721972359016053,9.594945236716702,0.00019882829156705207,0.17684400466425637,0.8470807773132343,9.508654488353029,9.02546196995789e-05,0.11040574516529482,0.8196088227266068,9.415307333260394,0.00021330138714652767,0.16129573662402844,0.8878454460142301,9.357121003227832,0.00025674403969068026,0.17146812742592174,0.914278132927525,10.371165488493661,0.000390577939313631,0.24067429843018356,0.8890331329843342,10.60621324134493,0.00044670024578978443,0.24162243597262434,0.8832187649101977,10.86179188445541,0.00042146866392923227,0.17956963357573735,0.8908768645759781,11.437516681906155,0.0003468611677013462,0.2373971587593512,0.8978784514452928,10.384935048585554,0.0003477858729400155,0.3175713953054029,0.8733806531860192,10.244284084785214,0.0002669508408471059,0.18503069015776374,0.8827651151608298,9.996181015835816,0.00015976891018207453,0.2579401757231661,0.8958477690472251,10.39992318429772,9.172889601382887e-05,0.19160624791430703,0.8842169409528341,10.17089198795886,0
4.024878433983131e-05,0.14162991879144668,0.8937105375194764,9.601219808998346,3.6058902738659385e-05,0.0878071843446863,0.8958351849344381,9.453183601288531,0.00019298336795759027,0.16268832460489643,0.8881284010826666,9.378364950352655,8.556455164700214e-05,0.1061659340469646,0.7868632267566897,9.485207690691691,0.00017337184642068085,0.12398813970947208,0.9007419635906093,9.57718779299933,0.00020448366278562392,0.13533888523046073,0.9184557185850372,10.94272799105004,0.0005663600760513977,0.3047667073988088,0.8519657482222986,11.140578440404532,0.0004616426734961978,0.24241482427777883,0.8689373431779133,11.39754129791606,0.0004636773676209433,0.19777306978276912,0.883231393450975,11.690341628227852,0.00024181678167707903,0.1665284081893092,0.9141164950902215,10.363874693615529,0.00026156990735284576,0.23497207719991964,0.8937269329933224,10.298560714368655,0.0002348249753333624,0.163035645053584,0.9175648174667413,10.077433660459338,0.00011445793799287866,0.16641368308687757,0.9276950818126639,10.335500539818256,6.750246361215545e-05,0.1362955472060003,0.9080224043468372,9.774843124689932,0
5.232926376019221e-05,0.12906189367355506,0.9106139922246189,9.66422776929667,4.357278034696557e-05,0.08811499085608601,0.9049685304316099,9.37701032505121,0.0002155341461266365,0.1471905898128368,0.8835387789553564,9.624300793919655,9.586513904369194e-05,0.11385215492590427,0.803249587889099,9.571930396280763,0.00030175016911142066,0.17956912940777975,0.9026065519197808,10.393992590696564,0.00018493307496677975,0.14321818638440736,0.9032462211259202,11.141109549635958,0.0005255637206281024,0.31674866437237204,0.8506941740482222,11.244178932385196,0.0004799336545505472,0.2766515613962224,0.8615732783626376,11.39137062266666,0.0004933648788548139,0.19171430999444597,0.8867536364164395,11.707729423610287,0.00027104556926112633,0.15618184673404117,0.9017802165583545,10.685911969082596,0.00023740859636365346,0.20586288755076412,0.8955536529533834,10.435418008439973,0.00022033366099971074,0.12640389356173556,0.9062021097437051,10.08606965351161,0.00010641293584337749,0.13570683823449478,0.9414482500898844,10.411076850640287,7.438349155548038e-05,0.11834266863128069,0.9186133139821798,9.544509234949144,0
4.702056616175807e-05,0.09040656219274783,0.7536824406692947,9.83037725439359,4.172976472488928e-05,0.07451542265288781,0.7819056918138838,9.660009892899508,0.00015786774074415065,0.11514576232942304,0.8627837309145481,9.90307807858797,9.581136365666525e-05,0.11732839855982323,0.8347531869003547,10.033465999601326,0.00031065381655421556,0.20426809010541125,0.9256858866665851,10.69977791208442,0.00018510810319962874,0.16018189071997194,0.8993190336061988,11.270672248764008,0.0004983765084392424,0.3384187638189997,0.8455883273826761,11.284190263577688,0.0005433492672638311,0.26539171069122275,0.8431479505317305,11.125116340622926,0.0005074993252312063,0.18613876150325487,0.8781770739037382,11.748229709254698,0.00028446183854599757,0.1591875167870071,0.890454190338555,11.184292389462971,0.0001989379448629232,0.17577374106857452,0.885310402604251,10.90688961605438,0.00017564801508252308,0.09956595882733016,0.8905931489984238,10.44424203929566,0.00011461957589082088,0.14213005739512777,0.8816940780603779,11.162625140974962,5.5179435952195237e-05,0.07476365527881969,0.8002159522332375,9.519105389543414,0
