AF3_alpha_abs,AF3_alpha_rel,AF3_entropy,AF3_cog,F7_alpha_abs,F7_alpha_rel,F7_entropy,F7_cog,F3_alpha_abs,F3_alpha_rel,F3_entropy,F3_cog,FC5_alpha_abs,FC5_alpha_rel,FC5_entropy,FC5_cog,T7_alpha_abs,T7_alpha_rel,T7_entropy,T7_cog,P7_alpha_abs,P7_alpha_rel,P7_entropy,P7_cog,O1_alpha_abs,O1_alpha_rel,O1_entropy,O1_cog,O2_alpha_abs,O2_alpha_rel,O2_entropy,O2_cog,P8_alpha_abs,P8_alpha_rel,P8_entropy,P8_cog,T8_alpha_abs,T8_alpha_rel,T8_entropy,T8_cog,FC6_alpha_abs,FC6_alpha_rel,FC6_entropy,FC6_cog,F4_alpha_abs,F4_alpha_rel,F4_entropy,F4_cog,F8_alpha_abs,F8_alpha_rel,F8_entropy,F8_cog,AF4_alpha_abs,AF4_alpha_rel,AF4_entropy,AF4_cog,label
0.007278545700889013,0.3289747296478275,0.8341495597382329,9.793751362338202,0.006008557828329577,0.25960152189348745,0.898670624769667,9.813250581364501,0.018883943785839827,0.21029310835228013,0.7859409959957875,9.515380639004114,0.00955073221429865,0.2017187097072448,0.8235911587113451,9.507684502579934,0.015755721966178908,0.19603350878846312,0.8336160796096351,10.321190908242773,0.011848027986070438,0.24542150062097054,0.8364048814743993,11.292114428231525,0.01718450901787033,0.254762876084286,0.8762002983412464,10.423793639822833,0.06059116100573734,0.3845718607442272,0.82590675086584,10.855987054263052,0.06744090236386563,0.3251709166129152,0.8451575210536786,11.228388179040211,0.08045937680440896,0.507289377290021,0.8350867790805511,10.749569820843252,0.06265394386228931,0.587908586736242,0.7661895261516956,10.50883795845044,0.0335811916660634,0.3210017819220555,0.8874761528474812,10.21716476969869,0.04040320284300857,0.552599993277274,0.7795715489755154,10.241600711570118,0.01383295862382384,0.3295185296926004,0.8875179963252124,10.037841387301972,0
0.0206171942041631,0.36369701692974793,0.816360964274939,9.580112131998971,0.018696295456630974,0.36476813950589526,0.8337389996701924,9.78960804576208,0.06338158989575657,0.30634205280319465,0.7263251950486176,9.198934976595055,0.027449133284565892,0.3419972764068847,0.8435701353277404,9.621412525060496,0.040647638144004496,0.19509649708550866,0.8947368854301533,9.980119719986684,0.06851459190561943,0.3698743129575477,0.8419688366515158,11.485111732360545,0.08236561711054101,0.3815891995766666,0.8616668646801512,10.33516271536442,0.14644249643254728,0.45743950532627103,0.8099313593633529,11.115827431949015,0.17654804949526204,0.4470970020876185,0.8233156433823545,11.023829297526616,0.1781126427970217,0.5057093627022804,0.8268758762231169,10.530060936413731,0.12215257909445873,0.5393635635077352,0.7760161946352466,10.246731391113135,0.09727950136179651,0.36944206168243526,0.8327778851278279,9.755265380412206,0.07432536451851128,0.5138630273053152,0.77078636997133,10.120961032020002,0.036604236883682785,0.3921038525804279,0.8198094913126414,9.837269375679822,0
0.014644855788029595,0.15424912483416328,0.6592904085226354,10.5251596870115,0.018985089261344217,0.2037427219152416,0.6599423968747862,10.420863230107528,0.046896418093124,0.26422301211169313,0.7345309963657211,9.704959124325669,0.023110866281195585,0.23369077922319642,0.7593825076800996,11.028268037047189,0.07597334729787156,0.34204151362766205,0.8810556627323826,10.840257735208313,0.04450269489673835,0.26491696147180893,0.891175648323617,10.65198666989613,0.056931149324425695,0.2755939072567556,0.8734622552867827,10.71135140024898,0.09113705621811272,0.283419971081125,0.7990753542672323,11.40226917123175,0.11032166454701901,0.3300951965365428,0.8005573172709803,10.994473394320622,0.0871777567545466,0.311683275476824,0.8365822480767167,10.3251678095559,0.045049460824500454,0.3049415245484984,0.8652645017086467,9.930007284243944,0.05490990138011589,0.2997993414998915,0.8395532687760858,9.47576208628684,0.026491889999477696,0.29226920573128384,0.8503678344066755,10.00065916314921,0.014860381857927872,0.17896924542865386,0.7250118769640782,10.047956666253672,0
0.012817367914918273,0.15686418093626459,0.6306903732148198,10.416094929404343,0.018292635908220518,0.2172816563035347,0.6911641711886177,10.258713743546927,0.01940871757307764,0.18072718421954995,0.814329533614119,10.503085805073963,0.022834959741189893,0.23928025212502782,0.763214162126723,10.85813515319814,0.09223842445203326,0.4272301000549755,0.8319130528249566,10.658451058728762,0.06322902393150094,0.3010626334143227,0.8331654542756141,9.439099445892554,0.05290835382818397,0.30296743188253505,0.8698294558102597,11.12196556804743,0.057504000421287955,0.15229791309453086,0.826119525724319,10.272070934484324,0.09306931653819646,0.2170702819281169,0.8313809732862392,10.09067782085301,0.10473392356608828,0.33368749990362945,0.835543339611275,9.553610711387899,0.03326496345930132,0.2204085510472486,0.8594590318313914,9.491623783643119,0.01709309608925194,0.14314266756911617,0.8688434367142296,9.580323163832295,0.017552893396186726,0.20670605154343244,0.8576186350604467,9.365063805721437,0.005546504995044493,0.08663585973851413,0.6236151139840997,9.646925295196278,1
0.008625368327407585,0.18530685490061272,0.7551855742997848,9.529013150680521,0.006788349945603329,0.1323676811744761,0.7818998840619275,9.964926395974004,0.011810609241904827,0.11757158573767701,0.7948728526635943,9.9623551440774,0.007573606834929484,0.09201350401859673,0.8343152351405562,9.89143925927669,0.05592357702419309,0.308110082065431,0.8823827955421123,10.61502402439697,0.05792214781099763,0.3283056018548313,0.876261870540693,9.879866037534333,0.06891670871028745,0.4150189895488968,0.8588651993180901,10.284280576808785,0.03997404937775138,0.19973183321167987,0.8819610875727543,9.900383906759629,0.051657489789704886,0.21683915061939124,0.8681099447194008,9.954964009616779,0.08251232403666879,0.4164011485689702,0.8134190258483216,9.477344021984115,0.055827272123358335,0.3289666865423483,0.8058620191442863,9.274615456641346,0.03320147260964519,0.24342419151714906,0.8829727950207594,9.641337764239426,0.03253595695059061,0.31067559609238843,0.8070351568288824,9.058143511920688,0.011852557397838661,0.18703267919221142,0.7506092381639867,9.178355303901146,1
0.006010977371758911,0.11827548252351032,0.713834412613161,9.832594425185864,0.003636922430967653,0.07465324457708998,0.7964755950276274,10.884927683264596,0.011813833797764265,0.1026378898756472,0.7427048461854894,10.478327819353096,0.007045930575303411,0.08196214650693286,0.8454897993754549,10.61737695114662,0.033411139874224505,0.24118318779508063,0.8776654418593122,10.554115728017667,0.04818573633038323,0.2655010461710959,0.8772397997792774,9.971406528333915,0.05222206281495365,0.34708886800119043,0.8280366657092202,10.022490641047174,0.03775724603926013,0.22890881849207348,0.8681346889704029,11.081972316814655,0.05482322499576369,0.24905990991177865,0.8807324499804857,10.79827515265823,0.05088298541339492,0.3754536776030542,0.867105509354426,10.405695385512812,0.04071470603414372,0.24420972602516428,0.80981185552954,10.030265983554148,0.036259156003471404,0.26320113667535955,0.8154272494912984,10.288669172195227,0.02380706987184842,0.2823149715925513,0.8299237669400853,9.918519387039655,0.011115013548714678,0.16753826824545212,0.7499274040902942,9.895922079718158,1
0.00519412726234351,0.1631257129965293,0.8014017720527349,10.083725588321295,0.0043586789449218365,0.13652235567794405,0.8438802124325143,10.09684777707004,0.03584829220917889,0.34032335757283194,0.7914355000399962,9.705230097038777,0.010639060185695114,0.1836186935438521,0.798986424204302,9.86396585861741,0.016624101972734128,0.15034096104120961,0.8829131088058578,10.328926494922353,0.029931498555570712,0.16161141630599216,0.8458284438962873,9.580756156639367,0.06810504305498023,0.3439854503623824,0.7974454527688438,9.985650573658846,0.08750595037865559,0.4410531217631906,0.829629333147628,10.438556751179513,0.07535039107800023,0.3380708148073265,0.8517868938338338,10.253417922523983,0.05054883500723397,0.3121568226339014,0.8506125259006311,10.05067969426377,0.038941207749555326,0.24256317980439776,0.8403627053944948,9.310082828167676,0.04062068774685028,0.31118349832105524,0.8330163838792628,9.353984478154723,0.01716148167109254,0.2630778216256433,0.8757527784512713,9.63573088770114,0.00971545315443259,0.2314778359634222,0.8672178440379379,9.814914335720799,1
0.0055606913791873954,0.1883005729556221,0.8559020693595738,10.015560786430251,0.008094808878161405,0.2531907211210706,0.8574390232294934,10.089073110627817,0.035433193084708575,0.2902636868570267,0.8669086237239827,9.631569234025694,0.008867490975169635,0.16229920865106148,0.8514570368217802,9.776577964489292,0.015937924558448013,0.11954500411995601,0.8955174708801491,10.415212867564724,0.0239627065583288,0.13325521620949013,0.8102980964534446,9.930649586314237,0.039598709422606966,0.25260668142721254,0.8328224358263356,10.219706341328033,0.08056709010170572,0.46392079390309254,0.8373266200927239,10.607043719729235,0.08625544718102938,0.33917349647176254,0.8702649321029513,10.446817805142825,0.07166785734749793,0.32805074811634966,0.8419607232641884,10.079600342883833,0.04961703218033165,0.36106045798929964,0.8399082932112887,9.612891334742084,0.047893262288029134,0.2569354845384773,0.8531546387179448,9.362116678126466,0.02387424174356438,0.3118447436471973,0.8279155317980842,9.673558374364209,0.010168453189637792,0.21753544765645705,0.8755379112536609,9.68526688505186,1
0.0061704444561152885,0.17543590426585695,0.8605680384674234,9.902344236138942,0.009237500344953789,0.23706325018846122,0.8801149795887191,10.348300011307254,0.008576891244814182,0.06708403352097186,0.8298095670307392,9.928283345137922,0.011092949693892537,0.141604994453937,0.8668172387188118,10.333754034689285,0.03529083304413087,0.22374650884116662,0.8642856289195457,9.490050187878428,0.030600945272940855,0.1869393837583315,0.8547487499630304,11.237578086696615,0.02759292389922413,0.19197606997639222,0.8940386796589406,11.329865484044648,0.047288951407123525,0.29038699110062544,0.8977814806942238,10.472096886922467,0.04522316455854643,0.18922554804678623,0.8716150475924427,10.222245572933183,0.0468247974656493,0.2729566746533607,0.8366571096455343,9.652819008735804,0.02310729139859044,0.22429332000860597,0.8782236986475566,10.158540594018275,0.012218198724362979,0.07903464467004975,0.8593814620224951,10.401125347279027,0.016976372097823253,0.2754995543539332,0.8376628305216933,9.971650020137902,0.005270625012054391,0.12412948818493316,0.8778469015882502,9.83594477556203,1
0.009196710732632486,0.2580470314788522,0.828032112816463,9.758390905203479,0.008846311680788085,0.23461767449950283,0.8583791101082948,9.863523139021957,0.010732318360608693,0.12625565700455696,0.8019165285685461,9.70835780393533,0.011876115625425693,0.21463043331080092,0.8682072054393428,10.181255254344068,0.03553515915854427,0.20870084036203151,0.8550755634637539,9.752018591635007,0.04247819350094498,0.2500697526850545,0.8400619880863557,11.767188976205729,0.0509851826790154,0.2577911175983423,0.8541279802984668,11.144941651387066,0.040659471737949406,0.2233432640500228,0.8930795887063129,10.192414902867982,0.03429486535562587,0.15171626209175715,0.8469352765246865,9.57311348478638,0.05112462738678719,0.322460095263112,0.8396316656198337,9.874050407154535,0.021337842974234616,0.26021572101185236,0.8689567261996896,10.888890403521968,0.010263086999035626,0.08249164504468096,0.8401449741721302,11.865710577702439,0.017520093505538993,0.3162657942129779,0.8448208289438877,10.385564431893084,0.0074570116244491265,0.1918714111101443,0.8228202970469749,10.398728653976248,1
0.007869012732151338,0.25583200975484477,0.8273161425734357,10.291372412788565,0.00787803104038561,0.24253561382981126,0.8580027764763934,10.283555937858539,0.01533469668820242,0.20036930610243253,0.8780811739781277,10.11524649690598,0.00924227920285121,0.20740902307505246,0.8808249170569663,10.684107765155849,0.0628885212051575,0.24898718585589397,0.8570138273196275,10.369502056661405,0.02497820904422579,0.16553579171878144,0.8664880128113075,11.409391590200348,0.03244860497602859,0.2097462842643887,0.8626903994013378,10.193997663688476,0.049765010457967995,0.2679054874071562,0.8430087944687684,11.426857809012612,0.05694649307715113,0.2235222697002853,0.8746045132311814,9.94084141385347,0.0576784403512062,0.29520386359919326,0.8633254610954536,9.886532569524398,0.024745985246886384,0.2280633235802168,0.8583936942313668,10.750652074508443,0.019213226055567904,0.15917539196642636,0.8663666642719121,10.873414262233657,0.019695247221501195,0.2763903399656144,0.842475009851908,10.49609700690599,0.01036577611644504,0.24996186189075545,0.8340126343284235,10.674101539935904,1
0.007550153383629628,0.2504367928437856,0.8329013771706368,10.91385733662878,0.00930015142539117,0.23811852884822382,0.8627765802742479,11.053364089641457,0.019614535874208677,0.20084918507195343,0.8577501920637713,10.162488976307108,0.012723536430634915,0.24148220869012324,0.8587125183332287,11.455253336148516,0.061679281012112425,0.2919318468707662,0.8522902323425025,10.493910182989188,0.02439714153714452,0.16688186019044324,0.8262753951536419,9.827878091879114,0.026478956566988336,0.21839772803653154,0.8896862133936599,10.652877606296892,0.027835566152672533,0.21724385103368557,0.8846857470508885,10.475108049467924,0.060121637069764866,0.28229392024721683,0.879743055408246,9.435866421836415,0.0693352910021855,0.3748397509498688,0.8683392737447215,9.755533560184078,0.024906854309529707,0.21233487153154224,0.8570578167590855,10.621276359022714,0.03631693982193158,0.24068717392217112,0.861437354693461,10.438253350148905,0.018021167897939828,0.23322496248414043,0.8633020257050266,10.891327742309539,0.011764590746178387,0.2778878659060298,0.8558505471708826,11.001899426359723,1
0.006610486682970779,0.1939596844758867,0.7843757088591131,9.99002828077149,0.008865277688978858,0.16549492558589277,0.7625521668564376,10.720873948780694,0.022094912617972366,0.3006555552722778,0.8880140527607601,10.340215196473697,0.011877242630456069,0.2284991154095214,0.77179981172754,11.279749309453262,0.03413833163351502,0.20494060585419105,0.8286628976805439,11.10696591613844,0.024703900251473242,0.17584780069183714,0.8653369676650674,9.891492574435427,0.03319676012225261,0.26530787632086494,0.8761400140308961,10.653584148610692,0.023823393823534843,0.17125130612893633,0.8886708509178077,10.00266105141314,0.03453858461033576,0.1818943095921168,0.8893434355915719,9.645638304874364,0.04702153840528392,0.3594975524199493,0.8619341452116015,10.111201192734221,0.01900238681871569,0.22306443843562826,0.8825113483026003,10.910279849400963,0.02438207049336837,0.25967187018068794,0.8575057355052359,10.728800512805757,0.013997591761324063,0.2564189663550132,0.8673953029647106,11.120277706976267,0.012414427358923641,0.30061778434720104,0.854483033676531,10.871267736785844,1
0.019193408865077536,0.16312781715514363,0.8869402223797489,10.221852180577981,0.016152447744226327,0.1384523113407621,0.7851317863895969,10.529694770976556,0.04860185993600526,0.43561556330335616,0.8117630154841328,10.112420142104634,0.01797685080863986,0.20431731422861404,0.8223226900094204,10.485510739780505,0.049584445699476024,0.16951420293573669,0.9039834205120264,10.656007929718594,0.0641083952095746,0.2200409449359161,0.9180639866476615,9.816721724253703,0.08989024931194543,0.40065170392233745,0.8558677945482268,9.581230312252533,0.10911166608186819,0.3342360541458412,0.8581241253531149,9.718309445856255,0.08881453956547115,0.38079997830451473,0.8668627034323315,9.694335041940594,0.10531799019325866,0.3685658535189555,0.8547485530981559,9.839951014913568,0.050185719861479884,0.4058426846219868,0.8731993856117682,10.03819922912778,0.05616901872459616,0.38358345539021105,0.832537659100907,10.196727369484492,0.0382170821109354,0.39144649974436646,0.8640103246698312,10.107352366283667,0.039319724121934616,0.28765211137714203,0.9052348092968566,10.67434692454283,1
0.037750675821456775,0.14332263339059814,0.9664451870773108,10.727732129884027,0.020299009810580474,0.1822081016489079,0.8842899246255762,9.68759406384965,0.05823205438232625,0.3761631612490602,0.8288241286842535,10.165494098775847,0.027547127803034567,0.20333997526180478,0.8844445980367036,9.973742567304182,0.12683245046240524,0.18205482880091317,0.969470151239149,10.385798502552385,0.1372852539258118,0.18070243673424638,0.9642621686886556,9.917955399251559,0.11726219888903039,0.33349334710716144,0.8840359767243828,9.711760888793878,0.19867990525628568,0.2951831801179814,0.8998364465217854,9.596220045680397,0.1478695476850899,0.4456621457882381,0.8250176987275788,9.8831062562973,0.1685304664977261,0.25797797930123295,0.9092922995730849,9.675618529965972,0.06803064050241808,0.36066212517642904,0.8752248624677861,9.959654474173627,0.0782964508793243,0.401352413385858,0.8518828128055409,10.183815328256893,0.049277104450271,0.28676049654521524,0.9023526125223486,10.079291269327966,0.06327159342672775,0.19711126240258267,0.9504829659349915,10.721314878936338,0
0.025643408587500256,0.2559318085602384,0.9176790122562243,9.975775444340801,0.022193091376638566,0.3854033590754365,0.8477781200373008,9.563280574028472,0.04778979259639326,0.3799478845048221,0.8295545305469143,10.045677354718894,0.017875635505114985,0.22408617432631117,0.8674038947500293,9.77152510806965,0.06263718770756019,0.22415661615558088,0.9128945063417434,10.10265446784434,0.05633364564239044,0.19751602330317208,0.9343077114523115,10.10741351981375,0.06500382001250364,0.33741746374885473,0.8410977125820545,9.84416748603168,0.16730502050371598,0.397708447475678,0.8423965674580216,10.110166726763525,0.18371756304483633,0.4923375373081169,0.7883529446753773,10.341503934976217,0.17443058063203787,0.42184457755582455,0.8186167757993589,9.915798869569599,0.09580052503920752,0.43889177616217456,0.8183819803357554,9.698039509363186,0.072645225736812,0.3657189337590243,0.8495024018415228,9.943540415755445,0.061078253429469355,0.4177188705493759,0.8280218218023244,9.659116760072518,0.04117800675634847,0.28967777383084753,0.8895115468318632,9.98561953630958,0
0.009959607787447634,0.36028897094086226,0.861765959664336,9.681155783077825,0.012014017347444332,0.427354069138995,0.8610929431853219,9.93112745457372,0.02921058053180333,0.31963708164195825,0.8166630608074941,9.919723722771856,0.017729093732856114,0.32592898856314817,0.8649137814265135,10.082067284926595,0.05572875817313928,0.4170411742485139,0.8575273334223426,10.130398871080345,0.056915892650599806,0.33028469891362383,0.8217547508166094,10.573819406673133,0.04405606528122877,0.3059685244008597,0.8719543816228501,10.367536153352997,0.11515126947904208,0.41734332155029563,0.8199886356389842,10.757679970376836,0.11154152362418736,0.40097457494453553,0.8108717390806556,10.446064255881637,0.08944533798554002,0.47580904985996286,0.8112363257035095,9.749818899847325,0.06492525607169404,0.4424335469083885,0.8054622710819331,9.32303804036323,0.04697386382640632,0.31203703502483365,0.8365490049874429,9.503253303191164,0.04243626842418883,0.4946378291652612,0.7766276185610618,9.248769225631051,0.02120252137916305,0.4277538502273874,0.810554277295446,9.264181178713265,0
0.006922978156014953,0.24247439596350487,0.8412318945624977,10.73614836189397,0.007646231856717576,0.2820777692128488,0.8396620837216403,11.059901369376073,0.026847326701031994,0.27464180241571157,0.7872813190673922,10.88838109826899,0.016916206555327128,0.3524247177387257,0.8721206190306047,10.920061471540086,0.0575807789223351,0.43772501520835777,0.8331833347725217,10.496043866237814,0.043854833981645754,0.27600522593941285,0.8556284294386698,10.553142795650908,0.03299688129518398,0.2703988746741819,0.8668793743323451,11.020117787867674,0.047599191668876425,0.20035143598644306,0.7776354578217921,11.551948482500705,0.0352678764428228,0.18215933768916073,0.8760030219701478,10.99689084244154,0.03226351183709531,0.23383711196864632,0.8731367367298734,10.75875402420387,0.03815030518437834,0.3312579345046813,0.83356006241051,10.673136886705661,0.053661674867083536,0.3431784419521879,0.8209833076345536,10.532643029689527,0.02036718341912017,0.3180591710671198,0.8496266298919223,10.632067680182908,0.010922756494031703,0.2829089712334897,0.8526647542485277,10.377108353522429,0
0.008525534857744233,0.21845042251316624,0.7963547806992363,10.049873006950712,0.006602326052035782,0.20327239085897558,0.868084779870475,10.165071132467004,0.03171011672275506,0.23030012651316425,0.7869002169509582,10.325933924017471,0.0192242099867418,0.2893530677524695,0.8596846229513411,10.21347786604629,0.058014887202580585,0.33846727467049725,0.8731379711788929,10.238280787892558,0.03138324163885242,0.26645725326466485,0.912569512857604,11.225351629891206,0.025040993594390607,0.23138750096295221,0.9063614609348527,10.780666895334539,0.061434477721104844,0.24987909509949938,0.7807481836533539,12.192417309560145,0.043310065775148135,0.2223288079839649,0.8519117890799308,12.049187785226552,0.024943024694075455,0.1556078792368951,0.8905647163542211,11.268997742389915,0.03984021312886718,0.321731748128031,0.8469732544952191,10.600833498933614,0.051018708960330734,0.3100561936320776,0.819581759600391,10.372294215997918,0.02387257577431383,0.32250997624342764,0.8649544450761221,10.306067846760717,0.012239445527805162,0.2586988430922212,0.8452392469281628,10.296375737224498,0
0.005614546487371124,0.17410141445915994,0.8078242056378814,10.011177380295237,0.004801917675069014,0.12271609891106293,0.7124662924300375,10.554435673607045,0.023119438092522433,0.23130041275895216,0.8041587064330732,10.121109028061484,0.011476188030809393,0.17058180948512008,0.7666279821733538,10.450621869817974,0.05286567394538998,0.2552252628744703,0.8793657154063313,10.639043584678298,0.023920403042738667,0.20615784015200242,0.8891294637077388,11.503848367391708,0.02847558654647293,0.18734429933758204,0.8780369227072815,10.844270267606266,0.03928821594742484,0.2515501202952554,0.8501666853327599,11.838826697080382,0.030077086803631244,0.19042798328232874,0.8846850340035253,11.264264039976592,0.011254578007231973,0.0885803408107117,0.9135664853794325,10.17399029594642,0.01237522684835628,0.15010297604070366,0.8662275275983407,10.062408383302865,0.0232226748071649,0.21704908954637842,0.8897579687019562,9.532877586791814,0.00926470352463127,0.16217170436572367,0.8761321564780769,9.73804397476931,0.005226206655591348,0.16510574902629688,0.8958140976862985,10.094268060439617,0
0.0076738702002775005,0.10690766553332001,0.6561164015844858,9.932308194660687,0.006097394250065339,0.06497419370579723,0.5840575944420158,10.058227287702444,0.014290310747960807,0.12486703480512909,0.7639859243266822,9.980352153285832,0.010871998620244133,0.11758310672836814,0.6975048040003403,10.451620316453003,0.0289425540631536,0.1767641669369636,0.8903209458465581,10.007545245774265,0.034083018330059105,0.17608826428191782,0.885683299508877,11.120233143601043,0.03969382440593584,0.2750007405530679,0.8798413837533754,10.615494490233127,0.07943205382948372,0.3552728481190287,0.8059427840136403,11.18639273088923,0.06693011175502951,0.2562562302792352,0.8568242974518614,10.762573500510214,0.029381347009635583,0.23027456743680996,0.8647590899362821,10.065959231688412,0.026693409569349895,0.28027714674860893,0.8723514750547913,9.803612394935486,0.0228869961442578,0.1866003786903556,0.8944816223897483,9.544507921080019,0.017515951809729362,0.30239963367902417,0.8573197775862825,10.168811662997767,0.00857228643718795,0.16606582543990925,0.8196242353773421,9.785935438490517,0
0.011199351299947478,0.16036737652667832,0.6704367308842507,9.864012481530036,0.008465640027571253,0.12279468250960301,0.6651059234681305,10.350013747147218,0.01601244900307674,0.11293751335429948,0.7669777707915104,9.702455733296542,0.011677836081409394,0.14014026383231792,0.7344364460930043,10.05036811945219,0.02561640189961942,0.19783687930180535,0.8116084226530231,10.118473220276044,0.03181395293893936,0.15801833920272218,0.8255211333158438,10.978069118934936,0.01449197688490627,0.12370446459104505,0.8403297015942263,10.422070061491716,0.09065822621263896,0.3109861226183601,0.773154491986373,11.165269178906135,0.10007705703876453,0.27836591781411213,0.8163739829780724,10.929518999878074,0.0390543519588837,0.20704241370056659,0.852678341047352,10.161967307970103,0.025275811418489308,0.20959108937452536,0.8516512611947057,9.775637606811008,0.02243514862602855,0.1363520008324956,0.874646360001299,9.433547510820903,0.017636850774216124,0.19886627323959585,0.822188623285129,9.796854831822484,0.009950039792148391,0.15908144223852258,0.7402684518983786,9.564722230887412,1
0.00818083771926856,0.18452319049948956,0.734438462261399,10.65370242449243,0.01258749957935706,0.21327273081399878,0.7581790648912797,11.75695932816698,0.014636733573888394,0.13789989167903766,0.7804667510571677,10.167316502988799,0.011745536586022353,0.1552280965501104,0.7795232662485769,11.89028774020107,0.021255840835177696,0.15416167094729719,0.7935432591610039,11.576799743063175,0.027329978466174402,0.16537570224677678,0.8588185258982464,10.73016366934249,0.017758180004634375,0.1799825090814382,0.8553031858923478,11.392830726036733,0.06769471482699252,0.3494087447515583,0.8439155998801678,11.521896053569229,0.06765490234741876,0.3092008227677738,0.8394470731442243,11.72565361360623,0.04072621212607863,0.23522636183710607,0.8600565402339722,11.23140808633497,0.029135752775745087,0.215768199324116,0.8158191260546197,10.428465771720013,0.03013681586302586,0.20543073577332133,0.8782942065477716,9.66579493107229,0.018663885282641818,0.18202825209297413,0.7977243264080165,9.98449492404909,0.010275345875205897,0.17857331560018652,0.762834620414537,9.879744949575016,1
0.004227746891721889,0.12263587211664581,0.7291226002368512,11.271142649776005,0.007457166352662574,0.15097720488267377,0.7867462700444177,11.411273847894362,0.012102642990313647,0.1290729984534798,0.7403581151113897,11.291171701948794,0.013554012672803917,0.18324487788213453,0.7647973306902637,11.891664894285352,0.024808556219574167,0.15812620159396434,0.8469877325742015,10.885940630925372,0.03680118680702092,0.24818303482608947,0.8380664477677404,11.121463742682515,0.03643938013644135,0.2953766021263252,0.8377823608171178,11.664311981740688,0.06312083191364122,0.37160074948613886,0.8391906157725147,11.643162653455576,0.06720992556449723,0.3616186786766268,0.819952663753081,11.923724175597249,0.05601215374712948,0.352538010195786,0.8322569791742698,11.841109305462627,0.030532222902051268,0.2681566298282677,0.8287664180072437,11.32577320174804,0.02152698855942343,0.18966366944860638,0.8297300086408471,10.728464766872959,0.01700141709208232,0.21082213422312973,0.8444677412772026,11.161064786908954,0.0069415943844903264,0.14887600094469472,0.7873202979734311,10.767338688231016,1
0.006103267198912477,0.13273347718996398,0.6578281112468701,11.187992450018,0.014263958607816327,0.20532496139661283,0.7353299069742779,10.35070792541952,0.014647266212695752,0.12160093805377002,0.6904836669293677,11.478103130983301,0.016637067058074963,0.17521010911044324,0.7471752104745678,11.005853381365949,0.04032034471720799,0.2565031608509852,0.8556906241146356,10.488246394721909,0.04400835256549129,0.24163976115601088,0.7842812566607926,11.353234776668652,0.08079733511129522,0.3353401014165758,0.8000537548906355,10.325078408802963,0.08684954835514175,0.43653231924263874,0.8459898173364537,10.722197434661277,0.08859485874859739,0.39181470972886573,0.828220987219503,11.359034892027472,0.07471864790906793,0.36420523146865025,0.8624025092632622,11.08020539999287,0.03266345647318686,0.2585010505194629,0.8242996055363673,11.18401712499221,0.03882761286447324,0.2459284094499127,0.817825889591435,10.572437386898464,0.017450380371592408,0.17971645564626912,0.8247942970590383,11.050643207087733,0.006255959540800679,0.10366226836279346,0.7230170240222168,11.44728809076593,1
0.0105122213241596,0.1807880772903679,0.6984333117426175,11.133809565469726,0.023493301600202667,0.25207054058763895,0.7246466160783058,10.12208389199185,0.023049501511444637,0.2105691680561097,0.7729296431713781,10.818377362166634,0.02159672643122091,0.23265070284997558,0.8289036646271095,10.257007173259737,0.0161634344552609,0.17990249007418704,0.8649097068965305,10.672871264719609,0.03251651926007447,0.17588137709521728,0.8165025056027875,11.233424884119446,0.08175298415669997,0.3449869882334359,0.7954996589358172,9.973373804991255,0.09990347057750897,0.4742313090827478,0.801945352575046,9.860835066138558,0.1220656656084889,0.4559625169595769,0.8246540661795182,10.329358747891991,0.11957472100908938,0.48575569109566186,0.8008501757608845,10.31290059969197,0.041866449464407644,0.29882591333492103,0.8379734420543755,11.177792131211854,0.0472515144125922,0.3094452273258853,0.8156777399329955,10.558242671084763,0.03174159530961852,0.2358495851120055,0.8188585567027772,10.82785959984743,0.01280589166302425,0.17580744856085995,0.7753753418918176,11.428392855264786,1
0.00625474690395789,0.2456742611114948,0.8180782915602179,10.748949231632515,0.013879540756267569,0.36352244248891186,0.7824405922170238,10.320099015942207,0.021708923959064853,0.22812975342538142,0.823124410706105,10.406013317482005,0.012194611686347445,0.22628814111323173,0.8427976666264532,10.453053824609862,0.014130698433115721,0.14488396895633557,0.8400693271215655,11.467531572998377,0.01709769728084456,0.1703685567117834,0.8388555071236977,10.74485486820525,0.02480376724719465,0.17840715130676732,0.8225650025176242,10.146507960314377,0.05319334887481074,0.3142302381033366,0.8245603814859667,9.742154708542028,0.07237396469286903,0.3470483670751044,0.8678551557077944,10.375630805247193,0.07584616319085753,0.4359548431704938,0.8325400654691557,10.309103947266921,0.01830762996268175,0.19423076117663884,0.8782631829581257,10.498765970821673,0.0225026048917179,0.20160662645768476,0.841957384499822,10.117153883759006,0.019914012478578665,0.2359500095348796,0.8351553410058332,10.164114449890029,0.005911116740128217,0.15846217541164215,0.8473956777059213,10.198716882558259,0
0.010270648112072851,0.2762855837684271,0.7669362315572914,10.618855904110719,0.01552815186747668,0.36571686374310264,0.8335455971526174,10.43841508564182,0.02216570090228636,0.19796550043620342,0.8258440017930168,10.17678113758554,0.0075167021932601025,0.10679356968754207,0.839439638690689,10.873101836357156,0.017249243441441332,0.13882510869092335,0.8785415752734791,10.703565876469954,0.022683288994779074,0.23026159798982898,0.8559289315960821,9.32447163332646,0.020473873813988488,0.17093653872654735,0.8754734415603075,10.49868437511377,0.02210688591746025,0.1805284195743328,0.9064665041136369,10.049313076790627,0.04732737374935416,0.26231476500910156,0.8915690754267817,10.453006654776221,0.0545993599596138,0.4089584690242708,0.8237374754929245,9.751829701863837,0.028942951449535133,0.24184154894120527,0.8454834266959846,9.817300556810173,0.03953588765329036,0.2728110439140927,0.8476069317389507,10.405785420664207,0.01965541367387771,0.25560645595564074,0.831590703975256,9.922264188882057,0.009634026010688586,0.1901512858346677,0.8252985026021977,10.276910309733207,0
0.007289321015151774,0.2005074156767428,0.8275585447674499,10.704849140730147,0.006580666924813311,0.18949971914170766,0.8449808636084756,10.818662839292845,0.019584221231692657,0.1804558435536821,0.8693159803899669,10.659301337579452,0.010973501895253618,0.15871661379671956,0.8570377118734843,10.47602756123297,0.015417810051129884,0.12985910928471944,0.8803590121561549,10.435520953971782,0.03566835731924313,0.35122166726980736,0.865442818481904,10.059763123533148,0.024294885250899123,0.18865264295897086,0.8784526800856068,10.182406598354781,0.05000236829945119,0.31688203631246636,0.8694177004062216,10.465790160157683,0.07839555267174744,0.3539624147628855,0.8742213464041928,10.264249243398707,0.08694674658524133,0.4587370673073451,0.8211398291178377,10.127884740378427,0.040969488470590426,0.2717336571165606,0.8566530256490943,10.438611391678839,0.04487065292046199,0.2868727570672021,0.8490510614027651,10.813971719299904,0.0269544324838449,0.29057045066886983,0.8333520179739259,10.587713921623369,0.009427350849080177,0.18831434787990559,0.8349380712754415,10.731448261636256,0
0.007664561175718013,0.18413116284749062,0.786756853770918,11.284413421860052,0.0075791090137703795,0.17821542454757897,0.8514615646824727,10.755018126012963,0.025112385716055098,0.1736464336626399,0.8258404941366039,10.453323733074624,0.015456235688777631,0.21814642620926447,0.844712226836454,10.634610719966336,0.02718054042782225,0.1959975611001369,0.8795528466910234,10.17647394364799,0.04727941782890533,0.3406997164860161,0.8507958400723432,10.719079724913206,0.01915032421286461,0.1520589830533374,0.8558079907174985,10.351128932215477,0.04239163897415032,0.1714907807968357,0.7825895573835211,11.205679413194325,0.09709762480465187,0.2702128729401744,0.828115240362628,10.25872261823795,0.09888323941489,0.35190943711802103,0.8032822473587883,10.453472082343225,0.05324800915502906,0.28604260818824284,0.7844893597022098,10.942310576668126,0.04643735411902155,0.22575525753073492,0.8133528536811653,10.963685562240755,0.035833071876052204,0.32030481656122517,0.8055128267260151,10.803530838500032,0.012642723362496718,0.2320056242261729,0.8080629344986869,11.14997575506475,0
0.012341052771762631,0.3445900921401312,0.8201313324274278,11.658788333976299,0.012343059065770906,0.3027886097944445,0.8123691611977061,11.66432577412723,0.05171565758431911,0.3626921408927186,0.8339527543940265,10.728358606440462,0.021873144381719473,0.30950468911304063,0.8409085640819304,11.605535113971028,0.033982518641007514,0.30048995175138693,0.8808006412633284,10.923300222354408,0.0624390411339657,0.40950833687069144,0.8158428604891653,11.406901187297022,0.04831760925035789,0.32826257394441993,0.8567594856804129,11.530531172122508,0.05050707141561848,0.1826674145341312,0.7855205396804886,11.841158759066982,0.05428366505605514,0.18349061511221962,0.8197417858628037,10.175684103092564,0.0596734213732097,0.26116105612971713,0.839886984351948,10.526622311615379,0.03877004512143972,0.29402087113385234,0.84337911729665,10.875549801546095,0.05011638650959394,0.3172560031218604,0.8594324048169661,10.576276231798474,0.02842861997586247,0.33461053704591964,0.8359182204142553,10.70833823788156,0.016581390959211552,0.3250738701525587,0.8656495974561202,11.013006509142514,0
0.010453965256876242,0.3119312287429845,0.8077010250392507,11.273784935095009,0.012910162502426244,0.3033029334622054,0.7770887640787613,11.552020736862275,0.04080258505848475,0.3403437116194189,0.8289833414281766,10.176127960008435,0.017253047374559256,0.2908329264361667,0.7709313201696324,11.52954260982929,0.04491527370144025,0.36356133145084196,0.8450993429119308,11.192341469699324,0.06639408527370974,0.3347551230338095,0.7965734381965494,11.61883328466953,0.09401409417088886,0.4117335201930674,0.7680928652550021,11.578509453005825,0.05605037757206638,0.23004776205487296,0.8210237627569077,11.808245321500547,0.07718024296284251,0.3156807764505019,0.8395648443827123,10.744649507881412,0.07894879447708164,0.4303902275101263,0.835455190806915,10.665052444006813,0.04119712990737813,0.3490159387492549,0.8530478158540291,10.792063226096172,0.043230839319271644,0.2772874118831094,0.870771638140529,10.247849720521101,0.02867385827658008,0.4222681359562918,0.8328722324304785,10.559111757581924,0.016984210907844122,0.33614535776187787,0.834515341886012,10.742555322939905,0
0.015558769315491657,0.21164308459011633,0.6411631140514052,10.238709234316518,0.01822658761670252,0.24932541772862357,0.7061770388965609,9.994850602589427,0.04689729171432788,0.3150823210501842,0.8132299791156106,10.16503315197957,0.022111209873158982,0.31821042100489344,0.7678938046585434,9.99320576053555,0.04222036720273864,0.32900835013162094,0.8916242268682566,10.39134376135446,0.04053846138985473,0.278427850053546,0.8075540873953133,10.72821061160932,0.07246873042245722,0.3954994846864592,0.8074118833797227,11.018870524999718,0.037105385931891575,0.20411824175928076,0.8521329681381974,11.493157678699754,0.084082818246136,0.3585089252433433,0.8555122496067551,11.17368263134439,0.09314401341945723,0.5234397832137271,0.8064322558284406,10.985594750457905,0.03953775065649055,0.2704940637919688,0.774961194936469,10.998942402671435,0.04428195055772991,0.20887381422066498,0.817369935311821,10.481433509414005,0.026015579035427745,0.3573146891035308,0.8415727449001407,10.644001496243774,0.016615584309410743,0.21960442350071274,0.740740320381371,10.319947863122659,0
0.0264472055551067,0.34515246902057684,0.7464180970504585,10.1954812337606,0.01756810561455372,0.2990202056986473,0.7776014161199214,9.854508932715856,0.07463181571872049,0.4061445312886206,0.8224037750983574,10.960944769390455,0.023119918441800433,0.3568551604442913,0.8459606229010788,10.266283252922827,0.037638332793609605,0.3254710479876381,0.9017178178557059,9.824355002570396,0.030290386796641686,0.24281027570371927,0.8642812833135719,10.956920665716117,0.04489200958664914,0.25238452572354547,0.8369244870884206,11.196888014740686,0.03743518203449142,0.21122949046473474,0.8517488132674962,11.425843946129758,0.04681432078349585,0.2185608513733016,0.8806482637678668,11.358267463160153,0.06781879674446502,0.41250617636093745,0.855216429775804,10.805124414574426,0.04082057111318824,0.29971058276063123,0.7895603124567786,10.582686795993922,0.08539398088652675,0.33912723519608656,0.8405440832488181,11.061706812624857,0.03163330465442733,0.361477795243069,0.8365117051423158,10.105809069293056,0.028336378035063055,0.33587383607841614,0.8025763594917706,10.027323791342134,0
0.034284064711238446,0.48858694969729743,0.8008111928742406,9.997417156554878,0.01726170594773591,0.3199736795445503,0.8357755967841632,9.743960502582867,0.1177244664959041,0.591487552005042,0.7704239915284345,10.929270827645311,0.020440761760508318,0.348076134518608,0.8727915414489814,11.113792920998415,0.03626441533193081,0.31164652046523167,0.855774701145042,9.769678840391606,0.045768019853504475,0.21654769539846108,0.8416327225043421,11.160190154698254,0.07400205947215968,0.2853651526604705,0.7873185918052501,11.592912914868624,0.04970916249754795,0.235126796790505,0.871464554594475,10.895327261068111,0.054064804888125984,0.2161772378510936,0.8775395049812225,10.235792362076078,0.09927404154260977,0.37598755290144753,0.8533935555989727,10.165873983440445,0.0784679913708965,0.4553324545259052,0.7939597698222021,9.950879680752823,0.12971481470607565,0.5162016417366958,0.7993803898695251,10.698357201482635,0.05680604114521849,0.408174724632967,0.7805867245941566,9.63392972240648,0.04349004321349844,0.41782737204685655,0.7895901936329462,9.579740608119671,1
0.014653927578739965,0.3294699263972018,0.8070171771219152,9.575579874798358,0.012764455495162927,0.3156058382868159,0.8344728042073598,9.935142607550862,0.052551490910133315,0.4349813600667558,0.8230230601768874,10.256392064569729,0.01138908402954853,0.29650183723520945,0.9082094497060766,9.985638088232681,0.039166933840982465,0.28396945549967306,0.8899579033418811,10.966361802937662,0.04775202113816391,0.2896895928245997,0.8534232788174261,10.698009207530681,0.051164675603689556,0.29217132312697003,0.8479865323923701,10.727324346646624,0.03313335708745434,0.20595446211109578,0.8833955052898259,10.7914346455115,0.05821456874304416,0.2763254581617007,0.8710084670663144,10.318549232885454,0.09900895633284046,0.40158582016909516,0.8502495809828644,10.20328250307099,0.08243904977020484,0.46363357808849026,0.7842994310909338,9.882120811772044,0.062231131531583085,0.3599883720849226,0.8239990962446219,9.95745342610262,0.06316196334033751,0.4614447348254938,0.7931832973814062,9.61121355608636,0.026372157081948316,0.32335885123223923,0.7765760416468934,9.331354444223111,1
0.005993486360126044,0.2210613366372036,0.8355286410406949,9.408411138948601,0.008268585514154776,0.29181130937693994,0.8356732242034715,9.160518537702176,0.027216655803569943,0.30494800025198004,0.8725518048037516,9.718086465371501,0.012313659096278781,0.2989407635701252,0.8306546690086057,8.825253004980544,0.028440430202164538,0.24431028776089278,0.8807080000806796,10.036248885495782,0.042067236335832925,0.34208786642094574,0.8321443262732898,10.222311866894938,0.04711087924210221,0.304214511278688,0.8191506857175855,10.354726017303797,0.017996535689389775,0.16502266004764676,0.8392033112815239,10.133434374542253,0.03180542520585662,0.2351272200732553,0.8704995016151509,10.050856432972525,0.05491913169813664,0.33237136366666004,0.8476445621033353,9.93423353267276,0.04504832531200437,0.3587206389084518,0.8253921111265883,9.929348053951788,0.04140050774254249,0.3178648591570071,0.8590344502949272,10.364547815988006,0.036556891220908765,0.44514993365969036,0.7932809246125186,9.862818750380647,0.012089434045784242,0.3052088183394358,0.8519666183972137,9.69591487953689,1
0.005293498123188426,0.09578186205858114,0.6897224255194521,10.598488757446114,0.006370910794910129,0.09746763311494944,0.749534188356846,9.87920095346274,0.007478788300053997,0.06181882975147773,0.7281667612225855,10.160007893810867,0.009832492682796016,0.11736836587985706,0.7307347876065182,10.017930865850074,0.025603399748369306,0.15580353809347638,0.8591172245730471,9.930498909378352,0.05016941029347123,0.3969485147845,0.8474855684104384,10.092633161456305,0.04510320925601698,0.34196289002654173,0.8325488223211773,10.150158454672576,0.040171359224816225,0.2678836701814393,0.8640695732196862,10.127239233432343,0.031800884825320196,0.22051641410928544,0.884320053624917,10.046088551552288,0.01917978900125637,0.15915648551099515,0.8538516700433832,10.261631119752828,0.012268953818347042,0.12341484027607687,0.8242765581341297,10.326338883078016,0.014785993208258122,0.11022309066077206,0.7679245910983296,10.788628984760264,0.009015259295220523,0.1402926108799669,0.8236072940368019,10.404178575062321,0.004389912111991446,0.07342286912008904,0.7463729934361703,10.067468196886606,1
0.010798597045206124,0.18819101831888188,0.6181572035070068,9.970812787004194,0.00947615273125708,0.09748288071090691,0.6179866876118371,9.588266269139725,0.02206215036118107,0.1621236440860908,0.6909999882539274,9.4385883901394,0.012522544566306273,0.12253583377955495,0.6445870699475942,10.457226346756272,0.02307904746779474,0.13572572763039034,0.7960496876257167,10.888952793088011,0.02437993148977038,0.3158984839871944,0.8400002529976494,10.36760777727293,0.05654107210115173,0.4252342776135879,0.7906946524856854,10.496518167140447,0.05529588959788981,0.3255790368874087,0.8583563472627446,10.407846536216269,0.04034730190712366,0.2133590399787489,0.885240583865097,10.281529518368723,0.05608099807054753,0.3328516120367619,0.8443928074386123,10.609110455970274,0.032247861482836176,0.33241300052994815,0.8380535353986159,10.339817436064152,0.024697475696453485,0.1784866092327757,0.7715000370956572,10.323229920207808,0.019991913743710194,0.3244088990657368,0.7914331882881545,10.680852438855633,0.012104876801742225,0.20911670790899123,0.736979027488646,10.024537517051185,1
0.013827260793829538,0.30817802186783294,0.7859620199465823,10.003494224362683,0.01719305083267283,0.2315004527522544,0.7697390068805798,9.858986968266535,0.03015683064813313,0.2543555625070253,0.8178398369938287,9.956445922180325,0.023779517147896407,0.30363891358658224,0.7853821528222493,10.234465181548677,0.03668374019139041,0.26231801254095116,0.8752224927300624,10.012071822725499,0.013825325179464042,0.21274235557747645,0.8535641214206038,10.287805908940044,0.04616711238205983,0.4233122937610865,0.8010628883446549,10.010153606573517,0.04512978977994347,0.2983022329274194,0.818071991340816,10.74354088858372,0.048809125667789464,0.21396942574497782,0.8266588455648477,10.782057462673206,0.07719862935840166,0.38763746795168225,0.8310970925958514,10.58870535171439,0.04412647017550149,0.38433020967624754,0.8260661415731985,10.44176606721042,0.03999744642329049,0.2644920499253864,0.8510988502532518,10.268495499877444,0.03130361318091368,0.4367178208460925,0.8005156542412606,10.534892087120713,0.017047273327195106,0.34574651656363453,0.8409130302163702,10.214046381239855,1
0.023696901928399326,0.1995198664566238,0.6602567066887282,9.834939980895726,0.03757166706336544,0.24953341051154931,0.6805157861984485,10.050856957612224,0.02692724929579729,0.1689330335285483,0.7596271510856621,10.22155726691509,0.03787004266822309,0.2592968160346422,0.7077318945849427,10.267589462987297,0.03424560876218685,0.2537137713345785,0.8663171468704364,10.38330437685775,0.016237754631055708,0.1701884845068442,0.8714421597130927,11.24241570574371,0.04955184551177698,0.3530609130212073,0.8506308225978279,9.727600257546584,0.036392469633004416,0.2315657862975537,0.8512454625923757,10.787136586758939,0.042248857031468384,0.22302676473560187,0.8500686120427003,11.12024917860823,0.06403103743364032,0.3393696229527,0.8415211121423547,10.780570201030796,0.03603794759766884,0.27392378830837416,0.7832515852195194,10.397519878356752,0.039822345588043775,0.2085386290276017,0.8316728633416249,9.7827448165219,0.030764206422340335,0.3409037823841732,0.8110709316869134,10.334062942663722,0.022256025938802198,0.20885194688168607,0.76075555313224,9.90378593625746,1
0.010659311421492608,0.15559768408092203,0.6748149880081802,9.724591944416053,0.019509766931157684,0.17619411145457836,0.6943928405695058,10.080356506184101,0.014492597471575065,0.11940883381575919,0.7678499588625399,10.188986669776687,0.020320641190786422,0.1766219099469744,0.7346358884401856,10.354100479453372,0.014547167778877176,0.1269259108221136,0.8959468800340774,10.27314730301398,0.00820731624061547,0.136252489943527,0.8503951422654885,11.512697877191147,0.043050077267198256,0.3429168557626316,0.8601099784571968,10.096490901421795,0.030205032873721116,0.19208003918813568,0.8863021722833093,10.878786602306427,0.028740548667360723,0.18428482799115242,0.8568372139816,11.20083945839199,0.031743708769785606,0.22588631309617146,0.8411294587396786,10.827162261555946,0.011312381413724933,0.10188917762948801,0.7401131368444266,10.305903736852407,0.015046431963604808,0.1339885056931582,0.8269481796131617,10.037904729487602,0.010101922350983665,0.17389353974986033,0.8237246584922793,10.191508237258365,0.008975918777901978,0.1389338866464226,0.7763973730178511,10.042171008868674,1
0.00628144773981948,0.33064148409865185,0.8553790222479638,9.79599841097042,0.00772025867112387,0.2606647778064753,0.8652588115377752,10.94085624594328,0.020023326954417036,0.30429756511111805,0.8296008692139454,9.528120437459105,0.015734027647542743,0.2983400456860706,0.8741557878817415,10.842991891509882,0.020657087445923265,0.17869878726239122,0.8893634106437185,11.373800885477229,0.024400254967303553,0.3002452522764841,0.8959997753262662,11.04965279613227,0.03936826487195901,0.37336934645741043,0.8497926600028568,11.5149086889875,0.027053098241851058,0.21252153371740784,0.8811675718571174,11.323806654029175,0.0218366001713282,0.1609527091793838,0.8975267752397248,11.079447900795529,0.029308691185579716,0.22562843379755584,0.9065668966974298,10.7955930630055,0.0128296967647024,0.1845464159846838,0.8579117831363251,10.12400710735528,0.014828066762499178,0.23705412718943464,0.8137745073601396,9.882276870999052,0.009674796956053304,0.2361188698118924,0.8638997328153966,10.310518547101486,0.004748768347197462,0.16650352967497262,0.8822753653603106,9.43250940945309,0
0.007582354619298061,0.3357015148396424,0.8370068319934338,9.837586311487199,0.009463560426495477,0.27788435033186265,0.7867753211263228,9.985939166734381,0.020913239401856323,0.23691470166129922,0.8152987202537828,9.40722050369911,0.014001850670639597,0.2486583893593546,0.8252300999722169,10.132882662127667,0.016393707857937243,0.1088139556142999,0.8200986485811818,11.210630408450507,0.021390248216264313,0.14660486846581797,0.8552232301873044,11.111288267935269,0.028081583873165953,0.21387579763808393,0.8871204378496028,11.341300151017455,0.03831787151348337,0.23429905675590892,0.8732447974098856,11.13184339985794,0.014019479665598808,0.09602702365113662,0.8604304241307587,10.918493749315822,0.03364465569792289,0.22429934565353035,0.8764177635268291,11.20274351818677,0.01297745866485411,0.23010706891082494,0.8655390409847498,10.244094791159261,0.018729378553220773,0.26992448165140437,0.8477777575186396,10.086567045275144,0.012082096966313516,0.31140568837402993,0.841417137319575,10.426365490302103,0.005248138673554497,0.17463933585793506,0.8811889379006742,9.370480451995416,0
0.009665614086575833,0.12282070987141579,0.5972647323605587,8.993573174162623,0.012803946316205635,0.13154619841270296,0.6174502193704626,9.071750323553129,0.011382303257551915,0.11484638606618158,0.784973494991815,10.364380894776522,0.013268987742617885,0.14441877893067936,0.71292978571008,8.945180787183931,0.016302083398762667,0.11194480037211191,0.8144505155973841,10.126445031360085,0.00994853260505027,0.07307082628905565,0.8330619183263908,9.286307045981395,0.025262122664968724,0.21528848422469546,0.8898920519628578,9.613607719160912,0.05160590561181505,0.2426206045984322,0.8510299333766689,10.779058474084898,0.029045136624711695,0.16859953081731116,0.8877799512012551,10.487022369904267,0.02453896219469365,0.17458094837118696,0.8931369467243039,10.737829496684533,0.007640086819572505,0.12357698089306036,0.8582993654640616,10.569152878950568,0.009628700155560718,0.14824926859386356,0.8415358168392536,10.198226984017811,0.006701795311778405,0.1636167011240465,0.7965027150221137,10.753463271366526,0.004754507353841958,0.07367519344278678,0.6924071056928287,9.296490324792183,0
0.014388999643178522,0.11368393001046398,0.5778533337406833,8.937169529133058,0.016787586514790877,0.10935422081805497,0.5987626693455368,9.420674441968105,0.011554749341857608,0.14644732907573912,0.7617974617366732,10.56873072397681,0.015843510683028552,0.1603996854204884,0.6963238395341521,9.227643495101836,0.012151288913286023,0.10979392103666541,0.8505309277522091,10.379436081761124,0.015101921533902421,0.11840025896473294,0.8166014584311149,9.213229215908807,0.03697447877067985,0.2746165407505312,0.8114839761560658,9.763503456497915,0.04634174763408762,0.21661865890953866,0.8722818542096844,10.470721746622504,0.02423037715077402,0.14550840479891358,0.9074407731484395,10.405216714307208,0.020972081490673707,0.15402330805270018,0.8777108831655429,10.53307566193599,0.00837630031991786,0.1438839142734317,0.8674175068513404,10.449608060053492,0.008704755116145728,0.11247696920106501,0.8377705932247872,10.759924491232622,0.005387130018910323,0.11714072940741468,0.8309040692367383,10.387768864318089,0.008256814125399248,0.09239849687181824,0.62509947759232,9.633987100202862,0
0.0037796095941066785,0.10999724054188924,0.7496713091963316,10.041457880909908,0.005235214725289435,0.14943233691025828,0.7892456391434249,10.413995752996474,0.005909982705956652,0.08107551307442723,0.8339264589488297,11.370497774128275,0.0076988957192019635,0.17239368293750668,0.8256854892701021,9.862927734988359,0.012604088278142862,0.11607518350195432,0.8715543585971259,10.477859799933078,0.019832848367813766,0.17461468732164934,0.8718957762938198,11.261987117622247,0.04196389783944657,0.3056301751217368,0.8437196172201328,10.749118184468452,0.039058358318550535,0.2446627449194345,0.8687191944932808,11.126476211991212,0.01782039749390096,0.11657687623303843,0.9012002682431846,10.994603403178848,0.01089448926497048,0.09483562399412655,0.8706307298020417,11.047105740038154,0.006115034743233961,0.10188301845796377,0.8458720393584995,10.822301654709577,0.010514347048341172,0.12363169769862734,0.8557225571514567,11.356687219995191,0.006573935807843977,0.12796013675688858,0.8744120831698206,10.418802091957525,0.0034815064297648727,0.09624045428190492,0.8252254226053607,10.610836780169471,0
0.0027403449494890937,0.17226341867166112,0.8283655110183024,11.637985356341137,0.004054722892159982,0.2073914847363748,0.8429797524567721,11.035612461686542,0.011315139005067176,0.1386515093243799,0.8390962902485827,10.815534071421105,0.008611228032417272,0.16379103359728073,0.8808624711659725,10.546901208519717,0.014654832445755136,0.1525738384937884,0.8803145358132779,10.850515443202962,0.03277499773614205,0.2247282579294129,0.8558502723330875,10.694413864814695,0.028273531015969758,0.21456317418382137,0.8281671098701432,10.222502336549047,0.046131760977319726,0.287639058595965,0.8608115356799294,10.693335748925945,0.03601109934402638,0.1895603398044678,0.8726703491419101,10.086786862192362,0.030941694361832094,0.2211641686017002,0.8761388468617889,9.810899787202024,0.012533100090983636,0.20724586566506362,0.8910035414213231,10.60295566797553,0.015949215480761156,0.21015650711152828,0.8977686127329761,11.624713719923264,0.013232743351724916,0.34386615663856224,0.8919879525408404,10.336756893445587,0.003596911486141145,0.14941279665515286,0.8922924614334412,11.025370713095784,0
0.006376804190592458,0.2358015557124504,0.8706762366674394,10.485153338090171,0.009370801381777575,0.25159471263067923,0.8169819923638838,10.368956418557215,0.01783526549940873,0.18141223508623447,0.8480849378661903,10.571440977522428,0.012409017763622994,0.180630798076791,0.8699272875094284,10.55278450804067,0.017273293357954453,0.1497025477944702,0.870380597790976,10.917875087931726,0.030795439803041766,0.20295561600281967,0.8488219455189374,9.811601209104929,0.04716392575287128,0.35406063802506216,0.8314369477068486,9.74916219103196,0.061458761230635275,0.30731112746048905,0.8703119311610917,10.615727550436418,0.058379100517809666,0.25639532938944026,0.8889085187489462,10.411079042007984,0.03838964314911923,0.23013544218687998,0.8961289834799443,10.235689439401114,0.02418698051695407,0.26388863389398165,0.877922054104587,10.735318240330821,0.028079108905932675,0.22972652812558383,0.870908231945885,11.241504592209589,0.022325498236997712,0.3701575988379001,0.85445082846816,10.47287748047444,0.00687584267153003,0.15172420733077596,0.8875736735213527,10.397184014891506,0
0.01814925943809196,0.3290971117699533,0.8206005807565121,10.177464393797296,0.02554312811116147,0.38927575632323397,0.8167585219235829,10.24351391849157,0.0475030649121404,0.2883876305436564,0.8170106213329944,10.185773754007105,0.03531523162856005,0.3096102246465692,0.8419048070967042,10.338087362464385,0.03534229397922634,0.22040660689169345,0.8656617768239112,10.376106586694778,0.0320501056899041,0.23718616530508513,0.8792496393739668,9.831505589988291,0.04740954690504959,0.2859931631393898,0.8520318147545878,10.968721264361895,0.04791519786870053,0.22802251245564364,0.803668049622297,10.615758376119532,0.08772317055615451,0.35838299728820794,0.8458122266095226,10.826485801107147,0.06668435037182563,0.2850338489437611,0.8549764519319725,10.65074496929171,0.04004083744918159,0.2776709005131212,0.8486129500070871,10.381446525422007,0.06445396398972748,0.29751609658455785,0.8558965928354899,10.39384397099513,0.03727920324562336,0.35334471896820746,0.834956946820417,10.37031342795117,0.021564954553967213,0.2828923044960111,0.8623729425936192,10.06866585792312,0
0.008890826788778488,0.2834286803472273,0.8227691860641122,9.893668430231509,0.011409477563616049,0.3313878529601581,0.8230795301643462,10.292964450764082,0.03554318059309151,0.360630263696259,0.8394249188379784,9.953225753235735,0.015910440137444616,0.2540499815173251,0.866170904362618,10.220005157914558,0.0316966668266719,0.23902161242831674,0.8679386929850353,10.281527490741047,0.03848919734888581,0.29228506357696976,0.8304985991987455,9.855706311241446,0.04715482842414213,0.2579922901694903,0.8148102780831773,11.149926389081672,0.04622238918584346,0.19919499337192378,0.8267641443337096,10.594099688107159,0.0860554806855905,0.37625197893193213,0.8538281024936859,11.001871535174445,0.05637301813075347,0.28444289211690166,0.8783859846877896,10.799128847830902,0.028566274927470107,0.23748392323882261,0.8486214981339942,9.957296351744485,0.03390175008262959,0.23740436889343725,0.8419248885029142,9.788681114538374,0.02295539298702141,0.26715120423870375,0.8510847512798897,10.110125442939381,0.012339790582636765,0.2368792526222651,0.8764061025295615,9.827936010038817,0
0.011022546448450379,0.23882679299176263,0.7038577111173023,9.404042995936102,0.013168830103069618,0.26339908289876307,0.7113800470040754,9.682366134019443,0.031526904408357266,0.43825180802972524,0.7816481358167084,10.03188830053215,0.017552215782555346,0.286647045627856,0.7301234497264153,10.212424775253071,0.05013618786679752,0.41785603596041393,0.8377612323157857,10.056790110127295,0.04140035279443503,0.30460783782095324,0.8288375758865208,10.560034841692033,0.06985989680188172,0.38049955452886686,0.7797516545883649,11.460242202466388,0.08050056519244664,0.3799343113870839,0.8597115843771418,11.033235464899672,0.10518270505058354,0.4161505299577359,0.8406096978399271,10.958945773698103,0.07076899993099009,0.37266334199691226,0.8422703182987458,10.472917023756287,0.05455360698120036,0.46891489675744613,0.8018912486043946,9.644164003199444,0.038455124046182246,0.3635002576103676,0.8403251568257145,9.66135598861668,0.031253745339345405,0.4508747238996812,0.7956317973181203,9.553603707106161,0.01285647917678844,0.23584828345564787,0.807029154538562,9.630861788371083,0
0.015805199601317165,0.20447484269231786,0.6705629053428304,10.396673159238453,0.018877845852702343,0.26861995989365905,0.7125231142438274,10.061494977089808,0.05274526230742828,0.38418768963516065,0.7338416787965056,10.272767727434177,0.03684109638865007,0.34071372136233413,0.7189072291207774,10.480617748640977,0.06459473107296872,0.4855022268618452,0.8141446692110047,10.13411790108647,0.07951874515250071,0.3856656351281286,0.8137291917413684,11.664864797695817,0.053911620091506934,0.33472594472075845,0.8431447717206403,11.302804299069809,0.09308005278938197,0.3609632219278094,0.8591184686937039,11.02189819268957,0.19160922014631596,0.49798108850718087,0.8285376274457464,11.339102177984307,0.13574734326831542,0.4667122141484477,0.8483853931085165,10.531062185926647,0.07726092781970598,0.45647473259796245,0.8203506324549463,10.118717656056882,0.0575991221684287,0.3265571147700188,0.8435102911814399,10.38629444747158,0.050876834414781434,0.4235235987439636,0.8336112633287323,10.376908585486868,0.020181926383645632,0.22940646450528634,0.7338188359586391,10.597027996978083,0
0.010987488313601709,0.2935020224584197,0.7579103814434095,10.071366202249264,0.011651831292033954,0.33914213201138094,0.8455999103471258,10.142799975923259,0.025561673641854278,0.27247248493227694,0.7789551314242334,10.299350599300235,0.024051373669894804,0.34046123068359707,0.7870352829147664,10.097401931418974,0.05672552575850042,0.4536510390057709,0.8280558043024085,10.246000349166922,0.05758006079693103,0.34734447894480275,0.8430489624851721,11.673108871360418,0.03624808688755038,0.30553747797293923,0.8729201349873599,11.232438344764132,0.05321344685538646,0.23862509461260026,0.8692054126399061,11.016232245624774,0.0884720171835333,0.2978106358973029,0.8581277593620111,11.178780330874703,0.07623460993827795,0.3183467928787004,0.8727381373557749,10.526011832309413,0.04004670684931974,0.25903650516712384,0.8718660560753383,10.509396004136892,0.028324173444513184,0.20515681425646676,0.8629939945832332,10.66091106737422,0.03393034701747137,0.2561763910554733,0.8827471215575298,10.79307946685456,0.01383417483391711,0.2124926539562232,0.8013546825570695,10.948284845201048,1
0.018403452732219074,0.45202793478373454,0.7514494327138382,8.980104992174356,0.02629445360761237,0.4054454301896171,0.7776546447073726,9.039317280458832,0.0321689949251945,0.32903305587675813,0.7977989354707101,9.227344759006371,0.025624446747209168,0.30953695020996047,0.808262147513122,9.003418679264207,0.04148137393522913,0.2809059611723542,0.8478513932035402,10.007016322278107,0.040482006244076815,0.2950195441205526,0.8678702351724227,10.450845660198253,0.042251462798017766,0.3677159671376866,0.8471236770479933,10.374851982565684,0.11762523888353904,0.45892585319664914,0.8143035016588305,10.267749322764885,0.11142233049906469,0.369629480751344,0.8405246007477997,9.782940401480213,0.13012994268055542,0.4578147723624096,0.8152185042707409,9.327347771513091,0.09642936891715723,0.4564116117381653,0.79056249056141,9.293217196407095,0.06513061642472498,0.4086842035687869,0.8273146916247843,9.34868510194833,0.07883323162416682,0.4561898142963141,0.7929621015904017,9.438989250467946,0.03071795441792476,0.43704776505242726,0.7992877597391529,9.295682666635399,1
0.022524636585921423,0.42262959066493094,0.8298062984216223,9.703306865117082,0.025207267169874953,0.4162446478262551,0.8406004955989459,9.645225416914792,0.04701638801108305,0.33410063262546097,0.8293138382024537,9.817705162979497,0.024858460278456975,0.2865002135497061,0.8692534281391056,9.624117966276511,0.03278489471089664,0.21297271819135882,0.8389578271703324,10.28181803286977,0.04965204985260664,0.29089486293169564,0.8471114995086316,10.1223860036273,0.046014143476799906,0.29907556636347166,0.7982183706211319,10.253463887816304,0.12398041718954224,0.4709875972770606,0.815129352168251,9.935665289058996,0.13457863146989835,0.4468711131119157,0.8269368636447966,9.448434695933537,0.18384585964826222,0.57996956068251,0.7466832314754125,9.255086197783358,0.13559902090670342,0.5847532879952867,0.7175998538777895,9.179224693192952,0.0880551886537168,0.4598382299172139,0.8011628972986731,9.456853205666675,0.0945755476343277,0.5092229978737635,0.771523743936894,9.33986973668947,0.03849507950407134,0.4630844147246389,0.8082489591046608,9.332315933164574,1
0.006721654968331469,0.19080120121519814,0.8535404168160838,10.867690646218646,0.008631752284587207,0.2826133079388861,0.8701103506057903,10.89334046257374,0.020120068320418537,0.15433085298789936,0.7923892376471647,10.549794952313077,0.01482120530209798,0.22668548389453114,0.8243707076028686,10.315795685550883,0.02299890243552753,0.18226785886498387,0.8935750947816883,10.92358549077166,0.024971885806278637,0.15227702925150421,0.771868354622949,10.537981622501528,0.03218702613311898,0.14896781551570717,0.7787794983334674,10.250290184798416,0.07968703847520026,0.3548231416623997,0.8455906117613162,10.851659681350483,0.07365098690805622,0.3530219282866893,0.8950480334719888,10.564332348418963,0.05714784667808524,0.33521476996885063,0.862961792170804,10.402080551442443,0.027464707326177496,0.25179970136118207,0.8668239633584981,10.040256636379896,0.027752505633364843,0.15833742932894498,0.8415732781928483,10.693320302868823,0.014378769073231431,0.18703360200724628,0.8576274385412613,9.724405566616555,0.007384317034940701,0.1597463939142952,0.8750484994778692,10.275135787060366,1
0.0037170143359812387,0.138478138081407,0.8433837441036658,11.487742793621978,0.006705584682239224,0.31161942674244086,0.8765024898342401,11.290625766810681,0.0107976344058717,0.10895293325371513,0.8123663272605421,10.571582675722803,0.014535052784521076,0.273178170159804,0.8602908523301915,10.672686413295013,0.02595094949606797,0.27843762268336286,0.8665589023664547,10.627363742215223,0.030564549529407,0.22687364029676366,0.8698715367424783,10.178350355207096,0.021204258203426262,0.1643163777690603,0.8549371891289476,10.058578526353664,0.06141083122107845,0.2962192319803264,0.8819632067588178,10.54197301744937,0.06457206957048137,0.3407285194347659,0.9032563898352585,10.231826377132425,0.05127260832466673,0.3577080063136187,0.8706378857150585,10.129755021371531,0.027937550965328763,0.28703121448619395,0.8676356696961062,10.107777389580146,0.019823349294208873,0.13016937212987506,0.7806851200723423,10.346416338034516,0.018412845222864314,0.29273959688131945,0.890356579104428,9.964342625068175,0.008489132847775293,0.22044440862129777,0.8675995595279368,10.665793975720504,1
0.0036473106516737553,0.15378328520693677,0.8873035134490989,10.892041013128065,0.006573665765543968,0.26583620383718387,0.8832150777287904,10.829248471452162,0.0072964396820102695,0.14473918176623546,0.8639956451397243,9.728423629591362,0.011011164921322595,0.2089906129532608,0.8905071679685396,11.031385434502488,0.040037511307280046,0.3619739815196691,0.8308836728853388,10.06215634265061,0.03552264786141297,0.25090698844140275,0.8463041551240176,9.932662313259106,0.010060008416743127,0.12100113954558857,0.8786898891900603,10.133273639169435,0.030797248828169855,0.2102377407842973,0.9176312330053316,10.283735678443042,0.04306146673646147,0.26943378217017205,0.8949018456181602,9.621401905197516,0.04354538614897975,0.2899039783842113,0.8788395983600307,10.024631709295056,0.02670834080230865,0.2684073793621085,0.8792003061917906,10.2990372050715,0.012379812174658868,0.13014277565748592,0.8983811661216308,10.714718839752294,0.01625683409148467,0.25322789456932204,0.8669200166791486,10.586916999052843,0.007050550536335563,0.19066921089141364,0.8838999111012934,11.114846771474465,1
0.010740576525274279,0.36282191665208674,0.8379442976861171,9.680534418678475,0.010570890938366816,0.39135255378830863,0.8534695482475969,10.040108293859742,0.020111890123366002,0.3097044624496435,0.8838569568047849,10.232586038510119,0.016695974360970426,0.25352851502115886,0.8418189783043877,9.712097168933074,0.05073375514004576,0.38742322934163476,0.8518681443195215,9.837087604933423,0.03162164742726782,0.22176764055194098,0.8246758792199823,10.822824786517693,0.013373981232142854,0.16912365554227954,0.8743309111862331,10.739497918927674,0.026923038136868707,0.19986819254991803,0.8825475423183419,10.379284896578753,0.050011919890902604,0.2831613947363031,0.8627749634997918,10.303422655228584,0.034359031586056805,0.24134082487431766,0.8506402341227903,9.890684751319974,0.021978474332929238,0.2326264071958228,0.8557873547989183,10.067666005870013,0.01272150015943205,0.11983531575329003,0.8459058491107037,9.70675432031993,0.016750839248922598,0.2751360630483664,0.8614669086870381,10.245017450585122,0.009058746168215987,0.2386653654900963,0.8699899073798227,9.781743496845676,1
0.011734046687385721,0.37882143568131954,0.8233227669470913,9.583952824364758,0.008485377598075258,0.28796960806405564,0.8480546217319832,9.803571014463513,0.028632444826569656,0.2995083267329052,0.8512088800680061,10.243345719614299,0.015773333464115226,0.2294425745424803,0.84334836035018,9.72108607253184,0.032656222760819704,0.26337754683181047,0.8668952139314748,9.701754499434864,0.024593691524095608,0.2051150258383749,0.8292042746766949,10.574130330760841,0.03748317484860353,0.30893385367361875,0.8749872889345474,10.245421683118124,0.06723230670601367,0.3399789861942249,0.874850906658263,11.173038943552354,0.09780840019909769,0.33173318961765313,0.8735449548342907,11.30496056703644,0.043345058877164326,0.2650357261399332,0.9007350339146153,10.262956586978888,0.023546124663112976,0.22951246227481337,0.8650936692707413,10.14125772911454,0.043062907648956796,0.315265796491046,0.8504046877466223,9.351486334497023,0.013342434014102558,0.23082708140353103,0.8614390998425826,10.29523940530981,0.011034583867221764,0.2883541815895153,0.8639123774603603,9.557568388145828,1
0.006532262029166434,0.20751233517216786,0.816811675997294,9.51444347980582,0.004720928516177943,0.16613107522166273,0.8575486417140994,10.045348894910004,0.027700613642626715,0.23113410246241636,0.8131800514816834,9.666447179553897,0.009596662013235056,0.13663628410671788,0.8414146095043148,10.663361740273158,0.029539859637017076,0.22277649232367344,0.859607242609628,9.374334260037859,0.024161836123127885,0.23351649358625806,0.8727187082264148,9.77270514478119,0.035341336032468286,0.2645199784367947,0.8688649836365969,10.800204099417744,0.060048703391526015,0.3537988198301876,0.8278351737122401,11.139495485029112,0.10560278061526279,0.3454191380224714,0.8844016886624806,11.04659362211879,0.06956327428259607,0.3499680876498278,0.8834451049955507,10.68892519148749,0.04351044131517485,0.34748973065280003,0.8496706466842273,10.18522978568862,0.055276738040776076,0.3119135050708556,0.8470785804349313,9.494520541079824,0.021346906368960694,0.2843158199590491,0.8535954104783806,10.174477597425849,0.015846780089526755,0.32412193075466383,0.8311309618242745,9.896915822890914,1
0.004210814156329478,0.18609629773626155,0.8777594493998584,10.072948502952112,0.0056863408244423475,0.25889636123470094,0.8997058420337322,10.329113986252626,0.023456715838153612,0.1900041342494008,0.8394934874240041,9.912327804259784,0.011808179169924053,0.23225453944608823,0.8698725793439708,11.399725276871711,0.01828071466723369,0.15896745090104059,0.8517110326436412,9.805955421900661,0.03452123700515834,0.27807971257762165,0.8622326114818046,10.542963432973378,0.04505972785537584,0.3117096354754103,0.8747277853471284,10.911289685976229,0.06268042703442758,0.3493286671204167,0.8354686706161414,11.126992335144761,0.07802239140272245,0.2754589878475314,0.8805611786359979,11.192751950196028,0.05601346443257264,0.2855083660458662,0.8573075360026382,10.360286862899736,0.03911395785167669,0.3300173946674247,0.8560460356848881,9.758108602888058,0.0348037802532456,0.1961382595895257,0.8561488839947271,9.572004580823268,0.0228552492738481,0.30095136803749084,0.8593123336249011,9.743518870648328,0.012240094568347334,0.28208982717528236,0.8522193283818842,9.895956817279636,1
0.007277776969076338,0.2551312812819587,0.8431056226489261,10.27120721024379,0.00930818267956075,0.2798446262284397,0.8466921300663456,9.635887746886855,0.02321473177136824,0.14642648710182243,0.8032148461471543,10.05476803972138,0.009635826527181845,0.17626044778850466,0.8667583364146129,11.143311226197726,0.03170208296484802,0.22788663784270935,0.8261553539444024,9.465241347747456,0.053609893049570395,0.2933531427015667,0.8579215203361856,9.968540836188618,0.03840318440309816,0.2803992511064749,0.8428724130976832,10.737539597563236,0.09721435461715283,0.37919799841509655,0.8586911124309201,10.910727185736146,0.10972558637822408,0.2964994641287999,0.8512726471067185,10.817789304033175,0.08571295480937303,0.2902613516384114,0.7727248335376433,10.018059961486815,0.06704634225714322,0.408733051562356,0.8056468760909341,9.867324116369618,0.039496575957281815,0.2438076223242683,0.8451572980070685,10.590317174057365,0.04844256390623777,0.41184103778168407,0.7759066721809903,9.54377543762366,0.018061514024036378,0.33998007707693073,0.8391261285470561,9.88414357949956,1
0.00812820846049961,0.26190859894025664,0.8498760216502028,9.70189301661352,0.005547012032803131,0.14792819178186808,0.8288805314892895,9.984790172663509,0.03372214261738002,0.20965118419573808,0.7768554468129091,9.156632199761566,0.015591297175427206,0.20363261766941462,0.8604207994763238,10.603225841010708,0.03431063184551277,0.1989851685730842,0.8273727210803515,9.809925194484096,0.030865443443499424,0.18550957134738708,0.8311139703344692,9.065062606313745,0.03884880505342569,0.29314253231484827,0.8551067463879297,10.361132320888585,0.06787763420438413,0.3199284379146755,0.8129734060567453,10.490372632625208,0.07569307775534283,0.272634718866055,0.812151829718892,10.705946843275056,0.06148445692061312,0.28983019575380553,0.7801297803092551,10.439938177926562,0.039112861391845645,0.34369998535984,0.8287537881961623,10.41043458455557,0.04765604154685462,0.28681535137787867,0.8402417964634895,9.508644651716908,0.024491776775544382,0.31642377062839827,0.8166293322336813,9.925795324468183,0.012841158944792435,0.2674650130192322,0.8343259203827527,9.551824174352655,1
0.006260769809299412,0.2198680928723806,0.8014844226982406,9.134249100850335,0.007059544976087396,0.16598038844060722,0.7756179717728621,10.887054452211734,0.04636020311455901,0.28959159509825605,0.7379998034979768,8.842561998948447,0.011914544653832506,0.17803184325955335,0.8281694253742046,10.187355184612908,0.028120444441278498,0.22598450008686286,0.8373509652572793,10.428507503909316,0.04439863549604777,0.26796696819638915,0.8584771762128305,10.181033859893706,0.04757063838114435,0.35494160953579074,0.8226880001498641,10.37359431492206,0.16604087689169705,0.5740409353462853,0.7960656655433483,10.296011784610982,0.1966339104749606,0.5626250388558045,0.8057082869027273,10.493786198369277,0.10699012084185532,0.5855918920474148,0.7858478683391305,9.85193929766959,0.01907703703679203,0.24694581880562344,0.8579386122673857,10.102900255316905,0.07029611229805409,0.3051640558844156,0.7680619004654746,8.702097273185299,0.01287033681591806,0.2534884206468896,0.8559611186049967,9.925671865976032,0.009816129586429703,0.2507348462972894,0.8335177974810567,9.568672196759573,1
0.007171149474231976,0.17382849591023486,0.7526542739251136,9.816382121249475,0.01203267889832286,0.18268374930151512,0.7867724979154436,10.961915661434164,0.03709630540761902,0.22890005342132547,0.776982373924333,8.800175053128573,0.011838149847873077,0.18587113061772856,0.8228946585489109,10.263639023868016,0.037283861619706225,0.2213265626965822,0.8143397772044788,9.960570007943028,0.05304129123084446,0.2411736173996783,0.879075446363971,10.639214233907127,0.030895926323690065,0.198577596310968,0.8099347200749304,10.883913846428696,0.18737698042549136,0.5202810920485578,0.8215383953866288,10.068399227115828,0.19577288477496782,0.46439189489222965,0.8564251824335924,10.050364944840874,0.12316815042835431,0.46791319289964,0.8155857864935945,9.458546106621103,0.03121992077776309,0.3140848916715203,0.8808505388918165,9.474708682301756,0.0691472245446052,0.314386773950574,0.7850597082018876,8.819401757729276,0.019162622449103318,0.25259310458480594,0.8454999602669052,9.408226438116397,0.008602361262416572,0.19555888987357523,0.8176680438112859,10.199197263877746,1
0.011970548782300909,0.14073714948121063,0.6605925970034637,9.895190447399111,0.017464179456290856,0.15942809900967492,0.6216577895084007,9.697350454209317,0.024427911368681055,0.16780350470335753,0.8348864343452754,9.597902474483137,0.017163610129603723,0.17799523269919576,0.8112282044078949,10.221607392150869,0.024203818943349033,0.14754372979460123,0.8227207964205483,10.59445554437848,0.029573745531510404,0.16525639738220607,0.8483172523352951,11.382470211431382,0.07414055671102034,0.3163207908301599,0.7979032036178645,10.163434814344917,0.0866273161772192,0.3288656494930541,0.7909934504049052,11.770058999587894,0.1136533061878534,0.30241323912100365,0.8249520668653313,11.707383243830494,0.08178502019582967,0.2962454385256094,0.8316516410781103,11.03770466716035,0.03888866120925275,0.3257949041501462,0.8173010737047783,10.417193308949798,0.052146302653456,0.30303843880830716,0.8220419349357374,9.669952431778576,0.02412294769799897,0.24913243421797832,0.810550573619605,10.384939311305795,0.011509464376617888,0.1749086402474556,0.7814388169090258,10.250255838867545,1
0.008547906000881528,0.16236877828896434,0.7707749689073387,10.031547083862614,0.023485511777866747,0.16790166766884299,0.6736780942109928,9.373892784777068,0.02161174817400179,0.2083889021922534,0.857370973392794,10.667450105117222,0.010050992043236322,0.102430938612745,0.7997384859345548,9.665151667945615,0.03113401972601305,0.208929087466749,0.8604114169889502,10.617892097644457,0.027406260231275913,0.22321540682552474,0.8623592135887247,11.25434016108393,0.0712980055607352,0.3752161382394662,0.8293945630477777,10.145324795669811,0.06809112122669315,0.3118383610394562,0.8451194187036678,11.15381918024496,0.07855052219779761,0.2830894965990322,0.8451982371363534,11.333877747568652,0.072535101524554,0.335988641111517,0.7697331054193361,11.09603634425444,0.05791430412968477,0.3151770165920779,0.7094180976582364,10.735455429452333,0.05124641328835593,0.26853790312606746,0.7600987054553277,10.809125471991988,0.05751572614036402,0.28630839401357394,0.7104310985542599,10.821120383486512,0.02373774694738248,0.27355420504796035,0.8114722535836726,10.975476191353495,0
0.004771556653524445,0.14989147615731446,0.8659521182198519,9.833923663334621,0.009891686032386751,0.1454235433412374,0.7434783120942758,9.850395552894637,0.025567820552425853,0.29960695568770046,0.8133431683812602,10.26070116605218,0.007456084597114039,0.12313663407539936,0.8154894066062538,10.017147165598539,0.030537753413491256,0.21639453233594372,0.8828822695823343,10.859316905342364,0.020607058495346702,0.18591409356168628,0.8969832824256742,10.696045417028152,0.05042451454793492,0.2820375907904052,0.8443725554231998,10.818288696337241,0.07333135369738554,0.3825288639490977,0.7984589409527518,10.540791146496467,0.06824658220562607,0.32087020473706057,0.8359194640467291,10.521856916903573,0.07184501491261926,0.3721515280565259,0.8108645886734217,10.924197944847847,0.06144602971010162,0.3098391017261164,0.795467051741641,10.375842516542876,0.05420004806953748,0.287552818240907,0.7962830963616551,10.582713910517004,0.06419122598555094,0.27120126062512545,0.7904203489554071,10.346645579714561,0.02372420329710286,0.21956696255967897,0.8549007548732113,10.772090158615374,0
0.0034450216526113724,0.1617147772653323,0.8515982318457432,10.056802794306218,0.005436966141320574,0.2506983909664286,0.8854044328460291,9.948015100021847,0.010478473304185828,0.18006780532983457,0.7997048757793969,9.779511319381315,0.010537297601589168,0.2514026799228932,0.8293921325836259,10.402308394160524,0.03147274390732743,0.2537968886016094,0.8910624726569081,10.247703112895957,0.016845358703943176,0.18726572484575552,0.8621698514238918,9.966448349896083,0.07224050217536694,0.38594468331408527,0.8297176435594767,10.5177173622535,0.04061598952862606,0.28412283546351796,0.8716546908392826,11.038537460993577,0.043413069616192,0.23666871167380163,0.8871968621655919,10.976425463375797,0.04010398642227973,0.24694391526802248,0.8759340306480451,10.929890758205078,0.03389632191213016,0.3000498989057143,0.8695130316056476,10.296644128219564,0.022528764634064065,0.2155156909183425,0.8334143531628375,10.162001446400154,0.025195637204314145,0.24005218385291288,0.8313764345037594,10.045411190603923,0.009778838718338562,0.17850479814443598,0.8787668574518919,10.611211341377286,0
0.003802532374175634,0.17516394009377842,0.8500611978538168,10.467840288890496,0.008206209100389777,0.25259668057766405,0.8723616928690319,9.687094831847176,0.007852323061232439,0.12265933832203194,0.8547152531915865,10.367178043319782,0.013559128858859746,0.208618115617533,0.8588564447265413,9.62697320416939,0.03237851650256173,0.26284923750071704,0.8607820640423129,9.88854748176283,0.02662510682387609,0.25098919325946606,0.8291082362790038,10.078682141532424,0.05634512567826494,0.4355408510023819,0.8500475202188805,10.73410349077352,0.062047772932203975,0.3248373415925965,0.8223396355571508,10.3366440482559,0.042798651307151526,0.22785308475232496,0.8460129703312683,10.497405168065104,0.02339660059630726,0.16085325793725283,0.8767131965780539,10.192052880104535,0.017982371567094958,0.23559308710426383,0.8389516052971242,10.217135498115073,0.01566394159925865,0.12714831056875747,0.7923820693828657,10.582200855239279,0.012331444104943714,0.249253525614706,0.8858932147710538,10.35286698456659,0.007095187339135378,0.20345383507721926,0.8686492325791956,10.498359857471312,0
0.009063094117373684,0.25993668626629096,0.7752214770412165,10.107755006502389,0.011358910376300718,0.27142786560476106,0.8189879997762914,10.674304270274877,0.016639988557277496,0.21482542774311247,0.8168873865211613,10.082517969487226,0.01574685450884973,0.23229354320275064,0.8360066579530974,10.157329698240163,0.029898467242535066,0.2556890620084934,0.823917850706107,10.850107772414713,0.035230714254892125,0.27032287930054644,0.8369320738513586,10.301850135603573,0.04738477794765501,0.40910927026024435,0.837205327866114,10.531617810624468,0.06526560004481063,0.3592718077194747,0.8002048160483164,11.24425123565551,0.0581360956629187,0.29231369055713036,0.8395575875772218,11.327542179844354,0.06840855317252274,0.3863345402488099,0.8478552150522269,10.507473344888203,0.05050952794583866,0.5353448285340802,0.7974651408295756,10.624426229284234,0.04464019876727113,0.26276368619226004,0.7648774121763668,10.337968375514805,0.031785936616663596,0.4851186859538317,0.8121313532340176,10.635923413996213,0.022417315408978355,0.40309280356752436,0.8217381751542544,10.19715317191421,0
0.017436137027150085,0.17474871767916003,0.6609344505613297,9.974728491985353,0.0151460731124965,0.14889646111105218,0.6717710879839662,10.70427943532587,0.020722788720601137,0.1867261507819221,0.8230726786122261,9.74843009374626,0.014027596392344839,0.16583267945157987,0.816336706844467,10.47786322712084,0.018966328366699835,0.14741836133386638,0.818240817134428,11.642595118638225,0.022184244480250026,0.1622509738085057,0.8676893306921535,10.844123641059767,0.04850716131854569,0.32394208179322437,0.8303312751771806,10.724355754497994,0.06571365789650331,0.29843402696022314,0.8128033363375001,11.751337830916725,0.07350850737211308,0.27709158548810003,0.8564051784051094,11.314816229155953,0.09322572600630057,0.358204575949071,0.8528049834899903,10.7302997008264,0.05228414791454979,0.42966601183633996,0.8446266716546502,10.790361976475706,0.04440253369560466,0.29113831281440905,0.7592902133914795,10.285277027590695,0.03865873185234672,0.348093372000118,0.8151938936577151,10.640704287865768,0.028094602047417934,0.2642205577084719,0.7565176169864011,10.241376650784437,0
0.014795232547620827,0.18447566007071928,0.7045072198168513,10.136289842296915,0.010058717156232404,0.12254090834728792,0.7260781389164147,10.581745224225228,0.021576165160984605,0.21227827715321007,0.8323261832434001,9.844294877435264,0.009145232905164481,0.11705052716547533,0.8218161367660223,10.002868393943423,0.018572529704529682,0.1369311712148475,0.868813383595038,9.864153490622929,0.013149704125047856,0.130583032765121,0.8852600792621501,11.38961064096317,0.05078875417322311,0.24900742769082984,0.8372497107886085,11.291757131951382,0.06824658597928486,0.2622597753599146,0.8507683446498957,11.52326742745055,0.06257276724964407,0.24795885031587192,0.8575294165306451,11.571170699701005,0.08789166049338398,0.3310235463911298,0.8288137039546735,10.915212023535267,0.06796733089244703,0.4088561307191574,0.8182027242711766,10.573044072274866,0.051028754202926324,0.29916202593449254,0.8303253270264918,9.988173787670588,0.06538401911356036,0.3951421943218518,0.7782964630869643,10.368492759440562,0.031087304290974938,0.29614282484338844,0.7395515752150779,10.294157193194316,0
0.011973978890208526,0.22898024380473378,0.8110829017727085,10.453023714868019,0.010582303253135692,0.29388502239492753,0.859246344576695,10.446680870510008,0.018941010722779563,0.25851300120556026,0.8218471791457858,10.139500138783626,0.014314338233430044,0.23680001755542232,0.8728872980813827,10.434460631477299,0.050095036069103094,0.33859740805203126,0.8552318327300947,10.149620045335435,0.016879832072896464,0.17247157099584245,0.9008298727795652,10.512824188971642,0.02036094639067505,0.10829912906657953,0.8138164088912546,11.263636815790406,0.04772579594186117,0.2750020865491201,0.8597832782297037,10.543620671573317,0.05973191818454401,0.2733948887021045,0.8521248743760746,10.570335844853822,0.12815824162504869,0.43059470197448696,0.8264053949510234,10.470967421853334,0.07090558221286496,0.373175905126789,0.7928137106136413,10.523950012697318,0.05887145104392435,0.32065664255649595,0.825083370888606,10.180743992662816,0.06237072122881576,0.37716559815479017,0.7715464365710357,10.439383073230037,0.029919530020451123,0.30466421858346837,0.7748931605489541,10.54005198643643,0
0.0074354299525741475,0.2527725567466935,0.8519683187971502,10.37634835888564,0.010413404823443202,0.33379939685593757,0.8001608063067422,10.588318755000103,0.023844101712919695,0.27786747211839763,0.8435069831751897,11.080347715795101,0.018005177586687588,0.3070181271193428,0.847411735781227,10.742851826608886,0.04649261969966918,0.36306940002567467,0.8379312455037565,10.350233270415366,0.026551171964766127,0.20802009936297763,0.8538125101237307,11.470779904621864,0.03705400020403289,0.20453654101277846,0.8367291677234059,11.514675661879176,0.07133227583345322,0.34125015340969134,0.8539796765139446,11.316025462144442,0.06898251278395458,0.24820355313366854,0.8791584031917205,10.993232218173082,0.058315679099256584,0.243969856368558,0.8405808220472516,10.5081290101922,0.02372154870811768,0.2103919780530583,0.8571233198464518,10.62902205150827,0.025501390202052002,0.18367669183219726,0.8256948004608173,10.757380539103345,0.01886975953725131,0.2618133716891875,0.8474571804624913,10.4349375618955,0.011626827691837783,0.2585400765256943,0.853235149212322,10.116721095923147,0
0.014678419795423968,0.4298114949491136,0.8215580923646013,9.904167888847223,0.01436982225229361,0.3694826398912974,0.8518142261231475,10.012697273520494,0.04238808816486842,0.30920485758345606,0.8200636594749405,10.438639436868502,0.025282786404391962,0.3182555580840809,0.8393672083106317,10.341822317855678,0.030763750087702893,0.22870248542165386,0.8755302746725282,10.036744226400216,0.05725933309376336,0.3257958336619486,0.834174173890491,11.141376971891779,0.10128684655376974,0.431849869498296,0.7773442181369028,11.233701711018922,0.1292945046815407,0.47021872783763785,0.7933720593402211,11.47782969572526,0.08816882861354891,0.3738411670787292,0.8510959209424885,10.036772993083897,0.050298991922881994,0.28084150663557583,0.8677904116298156,9.367561375889442,0.03879511497679157,0.3690740593245773,0.85665493642417,9.682436706128426,0.08062972545889778,0.38580853463641473,0.7831868888235984,9.750913637412655,0.021724824915080872,0.3584736936007045,0.847911641345799,9.549589611975035,0.01708291928383821,0.32470398771418424,0.890962872153933,9.688131987565779,0
0.04090326365232888,0.5365359180671966,0.748536596687047,9.508045006165206,0.037198956876380355,0.4155406974174104,0.7406123545136865,9.167623896911852,0.04390678756775733,0.3147416826025236,0.851711305014117,10.118352407819549,0.024920517114836813,0.248321062952627,0.7819760167657096,9.241675300226394,0.03954136265732804,0.17551056482844768,0.8277439112197892,9.60407562851006,0.06285195856470734,0.3593545076267602,0.8406832522165635,10.441605258904618,0.06644287131493133,0.3412844400604283,0.8095856406658521,10.444858090556174,0.15869059275155953,0.4458723831696181,0.7408337290691444,9.696660118918697,0.19488622045453163,0.4685842659438231,0.7061343050214401,9.067628973860225,0.19330737335803658,0.49255878699551103,0.7475029982142417,9.14087386051425,0.11308486326344051,0.5885088975009592,0.7251300974152234,9.249625145551633,0.1918020756693514,0.6387256571486793,0.7192296575856345,9.35494081122891,0.07184956110553545,0.5183796650000049,0.7436222812823152,9.238182935079946,0.04369200131906552,0.4653656078228615,0.8204613841756864,9.702634796114562,0
0.026331003543242748,0.290247078626752,0.7568083584175835,10.05761382465773,0.02752340478481818,0.28012481883351287,0.7412585328034681,9.95777106775969,0.03479315240203181,0.19794547320118086,0.8169187994959899,11.135391312751958,0.02587726163379131,0.22273303356250518,0.7947963162886157,10.13277195474683,0.03801025311401899,0.1700475517593384,0.7825308750888799,9.752214825781577,0.03357371283273866,0.2137230484991478,0.8490582685408986,10.586989386150764,0.036352890384617094,0.2677381455226166,0.8554417053449189,10.811147251103824,0.07568002515484139,0.28451866570042217,0.8137793791270586,9.820760652299882,0.11239932519653649,0.3147512201070808,0.8069308007148686,9.83365406632356,0.10978876481303969,0.3326664912985448,0.8184813380445267,9.797807741247276,0.06932575546033022,0.4161142512441606,0.7922248580266021,9.975396999613492,0.06928475206475482,0.35111216407245216,0.8300031047397868,9.998053395703378,0.05236015922212957,0.3786518331843222,0.7677678654693875,9.976724880214919,0.02213929015049795,0.23460219904001609,0.8277432462920513,10.41751146620514,0
0.019239262067488203,0.16283246242521,0.6714276761369288,9.845483646365428,0.023836892512380813,0.21371798606524617,0.6787960018359559,9.76543657484459,0.03837561014629601,0.276385516430602,0.8088789471327419,10.533822302927684,0.025961799804957414,0.2428934793911552,0.7518979286244817,10.002460888827606,0.04145806385008454,0.24426466450134393,0.8053395994090656,10.051792963781907,0.016997362761868105,0.1369832201639967,0.8710458976841825,10.374108739165832,0.02397627895395517,0.1702220258051099,0.8616432327471709,11.329520307660832,0.03800181799426326,0.20339244332472722,0.8535406492019574,10.507766226903808,0.08014433198345372,0.2882290525884075,0.8683902083647562,11.036912096235643,0.09745087277848011,0.4001642899690222,0.8222879786181077,11.02201162453143,0.05783921100145955,0.404946656519008,0.8061414521633908,10.755490877772123,0.03521767389981112,0.2678271819852701,0.8228075319352215,11.083410121326773,0.04375605569046173,0.3701984030862151,0.8028259370717336,10.636817340721906,0.01162949615070134,0.1289392092873304,0.7931464305662745,10.736833214072206,0
0.013095574251542393,0.173718549239403,0.6891021014648187,9.71272874284034,0.012087229403172242,0.19544079255377866,0.747342334945256,9.574746953724928,0.04334364542685888,0.3629626202301962,0.7932705615729301,9.816604112423228,0.01575148932153363,0.2844074185101179,0.8056025916123939,9.884423962019893,0.021380052982125915,0.20802277465490243,0.8673114280599357,10.40505475761311,0.05683035101643038,0.32520225193324953,0.8786020810312594,10.289602412351341,0.03462303095620347,0.2035750246923349,0.8336352816417768,11.051737658645436,0.07214126141120238,0.356977289804448,0.8482401583566758,10.807508170649896,0.05802223689947991,0.23911076032083017,0.8837260626085737,10.969421686158665,0.04591163053733011,0.2708873163511641,0.8304369504550075,10.847211289906562,0.02789064879848425,0.3023695115993426,0.8495707869936417,10.625408925601205,0.026157037945657446,0.25205299717169344,0.8858235556602366,10.25963653200789,0.020481438139437654,0.2473771583294501,0.8616239176396052,10.363079591148443,0.012805343179475721,0.19771090122468382,0.8274538000967839,10.306515752698612,0
0.017404579891855378,0.2507073653677219,0.741310957000283,9.662510694096492,0.017887630050465092,0.2860228852183263,0.8574407382354943,10.530920902485429,0.05511600490153677,0.3447365473598323,0.7508969305956672,9.723334640880068,0.027829168236726536,0.32408298002039254,0.8313662111662542,10.506051978658595,0.03656402361434667,0.24982318412425097,0.8667360318845253,11.50960858186577,0.07005546905484342,0.3336979147663037,0.8637133083089472,10.763282439645803,0.05796819699114887,0.24790701692084502,0.7996419994963142,11.475270790395012,0.12866762519813987,0.4116400793702538,0.8316774904746693,11.065304661600136,0.0723645338472754,0.23532462408944094,0.8683013099582865,11.265678796688231,0.05181097131679955,0.23931721818820037,0.8203427121521122,11.483791037056502,0.0215557421005667,0.1724145685706103,0.8274115339643854,11.313311749101542,0.029687561128669066,0.19516109082513045,0.8030124005837053,9.517619543099881,0.012466143254646907,0.15124040579769954,0.852727722604266,11.047726498635798,0.015494021163368014,0.2243688102983489,0.8028402263986425,9.833466580399664,1
0.0133352718910242,0.2501080732826311,0.7512268079690722,9.73959990700598,0.018474591714598955,0.39849099953884076,0.82637791939453,10.240330761231855,0.03036363077925795,0.1980043353055335,0.7784757513411948,10.171066337557209,0.031145626667067727,0.3731739707800343,0.7955080836990854,10.44151996063056,0.031907130916620424,0.24492726076813495,0.8777545038090755,11.001041856541443,0.033455897746615476,0.17544389381055836,0.8042273580881125,11.413214315590112,0.042522653944666075,0.2671068974996003,0.8121867211787345,11.62895722896247,0.06691513752588842,0.3315568853147804,0.8175108821868547,10.756660508725112,0.055458230683032884,0.24063325951321024,0.8481770852714712,11.36850582271106,0.05630245472162646,0.353048950276803,0.7903635824238296,11.5712206979463,0.019639060447828056,0.2017516755372127,0.8200997461221045,10.677485317951025,0.019032685715792544,0.12564576362604662,0.7841563927031177,9.808107378484491,0.013268859617481253,0.21916575835027446,0.8694923639752704,10.167967137626126,0.013925724273073512,0.23092106561935602,0.7784529004946513,9.661962896882905,1
0.020615156408417438,0.38789616152277206,0.8057215825560351,10.448017842707177,0.013709428911737934,0.29469475672243406,0.8503763899603045,10.904611357336846,0.07408564541143804,0.4186408578256498,0.8153095914918862,10.111993658153287,0.04289731031074049,0.4523714063609395,0.8070304178682638,10.487131516694284,0.038285218834876365,0.23318824223273804,0.845811277772262,10.95711859724971,0.02961300831579898,0.17901440998431384,0.8506834006417073,11.057840047714288,0.038713862211601224,0.27740251823679213,0.8518977384297014,10.689980878286876,0.06896347833776183,0.4628420453969026,0.8238484109248984,10.359755801955655,0.076933824879917,0.38202221763068084,0.8192722592891939,10.682466562001368,0.06389353092049432,0.39867476377634387,0.7727796955089734,11.02683779860099,0.031471037659834576,0.3881399816400802,0.8329071634396736,10.848928993640595,0.049195283083189024,0.3075232909986249,0.8383094066077682,10.377441045804053,0.02242162022039114,0.33287640776939764,0.817531199172711,11.306406167862121,0.020775879523322483,0.4154719095276985,0.8055487847384342,10.795670195962133,1
0.0292197256852842,0.3319580435682444,0.7501630528951182,10.760901521990162,0.020106415280567516,0.2226191202664327,0.7749315121281813,10.751121019353556,0.12910734294589882,0.4768884058089585,0.7604469631179885,10.194456370532658,0.05273415754162722,0.3978938703212689,0.783092206940921,10.89963727849433,0.046823062678792174,0.26834368683508103,0.8074943741462073,10.737630150627043,0.034484422541962684,0.21921844539840663,0.8611477886888484,10.709195871975298,0.04331431869766409,0.24915179471817778,0.8571393952168683,10.36495037850972,0.11100696644937252,0.45039064012557967,0.815283896536784,10.534275720514573,0.1549771509277322,0.4369490989798143,0.7981291273383735,10.600395467379444,0.17307229468711488,0.5043102243317877,0.7497699981760642,10.491196078461115,0.08065313383937105,0.5403058629805605,0.758698056034008,10.831043880865812,0.1289021089764586,0.5266454479487759,0.745368021838441,10.40503605722325,0.04571689740688545,0.38160440396059697,0.7485261444364653,11.397498355037934,0.031819627180642324,0.424038685300406,0.7375483053601913,11.034387818018649,1
0.04480650237186428,0.4780265737154634,0.7475194527037567,9.978230055340843,0.03740526031623875,0.3821264026297131,0.8049309012577769,10.05715262238235,0.1353691633601167,0.5556500003680819,0.7296055632078489,10.139809417023827,0.07395158861149635,0.5562155294385178,0.7862779407548721,10.681937655964484,0.07664415282730437,0.40365266925651944,0.8241954733082004,10.479072921735666,0.08415422818006282,0.4219949575624423,0.8283009394424661,10.88108408345302,0.08179643289558795,0.4190210579693851,0.8426752334139116,10.193506243735772,0.13466376840901667,0.4072871283951803,0.8147774389608469,10.838987453180353,0.2103340985512567,0.431010980476026,0.7961109629843198,10.278666160967386,0.2300764598299321,0.5271010119527076,0.7272316908698353,9.920581943901245,0.13195826789400128,0.6076692616563246,0.7332223953288537,10.129611985969438,0.18382025769934326,0.612731901780665,0.7227509648943838,9.83367582054333,0.07609325488741016,0.5305915297363032,0.7646779500552403,10.285843804027007,0.05410376897448379,0.58089068793726,0.7282881558413639,10.00069813395362,1
0.03862996622971079,0.5606980158686443,0.7699210165938613,10.551328598506082,0.02702603452398001,0.40343493054293744,0.8329370434546808,10.542111041343025,0.14999809295528627,0.6425902778816758,0.762859490608149,10.74999502361908,0.06841664462639614,0.5485454936824566,0.7945421518432022,10.79174581017171,0.08416404533053734,0.3966867609925644,0.8559641442507533,10.249490389288187,0.10210238624359927,0.4648664366417469,0.792608783074705,11.069902737888727,0.049754295497624765,0.3059279268945884,0.860190426252401,10.166104721999087,0.08325341817634291,0.3685250569512252,0.838227029052502,10.657322931262074,0.09339391668177104,0.34193780600084567,0.8530320708690885,10.390250785438297,0.10291677518117795,0.4258912834905354,0.7991927271699193,10.105880130932174,0.10675481709028749,0.5619508862237569,0.7880543528763082,10.326897574316677,0.1938255365102241,0.5887808994963708,0.7896435298150989,10.308254744936018,0.07536784805999219,0.5708206239230302,0.786858031050846,10.449910725806124,0.05761781022804476,0.5992118481657217,0.7713864266300047,10.525091138446276,1
0.012298673223401585,0.38698840851918737,0.8445919976937031,10.722335865809672,0.008485724424178267,0.21397218996972647,0.8765692127460457,10.700551233859574,0.04507084266814093,0.42757806925767766,0.8285314733620324,10.52592330294798,0.01634019934230555,0.26833619185757684,0.8813603500792597,10.765802745928818,0.04717255738269682,0.33110001870077177,0.8634479550215702,9.476512999736148,0.04648137042416702,0.2812948884631695,0.8135740560277238,10.903464683005296,0.05838659455825278,0.3997116969801741,0.8091966274968815,11.320688029316646,0.10346512299502075,0.48671528681152426,0.8377927304648951,10.435168365268627,0.07832211073666359,0.38527114115558597,0.8795526737937706,10.786617411009752,0.14644606255396347,0.593210503123182,0.7383991588628457,10.253268308863085,0.05621934775310168,0.4207639818725407,0.8154503343749313,10.562442260801182,0.08348484353200533,0.45360727934795325,0.8254730244892539,10.68275540024283,0.03819072475679088,0.4338554303270147,0.82233663468655,10.59269782476303,0.01950064589151179,0.3654459820972853,0.8316114279973578,10.870343395541036,1
0.006954800581648155,0.27404606006980026,0.8109687867308484,10.189256784723257,0.004835921315461049,0.18652210845584272,0.8928674639876975,10.089465718709002,0.018318504313935557,0.19772412596641842,0.8028840468917416,9.991061090068326,0.007502364698662679,0.17019235875190725,0.8778786906420566,9.738594051828816,0.021310837057982913,0.17518809016689932,0.8711794148099835,9.220403563998353,0.02345917015639338,0.20905388112739476,0.870334377632216,9.855805570960982,0.059833892323781515,0.37838560352950784,0.8444900028814976,11.04794834994109,0.06929168606091805,0.40852518542566424,0.8317159165079273,10.706021529975363,0.051217603668188415,0.27313672124283234,0.8788383023871583,10.541816574925292,0.08714926361819554,0.4385620346174937,0.8005835324213832,10.06514021536628,0.03519534531833178,0.34740828278690067,0.8139068953909688,9.968277734116503,0.03810311488653689,0.27417422336049196,0.8162626950676044,10.252063770776175,0.02002224501804341,0.3161103340657187,0.8070015418416008,9.81586267472231,0.008793779903860344,0.22920551455212032,0.8407788058119124,9.967960829871757,1
0.011026345517408746,0.22833682625313398,0.8165528278455493,10.538797226090617,0.010477812673990743,0.20013738747593562,0.895585800383481,10.341513679489065,0.02897491805337851,0.2044394291630282,0.8250017294792796,10.298853149537063,0.008033993444627819,0.10241357298435139,0.891587697564901,10.404201110687094,0.023711097116216967,0.17429149372026945,0.9043946951713053,9.678295690623706,0.05175495886385973,0.4041175942430953,0.8114561624782902,9.719522583391909,0.05805666040715722,0.393871663110177,0.8198169743057758,9.72825703200045,0.045047124345738675,0.28352822447203757,0.8669810222890367,10.527328993289249,0.046616466407859256,0.21033130022322155,0.8865381745675303,10.668701260177132,0.05143556667592607,0.2588900006574511,0.8520225308655812,10.082020879283899,0.038937741707686865,0.307188564020235,0.8561871648316227,10.060068960394403,0.04207828358754584,0.2976187803764398,0.8473744965028526,10.62670628164343,0.024181836474306315,0.26763393757536763,0.8337970708433159,10.159967592798779,0.014928171970248802,0.26538150135048905,0.8380693477409512,10.577171331530574,1
0.021667816404939446,0.273715987121089,0.773069147670357,10.736596133129808,0.027791156430624055,0.3022915069334231,0.8201785264053099,10.648985562652745,0.038879292694535154,0.2183076585389926,0.766051384324211,10.691161400639446,0.014691407540900593,0.1623100677228923,0.8479857133080236,11.290932035140862,0.01990038198589286,0.18070621194142375,0.8658560901982136,10.912703632857285,0.062473671393158986,0.47654425962874464,0.8070664908197024,10.674222222434027,0.05188730209513602,0.4175826574460193,0.8579532093366076,10.473479640563502,0.033066610908162576,0.28406434318846746,0.8713804070704159,11.28164087963696,0.06082914210936939,0.3116014442781581,0.8690618632789899,11.634925329914212,0.04378246868382505,0.32439212816542073,0.7971570729496129,11.709494665565922,0.02135238248818526,0.28048617556568006,0.8500486081788952,10.763565848341068,0.038972628486641056,0.2591498777739076,0.8386548288824837,10.685951588477513,0.019271134933570667,0.30508492256321684,0.8508689867177545,10.614012997114596,0.02041754069419816,0.29493221847582946,0.8253048287314086,10.570199165402485,1
0.020372354378295852,0.2488187248850011,0.7146418438261853,10.524591776415795,0.03858082261141247,0.2482194713975708,0.728347597685529,10.185170929177524,0.027382096692635076,0.18292980138117093,0.69075820747707,10.564679110168608,0.019276532208321925,0.20219137042875718,0.805286784880047,10.255116105698512,0.019947894572534566,0.18348662305640856,0.8538965680315519,11.11958489292881,0.0489713233499479,0.3580637124520351,0.8224100959074109,10.761524605344507,0.022542633495169474,0.14276826698321884,0.7346019430707701,11.145454994749802,0.03693569806179179,0.1952685026753025,0.8283348987146337,10.29217210607534,0.03767804435654662,0.17683121712799826,0.8834296727481964,10.87888954907431,0.04024266984460372,0.25024448875107314,0.8258921520157149,10.306726157034374,0.017877432230863972,0.15940659878300764,0.777797360152902,9.691734455783445,0.029510628220198398,0.19861659298355494,0.7918030072027246,10.27092253106589,0.019463093429657283,0.18668763303254876,0.7388737255119163,9.335124101061744,0.01518465881380149,0.21406084526813943,0.7510541028211726,10.085484497460312,1
0.011465800278185768,0.31516796225315535,0.8098693943429066,10.150365061201112,0.028831398991651738,0.22687633592192147,0.7061107289265527,9.874363341795503,0.032510642659272525,0.2813164071342927,0.7795690754900628,10.051606827335128,0.013013863628958273,0.16482281476644373,0.7938523589566184,10.095563835212985,0.03085192587899175,0.2091657877046429,0.8906315631457167,9.848320738881176,0.028306356564921777,0.20782188169298926,0.8529174702233133,9.781299761094072,0.03096724183965187,0.15981756186923715,0.7612809396324576,10.417752326859832,0.039312830803229754,0.14538929596115316,0.7872075555756524,9.69616339635517,0.040526010284763374,0.16662657242248274,0.8647385316624913,10.278706721869519,0.05852011001545641,0.24659089334354437,0.82314027505126,9.92238402965108,0.05710423186264756,0.2787469988071173,0.8244752402232822,9.92730543395754,0.04392358621095835,0.3025729768465502,0.7991304524741563,9.62033837955024,0.04711749295094092,0.2378356538190993,0.7742011314517995,9.649572348063806,0.01597596279342465,0.2678274167925594,0.8208489950245459,9.59086698253229,0
0.015396456327069891,0.47676014281394347,0.8067351582394939,9.819524905573628,0.015583982493202201,0.23810092934237895,0.7656288693035143,9.604328655850127,0.03552427788177073,0.31517000485605917,0.8483083181867783,9.694350364144046,0.012333961656959231,0.20828304265753764,0.8583976940590248,10.074934634942332,0.0388244568437239,0.18144845010701507,0.8940143824659876,10.499541207690228,0.019602441549430413,0.13025128709229739,0.8605922347220184,9.419813362622216,0.06657081147623668,0.41369436746074106,0.8449593212102233,10.435245274304693,0.04315269912005862,0.25748009679948913,0.8682558695906744,10.331192874449048,0.029947720240906903,0.19256007636679426,0.8723340049362629,10.491749190137359,0.043185495132059236,0.2631242452810755,0.8392737670719642,10.075552674811368,0.06370949240314144,0.33538224881710493,0.8373859291166744,10.130122219329909,0.05069117948007698,0.38285527511798456,0.8145198566924186,9.762147171073819,0.06520008076886855,0.3263898426846534,0.8253849932850551,9.791160166096624,0.029832681056079387,0.3731915301671706,0.8322921846433264,9.863774932529473,0
0.01594166437142017,0.45277840771616923,0.8087952208096587,9.575922550577797,0.014518617908836842,0.34211453204602466,0.8194437396872224,9.702868836353613,0.02607823084743014,0.258621678675106,0.8694304502749639,9.428901675981615,0.020818971816231248,0.33268546692293577,0.8737758287841935,9.9446028836438,0.030828475956713237,0.17513167716779157,0.8403217226882965,10.261286135764047,0.03075320443942358,0.19995194045867815,0.8221254212753151,9.791927271425712,0.089610557335924,0.5533354893617911,0.8171629575428889,10.581862490871748,0.08612102731265663,0.4750104674638802,0.8511410364921042,10.48893060137151,0.057803563168002094,0.33215064255663707,0.882855166954359,10.262378091303196,0.053033806183767025,0.36527502548147334,0.8473749929630463,10.164733531802014,0.036551107099073055,0.3591669431395869,0.84583883858512,10.194644568525906,0.04339122732344755,0.37583119406828647,0.8515264167551635,9.7547044201393,0.02828600144275839,0.29601255701926277,0.8108551512344656,9.751113375817178,0.02349111956689796,0.39001387366090584,0.8392911734799537,9.708036927208466,0
0.006555071390441715,0.2972237794172014,0.8869860074196817,10.477241670300016,0.009293530784854188,0.3558898199409269,0.8733498108240267,10.501272267839408,0.021101815970011165,0.2892585235649725,0.890748118577401,10.208399943241814,0.01744208603276231,0.3140034233034222,0.8735086414568378,10.474144664404315,0.024515895179232475,0.24117936590504507,0.8700574769618911,9.954574641648335,0.02175426702932779,0.2062115433884443,0.8553025355012351,10.578271116951132,0.05405940106037593,0.38981414182690005,0.8654011529683129,10.629637148017359,0.047399853970955315,0.3714897911348188,0.8908258236329683,10.403541278487365,0.035450453368759245,0.2739040870115307,0.8755417135809567,10.43067697091244,0.04383193742609635,0.31904606051836926,0.8294945195639224,10.52059770966066,0.022367810615012557,0.3429107816885052,0.8216911961973824,10.096786405306322,0.03848139518918383,0.3447023401390008,0.8607891813555695,10.292905490860038,0.01322571898379282,0.22401107122883415,0.8190402700704332,9.557686182831247,0.0112606530126052,0.2653641074003622,0.8561250955492032,9.793328126166559,0
0.006290481090057261,0.2524846430813513,0.8532243211721773,10.68185333290544,0.007261154732566792,0.22792177442968523,0.8562897708498852,10.92887715775584,0.023325134367084305,0.27119961351641547,0.875301115842332,10.389956587583624,0.025599820861245185,0.2733630612325951,0.8555478053235106,10.553906709326414,0.04029529769124421,0.33509177182816413,0.8753620970562147,10.603354178826537,0.010400927583536512,0.1352862370775034,0.8530998747840471,10.445107286296428,0.02444281831755333,0.18441912848835462,0.8558438701873852,10.558352643431183,0.059959883053059014,0.38571480534964114,0.8463896049611113,11.801562714895393,0.06556487235430102,0.3741187075557615,0.8713401571919923,11.37785741941441,0.05985074458548308,0.3851010038790198,0.8645163826403454,10.933864668780783,0.04039614607682556,0.39613272297884006,0.8566153709731158,10.214566914647515,0.02885050982119564,0.23609634009134392,0.8765831114474723,10.397213525506585,0.03360681118987861,0.4129977992822266,0.8091502537770225,9.836207973778706,0.013559410605799611,0.2867441675735965,0.8636242022027744,10.005107610288627,0
0.013232224646727712,0.18098265078423928,0.6759383865800722,10.798747901347685,0.012232213973769213,0.18344176837835036,0.7075545822439121,10.908886174956264,0.031536683957615996,0.24839215754439067,0.8115289564293635,10.666190645082215,0.018586904859321657,0.19763501485167906,0.8320376451816367,10.916079318815758,0.06284454266810453,0.40651756568465286,0.8368022988562375,10.372736170948796,0.021786352001155154,0.16102784973601392,0.8663939603240087,11.194145274103356,0.02713409005467418,0.17270159637866844,0.8853348478366276,11.034911917789172,0.08735382307891795,0.40509589643374516,0.7682595020724452,12.124977282224172,0.09552352211673006,0.34417341326447154,0.8450489120322607,11.572867203856834,0.06575961405137953,0.36987348474912846,0.8396337114822029,10.903741943242217,0.03845347454262732,0.2937191559063711,0.85936007757936,10.585728916865568,0.033973959591681736,0.22464453393757655,0.8545851667857083,10.769749779920227,0.026445492956849177,0.25170430487049694,0.8190663107475963,10.269445338041436,0.012009018412809915,0.16361088396746745,0.7184901310579508,10.626366225976591,0
0.01787978852795327,0.1398593481542181,0.5598856782387635,9.909788615461949,0.017519223945567163,0.14920386838289082,0.5908108067958333,9.972756478790425,0.03022489792361856,0.21758084071569161,0.7419592490190218,10.599142080996257,0.0157616818956091,0.20678026328214874,0.7587633000729375,9.903727651823393,0.05965231300182301,0.3447445836657291,0.8276474861865019,9.5010671449936,0.020867536339664337,0.10186182324202443,0.814003131933139,10.502952395608007,0.02581266014400969,0.1275618655197811,0.8579833574324267,11.279304537968008,0.0701057398924543,0.2950762710266848,0.8337098995878772,11.723167271273551,0.09125681084404073,0.3339982921779486,0.8582717547562,10.69469962901581,0.08945399861684017,0.47064771594679694,0.779235825342192,10.367116486665976,0.05220523734867995,0.42814122758219075,0.8069591717473816,10.438103800670557,0.04999114492013591,0.3259940892971778,0.7796965930877282,10.372192233256813,0.020792693954793984,0.2648526128555814,0.786690728224506,10.46430434901397,0.017097791178215957,0.1605091960459525,0.58913507609927,10.263586894030775,0
0.012455222754131879,0.15686125076703888,0.6090663109005265,10.031461448047052,0.016674160887022914,0.20126193882956114,0.6780401021169903,10.487473627555575,0.02371675468724751,0.23721431197429627,0.7110743342252444,10.843686873329851,0.01885578108378225,0.303280244544241,0.7586169283853565,10.81991074897751,0.027223022662491665,0.252085998078148,0.9039319538284434,10.376569117698192,0.008704132575627794,0.07235651102461942,0.8392197657789394,9.926239861962664,0.024049272369449825,0.18042381154242204,0.8539527374980901,10.088630067891792,0.03509202097693622,0.1736223778827325,0.8682275988424474,11.596153060407179,0.03496498327830538,0.20095394126510502,0.8816218666740482,10.72202887350215,0.06497696561159964,0.4465542009391408,0.828541005308841,10.519183432513044,0.05990503089620134,0.5777532811802455,0.7756117143393391,10.294963097007324,0.049808544384313314,0.41903366792869734,0.8076217915276125,10.309212928512096,0.026837647788938844,0.4567285219530065,0.8083682913660545,10.495324050273103,0.016984671212077515,0.22189077499122573,0.70919543633224,10.492559939518546,0
0.006051248005063087,0.20599294247158487,0.7260490561614903,9.62842478533924,0.011741266242158295,0.35229879961257,0.7927872209630892,9.844177868016937,0.01968685306839406,0.2277649459651174,0.8357587638454016,10.561371724384742,0.02260928476661965,0.3366910084162171,0.8319964898761159,10.255520913742298,0.02573663218891399,0.22709039202972447,0.8591803525405344,10.37535189701217,0.013570027792838727,0.1520262841502976,0.8887069419701322,10.30095400132595,0.04551186620187432,0.34346999319295907,0.8844071300624162,10.59364276623761,0.031768079745450775,0.20191299734525756,0.8555121730233649,11.613822958944645,0.01402327143279789,0.10262338801339331,0.8317637742243168,11.331129462897831,0.027394454475055202,0.20808065526850336,0.872815440005767,10.995991614814157,0.027958369539689006,0.3334578422062442,0.8335829790191064,10.860091853324493,0.028815088857769587,0.34072894784396224,0.817329300957438,11.18375729235755,0.013240097793592523,0.2614328542531326,0.8051217830756984,11.071841263152068,0.007689326357965679,0.22753541741546457,0.7925785214161936,10.851317280866938,0
0.004448032391904476,0.1839947184543369,0.7951902554573613,10.163261874847178,0.004594384265133775,0.166970461365869,0.8158666429626146,9.871588049551715,0.01781129592776229,0.24183576345425395,0.8514909779103608,9.807902004644891,0.012071220121405843,0.20742627464837918,0.8443094569280848,9.654469623653958,0.009459839748520635,0.08749724953217214,0.8415420698167001,10.429249041667148,0.0127430518179638,0.13281077124530433,0.9107276721133324,10.065570586310674,0.02896639684146576,0.238103032215938,0.8807988439481693,10.612244220369378,0.020890402330219843,0.17736104607526934,0.8713498844478502,10.702093598617777,0.010889478293354985,0.09710042406572718,0.8714628371881451,10.241478797536889,0.014533148645423623,0.11645380347820726,0.8739902477527927,11.206744334385498,0.013669579497418476,0.1941998365593576,0.7945329781560221,11.235728796326528,0.015188465773675875,0.2270322092355377,0.850035123548066,11.61034528330579,0.009253118824945086,0.18155664570563487,0.7996959832016345,10.837249483211263,0.003926857962397482,0.14714352445654214,0.8397354395766029,10.859893481523262,0
0.0021342802687203373,0.04577528220737688,0.6602104306180945,10.404915689828028,0.003627396155892723,0.09424165570946613,0.7403097726018655,9.601876813854437,0.011728653979826795,0.14137089010937892,0.8026650711428989,9.667547577837967,0.007396199155054724,0.1414523430733668,0.8465599149597609,9.725267650682405,0.010688700320685043,0.11879186312897952,0.8629038979225232,9.629240425011378,0.015365559660879175,0.1662158788384047,0.9108415863789177,10.771630666155758,0.02217490690877572,0.16038224846391766,0.868124061325646,10.340347084895829,0.07452590249667505,0.5217811605822077,0.8120815079693301,10.773274903780585,0.06574015212512235,0.39683355781369384,0.8723426449425095,10.795277421312056,0.03441887805665337,0.24759995623853834,0.8576892662919428,10.832642324726368,0.0211835666752283,0.24727998152253305,0.8396849145277937,10.615660986482277,0.011157650603771255,0.13108322108997464,0.8234000751012617,10.378398521046186,0.012665041214960596,0.22290960184184608,0.8547551004510581,10.538030507802858,0.0030637635791166853,0.06894137764821508,0.7237233275457281,10.327584435629666,0
0.0022467675739703346,0.05113042640631198,0.6707612288296003,9.61110919473671,0.005850207624028026,0.13209489893264142,0.7651674669469763,9.365343681043182,0.013815117138490795,0.1526301659213034,0.8439621166461313,9.434024183542123,0.019949936051524904,0.2772110890107698,0.8501399559424468,9.59696380016389,0.033199898464465034,0.3318095571516503,0.8532898911967605,9.645110881550064,0.019347268536916665,0.1781396530953015,0.8803134941338595,10.848857589493557,0.023111991214074614,0.23919414560309146,0.8969346898938911,10.90683816120374,0.16260478892908073,0.6793327030951656,0.7424855026371066,10.916610096412693,0.13123297387008998,0.5217206807797138,0.8192775431851307,10.756713114018046,0.07658671484544563,0.44239732774866847,0.8463470062807554,10.58121808889905,0.03209279256950737,0.3292542261518331,0.859957858287855,10.303300270718474,0.01632662630865092,0.1670209138953696,0.8353708096025821,9.386592055564305,0.02390348125481824,0.3194139866482452,0.8610240479468534,10.381005882810863,0.006251265440500324,0.12852292621351202,0.7812755809357022,9.614881682897325,1
0.0033703442128292637,0.1603515015739486,0.747181066324788,9.783155319449639,0.006717631532266139,0.21101137836686215,0.8525486874242862,10.411069980574727,0.01679419813204935,0.14502748427713388,0.8086072483024977,9.496745247273234,0.014147951266273719,0.19452204070150161,0.8338280853791525,9.951514568296382,0.02838554548100997,0.2520828857258065,0.8553282810339969,9.751324084277629,0.032945874832637854,0.32576152621758675,0.8632007830332815,10.378226219702139,0.052517386828442585,0.37416821085916735,0.8464437691315722,10.697975896953775,0.21373313967297372,0.7015361415167256,0.7015103443202025,10.305501724562568,0.21270587597396054,0.6222837427884637,0.7453569476891416,10.055134582182756,0.1672305240899814,0.6308587179015437,0.7360102003524794,10.219272642874039,0.0522772567633663,0.42965076665077,0.8198363028757516,10.087098208949236,0.02558029615917292,0.20089687418010085,0.8486261872097096,9.492862358095936,0.032296140351822336,0.3942372564016627,0.8332171495757674,10.336951565374806,0.007688595598596563,0.20464208683320084,0.8538912601178463,10.16115416672511,1
0.013156286866089658,0.35444398414501127,0.7915743763734789,9.720948582980114,0.008949062072981365,0.20562576930161247,0.8749559668728327,9.994594305150692,0.07432166988761012,0.412349660670313,0.8074022584772819,9.841841870884334,0.021551901780579218,0.21586696179544063,0.8267540123178079,9.88885758740765,0.02370380274599581,0.1712588206650815,0.8522365150055267,10.911500303773044,0.026440357222071154,0.24463776789174835,0.8210312756638106,10.487375967404404,0.0744614344804143,0.4131232468820195,0.804793385464897,10.670581799726637,0.1090624192655119,0.587960572169199,0.7405600026265249,10.121072460092753,0.11538683601063203,0.44562570317235906,0.807996588682622,9.825301061487856,0.09167824530362605,0.38769613360869304,0.7892541259984404,10.041602453886371,0.04546077785004357,0.375723292786912,0.8195932701673909,9.836187517951561,0.032910143613405454,0.2498940367395926,0.8601507634570962,10.253131860950141,0.03844553744620805,0.37786655290658794,0.8206469114562345,10.007998744671514,0.018615465165604347,0.3381777143059496,0.8301975961874678,10.134879771429071,1
0.020047126680029906,0.4809312128627088,0.7947648997881637,10.356317608742758,0.03025734887183179,0.44562445868436956,0.839220793088352,10.13417393884148,0.07225093927316768,0.3598382166040785,0.7990136982896282,10.59090808882468,0.04722491473883781,0.38727022875538775,0.8195113815175311,10.278791456092158,0.08171631549086897,0.418988212305089,0.8273338304481324,10.493064524505126,0.024360987815021294,0.2349864939438472,0.862320043225928,10.664662794524496,0.09369271820734057,0.45673538768830396,0.7945678435095193,10.29249614660852,0.0882162414187094,0.4482215159983491,0.8393624610291938,10.165505355699201,0.06853541516637299,0.2505551445663292,0.8713268976881571,10.311518197547851,0.06364993473107594,0.33834723007784584,0.8343261788700609,10.781782446344511,0.043504779392927344,0.43635441195080027,0.8194826759598433,10.230775211007687,0.040774588884892264,0.311085964495713,0.8295339054702218,10.338070816121876,0.032200595546736925,0.4047698563572308,0.7880684402122977,9.876964947431558,0.020555058562486538,0.46604313610845377,0.8200731442075322,10.339754966783616,1
0.019113859735846856,0.37866190334317595,0.8333974473802835,10.040501411915002,0.032140430065208656,0.4385305378108086,0.7572733576671186,10.393883448347452,0.06190282604252407,0.2719759215252193,0.7617981850515495,10.37446367532105,0.044483097973363334,0.37782178199260225,0.8049405584579118,10.6102584994684,0.15467530450013306,0.50500785742287,0.8190176549222101,10.177193529954517,0.025667142672539226,0.23257879175617868,0.8723397459529059,10.803838560279152,0.14416975815246774,0.5599737425985882,0.7930973530372576,10.395118900540163,0.13309797266201087,0.5308514789448314,0.7924558816049287,10.293137558752377,0.12822475676035383,0.3748144897715971,0.839776191364772,10.691139578819657,0.1301089424764084,0.5223994646781488,0.8095154398670625,10.580904018624944,0.06666563961043512,0.5336285042765518,0.8253723670728695,10.16189888179179,0.1034476679864266,0.48969904250459734,0.7846283599971876,9.653698214769545,0.03843889973219629,0.45972470338494975,0.8353522564585651,9.925422425080741,0.01901845072029171,0.40705107033547544,0.8587598292656442,9.848513574449685,1
0.017919415106296997,0.41403514452651186,0.8225265290536466,10.554967673866331,0.016290901386040422,0.27391494765927354,0.7384799989361511,10.317715832835107,0.06987715902926663,0.4056597353538257,0.8095812075383522,11.056614481030199,0.026849593399266243,0.25339047166589035,0.7609684380207024,10.144964715756815,0.08640408770772347,0.42262839865208224,0.8114391523723561,10.29001982978255,0.023170176995969335,0.2353084839035751,0.8846917066347809,10.583751251312528,0.11403290550659576,0.5899704863008839,0.7475675106712477,9.62268794070606,0.09294755946101974,0.4299010737698832,0.8127871002646032,9.922860929580951,0.06574574626846982,0.3058702259146336,0.8586400719359766,9.978623060066402,0.13092130744211206,0.4872518415073449,0.7607026361523525,10.184249336963934,0.05634280041254633,0.4651613578115878,0.8171006274563496,10.308069227956004,0.1272527844198083,0.5399404478191115,0.7897422242103176,10.686368475037074,0.035726704556968664,0.4244072122848059,0.828821872571079,10.325630127010346,0.02119368812338183,0.4362913063226682,0.820583109186653,10.949786656751817,1
0.026023998206730965,0.5935135091216799,0.7388390639003574,10.905575462004451,0.015379817898097906,0.39922130927187627,0.8247346461943879,10.914379099534191,0.08103948345574016,0.49191681044228164,0.7909290914080183,10.869403855087523,0.03307215833772222,0.3823347690925603,0.8288464580410317,10.604749788427116,0.06477482582546369,0.35713866882363643,0.8487450857331528,10.834215707619272,0.02288075557933203,0.20068501777036532,0.8856521354584969,10.779164648030337,0.06181339093233655,0.4200071667929723,0.8215837750446766,9.683786980161731,0.10453155084317582,0.4415512752117072,0.8350654743129294,10.402190753716363,0.07525153044209396,0.3525813803204637,0.836089840011429,9.896900724877781,0.17964204079220794,0.5187993909163686,0.7294788907429414,10.147111757284147,0.08042801672900395,0.486577787866757,0.823950421508537,10.866074746032279,0.12199283488470168,0.5330485278000188,0.7734256356377414,10.888411166293382,0.05502372589359593,0.47522362212110303,0.8186338271125837,10.834456698836103,0.0362530095622624,0.5785833655283094,0.7579665587615333,11.301688652741493,1
0.012144020842255032,0.4494958012833715,0.8133343297322008,10.953299408699289,0.008487186678862606,0.31915631487549095,0.8377403005401304,10.94511892211312,0.036424207366647025,0.3095660040389096,0.818248751504276,10.886884525048627,0.023079354585740397,0.29234210797644683,0.7965485380190063,10.748989144745265,0.049204650519972554,0.3297758206098127,0.8308151093021491,10.316813962293704,0.03170711001975917,0.21038325478154132,0.8990723763696442,10.197057779548912,0.06081276551287363,0.31361415030483164,0.8337915328890159,9.696564694774017,0.10050028937323063,0.4622984854939802,0.8369669809842595,10.17617913697375,0.08835971108900995,0.3995613596964083,0.8400170652252403,10.014944252995194,0.10301945884565486,0.44139729158146007,0.7833293318760302,9.470649014089856,0.030863097167587693,0.30673578138825125,0.8638898964082955,10.608826501981651,0.05403937009992936,0.3162728583665228,0.8277014929251798,10.551357924451152,0.023238545971235404,0.3038697545050443,0.8583548456935901,10.392597723894498,0.01505432455465767,0.40095792396093854,0.8332787619744886,11.323154679323382,1
0.00631813154749633,0.24655927112059967,0.8323969806591965,9.256626167593874,0.006795666790846139,0.23177759430503977,0.8725246773748166,10.306558326493974,0.014863167124789932,0.17704233605724543,0.8259297423913556,9.570345372908594,0.018606901483236515,0.21779376466019434,0.7290035783425618,9.53851528258505,0.029098200124334672,0.2534665892268363,0.8566307818067463,10.147032158814033,0.024182575565134944,0.21808530323183206,0.8591707250745415,9.527754602334408,0.08453746149943932,0.3463188485793632,0.7347926872118131,9.085040988198767,0.07076307728270821,0.4119131246016015,0.7978462616091948,9.977160085028327,0.04419795140618878,0.2758820799134946,0.8788381764692927,9.978521677826238,0.0440854050258217,0.3047649124913295,0.822419551962685,9.52699589115992,0.022764742733026946,0.2752658963854155,0.8763523405278074,9.430893042465806,0.020179538958658844,0.16475028865693314,0.8591834756474672,9.492025129653719,0.012997868521466754,0.21813765748079308,0.8503779416617213,9.180670881989702,0.009201191345340039,0.23529747331429451,0.8448537616344816,9.258947831006102,1
0.004985244466159801,0.17320092477841365,0.8211344356466476,9.921554430674332,0.005419100420609418,0.1994288771220656,0.8834410110351318,10.359148194983822,0.01497923916914818,0.11094248277434594,0.8080779102751086,9.831911523621189,0.013895925443958311,0.19016809948870464,0.7292055569935296,10.101278051087643,0.023525009324925218,0.1772967314628279,0.8434083293743889,11.114232818165357,0.013804414409105417,0.10865176626535461,0.8294646780494773,11.613211122296315,0.038776697451404454,0.22666763211822377,0.8204607952282162,10.48607032169911,0.05121926541155772,0.38407129806324697,0.8256835286562825,11.192979160162762,0.048407860803395236,0.3152254630997596,0.873156110514258,10.694340857133374,0.06704809986427794,0.44078578996004514,0.8475097948473442,10.175828760143999,0.03671301444903323,0.3792307421046652,0.8156698770054895,9.425362653935128,0.02339765383541871,0.1762362397092865,0.8104913178951203,9.480573550464056,0.01977235221234892,0.30689148608752653,0.7996004452261026,9.350900245888027,0.008770456515447398,0.20160575247124415,0.7536522174384409,9.530640451364514,1
0.011930285338780083,0.29423925608962476,0.8436739063889345,10.415725098674814,0.006350587627237647,0.17635626149738748,0.8342541474258698,10.753636195766715,0.027782526360582788,0.18788821910321749,0.7973656019893073,10.831885242974229,0.01938089091010197,0.20248550454672526,0.758281172858291,10.45975074604222,0.03666282962130628,0.21124678725276042,0.8124467484593779,10.564865003173857,0.022420880193197327,0.13763568449640015,0.8632510356083432,10.306667788809326,0.033423231615679234,0.19108098483439925,0.8433777225406434,11.173405129404381,0.025905892686808762,0.21208943734136587,0.8745452299919401,11.011081756041705,0.08495521159609476,0.3817573774651881,0.8548630744904367,10.666411098713091,0.15118175110030802,0.5995733991275202,0.7758970761832378,10.153947602317754,0.07868849147963675,0.47209073538365764,0.7792714404173311,9.558867548081277,0.040995270322782454,0.27710049671980874,0.8533802292821593,9.69083091040487,0.03899666450353709,0.3793832543221786,0.791009685324379,9.474811515487938,0.014131686732391272,0.2579512965566988,0.8357962357004073,9.89071756366846,1
0.014610269650918922,0.43093260269956696,0.8128609387094606,10.555090958392721,0.01207626978916744,0.3188764365847913,0.8275812748297122,10.715778060191026,0.04000681913686723,0.34150316868931463,0.8273053798562241,10.724755402980387,0.02371459799775152,0.2432068399388187,0.7791019746181934,10.656269931600272,0.040061635909132046,0.2722913350620354,0.8141807568065043,10.50814181030979,0.02484095705753707,0.15961650945262518,0.8803789169636496,10.473661240213847,0.04746272014435603,0.2878016836116378,0.8392211010387098,10.057093799331943,0.023270911226242988,0.1889102835378251,0.8588134402858175,10.123015103871772,0.060887295995333435,0.28724230221880753,0.8616080915533679,10.535893243150722,0.09289196582953263,0.48685189107559357,0.8147521192366611,10.104167770821581,0.059346245947351835,0.44743951451156544,0.7530488081196924,9.472162975584599,0.04800019866881758,0.3552290054498179,0.8202876023181356,9.887059868679737,0.037088288642011163,0.40472548821141224,0.7741867717801149,9.314734563975092,0.017055393498586244,0.359331360798533,0.7973722114167068,9.914922924462209,1
0.005810285783611836,0.21459133528907762,0.8722237774239335,10.475880872389048,0.00808941790486876,0.28873733207176633,0.8735544154695899,10.246335312432212,0.01906629512587197,0.18892598149244996,0.8765326336465818,10.803160695275809,0.013491872319635407,0.1615690689081582,0.8934411411217781,10.511433280814014,0.046360342206863574,0.36771683454557125,0.8076456556644334,10.707670850433468,0.026464297462543477,0.19675981929867345,0.8876194351348597,9.770163460955375,0.04270194795086846,0.23988995152812606,0.8240309547421665,10.231736934951169,0.031085280295393883,0.20668501171524845,0.8952725301786993,10.601995709174037,0.05772945277619858,0.24869914706719642,0.8858646734993788,10.961554766845786,0.05710372922036029,0.31290095856871797,0.8084751397482087,10.675613060818511,0.028697841796602445,0.2944946824515585,0.8564694379026718,10.016073705619034,0.022706667159941258,0.16380713065285948,0.8244731469395304,10.690432432407468,0.020745627279841992,0.30257109918281944,0.8272352611032221,9.73551522024506,0.008190547846238167,0.23027109970796578,0.851307226030465,10.280124965757858,1
0.002462291048656305,0.08749375536753085,0.8015324336747428,9.414099804066744,0.002151945572518095,0.09830828501134008,0.858416047974994,9.331098217962145,0.009377695758419098,0.08393330738775481,0.776004493489915,10.325521757086255,0.004625347613100077,0.06527551079458588,0.8213658418288998,9.926492308583791,0.0214331431042984,0.22031416489786954,0.8817627353954337,10.545808726565157,0.030484862748153707,0.20912113878894767,0.8911721353924555,9.836586738470805,0.040658889632980894,0.24093999718702838,0.8435119633605019,11.386722967339903,0.042696256783169545,0.23915864210377957,0.8778919719117118,11.774949955544642,0.052734733840989326,0.23476380600659566,0.9023498684758059,11.326142889562002,0.05077390644348468,0.2961761570484015,0.7988710215173327,10.866800774851825,0.025753774788531376,0.24544317874073074,0.8114951589405573,10.273927066331739,0.0189599115946477,0.11492529776167365,0.7744534341027861,9.974546446085977,0.0183935959799474,0.2828202850848269,0.8163917762382187,10.160045039495438,0.005171937116764336,0.1326437134703868,0.814891719737645,9.894984390090658,1
0.009195890630044199,0.22302884414318155,0.7713992485691399,10.219821042710809,0.007026056416394414,0.2201138380523853,0.8790127707853436,11.06674108940331,0.02968694968981044,0.1986593196272396,0.7743488128026023,10.395114976026607,0.012401583677490294,0.193618613755492,0.801786745043672,11.327533441951324,0.022128903375811308,0.2300900207435586,0.9073477802318475,11.07833897168925,0.03026058625949966,0.18668032161845852,0.8681434398131911,9.867495955582953,0.036548247599894605,0.21375202510469649,0.8311544706015707,10.91901667899394,0.0847404974390758,0.42626481176471936,0.8677886248857407,11.181797846892689,0.06925734403024605,0.30521786831530495,0.8997484844663298,11.162223398014248,0.06254067862769269,0.3753128379612186,0.8768007773756881,10.711898717686239,0.04020983212782143,0.3788027733839492,0.8668525021661293,10.343277834209465,0.044813027077777234,0.28415327816506897,0.8397002122095194,10.108655282367463,0.029591455966702724,0.4562815223833226,0.8434003601789399,10.353603174850104,0.012287948743505505,0.27383735076226307,0.8310551083506204,10.642212237389636,1
0.00911865988272756,0.26594558557936354,0.8364798650576888,11.271874311600492,0.010452851506152553,0.28117454560025273,0.8752520794948864,10.99993631505409,0.029891507147572983,0.2422521886979762,0.8278034641245556,10.908649935355072,0.019059785102979315,0.2455388124295718,0.864432005067444,11.267988811598231,0.034456464243280326,0.2822747651832986,0.8922336577419048,11.376641031151138,0.010394633914088798,0.10475194358300162,0.8901722140829947,9.749195792819977,0.028586794192190547,0.20677635064978517,0.8379158141950903,9.455947901887379,0.04955694529436072,0.3262567882827977,0.8696582231640044,11.159572068612796,0.04394291069782419,0.2661423402200837,0.8943633297137961,11.022521295938398,0.038487705193529426,0.27100603807871615,0.8863057255860272,11.225266370701197,0.032459790134940394,0.33246924767247726,0.8330123934348614,11.441027194312637,0.03688744516795805,0.2615773254827177,0.8742199212364459,11.148831527575423,0.022862809471511612,0.33569732023666526,0.8660278645012249,11.035149055156179,0.010467750109261651,0.25501241769495997,0.8626704661869842,11.640659372311381,1
0.013215326183763691,0.37629134282269244,0.8387118008145954,10.428285148842772,0.011446750563683043,0.40384883410781885,0.8097089608176874,9.958090421265444,0.03524692793809214,0.2780563002637724,0.8386511508199231,10.605452797825686,0.019805270619228675,0.29144740005710773,0.8785806672937616,10.426977647093853,0.020549093443198174,0.21036311167523497,0.8710458155016778,9.823171989299626,0.018253807557132712,0.22056536629951592,0.8833204562995386,10.068522819899078,0.03327919574000334,0.29686235173222864,0.8214826348440517,9.97661568974043,0.030142223719006725,0.2222265295536383,0.8908363893766529,10.725601108994214,0.033854914318880755,0.22532302649258307,0.8932345770039595,10.66047222501082,0.05156434055385179,0.425034463208481,0.8754335201977187,10.759120822368521,0.05003601641166316,0.47241567877528884,0.8244934300583174,10.48241365522811,0.06393641906763448,0.36669236146446854,0.8417066082511823,9.939955723959281,0.03072732845209203,0.4686178908558944,0.8126367194975885,9.991307043744424,0.01765974644076416,0.35018142888960674,0.8449483796511463,10.254810751858773,1
0.02540932689949788,0.563050540029366,0.764492997218431,10.255629530195385,0.019702350190540074,0.5083047292029521,0.7704067480420742,9.60665228094122,0.07376394391819037,0.43609942782560407,0.796162813974318,9.856523458500815,0.028326597275390795,0.43747448479242707,0.7917077835350941,9.371119009419683,0.03780239384988087,0.27444969003472214,0.8195174457962656,8.745361113228967,0.03497554234363996,0.2847457279356995,0.8283898905587451,10.913041360620003,0.05095033881129621,0.3044986630231486,0.8035948188174002,11.357425943573825,0.03166152828627057,0.24377354156364642,0.9102381235582093,11.089745959065484,0.04323677873152253,0.25047472574804663,0.9141709034777838,10.719171458150416,0.07267694027605759,0.4643166927340514,0.8378428359976045,10.21969800448455,0.06261920121151829,0.5305765237347643,0.7897304303065855,10.155298647026276,0.07988023624465292,0.5002873184545027,0.7727871938207096,9.904257398541791,0.04150137848273636,0.5605460941610012,0.7648491157968123,9.951175157215383,0.02812852247016836,0.5205641348710207,0.794797142689469,10.063983166566945,1
0.017011304245206953,0.5121605138282137,0.7887146413306543,10.20142280898758,0.022543443894225967,0.46727084007601283,0.8285406495210609,10.086835846701529,0.034569597777245456,0.4140129378646056,0.7647385309847331,9.620166468356842,0.01768631327080562,0.3080724775912138,0.815617694037871,9.710312523750135,0.04828532291101817,0.27613558903995106,0.8118290218654429,9.06273803334703,0.042576678826313004,0.28651272988045695,0.8527713821176252,10.349301500299413,0.04555779038680564,0.24730570082878917,0.8314256516822593,10.759765610300189,0.05016004290486048,0.30728732345595916,0.8568430350785421,11.002386591022484,0.044172301110679324,0.2318743894897176,0.8863986732645828,10.909194647091107,0.03890786511077404,0.24147663838231317,0.873639785828701,10.382241599666772,0.023091941497543216,0.2371608080462888,0.8606556895032438,10.428039551053086,0.037097728000404694,0.3165748286805301,0.8778006277469911,10.053061598795974,0.022640578386626347,0.2979710069155604,0.824281426957187,10.546601666921527,0.014924724913011887,0.36246769846698595,0.854248556621912,10.31251972434974,1
0.011142360868416018,0.4101943271654735,0.8305577810060363,9.491994361683584,0.011857321924124963,0.30495821197462414,0.8647475794711111,9.755852051618424,0.0211873235514188,0.2775367548811436,0.8631955602064617,9.307273309388211,0.011425768275782136,0.19401081527443426,0.8551636169702571,9.818006615837666,0.03563784602556822,0.24216538175341126,0.7951881843544445,8.894046566024858,0.03865408152855727,0.3138695798843789,0.8716683188248457,9.829736522441832,0.02247696349975934,0.17129143730303967,0.8452407484090652,9.79319461197732,0.0381443301165408,0.2597436028098956,0.907580379841126,10.725488797011288,0.033266585971502206,0.1782436986992373,0.9208404501534736,10.155143243901941,0.026534750824824888,0.15464173364939593,0.8703798676567576,10.015796243983932,0.016170399475767476,0.1602300566587619,0.8670233075202533,10.194295600960313,0.034599944513556614,0.26148968432146824,0.8833149761832297,9.59524427986307,0.015923901606162555,0.20881304812256893,0.8657878695399347,10.22006996709789,0.011334691661587782,0.2646118434868833,0.8896495698315267,10.00121659733182,1
0.006749741562015385,0.292444374852454,0.8773531059514267,10.061812050950516,0.0036144019860546855,0.16617061019232157,0.8848042955293918,10.454209974666197,0.03144658992989899,0.3025275859425183,0.8549425883987863,9.264473445190877,0.00974246075124769,0.18915262526969678,0.874318305055756,10.387773928481332,0.011999425330329688,0.13462639280071653,0.8484363457825881,9.899531138948046,0.03708764335311718,0.28914576596295455,0.8749741133612247,10.907271323799824,0.025690475871196373,0.15780633360940874,0.781622483445837,9.065660388165625,0.01953690038284214,0.1705713163169575,0.8625177225695173,11.220838270024542,0.02582872232251609,0.17986161137332943,0.8801455676583093,11.079379226443505,0.02352162484466459,0.2006306044863802,0.8855690488235888,10.25251359308872,0.01974510587358013,0.24804770083878924,0.8821176594275025,10.270420802353689,0.04810105320952389,0.3157264803708571,0.8627040878532538,9.487058154155761,0.014049219982729105,0.27369978194514044,0.8732328257319272,10.100514288539575,0.009206357413138007,0.27386975458798535,0.8816608714110239,10.055436198645149,1
0.008092183541159589,0.29235042735265127,0.8372120802052863,10.304925085077468,0.006954728956636431,0.2643323047539087,0.8574094915790125,9.561409341172237,0.02715840606074217,0.1998091066941528,0.7343353539303272,9.477554939729803,0.014281296482366805,0.22229652433801417,0.8613868296104755,9.49409533055024,0.024113714288439475,0.16773321678633937,0.8117892854650068,9.037557085619673,0.01871854482647486,0.18653853744825383,0.8842807297280979,10.9412819368762,0.023592837634933323,0.19715857632341233,0.8399896333224088,8.796153551786285,0.01397076502040141,0.1121835568006859,0.8747726094015681,11.418969900701214,0.018098416671602925,0.10556807204035376,0.8598349980991589,10.600876591658896,0.03409543446633668,0.20936022606016017,0.8281111641290511,9.820328567800326,0.02057440046693494,0.25335416867973587,0.8797754279542338,10.340245341744703,0.023160806245659384,0.15276196973308193,0.7715717180547907,9.359634167132908,0.01752765169159877,0.3214070349582801,0.854737511903565,10.050683751314462,0.006903810350304658,0.22800853116429304,0.8501144152454416,10.129370183510513,1
0.008685531693066819,0.26717656737130974,0.8038857597131287,10.161397924240028,0.007803332784882694,0.318398100034751,0.8168961742988857,10.035924451078023,0.029602585488914757,0.19168861498779763,0.7070619665868951,9.517150053065107,0.01714297235456614,0.22462260226315606,0.8266187279625137,9.50368340136627,0.032052991707583044,0.18364967282460634,0.7769408025294425,9.578942901867268,0.02498863435767032,0.19940492755706404,0.8496588717812706,10.003130759460939,0.02913106367955444,0.3552867639181565,0.8509172424009068,9.172255850869716,0.019961392914503218,0.15193516785592148,0.8785116619645368,10.548655615936585,0.01872458637890568,0.09111545715702705,0.8419350776163541,10.432978701418609,0.03178577160649435,0.18985589527420071,0.7701019993549327,9.791079654031057,0.0194609925242561,0.2502107942285062,0.8432894148618623,10.597757947383121,0.029842539634528847,0.17479319307781171,0.7425413005106593,9.496173935518794,0.016117723750621683,0.2974706691661467,0.8048802885674997,10.067721423403938,0.010082223907222871,0.2517094146574832,0.8322734006035086,9.9993182534993,1
0.008263000956556138,0.314597032707777,0.8437724915926422,10.368681994241859,0.008053047614064182,0.2916139802131275,0.8583273247074262,10.776857399946305,0.031043241766427736,0.2464482177208823,0.744188106636917,9.40560825839171,0.013357348770923757,0.24456714745144867,0.8482007749608652,10.250329180188519,0.041198494522069536,0.2807412303966957,0.8395204942492634,10.758393242915005,0.02232852520674732,0.16583465010733447,0.860141808325936,9.761703165120434,0.029330573028421694,0.25941866831026883,0.8503001928813867,9.457067191409342,0.03576432710740565,0.2746988092670306,0.8939763884278059,10.503942926861543,0.04135287300469866,0.24663699158863117,0.8859598081567694,10.73146378217269,0.042262977623775094,0.3006779439394004,0.8325116814738288,10.250016745069512,0.026422374741891422,0.30380642373227607,0.8572704641129483,11.158381533125441,0.041476551716522383,0.23383697464058048,0.8275641463392275,9.837815261683236,0.01663013072778149,0.30334579186617944,0.8581848611650585,10.768057314179819,0.01333418661826511,0.30844601475852457,0.8652486581221052,10.669299952754459,1
0.008331734180116724,0.26630785498426973,0.8210886443087627,10.354813217388935,0.005620539462634778,0.20054799708899712,0.87030385557126,10.434935942657882,0.024687940413628665,0.21170833448803822,0.7725081091332543,9.825505933169609,0.009782543791945831,0.1640816004803698,0.8235903837391845,10.138806620606744,0.03275032020648265,0.2353228838112709,0.8274499619403556,11.609822184294842,0.024813336380373294,0.19466239851705414,0.8642260728919837,10.189757647868717,0.03055621122310647,0.19899103347694802,0.8165055893858856,9.734882090732867,0.03803657562871024,0.24515486071120982,0.9003090174666774,10.811470226660964,0.037767193119905444,0.22404454638011476,0.8973431173896219,10.80627878143211,0.02648528689975717,0.1847070230337996,0.8503400048881395,11.060477197609,0.0228612695433385,0.20757959027110925,0.8371188235491583,11.193923315708297,0.02479563988759289,0.1614213450778372,0.8608975407953617,10.421705734358925,0.012740779858790503,0.19788799541348537,0.852609230974621,11.103109540942597,0.008659220438373364,0.2071838589293059,0.8560239660527258,10.81932877011148,1
0.00665911460061197,0.2336492918536805,0.8370100160471883,9.992749160372133,0.008048332275422433,0.2544500968909964,0.7944254956173014,10.520782977527801,0.015713246222757493,0.19720247498044613,0.8393821267632048,9.722824581379335,0.010480267292858525,0.1849146364630302,0.8254585071063053,10.980371794550159,0.027549381205076204,0.19677838192428374,0.8714857101286888,11.182056485591746,0.03812590845467367,0.24688404247022466,0.9127873869098352,10.232072747726166,0.04258410625812879,0.27060449365389627,0.8526545735843264,10.05665677226256,0.052000417839065394,0.3353918798827635,0.8319223642451362,11.157272056392488,0.06785072328023395,0.35312722105207595,0.8564635017385356,10.924350582555775,0.0284015591256647,0.19705731556379757,0.8563284564492114,11.116086833089858,0.012117256057782674,0.13451376181660923,0.8457080952474018,11.009117513423137,0.021645428634549498,0.17358602072325036,0.8561296718334367,9.755800073647707,0.006587327588420201,0.13262699378977633,0.851404944017791,11.480879866764687,0.008715488279402219,0.198382557829339,0.82967392151691,9.820768544769127,1
0.010125483813182042,0.3145126254635131,0.8299197595969255,10.235729677227239,0.008399036776937529,0.2692423492166368,0.8220893494143493,10.592005324130268,0.025576057397837144,0.25391196605630817,0.8318968997619642,9.796033126374237,0.012519426773364945,0.18969387285811512,0.8258317652418385,10.86422225512117,0.023941699983813115,0.18038422017449013,0.8839577123651408,10.250326717597844,0.04740122431559063,0.3006227978167408,0.8681071848367439,11.182379441424253,0.056857444544675756,0.3666716083400428,0.8322583070508315,10.844817875293538,0.07268407329410258,0.3879286644849065,0.7749120549560793,11.978598968674687,0.06719468423344449,0.3213002536245239,0.8558018271884148,11.616119720398975,0.025973051412347382,0.20558072360054724,0.898253896484429,10.808160794076338,0.024264112472328694,0.24721846482034815,0.8603210722671957,10.615526440970928,0.04269753960070903,0.26326791263532273,0.7985495249218428,10.012351033208777,0.01338870297740232,0.259636864331614,0.9010555752940317,10.925322656488408,0.012038158170767078,0.2551247291321985,0.8430999853740229,10.275234643339004,1
0.024240049005089696,0.5895239618502566,0.7887648521611242,10.070103417282827,0.013864805065042457,0.46611150162127496,0.8010469930468888,9.99085088193894,0.061899375215464944,0.4370871573420173,0.838963373226381,10.157520588071039,0.01852071855366814,0.3116902543896151,0.819122575456565,10.065898540416377,0.04719556237183403,0.3816982998361067,0.8434551369779626,10.008991638942192,0.04264431883634236,0.29018437060887564,0.8483529949654893,10.76964419897317,0.08135321512560988,0.33711606995846194,0.7804043101593745,10.46872390729275,0.08070781454513401,0.29940275237810504,0.7765895752734068,11.125336856235176,0.08536834901340627,0.2864882733854741,0.8348641443330187,11.018965186509131,0.10928064354137644,0.45218001002731667,0.7758180947963612,10.194315938084054,0.09509535838420047,0.5043541642971199,0.7908960471598039,10.16802128442842,0.11102789579197976,0.4696098530454183,0.8182280477353495,10.341386141377278,0.05266546016734119,0.5435431740663199,0.7948869060034038,10.107925798182466,0.03020421402325522,0.49638057556816617,0.8259648128940263,10.281364565332554,1
0.01993334644889791,0.5245422134722794,0.7664151597982458,10.007388307195411,0.021321573883834998,0.5402785037515021,0.7708030138877988,9.95106100683838,0.042532068794505946,0.3793062134940141,0.8155398121302686,10.124046971562635,0.029934019008567927,0.3867252972468074,0.8070362536918567,10.15442167876295,0.05574817885826614,0.43087684586647346,0.8436630287747382,10.06626980242675,0.03682381489151362,0.2816254378718025,0.8404223481849531,10.357518691050096,0.06009728373951927,0.2889686859017773,0.8136923889917056,10.104129496992751,0.07982514429059467,0.32837160185779934,0.8406437500275235,10.740842047786906,0.08803788606799841,0.2971073719011819,0.86215115287659,10.690541987658523,0.1526302151619603,0.5079447053948147,0.7779368086241054,9.894462225729852,0.11677255235699997,0.6407988228738962,0.7288296134559686,9.99018646086183,0.10633233376647251,0.5028469293567044,0.78044262882491,9.945151123544493,0.06693323382923247,0.6347445475163449,0.7189916028399983,9.776026966158344,0.028685343684957662,0.510363307228211,0.7744580375567345,9.91930770041905,1
0.00543760566485693,0.19550959054357311,0.840156692535994,10.280991158993539,0.00815481868392576,0.19035785093210525,0.8318770537281669,10.570693938914536,0.013364942873949407,0.17155548040645768,0.8704151796510617,10.039960028555548,0.01266765050015564,0.22453027550743251,0.8475767587767468,10.638975005738832,0.03547493004958828,0.3015517110487094,0.8427232520829162,11.301460683217957,0.04290820161169209,0.31286040471178894,0.8857117094699634,11.408146185294541,0.03503941911196888,0.2978901558492001,0.8622462743238302,10.163406481633887,0.07244540397560845,0.34312996711838983,0.8447786148803902,11.361510143714208,0.06940278712792092,0.28181588793753853,0.8561887756846982,11.59976516161919,0.06692329561045353,0.38348042375135605,0.854010013608517,10.769684792410084,0.04930242007561005,0.48750337723819004,0.8098531503779374,10.55985076934068,0.04104230451334126,0.2791631841717424,0.8685099995443343,9.872763126004042,0.024672018102315115,0.4032150967480766,0.8052453103312469,10.232657163950357,0.010132405449165533,0.31051346319356926,0.8398756061647858,10.02069131845471,1
0.003819352141526168,0.17269734034009496,0.8690459086771702,10.34159848333078,0.00600623437235404,0.17591346477965863,0.83798462947043,10.453763639662945,0.011309601606785744,0.18751271516589452,0.8614633269699442,9.162963830101623,0.01194323876404904,0.2367249591911573,0.8569910605940705,9.982803926753661,0.028199140071165547,0.28169479895018745,0.8561956541069424,10.843947341335566,0.0330490641783235,0.2270695913324777,0.9020668632004696,10.298057726159298,0.04407521388584689,0.36234542477944326,0.8509995471763039,9.699998776212144,0.07672188793773535,0.4095934376379472,0.8584756041173844,10.649365342274606,0.07418323349482023,0.33843587059956676,0.881449902365331,10.58612547930858,0.05880969604818845,0.42690854102942355,0.8338269385606021,10.704575188102561,0.04096648530606165,0.4288155327372223,0.8183222747290867,10.668215990910108,0.042504423913688145,0.3090702154092754,0.8541685305393927,9.759778200549116,0.02529804260924786,0.40012851223308704,0.8046224433079385,10.560097227222267,0.015026087241207312,0.38347334691399276,0.8355751358200806,10.06477083516946,1
0.0044860275645234185,0.1564959912213636,0.7918975483666038,9.811268384588924,0.004624463071007146,0.17338151764400123,0.8340781629972617,10.4138277085643,0.012253788671114945,0.14087044009736766,0.8286955910692374,9.787525171135254,0.008183665617355217,0.13653217769697523,0.7897869668002657,9.493668519627924,0.017359912385782945,0.16773252782273898,0.853784233355381,10.082430303599555,0.020378807553548456,0.22426818846326943,0.8607994152253258,9.938003431229355,0.04748339110489694,0.26988072013223274,0.8841450885423509,9.648744368652073,0.08074331327605586,0.4205296215392844,0.877018772768606,10.578455111848921,0.0570306096332297,0.26317423441841614,0.908367974516858,10.304898949775406,0.028967294307581045,0.20061516346993702,0.8639070930378387,10.288246516440983,0.018242952277939043,0.20062049058046005,0.841757440284656,9.650557154125492,0.027537083220909312,0.20612348319281223,0.7951421929390559,9.464672305871627,0.01707450373291423,0.23666415517561346,0.8379475181553856,9.699137134690403,0.00796592267453076,0.19108835391633036,0.8371801783248998,9.617678265042644,1
0.004286972020457242,0.17029458140665932,0.8433630942125897,10.321823516974158,0.004648033147613182,0.17087670327255342,0.8314786844885922,9.657490763729301,0.019553839393699275,0.16035974108141335,0.7834826903198429,10.417429305416073,0.005274162564375821,0.0962939020495907,0.7847790005959012,10.331243278245534,0.021219156292943558,0.1696549556086546,0.8117146607160967,8.86001388094421,0.022461311032740742,0.188804290856661,0.8675796006390412,9.763614403192475,0.04053981729120715,0.24958693496233372,0.858302685531096,10.020331589927673,0.057920922510764264,0.2915781433445376,0.8429228872635902,11.3384423493824,0.04632457459648056,0.2290813514479398,0.8580444693611466,10.35144224169157,0.026892567881648503,0.1765192831623517,0.7937849977479958,9.241051768355632,0.016104025432659277,0.1908476168317543,0.7958938145238952,9.042696329951426,0.011589706884809097,0.09523275788908232,0.8481789662695708,10.516780736186492,0.014396075610191619,0.22940229248723107,0.7401470864319796,8.887843718346156,0.0034441383598073673,0.11851606111104072,0.8447198485044027,9.834594823836095,1
0.005064795925848334,0.21938035698702077,0.8824785034891215,11.06427251634074,0.008629517225047977,0.24751362276339517,0.8080698744658802,9.310671398270939,0.029824481523391823,0.23425951144525406,0.776905911534711,9.64677076906412,0.010937393176997295,0.2164110363458012,0.8407474764167898,10.294139176945484,0.06113941967206964,0.325139789613899,0.7897505810875298,8.853357435641977,0.029423955230587284,0.2029134670542577,0.8201874409974814,10.381649695742501,0.061572365613599904,0.2688435510075761,0.8238114554183621,9.561075740941419,0.046166372199101316,0.19880335032697488,0.8396975087696289,10.322022193356052,0.0572756036632171,0.20554394839376783,0.810407232808615,9.476365490236763,0.051919716930143064,0.26063870890671864,0.7371515256801079,9.072906059415816,0.025793276766495545,0.27026030739897383,0.8045873270704129,9.865153471393898,0.02093645946554665,0.15941540921834388,0.8657483811204217,10.952073958365323,0.017333491975771963,0.2613548097705169,0.7705319520421842,8.931736710376635,0.0055076988338487445,0.1683735823674519,0.8848584561649694,10.835545349442372,1
0.007040122868899153,0.2812596973609633,0.8483779033922119,10.202241577894437,0.011966477534714814,0.2562904036286182,0.7719571570281079,9.39342641026322,0.024088426575883944,0.22742878925957624,0.8204004591594378,9.670049178032713,0.017281991865732572,0.2819707625828179,0.7756068519235308,9.392345111067526,0.06332901549633742,0.4032506033902961,0.777044746368794,9.247139589884878,0.025756487203292912,0.24326093427526663,0.870732859615542,10.738532880126167,0.04332366471411396,0.218137188757399,0.8187734344857295,9.756952325470733,0.0471557620243856,0.24042782425623102,0.8520670882696333,9.783662285178936,0.0630875924033853,0.23061108600478664,0.8826323134465448,9.597338317649193,0.05765752752625012,0.28338070419928946,0.8003382683444471,9.318525188317597,0.02464647999641355,0.2647606956117707,0.8239621771281425,9.729715586561698,0.02825704644561734,0.20927812570342416,0.8597840158857807,10.221386972535736,0.02093074529195303,0.2981098733877983,0.8311698386877433,9.515492388587262,0.009026545324871176,0.2100697712984526,0.8589888757640964,10.09732804845615,1
0.007259518957948352,0.2968203343791761,0.7999474199961378,10.157474708152094,0.007568706935067554,0.269769648465094,0.8163010993866864,10.694136372455615,0.03160045892593943,0.390846000058674,0.8150239251301206,9.792045583841483,0.012304647133237555,0.24724452218154366,0.7540342466061588,10.130152337859482,0.044808060407270436,0.37175322504067737,0.8479119164540292,10.641559568663292,0.016703193926386688,0.19728695426553436,0.8636841251472177,10.573090720532257,0.018514506363215125,0.17762794459658385,0.8788235543254319,11.052286564236086,0.023429158481000904,0.1567003345804577,0.8493892203398287,10.363910402873373,0.0456211025073385,0.19818475913977515,0.9176784877268834,9.8112680737977,0.06418092198560489,0.3421044548673793,0.859808431131393,10.252549288223582,0.029014067806763834,0.34357970610129196,0.8289252392797463,10.782104116775667,0.026523642123555922,0.26065483433340686,0.820902727927368,9.999294100951927,0.02186573067195558,0.39606219786822217,0.8420518486352097,10.951609437247468,0.011441503723399884,0.29412251484620605,0.8298977330382694,10.377368654615678,1
0.009661940078258605,0.23158088388531747,0.7468059778007308,10.06031429678181,0.0187497503154039,0.3142542994118934,0.7735402449269154,9.535888667168212,0.025204282861156186,0.24459520638999033,0.804113548372127,10.764535446335435,0.013921580503077517,0.2299841712679233,0.7268754610385247,10.38517865036321,0.04495771615346987,0.3723909448638137,0.8162301983802457,10.99620790526197,0.029525734607368306,0.2761444778571663,0.8627741807082269,10.722383922953941,0.023389419603181808,0.22343084791354215,0.8900152281565528,10.919758397829545,0.04240951815017898,0.298405711091469,0.8744942441977731,10.934837068399537,0.041329728058057374,0.25542767170653824,0.8645424182729017,10.432836493990205,0.059253126622655736,0.4206725909671977,0.8408096408833855,10.594038977844209,0.032190146943596176,0.352899956739053,0.8377035533471487,10.875555364594629,0.022254472476293058,0.2116955461829646,0.8320282070445324,10.40662761486729,0.02033015479407949,0.3614418348817335,0.8577082017031109,11.066496911706363,0.014976094126174185,0.31229369904584586,0.8266505701766435,10.690848233799644,1
0.011986108275607898,0.185804372512772,0.7590394465374614,9.56681257203167,0.02794392281934428,0.31318850062434733,0.7513533254331303,9.207128935459346,0.014451273343302368,0.1450602891139532,0.8095533999020516,10.9243662280576,0.019150565560185955,0.22934411657161785,0.776651932792084,9.881291545120272,0.0391677864115322,0.32869159767965467,0.8770628100417106,11.094887534890074,0.04263350940488072,0.33668282712583436,0.8469806687492766,10.577289829082138,0.02487676879777608,0.1707671242246428,0.8585285948577169,10.872325999582966,0.040424698517275336,0.29309086394082795,0.8583910387898966,10.726058089003624,0.018256172402488936,0.14124780113480898,0.8686974491696797,10.862306204160822,0.036601308929366395,0.2905897225204896,0.8523821091464087,10.915681329726795,0.02479253460321346,0.29247307618564644,0.8692058688300937,10.999907036520352,0.014926281301378875,0.16632677054789044,0.8416228785854837,10.830931899961998,0.013002568143400854,0.24905053303692035,0.8705358573623466,10.939020823945464,0.017075304278736766,0.21392807536029504,0.8456655860185136,10.363273487587419,1
0.006596019433726474,0.18994583609875912,0.7687844052407157,10.581453759157002,0.009465320767624644,0.23576904364293957,0.7550216721971471,10.187667453745116,0.01194703306176085,0.1520402477447572,0.8077119709560003,11.780274901055732,0.013846698492520595,0.22124768655595878,0.7927181652347635,10.607920477938768,0.02216840620831639,0.22468838660251456,0.879558854686515,11.799289099883401,0.043796973563066624,0.2657153055338666,0.8446298158593143,9.951624755482952,0.02133785222814745,0.1419439961667231,0.8463669539475593,10.292618669421053,0.013733868864495007,0.11159367720336243,0.8733870740120853,9.94596629773264,0.01485766956530289,0.10459672225467319,0.8997466746370144,10.010019238283538,0.03826109173662746,0.27246030717537406,0.8311061585143872,10.10805209318466,0.039800371766174715,0.39829884343579186,0.8584937231868079,10.437411497165359,0.02031301784976681,0.19966007696103721,0.8710573520049737,11.089856879926828,0.020155769861728703,0.3580368679787767,0.8212287944437735,10.007906641488601,0.007399110100354617,0.12715980914552782,0.8404892244269857,10.37976118257943,0
0.004196062497624532,0.1440053737760965,0.7220884657657012,10.052477449725563,0.0050981618369055955,0.13482662419917685,0.7720987779738611,10.313691216812998,0.014941584763781946,0.19228798827379598,0.8032773523289175,10.054888143837019,0.011982699243959909,0.25570684752609835,0.8040297011660633,9.918501792086984,0.023689783655393502,0.21004389399241183,0.8884711578282627,10.872592170663344,0.03386036482272171,0.23141194301745624,0.8969493245447727,10.121076765521972,0.022334936883032473,0.20874969314210554,0.861234165385436,9.658476797716578,0.03125296243008913,0.2101078981462175,0.8433922261109714,10.373290020123736,0.03187604102023088,0.16998143573087424,0.8369316243219548,10.46680140313434,0.04750894565009255,0.31710196170037097,0.86032809007048,10.540678264649996,0.03277303564662831,0.39459911704362216,0.8497248040130944,10.56229655708122,0.019902015654862756,0.19248100229502552,0.841997252176882,10.303718615427863,0.019322538442374568,0.3897057336060412,0.8356467839456947,10.034760427750143,0.0032696622638314645,0.07831962610084689,0.8696366312313671,10.501481971880779,0
0.0024407098723349787,0.03389798632498006,0.6173534859204853,10.881686920116595,0.007745332736895079,0.07994148317254707,0.6649418812892213,9.656981480152218,0.021325511486999817,0.18427139112698654,0.8317191349468498,9.472433387622422,0.01270701713177187,0.20403747224360191,0.8395585241989952,10.407083221754565,0.052655386487999147,0.33042790201708944,0.8827853404977568,11.00639434575512,0.030872398112290506,0.2294999694953881,0.8701114738668858,11.51333326122471,0.028829951698293416,0.28108741129112624,0.8516689979833196,10.834219926939989,0.03341906009556436,0.22263973695883138,0.8326586071378829,10.390300202082312,0.03754157179807363,0.1914171061401815,0.8418919514959943,10.413480013125007,0.054307376261716875,0.33476016879775267,0.859950364035931,10.612124079333457,0.02837503368960326,0.2916100613991433,0.8824525261397559,10.29574810488441,0.019536801241319027,0.17743891585691382,0.8448920006292736,9.87358131656031,0.02320971631540645,0.29364087248144016,0.8619528993319275,9.84218026312816,0.0036815130960935237,0.05467493915623454,0.809493650627436,10.685765821793126,0
0.004261896548808598,0.11449105129986063,0.7887888403530438,10.950619816334074,0.006729399284720487,0.13103307862627842,0.7486624257475598,9.901008330902794,0.01344980118971292,0.13310975262490643,0.8318807496754936,10.720503138605494,0.011987839177568252,0.19719993340285014,0.8630760660808376,10.4061771830037,0.03420508784240262,0.2630376407804157,0.8883632890584633,10.355963782344562,0.03138842328204209,0.268949528583738,0.8813980312197102,10.862214874829254,0.02831251880790229,0.2600157414530507,0.8426046989442455,10.496312517807544,0.02186930431742746,0.1785917920828189,0.8762984077510689,10.123882825260727,0.02057388368865015,0.12631224882740444,0.8960488547031425,10.878496091954293,0.030773864909969657,0.23518475584944065,0.8800959683151341,11.13235409760725,0.014959890680290262,0.16064773823471062,0.8225002577542713,10.776927379308566,0.00895820613118324,0.10241829137526362,0.8378546348650304,10.537585620198703,0.014467996823401788,0.1895976562327051,0.8688176840368069,10.80961591604867,0.0071204623150667124,0.13136823356882774,0.871167845158861,11.325017601096715,0
0.0032998201508434217,0.1740243781301909,0.8856364984153413,10.042637541343032,0.00483484436465211,0.17094914938911188,0.8895694775133263,9.663607321013329,0.011624387948924666,0.1366627785403201,0.8496446352952133,11.292670617891256,0.007305827312648292,0.17117786203101817,0.8645026154803176,9.765610263598589,0.02163150470528535,0.17761051197321065,0.8994809825120557,10.020598856794741,0.033462305748176595,0.23510314208965863,0.8974742654476693,10.64459159762598,0.05365149925050326,0.2696611849513012,0.8036473121934715,10.489498738675811,0.03910671078444801,0.28693731254874877,0.8337837583249426,11.242405096759795,0.02734755779718499,0.1611768427703665,0.8795307826402715,11.903885808329212,0.013266715479096915,0.11804616306158869,0.868978536511945,10.181357956076717,0.008483456423910749,0.14389200464018062,0.8706205902115339,10.555383254958722,0.006083131958332233,0.08143708617979672,0.8319823773902218,10.80969550022508,0.009346332406802108,0.21838487713411844,0.9082610630693091,10.781971103036641,0.0049929459266856695,0.15714962229413837,0.9113322264220926,10.916511533022168,0
0.00453351046400449,0.1636632547395784,0.8054728660391918,10.202621852429031,0.0072116654733663695,0.18894089823071777,0.8791734849068342,9.479855756127558,0.017463451566899844,0.18946053238138674,0.889477384365107,10.334049959024961,0.010355870470832931,0.1879545853325458,0.8775484796905432,9.25498594305641,0.020506024215690966,0.14882665152647834,0.8843029613291477,10.052512002218071,0.01921678462090736,0.1679627960618612,0.90925499925421,10.825960282623768,0.032115062940702495,0.18371774400276228,0.8223852840545883,11.236708245453908,0.03264440339764149,0.20742320160216282,0.8117863631670329,12.101695505342565,0.028272366388172376,0.15645962331135863,0.8314579407014248,12.105275389605263,0.0248737715485591,0.15565897971668147,0.8188368156648859,10.485963450852894,0.014023486251268813,0.17715107729356333,0.8766365661092079,10.265993503676523,0.015572129091730048,0.1813342536693156,0.8809034482488808,10.996867442190162,0.014496208055985501,0.24863024023791208,0.8976069282536204,10.334994425491757,0.008846211094640953,0.20091635626708457,0.8696890012208728,10.526345777685634,0
0.012874998133359869,0.1621004671402342,0.6178767395706677,9.39265353880549,0.015266233236307443,0.15477578115598237,0.6402960713312136,9.0030836915168,0.03716226266223394,0.30931215602241496,0.8197291027816425,9.427663256096132,0.028291399057046085,0.34003652870321743,0.7925188926073539,8.939427627288522,0.043551316579455726,0.3389890051057315,0.8805798491738329,9.869678755847993,0.02882938901245944,0.31653124927756765,0.8432918940354601,10.464418500270869,0.024560395147403796,0.227372978144527,0.8603746499380118,11.443084729511176,0.09830843132792777,0.4352074029447622,0.823541091826193,11.5368141204106,0.08356154859634032,0.3103725403304872,0.86061090366791,11.4448936364829,0.06538647956221394,0.3285800404338139,0.8658279331484867,10.856641753901528,0.030746679171796652,0.35351126427649615,0.8684261495614097,10.543093372259822,0.026669091594409878,0.22367344697281394,0.8779677654931147,10.76450431345714,0.025871997755178865,0.3817187648932609,0.8363682305439057,10.248679095075158,0.014518615137392322,0.1801486730901002,0.7315285198595296,10.24434770658781,0
0.008734746628271329,0.21385276295915281,0.6858843343099849,9.540036061345505,0.007075586229646981,0.12598471296143296,0.6915043344041193,9.246794009084068,0.029492168758001588,0.3225170626111763,0.8143452949309652,9.820873187780471,0.015842581321561716,0.23863492619953836,0.8114042833121176,9.33642003483802,0.02963614398110098,0.24888771780024554,0.9027787343871372,10.215968851056903,0.03322999960797294,0.3130321320261769,0.8771697367156085,10.072326992243775,0.03227860350355679,0.28813205863760866,0.861205147650686,9.72177728681815,0.11498611823417106,0.39281080609984764,0.7888960305476442,11.431577808577403,0.11073211396271644,0.3705331256056167,0.791342479308425,11.559968021255917,0.08315271832151484,0.4292044602197812,0.7979313319116371,11.586344142469937,0.029781039352674822,0.39150779966965893,0.8259325865165258,11.205725097950296,0.0368601216848698,0.348352202245028,0.8181426054602339,10.848311810683485,0.023499463414714303,0.3803108625482002,0.8368179418780949,10.930091681265422,0.011440910704132012,0.2187384027940268,0.8195698992262288,10.58984284501024,0
0.005339473977154058,0.18857905760630567,0.8476954160382619,10.700363819806686,0.007100175923573468,0.16722305984190353,0.8726315378427616,9.77653476856474,0.01634100928568144,0.1945724764195149,0.8697398828653706,10.845138253632344,0.011018492361184457,0.15445797188607271,0.8834547144095267,10.403239670965885,0.021795625318141415,0.14517853165009847,0.8325407805849782,10.239629351076204,0.023818205131966627,0.23148824837244159,0.8275556982054249,9.35304504214588,0.03748938429045889,0.27829116013641997,0.8567440907847477,9.230690158254617,0.05668360705634258,0.23844911350132378,0.8651703036361914,11.129908208422991,0.045713265535155624,0.2324789920053791,0.8621717654715402,11.615343805402746,0.030290986295829266,0.2186184205246426,0.8471926043600458,11.203179921810731,0.015336911585162517,0.19487699678357207,0.7944565993753728,10.64525347224366,0.033695198883024455,0.2593659902641493,0.8219516089946934,10.73273642692106,0.014050045118114543,0.21926715045562706,0.8327674202556746,10.57432171732097,0.010362994234858074,0.2268558375086152,0.875915367207269,10.539067730585995,0
0.004677755162845103,0.15575806568259068,0.8092184884858382,9.999066740068251,0.008985692915149758,0.25705719393413756,0.8247279782469795,9.444200163431997,0.008653774252654811,0.10783512222379268,0.8693515009469309,9.515856881920884,0.011664488810625585,0.18211475774968486,0.882726538485784,10.195340485608455,0.03888586024720626,0.2679654082501191,0.8413324067668967,9.861279261788019,0.01909244061062486,0.16195430534789518,0.8554691360162573,9.676523764361342,0.01705654536193988,0.15010173658112766,0.8856690422023056,10.115612606658008,0.015203520188718239,0.08408755310283014,0.8603219116426948,10.881280991377167,0.013590047986855952,0.07553462109526704,0.8742371067503305,10.790316206654905,0.014127018228884836,0.101670792035986,0.8436839045940373,10.699238307175582,0.012240199929485471,0.11821638809003006,0.8228404483707094,9.98481320945209,0.015864666961136517,0.12872831137357227,0.8023797731641692,9.141812889254691,0.015236300100644837,0.19220957526032537,0.8151458852914453,10.612811389563529,0.008860542653002979,0.1739663520661224,0.8451742091948612,9.861547821762942,0
0.004806153362121249,0.24468835491980942,0.8584619654338094,10.05480657416408,0.00971635386580812,0.36567906301662145,0.8347583963322732,10.07588571886964,0.015754256494810003,0.27397760816087435,0.8610640777825938,9.522064941663533,0.010665505694916038,0.2865938020070193,0.8923908361933115,10.498484948048489,0.04026145335919645,0.32874685777093776,0.8533841701277498,9.923481524352637,0.035074065484503626,0.2255099755017601,0.8464564389222005,11.013930033942977,0.018430387653731835,0.12186312689816407,0.8556937374308936,9.873408023796383,0.032333303803395747,0.17887741355349765,0.8388281979951279,11.282276815836461,0.043890404012786544,0.23907567066063704,0.8989155384399731,10.955228367622814,0.03787273729387732,0.2242707900326292,0.8675836847022199,10.494291741235017,0.020306430460916687,0.20790534928418064,0.8713926720737327,10.101887716047381,0.022918414440351927,0.2150492353958308,0.8433723694799907,9.434299791241644,0.015505758196027966,0.26550955647517904,0.8617626520311904,10.25374325083691,0.008579584972851695,0.23790840242269443,0.8837903774237506,10.427071157724967,0
0.006049427225645668,0.30562525754841696,0.8674856427452745,9.825550052364724,0.008428711733602306,0.23647100152341208,0.8605880142152564,10.210798567157935,0.028447411394137374,0.37013276055205396,0.8167019079184047,9.871779596282597,0.013036217059764075,0.2616143409559671,0.8301762753334868,10.71505339135955,0.035772231314566576,0.28418181971016926,0.850008532433685,10.365543002806648,0.04785485423044507,0.3002869684872301,0.8581538051739811,11.297357456192614,0.02584404060936831,0.16803431436294067,0.8820644425410162,10.504092589580031,0.03231352724495042,0.17092034553155974,0.7857520172721317,10.956981091043271,0.04522901650279329,0.2723752057832563,0.8694100952189047,11.116263225608973,0.029214685007597233,0.2222772722788666,0.8762227483013861,10.956451437267596,0.01366258665417382,0.19012983313576898,0.8699218359116031,10.253996815330192,0.026026029668124926,0.21664882802172847,0.8276066698190377,9.534666819072756,0.008196612332533822,0.21319265907222226,0.8578007597571937,10.533255407523459,0.007410324113557589,0.24580148652674108,0.8893574043299185,10.476586142467369,0
0.01344811048040812,0.3244103691092935,0.8414314449313582,9.86641911573632,0.011888775982851651,0.18608287739553894,0.813792505885798,10.167654536090145,0.02886738481125386,0.2874524615456407,0.7896238343399363,9.952136920398301,0.017830630815667707,0.2383615920098319,0.7964652278740776,10.402343639199193,0.0363718485164799,0.1889414789555513,0.8767134315817274,10.510435560567592,0.04007977598630406,0.27872115990093443,0.8549695495360867,10.77552720775394,0.02159455863395302,0.17781653132733624,0.8301156783507412,9.542208367867064,0.038527101644985365,0.21172424073211282,0.8367394977193422,10.641213745437572,0.06260083614405104,0.29533931534622904,0.8724909785571254,11.367295444328922,0.03241844054302097,0.25403632931552406,0.8765308455385463,11.479575025666236,0.01398995293353885,0.16983091735792924,0.7925608973208629,10.228132199813988,0.027015520840759526,0.2398089969620976,0.803196154639154,9.703214167117128,0.009468013020792566,0.21080841256627378,0.8311865900614174,10.290491718698851,0.014860436170905994,0.3120289602310922,0.814778746989765,9.743871528683758,0
0.014678411382727748,0.3821980867319415,0.8388230803659698,9.970664580114045,0.014380295245648121,0.3229698650078416,0.8352567007331609,10.132326278909076,0.028017049574893954,0.33206759428556026,0.8028676238369798,9.585067265834086,0.03206718624484878,0.4652016198105471,0.764332583438765,9.84157796533765,0.03401184852379626,0.27521616777012103,0.8901402806402728,10.474240262105793,0.023773078820947133,0.22076623267550277,0.8451990460471305,11.053413941920791,0.02155167746626093,0.1741218430375507,0.7919968817179509,9.08414713868951,0.05004329794543737,0.34407169443548374,0.8722364315409767,10.936265056878984,0.04293813413593156,0.25661886602212214,0.9029829249894112,10.901827935871822,0.041166667415095025,0.3236307568831466,0.8593988402008588,10.441855550112194,0.03165706324164084,0.3049734531860411,0.8260241131131764,9.648716972925714,0.037763730499731626,0.36593655051722035,0.8548131889779741,9.735059380692125,0.01870609018649123,0.34630907601392014,0.8244313581543408,9.351165443659411,0.019585079925038183,0.4033940293448278,0.8114600371087376,9.596639629883922,0
0.004573586473832874,0.2554493266618293,0.8712293265762407,9.750727375976082,0.004785817956267327,0.26814807505933197,0.892137892484562,10.340667195770674,0.013800093520869796,0.19461460546675258,0.836154528027802,10.000837263049517,0.017707233785262556,0.4198417509342883,0.8136765204703648,10.308685097698543,0.02209400280747018,0.23540803649964392,0.9039500010256375,10.174571070222038,0.024502313285999767,0.23733084349774483,0.8877147489379902,9.749585904585954,0.028262463897670728,0.19923163091446996,0.8238199855844467,9.248126520671727,0.04697151853286142,0.3273210579253028,0.8713383688081068,10.418384375286236,0.019100811532476555,0.1358646289247349,0.9212590375536874,10.317923026383033,0.019482814942733177,0.20149875370085055,0.8940412001693534,10.423836860255712,0.01576489306746355,0.20146908873005118,0.8523832265847545,9.409651999024401,0.02049434403700488,0.20835938737464016,0.873870465479064,9.762821462469397,0.009806023385825756,0.25515167114259674,0.8261590639325166,9.08886898706132,0.005396561445223899,0.17329501027130273,0.8947562480387741,9.535453203569162,0
0.0046573620787637065,0.20956660032193714,0.8426667543730877,10.19319767717212,0.007198195747899757,0.30245639836604243,0.8759470303936734,10.246129806718619,0.012107180464101877,0.11845020389204061,0.7788833514025377,10.300582129992744,0.018539297723613377,0.3628073827488948,0.8485067717507748,10.373845163395046,0.021261028134576525,0.23391989634722632,0.880076323016689,10.352837556775258,0.015290101584283148,0.12431227678644752,0.844449011572431,9.325151685522952,0.02291362451242661,0.16189644601533607,0.8140861252027922,9.683753343552842,0.06094474166672635,0.37392539147043014,0.8250835175027088,10.043567856824334,0.01915572245975202,0.13343311539515856,0.8970273480493614,9.66436789838752,0.011261965432312488,0.10833321000445201,0.8776431626010177,9.812181499466902,0.006566231547682658,0.1045372665866124,0.8455296751400188,9.420461899457406,0.015521364725803647,0.15875523851618126,0.8239641582749445,9.924608924483092,0.007491886168750346,0.20918771256617708,0.8365676505936075,9.406271107402404,0.003225894712080594,0.10735491580063558,0.8874277218091587,9.881557580130016,0
0.011182604041984935,0.29999408299018104,0.7976431147545874,9.504727281835619,0.014012374556282316,0.3546200465580501,0.7923445045039484,9.487882103922574,0.029527137377884514,0.18614144754633316,0.7838996995814717,9.298292935375592,0.031979999964997646,0.33245447109958276,0.7867054341808363,9.262766195687563,0.024711825986279832,0.23044719667298622,0.8326984115545607,9.595488172938547,0.021852343521014186,0.1774981653122299,0.8598249864380628,10.730385678396063,0.05145429477306784,0.30245710453295527,0.8323486516522106,10.003282828678655,0.03904822099918229,0.2542950807498791,0.8347872796367802,10.17107792072307,0.02011577410075225,0.11503634791640738,0.878297711735168,10.339838183615631,0.018642707995394702,0.11520164511291282,0.7955986168942899,10.109943971494234,0.01746054849143271,0.18904423890338376,0.8315727529743944,10.009467609584622,0.035248881904668045,0.2520324140722237,0.8173331419985314,9.634303628714447,0.020188979731395815,0.2793249520286971,0.7957213677418267,9.543041380641192,0.01009577646403835,0.2169389730491307,0.8641949922211848,9.621526872838519,0
0.01343047691476615,0.31542095596550745,0.8197128443762143,9.532840957041104,0.011789547415861863,0.277356505374809,0.8333938647616723,10.004285150181827,0.031755564948835385,0.175621593953437,0.7893490270802036,9.43251780397936,0.027170433769945032,0.23246161550796818,0.8070729595224019,9.501261439508655,0.025333645268070363,0.16672063663875383,0.8578724197715479,10.3193950424091,0.04664359947724001,0.28912505789387216,0.8350959109134166,10.327031769968864,0.07252105348541135,0.3376119813252215,0.8113344077932276,9.60062372283248,0.056793082810537354,0.29826937468498904,0.8376316498592232,11.020848353571607,0.04520284227254548,0.20986651499763093,0.8469006681749821,10.625884040436164,0.0466590043296318,0.22525123718438292,0.7831600937744766,10.536693494903112,0.022133710205238317,0.24255089993516749,0.8395922960123693,10.406089616631627,0.03216630765911001,0.26413526828287326,0.8124597533784447,9.55083118902785,0.02486510688729486,0.30626645280599407,0.7792128360158971,9.840634801074502,0.013121546809714578,0.26729074462150215,0.8528548284200288,9.506576977187278,0
0.007813236109610986,0.2827722572734632,0.8221673727682473,10.228542365555013,0.00901343293879878,0.24642142797911756,0.8248264604683707,10.433914081531457,0.019359220966180698,0.14363226227375067,0.8219024443359416,9.57964533484634,0.014157877292422842,0.23503827413418377,0.8384395752895666,10.17351646080425,0.020566085916399666,0.1769056080431453,0.8916628086568694,10.30906858753098,0.036344704368676393,0.3008738056416093,0.7986223493225622,10.353346023959416,0.03761955715553035,0.250058035921381,0.8064250857628977,9.770887483204328,0.034698981806872545,0.2563336474785333,0.8480852604965268,10.957198987860762,0.04206080574539901,0.2696648439456822,0.8929506687782816,10.319105848210803,0.04755756266128909,0.3536249016290227,0.8792616728296826,10.5720135574118,0.019629447027406807,0.25409157235445223,0.8770370760774466,10.969664126328032,0.018810408291654798,0.17813380309772806,0.8547226485800502,10.08291534663826,0.018551090628361216,0.3260732472250808,0.8205072122437453,10.816752541827197,0.008939560281125596,0.20928352601609748,0.8838984784853894,10.529494779990742,0
0.005676404570706963,0.14390566358401666,0.8953134464563024,10.447553157632951,0.01859537038769035,0.16056479003253257,0.7547421437256283,9.956158446334394,0.0216068569795452,0.18524001081582497,0.8152747957521767,9.496290217724532,0.012586231201613712,0.1665409601043716,0.8475677072973546,9.715334653257473,0.023778656325973157,0.11512363212059745,0.8616878982681431,10.009207737106001,0.04014718193957242,0.22203978823917103,0.8674929895675946,10.858032981045048,0.025129408868514162,0.14627972301643774,0.7888885714559107,11.146728600614615,0.03455546446938273,0.20189141765295213,0.8757943346295054,10.971144644412858,0.03987394795028962,0.22929867135105983,0.8750313798396069,11.025990123433589,0.031648630918165783,0.24013546645004902,0.8856126918517827,10.7892284492483,0.03353787555734138,0.3098507722984647,0.8776873045648758,11.48239311883186,0.022090696605431157,0.17584815597894005,0.8889133144487155,10.685710798883559,0.02088291196979109,0.30949226722467515,0.8675855286662981,11.37687296439724,0.01188220498307497,0.20128445816198481,0.8939727389274625,11.203172433060104,0
0.027519257752769477,0.1537218798170119,0.9659106729205515,10.988071271610123,0.01365753840308608,0.13954291325210666,0.7720721867920088,9.995333937230676,0.032875471658980575,0.2187936952479808,0.8017368173607208,10.518611001782649,0.043746710092857466,0.19402130398825224,0.9496121251318981,10.82350379147814,0.12216241029005226,0.1660260202110969,0.9625037621244884,10.465179584084288,0.14589255517721966,0.2022305612001574,0.9514928639661071,11.046707899495471,0.06380059283927952,0.12611105112165283,0.9404705627518235,11.095550831264752,0.07634841983197738,0.185854304092921,0.9468475206170176,10.58167032925592,0.08225586106171821,0.23020940363255507,0.9160875913866193,10.778457065322508,0.06051618887510043,0.28496079412452846,0.8814356849264976,10.765021452562971,0.051752878861476025,0.19860916437605844,0.9340783949172919,11.26941538779598,0.04150812205896728,0.12093845411682462,0.937164500699555,11.405903244926911,0.04031040059347196,0.1901417122377453,0.942698505689488,10.165745261058786,0.034386776336894125,0.16378986272189924,0.9567826831121771,11.122867865005922,0
0.02439995809684565,0.21395714367574062,0.9415194782439685,11.302023168788354,0.011299760246222087,0.2465395124186962,0.8333148143970571,11.372099157384117,0.03712979666197026,0.2636966227175177,0.7443415099424255,11.12929933037583,0.038842672838323294,0.23675521976753605,0.9114384395003055,11.524797340730423,0.08915081696742298,0.20050343275528587,0.9525328183755539,10.934586512411762,0.10608490852430054,0.2263561900959899,0.9363695924119056,11.244805582369423,0.09096603347954244,0.2362574067235382,0.924076714244448,11.174279591303458,0.0670886165189683,0.22353431693283013,0.9220455724242619,10.219836803371022,0.0810950474059861,0.27595261726158526,0.8892103092192545,10.880807236063202,0.08665994373567372,0.4283080373162574,0.8124416438013653,11.151696843790695,0.047193188791875826,0.2578834080048981,0.8946477931408198,11.642418447116123,0.04645433078143433,0.17635492235994552,0.9147754944928028,11.394643707976764,0.04143336869383648,0.27385877768341765,0.9216981977030023,10.675208953819364,0.027266138852003352,0.19860889454047226,0.933476452450063,11.326940457160793,0
0.008270509328869151,0.2980009204984099,0.8684508733190628,10.677239710025336,0.007151514436462283,0.1970978827741922,0.755504019036781,11.165806712430642,0.02566569717971031,0.2500951220320938,0.8026271666558465,10.162794967580012,0.012074624808090257,0.16016621093994754,0.7911534821243641,11.222577584725526,0.01687409951876616,0.18605620439927134,0.8835130440610381,11.396621733374433,0.02341085702077509,0.2060860049525623,0.8732390331533914,10.595182595199432,0.07108914671904795,0.37644900623420346,0.8218014784302783,10.266378424042115,0.0284152818862542,0.2068398065598345,0.8537341069506961,10.799465036198022,0.03141657077040189,0.18500140054134512,0.8797299740337999,11.13820029064474,0.0346786079403722,0.2638433708207648,0.8877999768699036,11.167494301052102,0.023527500329649693,0.3015111298342084,0.8522094183164683,11.227963266591596,0.03670990196030721,0.27793726466149027,0.8421890809505026,10.347052886644468,0.020861480355025785,0.32936489642465777,0.8192784248039796,11.219036186799489,0.012359272358467873,0.3230062681516647,0.8504372883237258,10.585947966453588,0
0.004741144636510659,0.1855556418865395,0.8639457343822704,9.566304015983983,0.003426108298869797,0.0984605568194531,0.7596002848221332,10.14130133777438,0.025469443790665854,0.2631102935506708,0.8165621063387053,9.237078729635815,0.0072971485506774245,0.1253538665819317,0.8347002287939934,9.219855400502118,0.015076355425683521,0.1455667363422205,0.8583075825591632,9.626141948510984,0.0194103397654239,0.1767712454972579,0.8955231210643123,10.11563507684051,0.04401877750978216,0.30936920263755646,0.8459887796171544,9.639982950638405,0.031366768377130046,0.2157834374510932,0.8964359729314065,10.815155459929413,0.028362518250772364,0.15886758575122717,0.8856551153598399,10.639811586559512,0.010168749470699696,0.08168904611337892,0.8556911323319685,10.216773470979815,0.017369794069251897,0.20388541335553836,0.8328020950740896,9.652279757451668,0.027469180938999638,0.22761163117598027,0.8475290601695501,9.78274475413265,0.012996299989992615,0.1943432501791096,0.8238642692049699,9.595804533602724,0.010125430754554302,0.2514709613908517,0.8449309939359513,9.717037278793105,0
0.0049239339962050726,0.11941997598775944,0.7940281453537803,10.050904188321867,0.006295327701570126,0.11685209250567534,0.698023055800039,9.630641456645895,0.023124863025727294,0.13971154605057728,0.749607087010527,9.68654895302654,0.013819604805567787,0.11861355148691907,0.7186478159567613,9.086192258510053,0.054244409376204984,0.15522425129703904,0.7291656258697629,8.862618872696713,0.05953236516362776,0.16700186665218306,0.7300573248478099,9.901442672938426,0.08552497370277176,0.31714880927866446,0.7134218822581363,9.867395751513083,0.0652760611641593,0.26908900838949273,0.7814238826312363,10.24178081101586,0.08180104110601966,0.29474356928339585,0.8275325810372234,10.10458193724348,0.05675106467677737,0.2211936082579419,0.8005560327156128,9.709218900272973,0.023108820638345857,0.16944756748010495,0.8328229849884141,9.6677804700526,0.03314133400957498,0.16299963568677914,0.7982546006930051,9.752640829152774,0.018098777959300535,0.21777536479062284,0.832705135590659,9.731370414844632,0.008763582729293654,0.14563914090695348,0.835179913766557,10.158998039383304,0
0.005016450006728517,0.11375954569790922,0.7423597506346331,10.046338022303942,0.006163230183341826,0.11961004975453135,0.7054379598365785,9.874949822565846,0.018795281295967317,0.10447081972587019,0.6978824006793345,9.870567174908187,0.013657905932941809,0.11822437274474025,0.6497014310157069,9.041925260744229,0.040283450209640866,0.11554043844711785,0.6670409282656559,9.124498999742398,0.06651225728846394,0.1648752764415831,0.6975182286717211,9.902702791203707,0.06851816817156739,0.22128948440194485,0.712408507539248,9.650140853273141,0.08452403321378711,0.32020262575132474,0.7841090178001245,10.357002945860295,0.08698879763177815,0.30040343557186544,0.856662798162664,10.467212126869365,0.06479737394265747,0.2674107750732187,0.7936865082155473,9.97201528659507,0.02404281538694641,0.19067823934116152,0.7970163618667194,9.76201378332547,0.03799925840332075,0.1713960940128953,0.7610143835553386,9.506952984550772,0.02048743006337087,0.2619771893967409,0.8723751056076947,10.129986165550473,0.009282808382369077,0.1524168812098975,0.8121180492535595,10.283923204861068,0
0.004640686519577716,0.16178153141368834,0.826548295869053,9.906543514496228,0.003427629374520635,0.10314713807072416,0.8210121022739394,9.759346629910002,0.023406290603311918,0.1576444587924957,0.7949425924856631,10.200664293016986,0.004819513174375442,0.07447287209420965,0.818657259688553,9.749798556878172,0.012655468085719455,0.11671744792349023,0.790124538537464,9.548838878886293,0.03734516934517741,0.27258484384853066,0.8316218039352514,9.864843566617509,0.03320290040735209,0.209277555215477,0.8169366682743322,9.918045652111827,0.07353726159121157,0.4996878262805799,0.8163219487376975,10.595304792515112,0.07981001266971965,0.40173751625676524,0.8464103996426222,11.28323680791622,0.04858696427247564,0.41445721134354335,0.8455387312129446,10.96251147532585,0.027687377108468803,0.35422841725827825,0.8677932371769332,10.455143825517336,0.04121555988358344,0.2664582778138663,0.8223314240749542,9.552518902156708,0.01926146288014131,0.36464244909675175,0.8649688729213565,11.023728823583836,0.011860978372529888,0.2719045929399669,0.882358464896313,10.595856679413894,0
0.00688351158151592,0.24851457077113134,0.8711947772236519,10.009778361446358,0.004703740629036305,0.1441604368077434,0.8569414768857726,10.005584781811,0.04161624340241041,0.21338135643501352,0.7957086850548507,10.188413008326588,0.00708665664960988,0.11686680279273881,0.8387369341437245,9.66850178467363,0.02903990676683468,0.2875622060020337,0.8543628789777985,9.493448830221991,0.048198381177591475,0.39265061199454365,0.8311027921129606,9.369371291769749,0.030724741570994973,0.2853982628799426,0.882086534794697,10.263009541088358,0.08435068503299416,0.5383175979887228,0.7961058945135377,10.288610464603689,0.08555888993472262,0.4698866543541665,0.8437948063632348,10.438624264733148,0.05623407757902248,0.43069384757545354,0.8621022028570015,10.453836241550428,0.042809488988715984,0.44291797336803573,0.8097583980851777,9.778062212730731,0.045505874474986455,0.32637872524863704,0.8341811504564091,9.443313024681492,0.023685248193334816,0.34862077976901307,0.8398857225665153,10.111360357661926,0.013352541620812954,0.30661876932962173,0.864221807485902,10.332091556623636,0
0.011681099733075583,0.3512022530003662,0.7955541414504913,9.566773257767146,0.01040473974908416,0.27598544580701545,0.826008267237717,9.888379220446286,0.05118970048673513,0.3144435735572873,0.7201186424868119,8.962223909482615,0.02116503298571755,0.27300200950021214,0.7931712125781126,9.087406840783027,0.04161808549211777,0.40942957383021367,0.8378812718463832,9.803705128968714,0.035216088687744514,0.31398391413040244,0.8619147044927411,9.903179003871738,0.03166541106631961,0.24420467716249541,0.8575846517909025,10.065078742982509,0.10093774548994366,0.5205251254748854,0.8051618799067671,10.193547118443826,0.08605400931988016,0.45133504234315974,0.8724884902254456,10.144373407071704,0.05263189267241307,0.4395482199948828,0.8473009533645266,9.938223785633436,0.04363310387190366,0.44183076206367355,0.762612232178763,9.507083013918482,0.054236413824584856,0.3118193018549262,0.7323517900694525,8.993577257544219,0.025521756661921507,0.37940132875154503,0.7983546842627147,9.909393489617502,0.014063947644519405,0.34207023561550065,0.7747024397975562,9.387338556630963,0
0.006560931956975448,0.3004465914879756,0.7156354099113467,9.134622865732686,0.0052841411845670335,0.16691019237807683,0.7411553228067657,9.621431640072679,0.0336514035682914,0.3582362055662084,0.7040131722041773,8.846076727973493,0.015604674565556986,0.23897773988567617,0.7260179844024137,9.353599301408051,0.025750366176884455,0.21076927845773358,0.7935849411557169,9.804258839361388,0.023862446880129482,0.24292295029984406,0.90493974189318,11.515942688064545,0.02627243551353746,0.22430316648230786,0.8195806813917573,10.924211711712331,0.04901848913031485,0.3681486940211654,0.8612869147975419,10.632820002895068,0.04552623796336229,0.31643036549117204,0.8767571234573265,10.887786004318949,0.0317291485715193,0.30889516533095573,0.8668969424057653,10.483656323730623,0.024702674248240915,0.32875987741293244,0.8081387723493708,9.501121490900553,0.03162328882508126,0.30360150542114106,0.7733306021178619,8.861249975764103,0.014790713839648837,0.26381619508948845,0.7801733386965894,9.703785650248193,0.007900243001930655,0.2664465598664326,0.7919983068080976,9.213755763120792,0
0.006891031905126143,0.1628210873132755,0.703415008673246,10.26129087387659,0.004368208994620565,0.08674235578723151,0.6843152121301519,9.919164528067117,0.024817641415176072,0.2856133102287243,0.7663161522220271,10.425289143060152,0.01103554988574854,0.1468017689855407,0.775234711014792,9.757203827322277,0.018812217425337098,0.14453824234018955,0.8215096745268388,9.457830801779325,0.013485211635286085,0.13425481002050632,0.828794105453937,11.566559213762886,0.019776490506729118,0.2197039621161776,0.858987695105167,11.704707352866533,0.03298898661422328,0.2373041507809089,0.8647482351626101,11.280662969275037,0.03965114878242113,0.22800120203629407,0.8755645232780195,11.812619530669524,0.03112896833361089,0.25605994879481836,0.832001012266771,11.277460899211235,0.01971391289670342,0.2209933192672606,0.8498513364596005,10.675974845116208,0.02325317418049315,0.2250590532551124,0.8162656515115005,10.608459106849915,0.009735779803729498,0.15408980500803393,0.8160060932415352,10.15871687672348,0.009975670637136667,0.19153859924923958,0.7797320681453573,10.076803507868881,0
0.016880365259439842,0.18600054902917892,0.6633375090029614,10.761626079074285,0.013756002133383523,0.14306709419803648,0.6289547073511937,10.832016275850352,0.049432204765067295,0.2866025552365436,0.7114541020792366,10.655633630338558,0.023509931340657344,0.18836491921932305,0.6810658961011845,10.570991346812407,0.024115178524454293,0.23471569212001667,0.9042902706706204,10.24084128017875,0.023737131243969766,0.23979558438952756,0.8917609883325109,11.20041165736502,0.06096274253919866,0.38903297809738796,0.8357399295764614,11.420070817466236,0.05945773823849652,0.2688398797076865,0.873049566682761,11.177241963547198,0.06688409107905274,0.29719355648282114,0.8802594214800995,11.392636559751839,0.08457637329613252,0.44174419402180454,0.7700997915297216,11.13137222843481,0.06749301424336342,0.39336327724923287,0.7598794858873197,10.951894810900974,0.07746655488081036,0.3451690643582126,0.7463441422109317,10.87865576604042,0.0372005548123973,0.31982499662568115,0.7499245914483961,11.01761382678679,0.026338194751505846,0.24834179041973262,0.7101897527671871,10.474028599769916,0
0.01361796938220948,0.3192556476759899,0.7225470665221646,11.351876864255974,0.015624333133010197,0.3615728867785847,0.7306511226232013,11.237875118358403,0.03416479986496864,0.3034049505278649,0.7861656423895237,11.022274193023161,0.019980706235259237,0.28334252989174497,0.763508849249809,11.189040113790222,0.019332172519010968,0.2514462636403265,0.9061280941810361,10.624642755321235,0.032217531120479946,0.36470535138155796,0.8873809914943235,10.479788975157026,0.050078541099635845,0.3659095369462797,0.8457797568885806,10.641422908961536,0.061616452347221004,0.3254418329372411,0.8638813127753948,10.83628126441751,0.03805977053260733,0.1993755610272417,0.9092235163204685,10.689975695049787,0.07481576809688692,0.47941303405575386,0.8105165757517464,11.14143364977044,0.06852507843399924,0.4964000217439556,0.7556504910589285,11.108129912511277,0.06786222741073053,0.41331402368704434,0.8012312227312546,11.319112454987401,0.04335116762353255,0.46788314700345973,0.7283331610986723,11.311137759743106,0.020147797573175374,0.3625987010956566,0.7599976077189302,11.152654117249353,1
0.00919829594337693,0.32825844108570307,0.8069934681466049,11.543063800422987,0.013079856650876276,0.38150494228208454,0.8399134899431507,10.739398393986932,0.013481911800118738,0.2145036995163391,0.7999865400862655,10.78293409170529,0.0216893184208453,0.36123178993383365,0.7895688365091437,10.929651294918667,0.02510510320236285,0.20441696281972163,0.7961777190037377,10.301959078746558,0.019962636765740675,0.2510535039270511,0.8425314498734114,9.522306514978009,0.03480972389494803,0.3214157105144166,0.8336084907364641,9.17463440010423,0.04243182447490754,0.2973311476933972,0.885104723048243,10.953795463327591,0.0198885449593687,0.11513310711046833,0.8793250849398151,11.132979103734364,0.03827428360936253,0.3323649265683152,0.8408123300521233,10.76935362203058,0.037978245045728824,0.4058064045996359,0.8114392681550013,10.86271096837814,0.027861679964584038,0.24988579547686648,0.8760497174235878,11.361955827129426,0.030874549259435315,0.44181321435367155,0.7890730771990584,10.870303776487349,0.012081671999978724,0.3290810361117947,0.8375871567273173,11.310675999890666,1
0.009944071497139516,0.34766006691523577,0.8424710429064457,11.103162042533604,0.013563455150823097,0.33876729955326346,0.8521023779408277,10.20916934994453,0.011229875345628733,0.14872523797690543,0.775209985582349,10.303288835466375,0.025682011568315614,0.36357500087714595,0.844548919733563,10.400714134680344,0.04989467690040614,0.31624463689313487,0.8016240951308717,10.295207649486011,0.014556139424994839,0.21624224845688658,0.8623340278352357,9.709664057180168,0.019568846181628262,0.1850679696178781,0.8003297255179763,9.89318063217945,0.016296287868711987,0.15314064171278816,0.9041713460926442,10.843762863620254,0.022180452436224934,0.14097396592868083,0.9120391072612384,11.645549349601152,0.050049309816990295,0.346043252540436,0.8376594530221628,10.427569848248837,0.042428415245219175,0.3793154257588515,0.836947706190389,10.587313475851605,0.02834862304311378,0.23400126122178602,0.8848151134892234,10.657586663483388,0.03910219887567958,0.4370914489109973,0.811236719166477,10.621195393834878,0.015077528238740345,0.35423365881955887,0.8483096323389919,10.836400895396375,1
0.011381553952745385,0.4312282252254405,0.8337061803114749,10.219152857568757,0.01824660260067833,0.5046238570082998,0.8158528924546282,9.890013373220729,0.026160139754644436,0.3191585318611901,0.7810396404705784,10.030536918643374,0.030939025785574416,0.4220703094074639,0.8340804306272098,9.991937081863135,0.07440024364698317,0.5233313362990661,0.8035772753740658,10.13611332912464,0.028824219774310388,0.28158202807503896,0.8671593404994771,10.507080233583919,0.02647182647608855,0.23993823260743616,0.861389465970653,10.711003551136107,0.0200884363699393,0.1340459375242238,0.8883868539435759,11.45787459693539,0.028456474752862587,0.13365242648563141,0.898782453757777,11.329480760516503,0.043284540332825805,0.3120867755222192,0.8641430918643107,10.726659563852087,0.03268061736594175,0.36623558081143054,0.8663879120703863,10.508479259344682,0.03902645262534085,0.3858412396075719,0.8657277756704216,10.33383811188275,0.035139985268991564,0.4365941894243262,0.8453827801502273,10.801806283038326,0.015392921966219202,0.40197442675853645,0.8552725582868377,10.40322816050687,1
0.006474858433648933,0.31217936042411276,0.8111175982107659,9.848949738949004,0.00871313489926191,0.31267510382760255,0.8409609395411425,9.563416234855532,0.021027916802344726,0.32575391283890315,0.7920587811833064,10.065703227815295,0.014764511621417556,0.31163749519237816,0.8224792000963361,9.719204559271487,0.04274749188754148,0.3444605406428854,0.8251938994752855,10.15497376489547,0.03955958175260936,0.3006999344460357,0.8473184724339793,10.8000583161122,0.023945831604343798,0.23656438550157965,0.8653767616198089,10.307728127968502,0.03930841000507224,0.25640681197197696,0.8646584160151105,10.771057961221448,0.033413205704243,0.172077376342276,0.9046939705427103,10.450022414336006,0.029526641273262162,0.2697897400347787,0.8467508869254738,10.44438696979757,0.021767785040828318,0.335916417650489,0.8535973096979863,10.090587565374948,0.029810592606689282,0.35952625707687436,0.842696483928677,10.221029303160988,0.018971302859324968,0.3205995071549644,0.8500989313471962,10.50967823287916,0.010868003900993644,0.36947948737104763,0.8507946493229027,10.074918922268186,1
0.017723384615228932,0.1769939820995576,0.9503869393069868,10.450658855627916,0.021084673028456565,0.2186896740216554,0.8967284764799787,10.249944107746497,0.024528452153887718,0.1777011659143241,0.9094907679256291,10.396213792603767,0.02454360243313159,0.17900455693070177,0.886820244781712,10.26133755171247,0.08325155676525606,0.21769069514520836,0.9186775294289511,10.33061826887689,0.035648888534128266,0.20163479717383423,0.8807432897673533,10.463480686656634,0.025489191860166783,0.15750034538488877,0.8926639923336069,9.575592574798188,0.04768740919763099,0.17123561191665349,0.8693936884515111,10.078424579116316,0.05709637106298375,0.1951459469124505,0.8602213740795275,10.1414173111031,0.05201729385087864,0.31115092639834196,0.8252538164399852,9.372833347038585,0.03428127483337119,0.22925984693903073,0.8991773053835039,10.43275827908015,0.02278053127921383,0.19498058692528997,0.880647672434096,10.346829029286916,0.038155722136086534,0.20100714350620183,0.9429238315150068,10.754737554323492,0.01876275654598342,0.18523881964100006,0.9413421288958767,10.648979119015397,1
0.04260308090298989,0.19628943267616236,0.9665759426573077,10.646871877856848,0.0554637199243564,0.2833176805221386,0.9193444312297455,10.455912121561145,0.05920103602926659,0.20003703223488012,0.946840688171526,10.473897250137618,0.06336498980238701,0.21751717707355228,0.9170215418489007,10.372706250931937,0.16575174351968947,0.21976542856895215,0.9443004786215976,10.343275459820433,0.059726248683983935,0.23554450221856169,0.8967756948632299,11.30082841462053,0.0419156682611076,0.16570813080877225,0.9116676661756409,11.072178055119881,0.050537823482644635,0.14091191075258264,0.9387790166033301,10.928464815057488,0.06247948650986521,0.1628627212639225,0.9133831711120434,10.722946302401413,0.06366469304338161,0.31371635692231326,0.868449569734427,9.652227637174525,0.0558563479075711,0.2101122620467831,0.9380085079877393,10.843420128120243,0.03234550239871014,0.21107688770011346,0.8947867990616148,10.51116199856739,0.06425379617584183,0.17173837052760774,0.9719769830528561,10.924304958685068,0.03438680978052079,0.16836115618811534,0.971442875101311,10.820365157098573,1
0.013428432059744142,0.24964856624420986,0.8855536040122767,10.8969162192681,0.018711149384870344,0.3508116501993068,0.8650238451046683,10.708434547810864,0.02781532567485615,0.220212905062626,0.8775367405211673,10.272614767841008,0.03213887830939156,0.2935002421944981,0.8480409815406093,10.74600742986059,0.06084169239059977,0.3042833260184938,0.8738773587165662,10.5038712075144,0.025999049959630326,0.2054510028647979,0.867021459028357,11.58413517010687,0.043874848644755014,0.23921300036113438,0.8787657793971233,11.142878209661335,0.030964354831220776,0.17951825108589264,0.8729163323633059,11.267726048236613,0.03663127045390466,0.2104828536675071,0.886090337650703,11.544966763992809,0.029190842690042806,0.2289570879906607,0.9056899230006222,10.835804386846233,0.020554952823199326,0.19130384098389533,0.8827338767458844,10.973333951997587,0.02575916670372308,0.1991694616487309,0.8734995974577915,10.578812475137017,0.015346204938679511,0.18062659264690623,0.9057827382898775,11.220867603748184,0.01038760432513985,0.17446932160983966,0.884965474259347,10.98541119659834,1
0.004207948940183236,0.15196082609624778,0.8436765746086088,10.673667688364269,0.004772702296592087,0.12690754205296403,0.8169619328239316,10.805717012002814,0.01685124989771444,0.16826351516801852,0.8151867346367471,10.290965778766129,0.012431224283554303,0.13586248804257303,0.789609799366385,10.631896135889459,0.03434756044071886,0.21628480679335116,0.8287854688911795,10.545099488755428,0.02256976477652014,0.18572882952652162,0.8171674998110711,10.554883783294516,0.056531832701281516,0.31270197147210166,0.828749270995397,10.601180335291321,0.04484051383879076,0.242922605888136,0.8489761522419728,11.470645436630244,0.054509140763857926,0.24970526401183607,0.8823297936550729,11.580397734808825,0.04022586582152077,0.24703599249087638,0.8880611870066967,11.242185584064247,0.016945611216669057,0.12959485822170222,0.8615144822721157,11.039617977524603,0.024052452602220623,0.1280305404668912,0.8474314887443147,10.729851067554609,0.013266287227572912,0.15970382776078965,0.8580598235492581,10.680465759591963,0.0068804012701599495,0.14178879127733926,0.8659869868479901,10.70797115849747,1
0.005652960901233366,0.2094590632630856,0.8568350398662243,10.983321445518815,0.008128052368111259,0.20853586054986714,0.860583007636542,11.111750019232392,0.024578477611542218,0.24108323808826929,0.8485922439832244,10.926331532748954,0.015197356927677319,0.16390797918190952,0.7676224628027553,10.925271564995521,0.03828225024214931,0.19232187307573106,0.8265840891720976,10.40997032309394,0.016165293992269996,0.1208646021599293,0.8075552923483515,10.04621057009042,0.03938751761887497,0.2858460622904613,0.8584487355157492,10.992558316949806,0.04711776583977719,0.25860670263549934,0.8638741235486032,10.796924766492092,0.07967008699062374,0.2944052006188483,0.8441540268523275,10.725002915411503,0.06649834707267949,0.3314340855614813,0.8627352082024169,10.563276674249396,0.017631407644825653,0.13792509695015603,0.8394900690720672,10.949531280471092,0.03707866768792749,0.20772027165577903,0.8688485311723667,11.387656562709314,0.013521241404595236,0.16516184072857887,0.8385059454435749,10.771143222918132,0.008065353387092649,0.1784111426201717,0.8605280625445625,11.17606849881908,1
0.008997474185809338,0.37281812799195385,0.8726670599452709,10.88986324383198,0.010328460402651184,0.357371555916342,0.8797101316746812,10.987215512647998,0.036939129447614204,0.38557749417641307,0.8607097032141496,10.337102993223953,0.02332529255489917,0.3370819745262063,0.821696326045248,10.563817416256423,0.03684204165941152,0.27765922413911337,0.8907453925708477,10.486997923424429,0.018640333200422306,0.18225159490513995,0.9240434270227786,10.160336411014173,0.0318352608909523,0.26699535210963127,0.873422286480315,11.494501050269053,0.040419077783103226,0.21590487814826817,0.8766079591137178,10.473109043627263,0.03712829562909997,0.16739112469541256,0.8405760107237419,10.110854619534495,0.025921868170313913,0.18976077764907287,0.8594066435466063,10.117989512140008,0.02014508613341866,0.21967143614870063,0.8492002970362132,10.227940300812728,0.04271109671033836,0.291672898335036,0.8582611846233421,10.543016754108212,0.01775938629480437,0.29892034244685883,0.8668371919770756,10.841111366351331,0.010965270995126066,0.3023171130366743,0.8682203534140119,10.887127408270397,1
0.014951379844323853,0.40163368237837915,0.8319760308120743,10.420609924598999,0.020633931446020586,0.37510330258108554,0.8560203381056105,10.530601135279912,0.05526213771372442,0.39667980886974386,0.8237798435536999,10.209152993887692,0.03020440808254962,0.30470256939779283,0.8020902662504866,10.634296008805816,0.024568195509161152,0.2043124352574321,0.8879187826934546,10.401730265226792,0.045617057389556605,0.29033578767140283,0.8651203183713063,10.172223904954162,0.09032132677277738,0.4599465617913791,0.8389738999088593,10.825873220671872,0.05256688263299,0.2507231961523181,0.8622202097334851,10.162794030194707,0.050791833021368915,0.2108023159331164,0.8608901509139364,10.32675697809754,0.07573546125438353,0.39116443336263484,0.8160826541202676,10.451920382223753,0.055516053872900706,0.37201135011362957,0.8256127947757484,10.108479152890542,0.07450622878847482,0.3904110852596758,0.8384975075806199,10.164833588709167,0.0396729540571654,0.3789108604913537,0.826287391693613,10.324192061248691,0.018471158306218018,0.3605596727112576,0.8545746473735394,10.424065629344895,1
0.017632493512887357,0.39696710245676614,0.7910232114475647,10.415836051648744,0.021526647184708318,0.3930049863448372,0.7804785659516859,10.384389159877013,0.07410772571783172,0.35652249095052263,0.7594998283446128,10.378816271338822,0.036290058830440154,0.2861406813287912,0.7628865208872093,10.357917831294035,0.01587955482710914,0.1317460935925266,0.8218346013176081,11.254441769723352,0.036622431537218184,0.24025089708178934,0.8368751508214276,11.244086066189857,0.07926422778723022,0.4204151307452232,0.8142200903414024,10.673053032889221,0.043396610395750934,0.2566600704217768,0.8557477228489891,10.38878642408316,0.04487049157563425,0.2332172917885442,0.8460332597506347,10.248138780148656,0.07097562473734242,0.3813054169970165,0.8042376503052803,10.4565278315927,0.04961365107335185,0.3465185878483768,0.8202266776217781,10.378204262242942,0.06946370415999127,0.38480405599883694,0.8110778318234521,10.45961151992587,0.0297451945940415,0.28999731045373944,0.8296334301620306,10.432438405145277,0.01630588283406709,0.3050429378224795,0.8286986591923151,10.605657549187873,1
0.021677994048540667,0.5200957978703137,0.776168315699063,10.569171141930568,0.0141784251667752,0.35736208293449306,0.8264193675230495,10.579428571611395,0.06464662791876184,0.39286438066762663,0.7738175489797566,11.00735193629949,0.021987523219649842,0.2605742878808753,0.7679785607704348,10.470501228665455,0.025100219597309806,0.22062729389801453,0.8799630100518332,9.99749405910906,0.02084991599075074,0.18763301604178287,0.8856779485536487,11.192025271293662,0.03477943036356626,0.2654337221802648,0.8551681552218098,11.06798952833409,0.04095300938353187,0.2875414834420649,0.8884674328658294,10.717267370622523,0.034776374462590215,0.21539895784461793,0.873528079679714,10.311993732252963,0.03880797014106548,0.28896441187965033,0.8453187734964693,10.164891732598376,0.040505128656241264,0.3728931690007672,0.8426180089584037,10.311389883435687,0.07880325268804426,0.41737904906907813,0.8155424256339961,10.737163288503409,0.028693388396547784,0.38598940493966233,0.8227944070158077,9.919545198646858,0.019409965178732204,0.39728097191134376,0.8225147622929989,10.518773398071366,1
0.03076232558666147,0.5449181282802008,0.785012625721287,10.444775980954642,0.014906931504152874,0.21795547113931144,0.822985807211643,10.20882025515844,0.09367882357230535,0.6045053277458141,0.7434423999882493,11.120641422227573,0.022494820977015655,0.2662608116453636,0.7886908444983912,10.557771307349489,0.055628047541868154,0.31790647137815886,0.8250415020763079,9.657287720335578,0.02976468038936422,0.23576338602750538,0.8744243527159969,9.6947400331256,0.04310152050559974,0.362042420807845,0.8488094531548618,10.455762429213603,0.07111987449012308,0.4103068985343017,0.8482955421762188,10.031231614142769,0.09149729218730594,0.3870906522262022,0.8603693845933451,9.830254675181177,0.08903483618605366,0.517290577268483,0.8179593989222214,9.900456903712934,0.06160011375693922,0.5401697181493059,0.8404299519987316,10.151773909905913,0.11856795061531987,0.6053576229160851,0.7976023452875596,10.824638951267794,0.046905315260104066,0.5188584069733344,0.8293268056919638,9.796826287175621,0.03039330231707873,0.5657799290572549,0.8051178106968843,10.24177928207404,1
0.00939370833962809,0.3029895442243344,0.8241210161787575,9.973687529014134,0.012194758387816387,0.22691846719387554,0.8334379521953076,9.704630466936704,0.038915586834860044,0.37162702176415724,0.8129083960628013,10.749009065757898,0.01120506586764851,0.18631184582803392,0.8263178615502106,10.318174694836838,0.03361073548550176,0.2782342501178156,0.883620101761765,10.430744583489968,0.029037046353553787,0.22612506005599228,0.8724792225929296,9.911154158995387,0.05354326730228138,0.3809660913339225,0.8508955351125184,10.45391052485157,0.05025657553052478,0.29674915449360967,0.8412628724361055,10.209268897098834,0.06651378409561984,0.371210034569099,0.8292135684187112,9.846172013378682,0.04705379250146959,0.3928700909676649,0.8098990099255924,10.027565685043369,0.020385904510333452,0.34023674383007113,0.8514248842234803,10.789707774532229,0.03226985647188393,0.3456803672951847,0.8378778289730315,10.9741863025211,0.017899183938344238,0.27347753067703545,0.8598611753858391,10.665790797597479,0.010536306894063152,0.3552642779938745,0.8459390841232166,10.72595776140075,0
0.00773722661825784,0.1990050780614983,0.7854896511039619,10.58810978405292,0.012967571425845875,0.20686571664472905,0.8587316239637511,10.257676333936823,0.02106059769764018,0.20109063781633818,0.8488340339098344,10.42023906370168,0.009329711869527487,0.12180190695073977,0.892742592070519,10.647096617263365,0.0221157236387594,0.19229513753163285,0.8727373915349245,10.917848444543461,0.042799126096484286,0.362331265317942,0.8434039555406977,11.211091418674286,0.04100701030980024,0.30786374491891716,0.8338123501181999,11.464289810741786,0.06639405517058103,0.3020301241051309,0.8625913350962078,10.59878628706998,0.07245387697593521,0.38845989790420066,0.8736641137144128,10.244348564295203,0.07410553983666761,0.41325150495877605,0.8087472500208985,10.064491230331729,0.03558083911200571,0.32098329564396993,0.7751535387042434,10.651947804211128,0.03556862774567709,0.33114484153278717,0.8097965459987803,11.035776083426748,0.026419866942539876,0.2876052576900302,0.7739866474393796,10.683708666502376,0.011432896005767188,0.28611163908675896,0.7638896278399027,11.355025739382071,0
0.016275648170837913,0.31426761016606214,0.7284647352024808,10.564314398736887,0.006614027017332082,0.08323221668005357,0.7554434980419366,10.043471629442633,0.03855495437802279,0.31082451882948325,0.8045372767618845,10.057010104996149,0.008754774602878214,0.12993131025009458,0.8592342197043297,10.432536564411675,0.023203250777073827,0.14819356460306674,0.863103134872828,10.3613148693131,0.0560010236248283,0.39372076480976564,0.8591674355073252,10.935479490351563,0.02124500844500591,0.22382345008735804,0.8625171512035925,11.652139524717871,0.07021545974702145,0.3435243924318658,0.8366147029897649,10.613531965274506,0.07781789749956727,0.3971448612194155,0.8448988089716514,10.983743891234399,0.12112746950273048,0.5669455285867433,0.7725026409058073,11.235688199310479,0.08471297349605403,0.4432213132915282,0.7444210584994221,11.11980953955534,0.07576436198292022,0.43072759868913385,0.7583680330721232,10.929270913385889,0.07698353479762098,0.4578108559370787,0.7351966674873556,10.985397922573583,0.035749875112723,0.38365423112436975,0.6936452497864876,10.666961221950663,0
0.017237056382778587,0.31561337301637216,0.7736928984406436,10.237673395941798,0.004302884134857674,0.08625971022071015,0.6960884379974497,10.459150716038565,0.025854117548871142,0.22444282562611856,0.8279383281996985,10.242512918762731,0.00980829491420671,0.17978032417702097,0.8672098591508507,9.94251588406796,0.02968634256904982,0.22337327650051123,0.8850552668637235,9.872638993959653,0.04180093977972828,0.37306443377665954,0.8375240477925898,9.355001534908318,0.02540450984413309,0.24732409105872144,0.8628987898034776,9.754981692330315,0.0551285365659933,0.3355005259325687,0.8298947594713244,10.307485843809877,0.06581062176352728,0.3134326842238959,0.8584874086152554,10.883812192650542,0.09243479913505867,0.4397082001176367,0.8336717436818796,11.131750203997157,0.08172600086698995,0.43927287532029613,0.823462723421694,10.73946306468741,0.05709161252722373,0.32317921719166537,0.8184546893393416,10.327844217484953,0.08269749349002536,0.43883169453476656,0.8054066171462373,10.558490824654385,0.031438478299266,0.31888982221632234,0.7858716876373217,10.052017122714982,0
0.0045634698307787085,0.1199416398271607,0.7285177987628174,10.04907308032511,0.0035282570117735725,0.14819545585960936,0.8114645252603905,11.000946867825057,0.00941274404399796,0.09243975197690812,0.7985258993915247,10.209256291024914,0.007776082487304053,0.12043507003093278,0.8043321664220346,10.262510371648535,0.01670329416744413,0.1595495968542597,0.8902014690012412,10.273179985001995,0.014326660027834472,0.1604006718691102,0.9061349700171794,9.885357435965666,0.0292929255565637,0.26571186862109214,0.8915735803042222,10.277573690689628,0.019239832925866295,0.1533633779509739,0.8317772237972709,11.202493326785302,0.02285566751965741,0.1540230940684285,0.8868096175355333,11.143093470573648,0.028347573922294717,0.22135374033973848,0.9068146015036415,10.670614029030855,0.031899142458051574,0.3231618617625222,0.8633987986296741,10.286297300772784,0.019395906914817098,0.15774223050634908,0.7888603499878257,10.287498406754782,0.02113969368246112,0.29113162777724194,0.8648926247194739,10.261921263619021,0.006875634992761323,0.12829258810534622,0.806952152382032,9.834661219204733,0
0.006585733216336248,0.20252009026226303,0.8464854799864098,10.324829654182135,0.005530512468500768,0.24230781442797109,0.8579924592929123,10.732950360719784,0.015123686288221737,0.149748258891187,0.838583169018435,10.125508383255168,0.010367533173173285,0.17689800820886795,0.793690524289494,10.71655193967079,0.018805340614400402,0.16900677229244374,0.8763277736702966,10.230158377186362,0.03589239263441194,0.2577871825552932,0.8514378169413745,10.70045224804873,0.04243716096567048,0.26472056172737285,0.8742951135796353,11.074293394224183,0.034998993104235515,0.2002389764510535,0.8572234339108875,11.272247070020704,0.05415545892829485,0.2573215014462161,0.8590912741676436,11.55546590479911,0.022288733603512113,0.18979286443089566,0.8721360371057716,10.253883781796278,0.01897431033174046,0.22182009406359668,0.8595489371007926,10.040783037388323,0.02091314142439642,0.16278455919604282,0.8667886947513893,10.466312111965868,0.012579798030588042,0.21040473531745688,0.8757151667064802,10.496069686610813,0.008239586284572007,0.17914445595327919,0.8682159073662501,10.45777906214015,0
0.005605030594058954,0.2050365593031361,0.8893718378863741,11.074536417605948,0.007821614955557958,0.24319440393784775,0.8780994666549934,10.569307419315413,0.022529884491835184,0.18900237322353683,0.8459601856402095,10.455595212362097,0.012338366811125424,0.1805812673899977,0.8294089650782706,11.154927119355653,0.014765950818889106,0.11875331289791508,0.8585497471483627,10.724594959400438,0.08500191539036224,0.4373829707875674,0.809733015587639,11.022840372578486,0.06842322314578675,0.41116850464774013,0.8316717837895452,10.612741457992694,0.06275758975114994,0.3272141023534765,0.8375545348413583,11.178651583276062,0.11132252351303264,0.3730721570923814,0.8324065509850729,11.368978342432056,0.03867306956346591,0.24080510752243683,0.8480663088974756,10.72234962846968,0.014502850581773818,0.15301445599073796,0.8719987015584452,10.908884662645661,0.03318978909257579,0.22762497144158794,0.8589305711240792,10.229317842509047,0.013108949192979624,0.17403991463382482,0.8683704919829904,11.201288410804452,0.007972702983224104,0.18557010446878094,0.866256382659568,11.147489404373596,0
0.009393372154991938,0.27784414508935595,0.858708440922269,10.807355336264749,0.008768041650708379,0.2084293960266841,0.8833549095299535,10.261598069058635,0.03035315939978129,0.2534700221466553,0.8302197779882048,10.66634508867299,0.009529455083023792,0.1503665792211848,0.8746430692007258,11.046007956268472,0.028342109359905082,0.1869083311783866,0.876141426705782,11.101932899605567,0.07452431295379029,0.42070900487451446,0.8340945088459312,10.709201947457542,0.08304462002002863,0.46328429916141917,0.8376732167556855,10.309934736230016,0.08221698295611846,0.4543613146918102,0.8205833864761427,10.713658270391537,0.1052122886696402,0.4383261245057575,0.8451169592380399,10.79315301999526,0.10190541224018676,0.5224511701801294,0.8055058090189687,10.743825629889042,0.05152683677590702,0.4727176164254985,0.8128102571756037,10.877916315878615,0.04951597774435514,0.35349829864282123,0.843841235006096,10.617500275347453,0.028580126064408216,0.3788664446353654,0.8473959181695531,11.099511510893258,0.011002570361279562,0.27511299516767,0.8774882854609413,10.83056614126068,0
0.0136705674795149,0.3357288833927358,0.784348029438664,9.88187200757383,0.009065774147880548,0.25054836401161046,0.8496393669534408,10.184299039891645,0.0344244786570505,0.30181618070489585,0.870009010786346,10.063397111363255,0.020597392093039815,0.2545149689657104,0.8595166886277453,9.91780867145071,0.05562280643968171,0.29179244792108316,0.87318145137502,10.38437022030378,0.053423796476174255,0.302081211283734,0.8336055859451417,11.508395938955736,0.06580586764029017,0.36370694936346704,0.8577597862980144,10.457090394821968,0.0850980215820533,0.4303754135463631,0.8224787000089824,10.563881198228895,0.08911050517925591,0.4191282540125455,0.8721844173221772,10.491462557205272,0.08267759591083991,0.4918212501917837,0.822919186353854,10.329765499607909,0.039258924139226936,0.4218299595915135,0.8369750171450111,10.286732719741483,0.03656792064357713,0.2899112837463659,0.883500513968592,10.097164306401178,0.020708244949428054,0.3674135793910827,0.861735597987122,10.504034374203357,0.013139295833282693,0.31695250322860846,0.8513128122728121,10.120784711409371,0
0.007396246056011912,0.15191513881139806,0.6990286684664694,10.06327536418365,0.007057574082196876,0.20328566960685804,0.7898283383459824,9.410390601178356,0.025994140396535224,0.27695905584707037,0.8342721808787604,10.210446868475353,0.020633286087524166,0.2742809820596304,0.826592295684217,9.934627764625727,0.0292161847764011,0.1830544308821806,0.8538051846021203,9.854120385563533,0.027491563231332866,0.16563382253385173,0.7746888368574394,10.754564353730705,0.03504169643646537,0.1857673683336838,0.7622990911542671,10.695539483128425,0.03598642296853274,0.22196258828589682,0.8189080787471235,10.819066803452875,0.048002005129691425,0.23985157772021828,0.8407132565391524,11.005198211501442,0.04484133680823195,0.31329824847043136,0.7702427520427345,10.01632818294133,0.03217498818186724,0.38783563037549657,0.8059250115477103,10.130300373529474,0.017388314276660218,0.17316691708282597,0.8463470956168441,10.637437970775805,0.018365717698646606,0.3859866621330412,0.8501300747143952,9.975651930065384,0.008576791712263375,0.21961358688767746,0.7715163751155675,10.263701119329586,0
0.010150843992711527,0.27181654913329717,0.7839131370627503,10.91148599686421,0.009609994151688627,0.2900897591213947,0.8850014867342101,10.286167279712695,0.01993498362498039,0.25807179186491663,0.8524676620044748,11.446075512308575,0.01833779360461395,0.297249543707021,0.8686849744038342,10.757273796002158,0.02899503039379825,0.22442677303375932,0.901617462650495,11.01055111963118,0.06403662940458156,0.38200018771435973,0.7900726532608177,10.370341845194638,0.05548076780052997,0.30582827845630434,0.74645541122156,10.617894412118272,0.1420167656812284,0.45537457160329525,0.8016876393895868,11.051245458037814,0.1777760533960948,0.4431125201368529,0.807856732179152,10.94846351107789,0.09327336646649687,0.4864135096308779,0.7776124885774612,9.847726067247923,0.04151249749829378,0.45596574871075296,0.7843642940706791,9.728667792022746,0.01858150657595153,0.22257765400526353,0.8434417394136764,10.724411605067425,0.02677003704499933,0.48042108501719305,0.8037791180922882,9.77155853383493,0.011619796059728238,0.32798316496478885,0.8359983687057089,10.547342190591653,1
0.00739942353344456,0.2851474249100349,0.8226097889538567,11.73166427802661,0.005977900761595674,0.21119654738328522,0.8456354256489226,11.058583084902374,0.024805357022662712,0.2747394393382185,0.8215857544737504,11.733018340894136,0.013406849570823373,0.21610294835925328,0.8425198410293191,11.587455614131018,0.034945758449617226,0.2685868398161782,0.8592743873260852,11.06444118956039,0.06633687761111758,0.44819521955462915,0.8146069377012797,10.371523289380237,0.05464936580885222,0.47223310975328286,0.7934564577963749,10.502292534300684,0.10732192305048745,0.592861829561843,0.7997001608195992,10.93063771344498,0.13316478414040303,0.5699230134982534,0.7957543850539319,10.717895268894623,0.06998522010460533,0.5445203528488815,0.8006626704109107,10.400481201953896,0.03553459891652871,0.4285114146217099,0.8452291823577058,10.842762223412254,0.02935294487752179,0.28331254354438873,0.865369405302579,11.273741753848434,0.018979544398390183,0.4090775222268583,0.8424682080300551,10.638541672793044,0.011851108208203995,0.3094737097701205,0.8474343818200297,11.742992552114002,0
0.004704914528632727,0.199521831364032,0.8153996892271204,11.350974821995065,0.004914766182400159,0.1543518686684458,0.8264058181905974,10.298386803554267,0.013031773166141777,0.17363635543113923,0.8556071795683394,11.304276182354378,0.0090942599959152,0.17231035123109775,0.8364994059304048,10.766763156594655,0.02731841290314752,0.2507211833064045,0.8435175501695391,10.746673914057391,0.025238595523474502,0.26445067690890717,0.853305865577963,10.803359032714955,0.05801001453112851,0.35354661352878064,0.8457027532327992,9.445887742250292,0.04825264490798603,0.4067464833457568,0.8660170811142811,10.565487647767084,0.07479562081085095,0.4689096113852665,0.834945155340338,10.875057955708922,0.07564956680084169,0.5227397238963182,0.7978437870257478,10.824807089452756,0.03930422782606628,0.43030223892165864,0.8525428092081747,10.857594406334943,0.021800682959125777,0.20806698181729882,0.8744325244360809,10.893013571410387,0.018687689687695075,0.3499256744604709,0.8852157477719076,10.449777107003744,0.008411511382997453,0.23120574301228314,0.8800175531312594,11.546121987245153,0
0.005312817967347412,0.10243638966178503,0.6986361185410263,10.57811374708573,0.009051393955058367,0.16275788439265051,0.7274636769756027,10.199940128327059,0.005667089497765351,0.07380669002038293,0.8347946177068524,10.641571376219627,0.013621348672178868,0.15920625021531526,0.6993773694488433,10.437860069899546,0.02041476959514147,0.19162620343507128,0.8694021754328036,10.478753345179724,0.012672894420401733,0.14705086504615802,0.8974897650520504,10.9315380223224,0.03647316319552459,0.22037952502773078,0.8576340659013214,10.488664436795277,0.04483469415960331,0.2891181344932007,0.8582835337228991,11.092109531533913,0.055446172951298354,0.3507923013901433,0.8773094285434443,11.31304861973359,0.04449991349918814,0.4019136326941928,0.818986397080177,11.239623440861687,0.026397859656221382,0.2872389363100364,0.8473307293592786,11.039122867011093,0.009518118079013364,0.10185831944409608,0.8510686565435381,11.623664898218385,0.017858908662913266,0.23641867949769102,0.8392242305905179,11.223426513523727,0.007361514056497161,0.1698546926462132,0.8089259873069647,11.615978212850466,0
0.004391458885636585,0.10465323602280252,0.72516491923133,10.399456643347534,0.007471261000428614,0.15955426978033535,0.7608351708806674,10.265750726402741,0.007119787352143431,0.09118460152066886,0.7517947834644397,10.629087816596389,0.01604147759622992,0.1703442270611962,0.7030701652577123,10.722970051511073,0.038603187121364554,0.26745931122984107,0.9068243601468997,10.780757741822162,0.021434421493424286,0.20007101703218913,0.8580703920311572,10.7282961190731,0.02836156629211687,0.19641716885903884,0.8690358799526987,10.982940151888778,0.10455124917563621,0.450221762026199,0.8640952045505588,10.826485637034338,0.07991739168045543,0.4072417023240619,0.8348029006326066,10.972024443890056,0.038985260188773345,0.3474852112484836,0.8889237438139234,10.468718594876862,0.01752222417824369,0.19253632068658724,0.8557406607698933,10.424795615198729,0.005476135034819389,0.06629867392918908,0.8550740163376667,10.50013167630966,0.012390341647182623,0.1797598896665788,0.85283423840824,10.917168046364214,0.007380204005098057,0.15648942946962288,0.8245633594371315,10.739402026466923,1
0.0037925970427207046,0.1653901011268075,0.8296413160154468,10.435117217997858,0.004811306901481252,0.1645181950818154,0.873411873379263,10.355502136806848,0.00931384249568148,0.12250240908469659,0.8239175647691139,10.066242414062355,0.009302540788852714,0.15246218715576867,0.7820511356778718,10.717718933097888,0.031244310023001567,0.27259813118845877,0.8825116447876582,10.270074212668558,0.03212041804024961,0.2587462917019048,0.8859272478000383,11.042278088467281,0.03395837039920761,0.29707501560011623,0.8262189941204473,9.340601361506994,0.07287743873872535,0.4415487336224209,0.821277909791799,9.860435332834868,0.05123921951600543,0.3384902542520799,0.8455282625913526,9.981373142151885,0.049683841759967345,0.43252737656518125,0.839882191773557,9.599745954929315,0.02470853920359749,0.2978978999725214,0.8554237290471773,9.510124489860015,0.01322733970339567,0.13175818007738066,0.820508550751458,9.946783474219835,0.011642302783897307,0.2725142995450644,0.8432620521763576,9.426165201612445,0.005688180168097483,0.16930690566319834,0.8841225077186762,10.486699988818339,0
0.006647878901372206,0.29953382917329435,0.906622795609652,10.61052667243612,0.008105647086632672,0.13788554503562617,0.922867099536341,9.842415757991287,0.02357899745579626,0.13836368950203348,0.9036874698265134,9.6211200394434,0.009540826530301649,0.1675950978552212,0.837533410666029,10.971982880673922,0.022475092553727382,0.21746845119584926,0.9147969876513705,10.668565206193254,0.031788721938477406,0.2091729835053334,0.9218699548349683,10.260060355800077,0.03488391714740038,0.2732112208776381,0.8425406107468176,9.225696044649256,0.08471137087358994,0.35785625196648635,0.8654417701257842,10.096143384575122,0.07479935984671339,0.31925970674526927,0.8911074527192693,9.891907775533584,0.0516638831136752,0.22947941665988744,0.8772697929739802,9.444887917494928,0.031377820030829305,0.18376276884120085,0.8788917854565287,9.42177734275282,0.042135773813896216,0.1834326486547043,0.882054954819226,9.634556207308744,0.01972217620823303,0.24153402296002205,0.9280534313731965,10.740802172167959,0.009921356187558166,0.2376276961090013,0.915439855948058,11.116863273765505,0
0.0123311045911458,0.3432636408157927,0.8894985156935021,11.289254428249222,0.0174197770532081,0.12363057047715256,0.956059386054795,9.667643014222127,0.03724939465997875,0.10145352566075225,0.9426707558493989,10.078069671138156,0.015462763996047655,0.20566841862690774,0.8689451993034452,10.909901724626756,0.061392039876917076,0.3499659046400314,0.8953284162480932,10.565237263924388,0.10192923856249456,0.38875037301898513,0.9004906023774782,10.137447003739899,0.0527858338798322,0.18869538031776545,0.9109122208818123,10.305398617304594,0.17679342045474158,0.323198084967031,0.9041690090566069,10.161529966349029,0.16134992235854917,0.31038884029418834,0.9122670576591799,9.870637168259984,0.1307375090595317,0.23663784263853582,0.9042638445905764,9.586755563263884,0.07296733941207839,0.17947582463013653,0.922292772334824,9.814490822061535,0.08321795922006997,0.16408503338174668,0.9248328479779239,10.20149108168393,0.06003912876964216,0.32120456306568124,0.9108350743155333,11.41806179711544,0.02825344319170251,0.32792841944673934,0.895662779111804,11.350232710635396,0
0.01892029524532939,0.3382980861907342,0.8144834633681431,10.277281954014189,0.010330478505123322,0.17780462247625273,0.8751591938983251,9.853299843584567,0.07903109251227117,0.30776606663517225,0.8418998544070907,9.690137738922285,0.01782178877527302,0.18824407833890106,0.8519269681090937,10.205504299884332,0.04175871115996136,0.26435467047611133,0.8783748962441125,9.546864596153936,0.09001213169216497,0.4397559239518706,0.824650191422814,10.01482218393691,0.17311638085424744,0.4767967290370211,0.7786764893349402,9.98586162166106,0.27332053762654845,0.5715939560367379,0.7877806259490645,10.365096314794341,0.24769092713311713,0.5477206067064064,0.8295100208824359,10.356874782948816,0.2446195308007849,0.5904365197589589,0.7686247635528043,10.254871758271907,0.15816218291394857,0.5320797456027574,0.7941477893574208,10.073387035763439,0.19377090408079295,0.48945408064103296,0.8073801802735439,9.978764155388255,0.07868544298419493,0.5682639953158269,0.8015489003844918,10.279454273430087,0.04346557663843499,0.4511613175222468,0.8342846948123984,10.17359968363365,0
0.012203637182290485,0.27259556950416997,0.7933617774518836,10.016601024439518,0.007153824175312439,0.1985956124503232,0.8609585359812904,10.409504194522821,0.05349616511082128,0.3286992928978901,0.7994404385267455,9.596384351922929,0.013672315245427065,0.15737069885508662,0.8013740477115792,9.81043540254246,0.019017692529569745,0.1456094084945215,0.8621571079762678,9.41857239280313,0.05788586978067701,0.36809272667577897,0.8317088951253937,9.745034836772591,0.1487198046781938,0.5034339389248366,0.7657319230449818,10.080775469152854,0.11215810737633747,0.39660021691040764,0.8406273105524037,10.208088253405464,0.09198011319540947,0.33927064118612,0.8792756099754134,10.113277362933928,0.11328732185360035,0.5121023828687407,0.7999224307310671,10.084235695234145,0.07494781820807558,0.5038943669259451,0.7986108744947621,9.730191463573663,0.10243291708636615,0.49601675479914015,0.7929822044994009,9.657231210736658,0.0379788175720581,0.5228682447127757,0.7982493179184185,9.811736310909172,0.023336791223094087,0.3638852415885691,0.8424888378885907,10.017173298779824,0
0.005144958905758265,0.19406934292693404,0.8122193971783981,10.290844691665454,0.007258960016208776,0.22478291228812822,0.8416306109324686,10.008057419008844,0.029430155852926593,0.2535232439645503,0.7909540836667233,9.279204449288345,0.011280209408224329,0.15880743376053963,0.8019454606219052,10.094246157621773,0.021618046343888937,0.20042635457802632,0.9027716023444403,10.708068695965464,0.029239734770286234,0.24708647127361053,0.8749547223710278,10.551078884773949,0.03894776136969669,0.27733104176727946,0.8566649812173409,11.209778082721137,0.04153496795864073,0.2415469678340061,0.8653763877968655,11.494777787019707,0.03260160148696592,0.17578704066969417,0.9014382928261713,10.79864653347152,0.02639930731834396,0.20969167694946825,0.8661981372520302,10.129713900000443,0.025896913310706374,0.26911634538363943,0.8312822291069222,9.463022221519894,0.04035063092172769,0.3159271383289769,0.784608022036719,9.330715269565577,0.01354480753381182,0.24831949824228605,0.8619936907316588,10.021893705854914,0.0074240998654481975,0.22457476301948132,0.8338645507901132,10.11386093683612,0
0.017090658896041704,0.2199507159947891,0.7297796584289826,9.518066486876823,0.015118880128232605,0.1824743338698348,0.6800643543601228,9.813470091027481,0.06150859442957971,0.3437580323890596,0.7859224656592044,9.533556619059496,0.017135742011916175,0.16276695351928475,0.7134843044349718,10.17854614033684,0.029747005097643536,0.24429962849800094,0.8894757902464885,10.703767549916071,0.04203843755875257,0.26671331169593515,0.884630609231592,10.259451604307047,0.05557221894131213,0.310127448163439,0.8631627100798117,10.769396893709327,0.052165717000612566,0.30691781595278145,0.853644775376998,11.089596809303178,0.053004998903776815,0.29863056244124486,0.8822439611909494,10.50326492774089,0.07155022076601916,0.4110871832244365,0.8285557115781541,10.132472220611177,0.06644253927081158,0.47583073273589943,0.7783913524366858,10.00489363481437,0.08004011649732184,0.41479260870277107,0.7809489157718499,9.654657966917345,0.03645075503089812,0.3968193741407335,0.8373504180284419,10.164771339099898,0.020564488138014963,0.2715357211610208,0.7855996168190648,9.77221167883475,0
0.032171175775233915,0.3428452312397409,0.742409936732019,9.992828321076454,0.019502705628852163,0.25880333868565236,0.7267564710232945,10.080460678873393,0.11922503123827323,0.5496724872353005,0.7477158663612958,10.166044458840288,0.028241611887928897,0.328169283908614,0.77095986813238,10.374473359993042,0.018202929599978778,0.2293540882297731,0.8873566626051801,10.403370919904651,0.035952182542064504,0.33408838188547635,0.8775864828351146,9.804602016124662,0.09350230328091913,0.4539056506900465,0.7839801797112498,10.588060405622855,0.10445954748798225,0.4691195518884788,0.8306138279339348,10.867796165990603,0.13831146974059796,0.5662340722684188,0.8188865180231236,10.687101731716025,0.1769291128140498,0.6945063425454514,0.7176927348219952,10.29833882319361,0.1534291946458462,0.7025424885790501,0.6667754123657272,10.298455264471004,0.16609516969533686,0.584995874095053,0.7188022281451821,10.313634949667867,0.08821528864869377,0.6837665742999719,0.703963517919739,10.343893214971052,0.054995992812443016,0.48477164780878224,0.7709864758120978,10.355441182403176,0
0.020871622997139957,0.5074643587642931,0.7625361404683813,10.479996401181706,0.01457485005414117,0.3851892197165078,0.7794164938618854,10.480393148072777,0.07537688665490716,0.5601172799032407,0.7279708564852914,10.670303129329229,0.03121874774404382,0.34464933250389085,0.8049488830566259,10.395468324862911,0.021290168473712776,0.22285940686049413,0.8614438928883198,10.552534938266676,0.04655711694442934,0.44516857810023003,0.8108331971482642,10.941671557617337,0.11220414957711893,0.4915308106033147,0.7837578281262764,11.137639578506622,0.09967614451588301,0.510083099648218,0.7878691773500773,11.157667159122886,0.13130231387767569,0.557612199947645,0.7726815303157355,11.128108784881007,0.12136200934464732,0.6704476539034362,0.7225608957494287,10.749522615901157,0.1020379155558149,0.7114766741630225,0.6740991882224736,10.54665018659923,0.12244777653915626,0.5962810459509713,0.709697449853461,10.682617857689396,0.06222873987649853,0.685551008937566,0.674454065064628,10.495007324976454,0.0369178003237717,0.6259596889262445,0.7324721149494038,10.533919829275014,0
0.014832890201347025,0.46905955469773186,0.8172315249397899,10.318409670153992,0.016653352549136365,0.4412091847383292,0.8246818998318739,10.392892600158877,0.041797085006359924,0.3372338362903337,0.8065956044775702,10.899150223295123,0.034120532389392375,0.3945100986680034,0.7631939871949908,10.414039027425199,0.026865666513996533,0.24189193372978085,0.858638088886698,10.870178526633305,0.04368871393877245,0.3771105143295265,0.8129500770316147,11.089836359862863,0.08467932432191988,0.4206021828006892,0.7940095009860069,11.474668997512774,0.09959481310882914,0.4690886292060202,0.8069243493073464,11.05268959113802,0.139033859767089,0.5251706498239137,0.8042744292301933,10.871935456751965,0.10375391125083747,0.5342613454592897,0.784995263609179,10.759179101694755,0.05901166299721714,0.5498759076062101,0.769058025742893,10.595152707712069,0.05558106099623764,0.37520496723597596,0.8058034265730222,10.811099470341349,0.0340869815674618,0.49907181646342486,0.7796821962367203,10.608578253371096,0.018643805936722123,0.4582020690129878,0.8326559268480226,10.300186957182369,0
0.007393148818866063,0.3403846674673445,0.8482830891464183,9.85771341526314,0.010088308104643973,0.3149491816852863,0.855665723614993,9.822490243607398,0.03492603349882041,0.3384654000838558,0.8482388223593852,10.632858442771505,0.016772269748956608,0.3109057855781081,0.8461779950528038,10.160497461638132,0.044480936071160486,0.26275268184868383,0.8598895225074997,10.45718879077848,0.04395774005713149,0.3352452779798761,0.8175955709558851,10.094832209183961,0.09905379360461192,0.43875178839941176,0.7735011710881011,11.301257585718762,0.08167579300211332,0.3561489628275031,0.8450738360561333,10.631462534723983,0.09193436366802966,0.4147792809059163,0.845214459194211,10.454638309019309,0.09486105228205167,0.44995030818526505,0.8227646114326872,10.482914694005816,0.044860847139423066,0.39099300864636105,0.829042949956495,10.125270311200321,0.03707806753258636,0.3264311126982557,0.8278776461671827,10.388334084490664,0.029676916645780243,0.3694054883177838,0.8518539673393112,10.335951735868704,0.014160909923676619,0.37888672382081207,0.8567240313859814,9.912584690032444,0
0.005395355774859068,0.3199276572733311,0.8583000223789675,10.003709833465438,0.01118287234949335,0.41641186342706776,0.8120353429771885,10.2137822113306,0.03289373822596612,0.34762544381022875,0.8328065445914588,10.819209185705226,0.017426114246488263,0.37406933259509273,0.8024507229038437,10.195686605219114,0.05729832617261285,0.36041730396312327,0.8232542232494533,9.818060846200797,0.033105597226907035,0.28348291146305465,0.8338193133791725,9.934727830585599,0.09003860095699148,0.5101208259497801,0.7922754635348783,11.28528469189936,0.06027846454200644,0.34580021076420453,0.860245595107848,10.486424636145859,0.05079839589130031,0.29492295589238066,0.8976155857586096,10.321348258216071,0.06585023681500003,0.4031445746076007,0.8249260403702964,10.171540912332478,0.03569276335382455,0.3514546307861464,0.817942926496875,10.216436920637797,0.04418879572993856,0.33562224477421937,0.8237804474932555,10.15556414149911,0.026600503805739518,0.3835191439480671,0.8139130045789192,10.35068579952317,0.012867225180999343,0.36309169530538216,0.8364572279168172,9.852946048975,0
0.007009632913580817,0.3545423650232433,0.8157245113683835,10.214419182532138,0.011667350399222657,0.4224517629829574,0.8125328988540764,10.36851877750408,0.026249157950059616,0.29720834524827233,0.8466519125736635,10.219527562224224,0.014591039938158003,0.2681775853114087,0.7822833917776667,10.40996392559208,0.04970131896960157,0.37477483270890843,0.8552160512136188,9.823368726329601,0.019274766264736808,0.23825790774335961,0.8796842759291553,9.791154610323396,0.0331710041292326,0.33419836815810294,0.8778022455595754,10.77358165316526,0.02883993439162459,0.21471787669079898,0.8853593474064402,10.97001247672756,0.03270349377375682,0.1737177275632689,0.8741068853540168,10.51885555659627,0.03814732187693923,0.25050293037331206,0.8543179712317422,9.89689068607689,0.02236528789049152,0.24677896480695857,0.86807458631439,10.56166703937319,0.03450244335183893,0.2757742254121013,0.8568285879184602,10.271748551839075,0.017176632488820624,0.2821205712174934,0.8351825438818823,10.53281021437853,0.010669856796713817,0.3103577639458811,0.865461847765325,10.153026434757974,0
0.007622873223627733,0.313677531728078,0.8319204700306736,10.266262488389431,0.011916060949114583,0.36015415923867916,0.8307102739582254,10.016390012540056,0.017298495059961748,0.20479198735010123,0.874862977387338,10.14844869803643,0.012124779332696177,0.19033718297210306,0.8052642718928944,10.029700850626622,0.04365946025636019,0.359615336634631,0.8393630994428558,10.360805888095632,0.03058019548121547,0.3139821099188348,0.8794018461831458,10.58299839677713,0.03000305481050131,0.2316216765830527,0.864306213251551,10.52518623635602,0.02211810211795128,0.1562128787362495,0.9117497052536307,10.464570869193487,0.025583059833007824,0.13008530609565122,0.8766811542801379,9.950480951432302,0.03030192345591172,0.19671554174788972,0.8643307234564759,10.320342874251317,0.02451098832718376,0.23973843977093307,0.8476694907190682,10.764549584734127,0.02193292883348207,0.19544933347267093,0.8749870344732187,10.179363910736864,0.013699947072398562,0.21571600157861276,0.8568648359793897,10.606303471464162,0.009434468713969465,0.237645469791179,0.8621561827660243,10.470837182733401,0
0.007134329862581251,0.3283016463655417,0.8472450495712313,10.716428751921278,0.009011086948945179,0.31302847200369077,0.8821560066746262,10.584423800931637,0.013514913730449885,0.19804616948533058,0.8495094449783507,11.093006027362657,0.009930659002450673,0.2048265123898725,0.8091536757723969,10.771654359845531,0.026616640900586873,0.24819901995142835,0.8776987185221737,10.336751595261628,0.024855911699599966,0.16640679679862824,0.8633301396853376,11.11698290726793,0.031802159558412306,0.21878540969614924,0.8645207818171906,10.59075021696725,0.020459370395482724,0.13304289714923867,0.8672008072650202,10.39197971078609,0.025158071431062294,0.10213486878039477,0.8616637536019409,10.469030692402333,0.040314761742092815,0.18928920045282036,0.8594096023366016,10.534535211366073,0.03889336045426769,0.3017381497636725,0.8754964587089868,10.476985517841486,0.03977085442657205,0.233739913736526,0.8560360496235491,10.44132703453909,0.01728179945223006,0.24558362972210981,0.8545684469505507,10.000872249636478,0.00897479871544863,0.20388187434708296,0.8756919651646654,10.756675387969203,0
0.004630939589574674,0.21951142745774496,0.8543370289443427,9.747470653756688,0.006058216791266177,0.27364271065736745,0.841387406352041,9.627510153067345,0.008537726715154601,0.11651700045504994,0.8481696644895355,10.095249082504985,0.005652798180518646,0.11888809259677378,0.799976804748942,9.525112294709734,0.02112720194304222,0.19259557298047167,0.8361697112507714,9.155848241833311,0.018665801240130255,0.13262029542381207,0.8719352769577293,10.450683564509959,0.03802922763109506,0.3167556547695022,0.8554850745090316,10.490857423199106,0.01869140884805767,0.15430326975690398,0.8600327095221354,11.372392954571385,0.018340723445593475,0.11279321660920422,0.8679841177941671,10.527074884797695,0.04035586908993592,0.288571230325629,0.8697238413827478,10.215782000995183,0.030103946173774692,0.338253162034224,0.8680797216254645,9.975797397096809,0.034627630104633385,0.22889228556927632,0.8564554639723675,10.208096438295541,0.017874777916133393,0.38546962530590667,0.8083297744545058,9.374120067550967,0.008817076974781792,0.262994576799046,0.8745773492175405,9.385449286167773,0
0.003503050401383907,0.16204072699622626,0.8200588871602688,10.010699999233465,0.004907817374959869,0.2071508772015985,0.8211551930611097,9.46137269732732,0.010994202539694771,0.1662175353521468,0.8566389046110008,10.076203559661856,0.005431044483140591,0.12119987879889099,0.8038001271568281,9.626972199543648,0.026019778134013186,0.22011833989216098,0.785221536339505,9.072475748021834,0.02683552845034343,0.1995682058985928,0.8706863352343173,9.67933208161278,0.028412015001713413,0.28849057513071724,0.8805505279806477,10.781327673753351,0.027038409555693508,0.21818210965549284,0.8712068038779561,10.742796671075965,0.02110054440890596,0.16311469647481455,0.8925075191436596,10.147563836558092,0.021881733007630175,0.18746697179536237,0.9060327289413275,9.539022128490837,0.01183980346777659,0.16236799119906203,0.851252856792039,9.213876075015714,0.015273370532425234,0.15171317041195914,0.8209709445938709,9.702351568774159,0.010649782894542449,0.22249370869537538,0.7969387579093792,9.096401446945315,0.004393032218925505,0.1337565395814957,0.8221876814880918,9.179523651444672,0
0.005999359487471077,0.2436214648466944,0.7912236287889763,10.753062883219757,0.005888813180573198,0.21330076232109013,0.7819040354454155,10.899871041795485,0.023807843135030836,0.3128984542583633,0.8650562061356545,9.990276017464685,0.012839382841949756,0.2597493783841884,0.8342931936671331,10.620657741668028,0.02920941151699444,0.260596654460528,0.8907310834536438,10.893994569361427,0.03432807939707047,0.29160200741778347,0.8908020814857386,10.867952668480335,0.022944117789078927,0.2632273536845878,0.8616062801791371,11.08821550744267,0.02511078721307553,0.25514065397941554,0.8684033305791942,11.047771817085966,0.024849584794891223,0.2523920947654234,0.8900503191412371,11.11404813961771,0.02861380278730318,0.2738279988588993,0.8671960040195735,10.899953607879548,0.016178582678794157,0.23855520728861035,0.8308228505078598,10.299386743587835,0.024132260283150492,0.23071092627538978,0.8244336050196127,10.23594186877828,0.010988867156611959,0.21773597031822298,0.7600133931732358,9.76632158611324,0.005961794886683631,0.19224422029544058,0.8020035666295403,9.977515483955877,0
0.0067770494193011175,0.15670811788526107,0.7346703256906344,10.752488386667192,0.006490774113407241,0.1138295267715098,0.7016078940671522,11.230263919986461,0.02426196235910107,0.2206961727215503,0.8175819882636446,10.12383832311528,0.022184849684576888,0.2598644622046333,0.7733579430381475,10.89252786958143,0.02562131084134798,0.1636096252393343,0.8456014007526472,10.993672355726828,0.022314896879333836,0.17975375891253526,0.8826176264743153,10.944817164782924,0.038435636176703515,0.29887113631850953,0.8944669245818972,10.55922606131248,0.030188228491872728,0.2641790003465567,0.8827672659208167,10.901681247532741,0.03781955270253468,0.27156637478672474,0.9185599426428472,11.097657296207217,0.03788452156906022,0.2847655660500366,0.857036159526787,11.183908985574767,0.017878452966508022,0.22366702325458318,0.8517284659499932,11.027621062510027,0.022326966342017977,0.15801212578761725,0.8223683576176444,10.555502699108374,0.014984443686299007,0.23881733586978754,0.8425230418794079,10.390836565701543,0.0050047195148589865,0.11120854786212273,0.7788788341983992,10.120016467691716,0
0.004398442905917605,0.1011433740006606,0.7177564334648016,11.159293894149416,0.007671045989024319,0.12858523965929894,0.733401340310335,10.498379092758235,0.015872413814790726,0.12274213082205998,0.7494153141741245,10.739022056465137,0.013853186278811502,0.1629485591743218,0.7366515502178361,10.965366827681965,0.03164036769890611,0.2729175360424249,0.8582586640697938,10.497812928151461,0.05627477503077514,0.3353226666631021,0.8161055549171212,10.128735687024662,0.11598800265099696,0.5796403557880445,0.8162060683649044,10.540840818547812,0.09965866756484665,0.31954966239605037,0.8269615071355984,11.741822079755451,0.08935541271758843,0.2694046857517636,0.8502264934311823,11.835317642724743,0.04491374419764352,0.303285649232095,0.8693804264791952,11.278060667962148,0.028155675118811056,0.3131207927911411,0.8336266316923199,11.380779542691503,0.015487554925856711,0.10929916416721099,0.8152288422392655,11.595458313251838,0.020404792806765985,0.3049579743631017,0.8586994698998057,11.08351789428196,0.004709862330101406,0.09102912578701144,0.775630640187591,11.441876736444438,1
0.009076558800521248,0.34142405484457194,0.8298288057604533,10.996884766384968,0.01751133355466166,0.36627045257340124,0.8255554787070818,10.56267764485628,0.019299413587349712,0.1472925000383178,0.7919326350158997,10.564851642017784,0.016277796248696665,0.22310610362350836,0.8076909743045834,11.093710823836972,0.05268353453328581,0.3663769534509422,0.8417238557795631,10.907669660081485,0.07788746603330127,0.37333257937943465,0.8140597470214636,10.169932307895442,0.09853039385364387,0.5414328164246344,0.8027599101873913,10.969662816334866,0.1445981311792413,0.37533026738094727,0.7888151867193566,12.10084017067519,0.17589904693375,0.38019008656373643,0.8027634368872248,12.117015905652062,0.10143346834779167,0.44292322857131,0.7971765935305984,11.708114219317718,0.04532957369859824,0.37888012244801145,0.8056213738912297,11.56826080776426,0.021044884748972207,0.1587646076036027,0.8549946623006872,11.112967588869532,0.028536575528367004,0.363111584480938,0.8028422477468882,11.498441173797229,0.010345380032094254,0.26111454567930137,0.835855690919702,11.123691431701442,0
0.013541488781258682,0.3130692385634209,0.8029069702552785,10.096117271138212,0.026129369849339862,0.324483944230673,0.8181922805886135,10.405375814250993,0.02237094985773646,0.20473105688052357,0.7748705369168121,10.327379260006634,0.022144309377477005,0.24117231283595442,0.8000313717850557,10.019040101948889,0.04205946558221625,0.2634271746185621,0.8113322291898023,11.045673774713258,0.05827019830889202,0.2733242997388309,0.8159517600205464,10.796822280519448,0.05777197328324186,0.35158159289288926,0.8130806123428614,10.075800625104796,0.07596240978948529,0.3343900280734082,0.7763858993217284,11.982098557735627,0.10382306162347782,0.3272439599087134,0.8237666936451422,11.763630032623487,0.07865987319252706,0.35003674772938115,0.7901424055426293,11.50643753137465,0.05861051852947757,0.41195468467233903,0.794213976773526,11.407404241271408,0.02582532354610892,0.2450168963571843,0.8602901304179646,10.875500152946854,0.03223797628585718,0.3735828930661959,0.7973239074922903,11.44532937918419,0.014978375789358615,0.3375456063330806,0.8349374064678999,10.761058929886003,0
0.017088987145050683,0.1262177836377722,0.629409144123098,9.025289139657632,0.031165566428024136,0.23069102449714896,0.7078692606407205,8.976425514751392,0.01575396926085839,0.1002645258016501,0.6666936412598812,10.181224064866605,0.024712043612013023,0.1959917232008284,0.7358379723459263,9.266254854667007,0.03730738940400821,0.18857330689375326,0.8202733177055512,10.788295377748549,0.0429254822355721,0.22962083752911447,0.793085765521734,10.432548545819762,0.09184657670809908,0.3559163880887113,0.7854002210410389,9.740030162665075,0.12155953896409079,0.47172990841163515,0.8157562057857443,11.202132268771978,0.13015691060355686,0.3990287039042826,0.8456099488472898,11.097628876865537,0.09067246594171002,0.3944239230424865,0.8347085800372185,10.798639401209952,0.048406685790773896,0.4371020245169577,0.8167089733851518,10.63793107909718,0.03393945448770448,0.2403168707829279,0.8503690738653832,10.799367355167941,0.02463964631172953,0.33386320452828855,0.8116077413678803,10.559122040031365,0.013175229561098073,0.1643052163248732,0.7579698780389126,9.854957851769262,0
0.014962621013021073,0.1419053645793619,0.5729246571356249,9.986648781992605,0.017336444956967338,0.20972838539253966,0.7229071069086231,9.533482864404155,0.028576985956203563,0.1718703099849372,0.5951160726646016,10.237223877479712,0.024142436264377634,0.22338740811018587,0.7670905452001897,9.70159679334048,0.05638874020056015,0.3143587880206614,0.8074575989628905,10.283911088374522,0.04969101462579367,0.40514273026400105,0.8091673515155967,9.73491827842024,0.058241419380890606,0.31891189206660386,0.8341271648153654,9.893609781436698,0.11449405885494668,0.4958885438736213,0.8117019789420724,10.50674464893632,0.13208360045007564,0.4601584419035081,0.8298254678228084,10.745822906672975,0.12507976218144637,0.5162858482542515,0.7805277602101165,10.472135821175886,0.07775717964797489,0.5460014609239925,0.7722127768132323,10.289805295095313,0.05547588557305021,0.2735631112529787,0.7490847116030017,10.383207672631883,0.03670722404115556,0.43623338041414605,0.8024253161276137,10.295528795897114,0.021677900034053413,0.2549918990058232,0.7258934269802853,10.372782756238463,0
0.006099600929652716,0.18230865194667403,0.7262553046975326,10.160352532224124,0.00600756527747273,0.19375018258413612,0.8470720301124922,9.695772726779275,0.019500437824366064,0.17941887575921278,0.6949655070676786,9.947273837112851,0.012821731655491775,0.19786841506062158,0.855345442720724,10.02411128547951,0.029904766463556165,0.33725972657601877,0.8439789290092815,9.416196711694324,0.039775562227614594,0.3569120559591462,0.874119232731341,9.731397432349192,0.05535649548280938,0.386457660542064,0.8486470416474428,9.658335965155203,0.05284342684811385,0.3431004291008018,0.8966511535580931,10.116207407540564,0.05319613803506352,0.30731713766219176,0.8875475345597172,10.83343080530495,0.05689552882429403,0.39624650747001317,0.8236055858101019,10.800049660630586,0.04301276338436095,0.44926073883811724,0.8145058770322594,10.672050046113917,0.03466022403785153,0.25756261138926945,0.8062319110155597,10.421256777805775,0.02061906631880228,0.38521820996410766,0.8199998255843519,10.634231888124926,0.011828142033472579,0.2893337967616076,0.824271630487699,10.705350370591665,0
0.00877193735856287,0.42331440573077855,0.8397713705905716,9.729480727244043,0.007071887674213332,0.23698466973735857,0.8715820629823988,9.431819121827058,0.048278437560372714,0.43958707213661585,0.7591989919055451,9.179810481220304,0.017439218125696772,0.2465765607088443,0.8256084364604087,9.525328817745567,0.016960210438107234,0.19870103513671766,0.874116233351978,9.126873761956649,0.028104656230583974,0.2341008716118326,0.8704511806198145,10.384217136353843,0.044398304448614256,0.3615074021819889,0.8752081886633203,10.687294397083132,0.021211376995755447,0.19364887059607563,0.9002824766919645,10.468422567839268,0.032232959408467175,0.22557172776211037,0.9187833180501506,10.363782160662282,0.03526068320337631,0.335985978215452,0.8872257152476335,10.34137276211851,0.036766765013188735,0.4296790428029567,0.8578192464534364,10.794739906765678,0.04920217021814401,0.3820086265767506,0.8422214613378646,9.840969950267256,0.020293572472553964,0.3861210638142892,0.8623378814535696,10.650083482458676,0.015057175154967885,0.4481438643353123,0.8630163317776663,10.300310062587252,0
0.008031753156000031,0.34215576349847343,0.8305231533702246,9.74954885285483,0.005423026389976662,0.18512194819133865,0.8592929319736723,9.386712827228699,0.04473506150874894,0.34722005318044896,0.7723995902354771,9.067854953942657,0.01131978513666725,0.17206154197836537,0.7946406084748809,9.204205416030549,0.030027005344594904,0.23933421781919123,0.8392294545636855,9.61820375615047,0.03547428454448535,0.28764223704907627,0.888957686297732,10.961347470352813,0.03679845680222421,0.3178704426896615,0.8608396494423564,10.94053605950025,0.031037485576770704,0.2748361813036414,0.8983368448523641,10.959389496584494,0.040359640004371554,0.25498171358649324,0.9029188419874027,11.039049257036575,0.036419538024188014,0.33001810007818566,0.8775510985741428,10.14646925564916,0.032620258963756366,0.3919237306916336,0.8388458365288083,10.312405569020866,0.05182011110889694,0.3819972712666087,0.7597255980225411,9.285894919038359,0.017520153200399475,0.3090786681989792,0.8531848067856119,10.414761803521474,0.013703710357754424,0.35906465549960365,0.8530901556262295,9.95548785527858,0
0.006016271863898361,0.20953989326284217,0.8561216375500134,10.374864051722417,0.004648538794251674,0.15020603917967487,0.8768585404699532,10.129064703051718,0.02189760463161544,0.19318725916792362,0.82565876722551,10.31426014002287,0.009306930179642915,0.13150923164289502,0.8214188482052944,10.675638557242484,0.02417986125438339,0.22081147260264472,0.8884374653467371,10.609554823463657,0.022951361278536198,0.22288388448333368,0.8762910748824105,11.40562085785306,0.07384451071738896,0.5095207065634739,0.7888828259417959,11.254075070885527,0.06766066907256743,0.4551215006923142,0.8333403038716253,11.268762802185885,0.07591031446501181,0.39582333309442336,0.8491797771624541,11.561230779306278,0.04351582830152786,0.3229575717995388,0.8617822060522645,11.065773222494592,0.030300650391481283,0.34261323395814686,0.8210667844509174,10.934254365650599,0.04509503387171514,0.36616733457440614,0.8384416936929049,10.776800986054244,0.013188829328836341,0.20839680549697542,0.840891427187237,10.848132101015988,0.008711265982848361,0.20750533488188969,0.8521321725502935,10.209868132834599,0
0.007141731223655886,0.11215066640078991,0.7286059933581651,10.20258384635949,0.006137940284412778,0.09877945996237582,0.76402108322083,10.033301889671977,0.033011255081319996,0.22344920357949247,0.8598496935435201,10.454573872749116,0.014979992351511606,0.1723372798257333,0.7720390029058064,10.790916268756874,0.025812941392664972,0.20216331756484243,0.880832103171468,11.49316324800655,0.018498564337965397,0.24481574854789964,0.8951525277183873,11.099943312104438,0.0830661706443995,0.5168971296838666,0.8267426793335557,11.044539566372316,0.057065610610843455,0.3475428651791531,0.8483014226141832,11.242453303521524,0.06627532520713922,0.2898900062736379,0.852766179466461,11.370681869465422,0.03985567462933923,0.23600858722733953,0.8476717419256016,11.283112474381,0.02379997327168077,0.23801720205907806,0.8541577185533603,11.138027459122773,0.031128563805475018,0.17608948421669157,0.8548221240734881,11.218926474370797,0.010648495552260356,0.12835636146653362,0.8535521512423081,11.010322462391093,0.008613938210898132,0.10686211056412956,0.7612813161384991,9.716757498040295,0
0.009581476722895048,0.04699850009374819,0.48538575901673137,9.554332301245632,0.009010320735154788,0.053386450074964474,0.5194985927898597,9.301076210802908,0.02131513866573527,0.1094666787615666,0.63680644261674,10.51669556638638,0.014702866094669462,0.09394157943723543,0.5597462736989032,9.96603456506489,0.05155735189999587,0.38012629925640684,0.8688604722454129,10.823113303714498,0.018385249499650654,0.3196122028293652,0.8854310775527416,10.656994360780287,0.034321286190541346,0.40371387469704695,0.8279775593319538,10.222386829988379,0.04258957548914831,0.27787444599148964,0.8641801783937266,10.267600167724868,0.03566736518650533,0.17740388584693811,0.8932479344572278,11.508977501452767,0.05068724020079032,0.2716332390150187,0.8365391953228742,11.779195828903172,0.02250651903120363,0.15851264670686016,0.745597045959899,11.61114324365593,0.016871174953469216,0.07317139666761051,0.7043997663301904,11.077587530385038,0.015601192625346386,0.11422846442007582,0.6656374829401984,11.22676063162381,0.006705007697522748,0.030560440581207545,0.4835088346461716,9.53051858377961,0
0.00609239086528625,0.07104027364079027,0.44179414963970814,9.35437049180665,0.006325425324326667,0.08482863883512583,0.4599542405721416,9.166382754076114,0.010055121245319322,0.11392189363980662,0.5527936482449665,10.168906305636963,0.009134499017544923,0.12585013968265135,0.5077840941801289,9.48560575257867,0.026917472910237158,0.44912733929028775,0.8607032742782668,10.237186650368967,0.01349242099292085,0.3376257739519521,0.8854979477251012,11.028043495382528,0.013480496273970239,0.21506295045359067,0.7800446011721112,10.278673971943597,0.034271425669609855,0.31663571679079305,0.8437097821156764,10.20499625297361,0.017372216363985154,0.15962869922948608,0.8778606805413286,11.125217135999003,0.019527698925693518,0.26374564270628315,0.8697692289231924,11.251192636573599,0.009895141701618659,0.12104342467654272,0.6874031122616573,10.790240519515132,0.012471162798053492,0.11177061742693137,0.6847456510229096,10.068007961742033,0.009612877852230589,0.13563566768645946,0.5989820942408799,10.619117417571642,0.005171190219417176,0.05077181292809072,0.45882639891386306,9.625014637200545,1
0.0008284801767692212,0.24660302851286328,0.6892069189547948,9.594725186557982,0.0008506837965058656,0.24385301768379825,0.6683605396050804,9.651533515522472,0.001913030580631135,0.2500931989147522,0.7081962414301619,10.039407199112269,0.0011438599986770665,0.2498212257904929,0.6635638745342521,9.828019249160201,0.0007653759113923878,0.25202966960400297,0.911962481414043,10.80676253736104,0.0007996738087986898,0.2750024374956014,0.902769792050005,11.366741283516408,0.002877055490578858,0.2729338661651533,0.7771011893729355,10.060425925477407,0.003226111687436999,0.30920023112075595,0.8449217671372018,11.019356115353268,0.0018783740468241977,0.2029502154580194,0.880867593243704,11.046228458402895,0.0009687709037531363,0.278603254074871,0.8615947864829436,10.081249462339066,0.0008849135048337124,0.23797204383250195,0.7993428761951165,9.765401260368057,0.0024741125990140693,0.3166310524735456,0.8198231015268318,9.84596262432035,0.0009447436656099866,0.3372020240344705,0.7589930781529924,10.008846469426295,0.0009005596302963589,0.21007191825534355,0.6914498363259132,9.804136744671615,1
