AF3_alpha_abs,AF3_alpha_rel,AF3_entropy,AF3_cog,F7_alpha_abs,F7_alpha_rel,F7_entropy,F7_cog,F3_alpha_abs,F3_alpha_rel,F3_entropy,F3_cog,FC5_alpha_abs,FC5_alpha_rel,FC5_entropy,FC5_cog,T7_alpha_abs,T7_alpha_rel,T7_entropy,T7_cog,P7_alpha_abs,P7_alpha_rel,P7_entropy,P7_cog,O1_alpha_abs,O1_alpha_rel,O1_entropy,O1_cog,O2_alpha_abs,O2_alpha_rel,O2_entropy,O2_cog,P8_alpha_abs,P8_alpha_rel,P8_entropy,P8_cog,T8_alpha_abs,T8_alpha_rel,T8_entropy,T8_cog,FC6_alpha_abs,FC6_alpha_rel,FC6_entropy,FC6_cog,F4_alpha_abs,F4_alpha_rel,F4_entropy,F4_cog,F8_alpha_abs,F8_alpha_rel,F8_entropy,F8_cog,AF4_alpha_abs,AF4_alpha_rel,AF4_entropy,AF4_cog,label
0.010812287161539024,0.311601077946908,0.8504248369884648,10.199194605627484,0.010368912455330953,0.2770246208804825,0.908194858964128,10.829246056467976,0.047745365154831874,0.27448201553454826,0.8275111711014431,9.539037709042622,0.021226374503577672,0.2624820339058438,0.8905067530380221,10.752617827232434,0.07596024158783651,0.3421434040963162,0.8810094282143638,10.840886476434216,0.04442182044143418,0.26787926623059544,0.8957781880029304,10.654502737142064,0.05485572268703379,0.2676986116868605,0.875159473889059,10.732248208231248,0.08887247184252323,0.26904073493721536,0.8097790858789765,11.42813922809764,0.10700127371459084,0.31645313175914647,0.8115146341886107,11.02683371061635,0.08501420864802342,0.3114518362122409,0.8416587612706653,10.347947142049145,0.04672625478038868,0.30820786893297925,0.8590431644082519,9.843486965050195,0.058349443709255565,0.30767624007392813,0.8527425996163013,9.359317399466843,0.028151852885934598,0.30663275943581464,0.8604795445736266,9.818384200665143,0.014911208400707197,0.2899960501510601,0.8751087644941109,9.652782202592379,0
0.010739489554116076,0.3043634216080626,0.8566937041927638,10.133798380818064,0.01610243399135232,0.3509313068111083,0.8863176261129164,10.406651571141238,0.02012945455129697,0.18550452453438043,0.8706281720701033,10.2320130564527,0.02523709793753414,0.2884137501624759,0.8712747494298668,10.555075041132053,0.09220987117377372,0.42728552402046693,0.8317891997513505,10.658891630227735,0.06158577625983744,0.30229207095179483,0.8408874119256623,9.380136531639891,0.05011674159693283,0.2906224454961345,0.8763127839701874,11.15654059801791,0.05444982408894327,0.1408671347799445,0.83024626404966,10.274564390538647,0.08784409828086226,0.20509859832509203,0.8395351831685017,10.094936054264512,0.10080229283502176,0.32853569088776663,0.8418920952458592,9.552082172585168,0.036418797164025296,0.23392182322963975,0.8602807267344067,9.429658362340339,0.02134393114619455,0.1682116968658253,0.881327213428236,9.32713894010585,0.021215726725609743,0.23543175800501887,0.847006468575836,9.27154516232999,0.008888546758700213,0.21053139938462978,0.8660742051689198,9.199839653427793,1
0.00920168355135509,0.31703729689651466,0.8487208315754906,9.584300747879599,0.009749857060498962,0.2709787573263908,0.8543780888872863,10.04311459821342,0.013806499554002453,0.15966805942282036,0.8751636392091658,10.040781513774157,0.010777068224554024,0.15004603517518272,0.8873748026073814,10.028057064742576,0.05586637165065508,0.30797215700710295,0.882390462398778,10.614721709054205,0.05380102235322871,0.3212512730598928,0.8778736069821542,9.795854065175435,0.0649632842959435,0.40232508483844315,0.8606829338994245,10.252398487563251,0.038702247309638095,0.19120367142389808,0.8747132766973134,9.914670570476446,0.048206626715038524,0.20407885745900997,0.8689907507822869,9.94643340434334,0.07968307122297236,0.41129923785887734,0.812917847125401,9.459876626324034,0.05873781021578678,0.3406115213124894,0.8111861207990279,9.308358309800788,0.03632178230835389,0.26608620247466774,0.8908948920622694,9.66020671575928,0.03562282789241066,0.33520207720601725,0.8189987093727575,9.160596644892525,0.01699411317294326,0.2922510708836165,0.857925900566711,9.547422651716607,1
0.0068345953416260735,0.2703480563254638,0.839033176864363,10.278858433328264,0.00545865208473883,0.18857515655758722,0.8644217319895302,10.74473499780773,0.01229099937846555,0.14122684953610676,0.808334154389225,10.539975085634206,0.008934093084279292,0.1286713705438507,0.8779393734154209,10.407039499181327,0.03338327769528878,0.24108690300670382,0.8776507936984399,10.554119056525659,0.045781801516471245,0.2689131733553429,0.8825773572261999,9.932541540807955,0.0493698784826713,0.3411524646351624,0.8260552484469479,9.991000117976109,0.037645405440197635,0.22457387310450536,0.8643271500118861,11.142710755877307,0.052509749568490305,0.23832100639769765,0.8808234240876903,10.84945932992183,0.04847670345882467,0.36373928354701135,0.869712075531896,10.401021932878367,0.0431500611273224,0.2690570737975563,0.819838984650408,10.057960530100031,0.039820527213226514,0.3122621090736417,0.8230859489798974,10.337774412131122,0.025580315135105232,0.331907906877437,0.8446068315387462,10.011428104633099,0.014528790019708488,0.3442338330666776,0.8174741507619945,10.213593864970186,1
0.0041662254314864915,0.20298082701194542,0.8612692916042431,9.855080215023058,0.004182484627323608,0.1741951995683915,0.888329816855791,9.620058414328792,0.03235865457633835,0.33227473587060496,0.7988519961343207,9.512335164575326,0.010352739823969158,0.19023931115052142,0.8146051010394815,9.538170029420227,0.016619404726557766,0.1503624064885842,0.8829368397656838,10.329600874907824,0.03171098935985087,0.17756654148354367,0.8456525065177277,9.626210158460768,0.07058297366625838,0.3593385628640665,0.7936634736839852,9.985022546769734,0.09256112148569233,0.4640755603614033,0.8238474122753706,10.468341335357353,0.07890252658939158,0.35168477882434557,0.8489105919062011,10.28660179951825,0.051083225482527715,0.31823181969757175,0.8498287041779784,10.055209412803498,0.03934181186575162,0.24730672634123138,0.8379915307254662,9.286844776738027,0.04012168275505886,0.29723435338417564,0.8259827634784642,9.290174033087574,0.01675952558522839,0.26347931590548485,0.8754461917540834,9.553174039010804,0.008903384534876239,0.23742028968059073,0.8509983409205562,9.485769864164316,1
0.0032090381543386634,0.1381988635503185,0.8793186374665768,9.573730186935313,0.005561934538126168,0.20960692302384912,0.8700226423083947,9.91982014131586,0.03173395167688157,0.2617275609924717,0.8638006096128914,9.543474282224166,0.00735906114073279,0.1373775775316691,0.853395137468236,9.69087486390668,0.015938722919257683,0.11958299478339467,0.8955542346047325,10.415431505300909,0.025519820452370688,0.14576707057924537,0.8158639524155729,9.977831476474671,0.04101606510841473,0.2641745583009534,0.8381775962317327,10.223397934376202,0.08405436493191988,0.4826775353688939,0.8287690946713543,10.619116646909974,0.08966285406336441,0.3520081690886897,0.8653028283837902,10.455864560015094,0.07328135421073889,0.336939153623383,0.8367867583179781,10.088161611551023,0.04856272868970579,0.35029548436722435,0.8432528133064561,9.588393662409079,0.046341789736908244,0.24110986284017216,0.8526257157421411,9.338738401000553,0.02251564733964354,0.30040668584035907,0.8389099600944294,9.60359369743412,0.00807945011645414,0.16979031215365425,0.8888840220437152,9.512214636673491,1
0.0032995678396976653,0.13885344748560413,0.8467636967519279,9.807068536277756,0.006483679490988424,0.22165662190996246,0.8778157902710739,10.086718142691144,0.008225523673753475,0.06627956548072869,0.8150629094569772,10.142388348382424,0.01030283320755254,0.1401247622846927,0.8498785459138156,10.406163470903548,0.03529026937450977,0.22377616567587277,0.8642987656435194,9.490020511412622,0.031123004486688217,0.19688644079737305,0.859273129495219,11.280201270722891,0.026915630592287788,0.19272326814067245,0.8977699312612576,11.351477130077848,0.046776214081572974,0.28539537026508965,0.8954500333059928,10.51746516902276,0.045714299071902616,0.18981859745955798,0.868784984032249,10.253405260249801,0.04738828882606659,0.2747322238008627,0.8345273996139846,9.683109369511344,0.022537534872079677,0.22266846454189465,0.8775687020945503,10.114895191585537,0.01158689242218339,0.07606570212408395,0.8555628089141937,10.53112084888802,0.015814559521625818,0.2757529771318964,0.8413851998936422,9.850121735951088,0.003663702182686335,0.09743026029508502,0.871160605630528,9.766659930507442,1
0.0036138561080906557,0.23612311685649093,0.8235367249058757,10.457740538321506,0.006107865323991627,0.2783596801877298,0.8803446609120179,10.223544337873312,0.009160252544987793,0.12158641331762135,0.8093978719008222,10.345218924443063,0.010260311862962414,0.22630634885506598,0.8711346509910166,10.348078127634242,0.03554217646965193,0.20877977597957384,0.8550312732284608,9.751956870868689,0.043219866514431396,0.2552141282023633,0.8339047476200913,11.827833044277703,0.04950562759347605,0.25111581038083314,0.8553785568598199,11.206976019275947,0.03867627737256276,0.21079370080173188,0.895807029876432,10.297893065497945,0.03417207955812495,0.15158275861056777,0.8479893632048431,9.604413647303188,0.05059722529064511,0.3231811714278496,0.838764047507079,9.87276524444352,0.02169528696016103,0.26257504609769056,0.8664579248717397,10.867683732807796,0.009502146131237694,0.07956928464017138,0.8350495391047958,12.07134376335101,0.016772652282299624,0.32751317200119395,0.847529411901279,10.403105451741705,0.0035099932768339983,0.13145125300930333,0.7932103070658403,11.497140472089713,1
0.004611080119266357,0.23947842671558725,0.8351834330547269,10.968470195032202,0.006962165811462579,0.22932558808269263,0.8942148842286569,11.08134917683684,0.014475746823342812,0.19584120012461728,0.8732936598538803,10.304962544969154,0.008798313040513591,0.21106626634888528,0.9048202797725835,11.066914964163024,0.06288600335729659,0.24909495640251994,0.8569846278009081,10.369071559076886,0.025825596782233264,0.17401000071064573,0.8617171411618794,11.417700638435528,0.03177741966222058,0.2100933498707154,0.8621920020277777,10.21485287141217,0.04956561655739255,0.26750477709300124,0.8439887586419461,11.44289498615474,0.05845358148509954,0.23204975570806533,0.8749437043277135,9.954401658976527,0.05804784432448848,0.30190193243831637,0.8632622485901376,9.85016466885224,0.024663446247160537,0.2244189908034346,0.8543596279059686,10.83716206975003,0.017896204708459252,0.15054652280111364,0.8540368806811106,10.986140705737945,0.018946150176781112,0.26794048305425894,0.8518534429074278,10.661533404503624,0.007954459012420747,0.2142993182452765,0.8300823005965465,11.342252179376695,1
0.005955574562069342,0.2657858506527995,0.8620961890150388,11.068193433014377,0.00936248467972684,0.25274007710403956,0.8623304616769462,11.031874872004238,0.017946624493452194,0.19304150464258696,0.8542324323976505,10.21535202170461,0.012393890337698017,0.26312419245973956,0.858037594144154,11.479470938471925,0.06166887786630185,0.2919623206840795,0.8522915534028632,10.494104588209202,0.023888039649905064,0.1682894632487926,0.8310458290887419,9.847219378124487,0.025359125099415035,0.21870550771994682,0.8917639758401918,10.685104773779042,0.028010663036467078,0.21828631917356447,0.8848042242156536,10.478102771116586,0.06120517238348774,0.28840074487922956,0.8803739537973533,9.475840399605927,0.06963896737323456,0.37947437821165164,0.8668513446730165,9.763623153349585,0.02476665941903311,0.21079105466757403,0.8586617489763455,10.644462102471802,0.034746410696296165,0.2323013662986571,0.862211033746734,10.482175442704879,0.01781027476070313,0.228032569567865,0.8671031865395297,10.908152122832146,0.0108252366139535,0.2665824141042184,0.8735763162550422,11.108512753539133,1
0.0028791794119334083,0.19958131358358994,0.8792714633587162,11.128003634583886,0.005781402920500161,0.21056387304955518,0.8435332825748023,11.408077846223055,0.01647467593440837,0.2768125798818726,0.8858832874571881,10.523423331225029,0.010546233768644097,0.2636224235244365,0.7936513881504134,11.36003458097999,0.03413055414301992,0.20493279315569052,0.8286403395704276,11.106440199376442,0.025191386272007118,0.1840958193391743,0.8702274069730556,9.842472874666635,0.034569400657420174,0.27728398026729717,0.8713124084467738,10.614345943629338,0.026213744095463412,0.18445038021009938,0.8890653227483502,10.01468157673743,0.036035830094158075,0.19211280916839343,0.8929215748926728,9.650298705909858,0.04802209253030954,0.3798296948324493,0.861652992869954,10.127945547787023,0.018215640597569978,0.20521273950031926,0.8791796433624502,10.837615782170134,0.021095093927052215,0.22019370067822466,0.8658402746455458,10.728356025667361,0.013234067766195,0.2211915393855958,0.8526986737084289,11.108876550297326,0.0086357522045121,0.2709226234623837,0.8722438176353203,11.220833204565004,1
0.005783610439331122,0.16966364997989,0.9163264457911411,9.992769398219579,0.012476751268765891,0.17157556356138928,0.9343605063193644,10.543602148235413,0.04238721859787736,0.3918526191605661,0.8405094356062647,10.119158035386713,0.020412320543007425,0.23278831123201016,0.8859764203940466,10.314064141469231,0.04959694538121224,0.16954656336816992,0.9040620753711679,10.656244353075765,0.06953834142247058,0.23136052477297778,0.9213622066617133,9.826354779998972,0.09465220584274063,0.4114468967274557,0.8602972488215327,9.664109121790403,0.11849149799554734,0.3472316001697822,0.8683527644064927,9.807617975971505,0.08980190356526388,0.41037586694025746,0.8583456856211756,9.704346974830917,0.10959049268731069,0.3808891105536485,0.8621699341997027,9.899755925394116,0.05045747384274548,0.3601153655886434,0.8760388249750594,9.952939522773454,0.05364821624414439,0.3125589268038889,0.869430570643659,10.123664794802727,0.03977514897105306,0.3020574545454889,0.8621686824179621,10.07047502435215,0.02024430787303787,0.2635120406806032,0.9046788200483181,10.334904082540058,1
0.014550359169300987,0.1758519314156686,0.9566954796767354,10.051862972292456,0.027474189370787022,0.12341216121126318,0.9716651281167866,10.315795488318951,0.056641504975167484,0.26678738257656404,0.8947368445709223,10.115292971698398,0.03831663955767154,0.17089024547882511,0.9289423102253478,10.327249247219477,0.12690090126276662,0.18196179394790793,0.9695277267960842,10.386429927415492,0.1465046918718274,0.17486723216157682,0.9686163176509597,10.004099618130402,0.12261888419526085,0.3135883541804542,0.9020280173276766,9.856953856133975,0.2088729801556889,0.28077391412232683,0.9128585375866269,9.717769494636029,0.14745377416111963,0.4753864393222719,0.8159809105986333,9.926936346435216,0.17472252234769042,0.25059642263483395,0.9167894490569091,9.751707015433883,0.06919675699632018,0.3084655958578959,0.9009311602489,9.92451745213156,0.07840089674940276,0.3010230580293182,0.9011180585618064,10.13645656554549,0.053246248287542756,0.2223498404230105,0.9339675986142754,10.129283311916785,0.0356466573387646,0.22415818450597647,0.930877850658337,10.217704807320887,0
0.013344724017271773,0.289596888451484,0.8665814450971174,9.739577422564027,0.01653118558863427,0.19038074452738044,0.9210744086805842,9.951484796829588,0.041205307755354977,0.2896186668549215,0.8506860965638041,9.995358722342651,0.017229914792707256,0.1682063791667692,0.8779737654144416,9.978466616220583,0.06264183853609925,0.2240304370219482,0.9129703820646796,10.102240522211142,0.06017860034516621,0.19537284462489288,0.9362174368114918,10.132895791485032,0.06981453056512953,0.3422082065870542,0.8473410124601972,9.905827142179442,0.17433185219931802,0.3932616457271036,0.8440264553415063,10.131161774557278,0.1905972424975044,0.5137733327769527,0.7780965723475781,10.332924539764923,0.1783664900612014,0.4195673298150093,0.8202920611979558,9.915339664315706,0.09252337774602054,0.40255357269360525,0.8341153111234602,9.708693771058023,0.0649103064973439,0.2991838132019058,0.8705294538654657,9.92696960894962,0.05769401369265104,0.34853468542486,0.8540381525113402,9.704612036031161,0.02718711253889779,0.2747963147048589,0.8631587720066233,9.882154004207957,0
0.011248433999417726,0.4365774853732985,0.8294029999999362,9.570782100920418,0.011942867148007186,0.4750776100628315,0.8629764791355169,10.014224208850726,0.030933821299976016,0.3292549044510451,0.818394823699455,9.845202370876015,0.01777204667961926,0.3527244003581005,0.8637806437033779,9.944108435915552,0.05571371640446845,0.41707249171888283,0.8574909820164635,10.130369219290117,0.05688633025347024,0.3340426806120013,0.8214994279818411,10.586061813946994,0.04528188921045868,0.3174874746216434,0.8696084350548613,10.372349144550041,0.11866067345249855,0.423956960522207,0.8169292042353077,10.749600847618026,0.11418123423017743,0.40340861039146686,0.8101832439385346,10.438123021081495,0.0899318611975563,0.47935480874136993,0.8083473165331724,9.743946958407438,0.06551970733847676,0.4411096472448563,0.8076310324203965,9.33427559115648,0.04882320760200348,0.3204834705880822,0.8350603794291701,9.522207697891805,0.04358627164187033,0.49318242211076097,0.7827981572883617,9.290998592743474,0.023070406316927725,0.41671683803370474,0.8307042715022125,9.320230218703221,0
0.009005051231138308,0.3829548051477236,0.8112621786399757,10.536108579611836,0.009602648118741114,0.42731006768644025,0.7924619210315933,10.920498517840361,0.029284769196521936,0.31707750810750535,0.7778713855749895,10.839786037301796,0.017917586413586165,0.4198456583761849,0.8528884602009669,10.852884743594007,0.05756097722744615,0.4377310370557595,0.8331892658994592,10.496159385330827,0.04406001999508989,0.2785576641471735,0.8543579913016608,10.594656010177346,0.0343222811208734,0.278392315996044,0.8683736746057567,11.046554640234389,0.04875965982330949,0.19950207193240171,0.7775490850365957,11.565989256700293,0.03524288861969756,0.17801550374382094,0.8748579620625372,10.994422292495724,0.0319710401147413,0.23096516881249415,0.8731124842942556,10.76982807829328,0.039219430600365285,0.34210409912228673,0.8307174484607047,10.657456407923439,0.05627762390885414,0.36619373362962393,0.8196780574329562,10.491819602038197,0.021653677485179806,0.34251140405171826,0.8406257976767233,10.632612053967952,0.013303987752080904,0.36338199838252894,0.829706740267777,10.327033031989691,0
0.007236036599751957,0.2552558846744069,0.8767780548066508,10.398866031061289,0.008570076639162537,0.3099946741226189,0.8531680531483027,10.467433588647399,0.029944088437943012,0.23996046578895894,0.8056149618341583,10.500506138100883,0.018416733965097257,0.32781359876231936,0.8720248027376026,10.320804254385857,0.05798525506511494,0.33842075569150953,0.8731478320785435,10.237978269996466,0.030872058075141894,0.26498698453134606,0.9135293309917765,11.216004335041958,0.025873891192045702,0.23963741401851582,0.9069437974223601,10.796051154314025,0.06179799123585668,0.24569978508160972,0.7798004394833138,12.205569717061872,0.04236744617849662,0.21977416426341087,0.8486379021119856,12.083890442608377,0.024355105336000445,0.15396373586615258,0.8872952747505228,11.281355105890173,0.03987327852894987,0.3222612567724531,0.8565386558021477,10.603569102153399,0.049793867891586525,0.3141341675985832,0.8364362163033149,10.428408687323957,0.02413747947624115,0.3286903532145494,0.8762496045912095,10.371647650283803,0.01252174664821923,0.2921927325823321,0.8841896671577641,10.647692183750078,0
0.0036656745911870527,0.15061939654938017,0.892653803401275,10.360510614177613,0.005842357401707154,0.1761833582975217,0.8403590036298444,10.511664622917504,0.02076964166529932,0.21553261890792474,0.822305651142799,10.290227753164144,0.010350563242740217,0.16670397681923604,0.8096136823993758,10.552852373356137,0.052846905263230194,0.255203401080396,0.8793672990646353,10.638998046109336,0.023232343872196675,0.2009755109133732,0.8862448523971911,11.494792573829535,0.028896155793925023,0.1946476651681459,0.8805884844505845,10.790559491395525,0.03990268804524414,0.2509389988127133,0.8534767114433329,11.837855521823172,0.02947797381934869,0.1903034541485114,0.8877395750036777,11.298920187460691,0.010872370092454684,0.08820619345267573,0.9125181967937812,10.185216436042326,0.012154944029717788,0.14567788908367027,0.86977959982007,10.01776255356951,0.021156204703183357,0.19707654469655658,0.8960630425366801,9.54170426106948,0.009445324138611705,0.15811672954137193,0.8864275265383323,9.738601894271257,0.004804293523898899,0.15044466500024722,0.9050458747402896,10.506606354252678,0
0.0035512255672274715,0.2017234584587347,0.8992321703734859,9.631824449753541,0.0032840724111092884,0.12290016997175243,0.8472051101696733,9.695970600450524,0.010871119007713913,0.13454929247838662,0.8378720318934202,9.868677580644322,0.008377206622282161,0.15958915837125634,0.824581353657275,10.321517060596758,0.028949137682289447,0.17672887453242123,0.8901022243562934,10.007194747114251,0.03367795603888528,0.16583926809885333,0.8697187610714665,11.077962718402981,0.03893841026551789,0.2800738136348828,0.8752212500915889,10.611051971121094,0.07991716217705891,0.3556490189388839,0.8083960577269677,11.124923282081841,0.0670479331647786,0.25512084644486865,0.8599179266209016,10.70670824617077,0.030104210308617343,0.2413744215409494,0.8623289243301396,10.04146967553561,0.026156368712072147,0.27038123281352694,0.8786948739438509,9.812720833595776,0.020787828609062645,0.17686075727200992,0.885416108583519,9.475546015337214,0.016970779827225224,0.2489898723512203,0.8340799242840929,10.145167393023884,0.006641801871820352,0.1903762796901287,0.8489991264509239,9.673207654939164,0
0.0038188155097571923,0.17270518727177078,0.8636668151296344,9.732423025490073,0.002909129965335824,0.14943455380576318,0.7981829781031552,10.173360662500118,0.010289553955979875,0.09919552119074697,0.8371841226841759,9.630041303515718,0.00942566625814865,0.17945545510516664,0.8052720069021757,9.802396543772614,0.02563669638075454,0.19788651502451968,0.8114292965265105,10.1182767883455,0.03055395254871899,0.14911418547322947,0.8182401974046474,10.997179111321378,0.01310686413801315,0.11540817868021484,0.8267782512568308,10.44919055545135,0.09205181764267222,0.31783353098095724,0.7757788959780302,11.126676076855434,0.10141811369614998,0.2816365201235257,0.8222438523887349,10.903590718018132,0.04064082424801097,0.21757652438747171,0.8543510773905827,10.152892128659461,0.024536604807714427,0.2052654237078443,0.8604182240280384,9.771790413233786,0.019540839964685548,0.12609505111412503,0.8787697185053561,9.404629769326652,0.017112870919038754,0.1849562402267497,0.8114491771041867,9.778012965168022,0.00648859521806962,0.14871243866380152,0.8137308511308723,9.515805101917922,1
0.0031877422331518155,0.1347206700239215,0.8007104303877103,10.208955299373105,0.004881384395946086,0.21281696711811407,0.7952785477345996,12.12304970954273,0.012750965483701089,0.15466189806846203,0.8235060718064221,10.078622647677683,0.0115005519212604,0.20946558622629843,0.8387141197721268,11.446614288695805,0.021268888228956936,0.15418654218485228,0.7933995864076072,11.577177490085063,0.025070934067964238,0.15377711191548543,0.8572017265073333,10.746728140255216,0.015517457377660845,0.16580817481373183,0.8536800440478334,11.423668213525957,0.06559045883115101,0.3416843114520614,0.8481915235582612,11.525244748470836,0.06595388055047974,0.3017498783690934,0.8426314052351587,11.73095848655284,0.041080548227889514,0.2385093808433466,0.8617015255191618,11.234178969704882,0.02932879600355857,0.21488644838565923,0.8118621065766454,10.390976877949631,0.03023065138352456,0.21034675867976338,0.8869301768525902,9.688328261271652,0.018512964235830116,0.17756021535515615,0.7848120033491133,9.921366972347856,0.009562096869666348,0.19586684214787814,0.8182307039520503,9.851625441528855,1
0.0031402943297677618,0.15125180216484588,0.8006662438307637,11.713943129245298,0.004142864641370298,0.15753968050469802,0.8286803544641919,11.949995671442236,0.013345501583219892,0.16176729161182088,0.7787955097350591,11.367178798480172,0.01294084142588511,0.2172647377648075,0.7951752338556949,12.00670619199185,0.024813080102714102,0.1581283324339871,0.846880909906074,10.885897777158098,0.03545842560686606,0.24452416762101364,0.8440131105931189,11.123797504494732,0.03564112393128778,0.29782661462729915,0.8391165965269841,11.639781235059198,0.06305018286758242,0.3689418712630716,0.8433666092948308,11.619728681025153,0.06635918807411104,0.3579356455171581,0.8249668055800654,11.91820949264565,0.0557520223632101,0.3508703763435099,0.8343001425421498,11.830702591114505,0.031680802556001336,0.2779915644653465,0.8295387723556013,11.304755727127908,0.023496462121966235,0.2172283937260966,0.8393949803777858,10.766194839058498,0.01738181123152139,0.2220467930336163,0.839048006302578,11.224934013193508,0.008075928191324454,0.20245704116499277,0.8499658432934903,10.846326995170195,1
0.006163938782137677,0.2341042975400337,0.7628844525485325,11.583554454280682,0.0050418706165552985,0.16979944803394512,0.8523661097291252,11.128069203588481,0.021767035205007366,0.18425442216830754,0.7419827900113003,11.66541013839868,0.01395718309087848,0.1883481549511677,0.8074324604173009,11.617224835529166,0.04031611482166611,0.25650663280887603,0.8556976129686521,10.487074949410243,0.03943305968878383,0.23751070985553382,0.7931590947463215,11.340815176732766,0.07453281454914648,0.335400261225005,0.8077551252431122,10.262522664424228,0.08000203146097278,0.4242124838350619,0.8583475737360053,10.73092842110262,0.08054712157634208,0.37956375514605006,0.83565255380306,11.402054176149745,0.06901651135765763,0.35126174060192283,0.8693561251484041,11.104058968052792,0.03858214307442624,0.2910703269031574,0.8202986825655292,11.160778798522339,0.05077046237883874,0.3051122401263009,0.8319186480743702,10.710336479010294,0.0221133321408655,0.22456220269859495,0.8329088234693931,11.106802940890447,0.012694549192531972,0.22430938480106682,0.7916571572114806,11.60535792984768,1
0.007006287309590671,0.294171328509087,0.7909485247733834,11.361807500546455,0.005343471082873422,0.2566249914081468,0.8898721521548238,10.35025341395611,0.024712459241172546,0.27249090123947184,0.7750693619864935,11.03261940553419,0.013213431843161143,0.24078733927816195,0.8948877849485792,10.725548862783832,0.016163851835208434,0.17992164742975367,0.864910439619386,10.670187745096017,0.02683417819870131,0.16513689756069874,0.815144503019899,11.318353312664176,0.0737948669751107,0.34973225711763045,0.8051709376933694,9.911415435018982,0.08911759564325945,0.46154969347394664,0.8068159479074255,9.846414158320485,0.1110490298863293,0.45621404493777834,0.8303914045432046,10.35144488391727,0.11238789764991423,0.4865432760644914,0.805059113167945,10.342206703507495,0.04653330821941007,0.3123686747645545,0.8317474240664239,11.095531980301756,0.055220409004527404,0.35680941552716566,0.8283210516474445,10.620968199292543,0.0361454170694574,0.25724511243287734,0.8211584200727384,10.771679930124426,0.015920275792148893,0.2652712446897057,0.8063718600242512,11.619474244256313,1
0.0034626402688510004,0.1886507907782599,0.8601592105007185,10.501753650532008,0.0050790846083841506,0.29053860051897173,0.8653594483465982,10.747502533309238,0.021716367282096468,0.23097573451412626,0.8414158536537159,10.39224561083877,0.008470753523261812,0.1984596898759642,0.8888513264247577,10.719495893218872,0.014131562936308142,0.14491531807432312,0.8399927184460807,11.46633537556224,0.014959873120358192,0.15648887293286162,0.8365795471067868,10.715787423675156,0.022033880088494894,0.16442372480577747,0.8148421241808137,10.095455884671917,0.05156124479268687,0.30659077586922484,0.8254900159168954,9.779646843272587,0.07026047985737549,0.34438900430056024,0.8699697905920905,10.400939324277713,0.07419039844162947,0.44013208109781404,0.8332599422849545,10.342334285629587,0.01972444631634818,0.19936215477833555,0.8798270012913579,10.349030379797757,0.02247125638742736,0.19714530340297853,0.8563319482963212,10.010416938308902,0.023241774037617364,0.24745120084277386,0.8292728577633215,10.064731764390688,0.007252542895592318,0.1931574365511138,0.876533488546372,9.884700308266495,0
0.004960903907306445,0.22512876201329368,0.8318473059256131,9.903050255445223,0.00498956414197454,0.21484995465816661,0.8701156825031194,9.562227732850477,0.02273629049931403,0.21704670708126275,0.8271714050958076,9.914445426704132,0.005667963254003391,0.09344922435857952,0.8728056947421595,9.870665703178751,0.017229509606974634,0.1387134416477526,0.8784834650890463,10.703446723435892,0.019178305031530674,0.20692669672779423,0.8510193291684203,9.241920069755965,0.017035218954396344,0.14605536077445133,0.867183533658053,10.519722392753756,0.019922363385957112,0.16568720846359114,0.9034152590095318,10.176149601674998,0.04240523912118641,0.2429937227389216,0.8970399923543547,10.484541251947027,0.05076606575807759,0.4007856840507995,0.8281978251180978,9.794544260004447,0.0328857956900888,0.26119431750089006,0.8451691054659971,9.687211908785688,0.0399022746107577,0.2844595895689144,0.8490513525691523,10.125218448795293,0.025967864342964362,0.2969884132271132,0.8196915124591835,9.7865392047361,0.014063033104965048,0.2778741625911235,0.8315276480174559,9.360434803830055,0
0.0045271080727031406,0.19511146615069838,0.8548062551100093,10.225449929132509,0.005119559983657972,0.19193594916723616,0.8566175609690303,10.158706565526561,0.01943272199436979,0.1937294204652351,0.8775559506870533,10.629609916832603,0.010552503129772213,0.1721558264290262,0.8674838570238895,10.151397697968793,0.015401503821055172,0.12974039706687202,0.8803323974861677,10.435423609027495,0.03211324419402537,0.3322353246355494,0.8684604585115785,10.058664889245865,0.022786051605092596,0.1807871767497785,0.878484808652191,10.284824775634087,0.04792427541878723,0.3054793246905497,0.8719582277581484,10.551434861596215,0.07575255763349067,0.3450160675308836,0.8787612350974041,10.313345931709854,0.08494910133264884,0.45424238469546385,0.8233134573494444,10.174530715470123,0.042126593152319106,0.28154437826862844,0.8602352588974342,10.317528702180208,0.045125182311443864,0.29947705718964485,0.8553379797958206,10.652964414688338,0.02777635182244122,0.3059892903777445,0.8428954357238249,10.35737604469218,0.0094757468610367,0.21073770767783684,0.862054831717503,9.881724177773762,0
0.0067180132736318525,0.2300820656360516,0.7910693530890083,10.584379755498283,0.007574133461053121,0.22657792433239327,0.8600882200628855,10.178038527329353,0.02687791678337003,0.19659283997159538,0.8306945437057446,10.281495378184436,0.0161881116210746,0.2629131358115926,0.8366124599520594,10.427835317886188,0.027169374986587235,0.19591148001161998,0.879533551184759,10.176581476067474,0.0448262579324578,0.33583458598614163,0.8549422178619405,10.653703740675992,0.01937505410051532,0.15655300939214695,0.8593556617743271,10.419345410101846,0.04219514335043677,0.1690020331905373,0.7798568403487092,11.271549778383992,0.09737137823135322,0.27024065147283627,0.8258886925995467,10.29881324224436,0.09866216142790007,0.34951141135792085,0.800774548081354,10.481341174890762,0.05294422436913447,0.2901575722329746,0.7865999877128447,10.875809520225454,0.047319492438333735,0.23702691910460572,0.8144629896838644,10.838495547335581,0.03533805046294056,0.32965375900403077,0.8118534549205313,10.680480081043086,0.012321717470360498,0.2632575828249093,0.8211914999119072,10.655852211766993,0
0.00902330624404108,0.35977835524355456,0.8700109392772651,10.912930210580935,0.008193408264725728,0.2929993728252206,0.871708213346571,10.851139492854237,0.047366687879202715,0.3480386544919469,0.8447829029469914,10.505403244813646,0.018826506433769027,0.31829162844495534,0.8759528297766686,11.23667089516764,0.03398637692408665,0.3005012436664355,0.8807513591154407,10.92444003338316,0.059334368414213655,0.40014315357193425,0.824627673054857,11.340201570696788,0.04784531734101277,0.3304944184455442,0.8578973070429353,11.472032755599734,0.0498387188147949,0.18175571141852656,0.7865507348095083,11.815846952746794,0.05417810173449633,0.18517493776937047,0.8189461923727417,10.167930075191583,0.05931815383709084,0.2603844281371456,0.8405580374413263,10.554975697644698,0.037637821111222165,0.28935084050001336,0.8465270929842005,10.77169932889955,0.048235349871282175,0.3097353360202714,0.8636849590772171,10.43951081804075,0.027384475833264962,0.33447054479075794,0.8441721802421792,10.515850045854311,0.014314602762660045,0.33113099895681963,0.8611753789673715,10.49945354852428,0
0.008934915961388526,0.37225044205673147,0.8644277734083795,10.750033238530266,0.010647986201103812,0.3647794859072338,0.8449415410191781,10.978953690167446,0.039702283475102275,0.3292265984814309,0.8494208670779012,10.01563688714652,0.014363493506973881,0.28770722229070766,0.8051035744633569,11.239484973792568,0.04491278770520544,0.3635275205213028,0.8450656128004477,11.1932337584597,0.06317786048230097,0.32349632405020734,0.8012746783895539,11.58547125120391,0.09172372596668629,0.41083289278866575,0.7740920732947767,11.558229619937125,0.054543282744474425,0.22518487915645258,0.8264995202562123,11.805021162339603,0.0739527174988706,0.30819105623049514,0.8455502801295329,10.710324604621189,0.07723672493495848,0.42470316673559344,0.8416705114020473,10.663388806295021,0.04167383067133034,0.35395898630519423,0.851907783032826,10.741255042953998,0.04330210303121591,0.27612412252020946,0.8711631284581126,10.176535951185603,0.02858511099189162,0.4416453015923112,0.8354742166551555,10.454356973726041,0.015566080082189142,0.3550201468916569,0.859388265275273,10.44502212178731,0
0.007487216608975451,0.330331890030528,0.8289894702930509,10.875666332139488,0.010705320412277898,0.37564482336038796,0.8529693687086396,10.34172697000421,0.03581938534665188,0.28403054420865553,0.8503544529298942,10.191738874173065,0.013756615545993929,0.2922709761128942,0.8514138380085349,10.500650896375934,0.042199637288660864,0.3288278561456774,0.8916602835386778,10.390701451040927,0.03913489770889063,0.2682506709104663,0.8108214375254108,10.875009162693154,0.07115355327926641,0.40836939187602295,0.7991257628446464,11.140963773305145,0.039386409370747076,0.20751812698612443,0.8562196882027432,11.46563175468545,0.08496668089419117,0.3558389270226901,0.8602312395752191,11.163848053088925,0.09308152295091796,0.5181376265456005,0.80936748645551,10.988390531074204,0.041227036813711204,0.3022437961088841,0.8013534935308059,10.939088291468206,0.037943174084247966,0.1968336807466241,0.8256315925410359,10.537915497715906,0.026390296951342894,0.40409079594218933,0.856945299164404,10.671431216652152,0.011327001499925216,0.28364481923624274,0.8567452061021068,10.692218286279289,0
0.007014601647771845,0.29353139768596237,0.8661315072110577,10.987493062192685,0.006317743618394557,0.29144544578785164,0.8931717422218409,10.235260467727306,0.05273212468301133,0.3535630050483896,0.8308380230738129,11.292260584888856,0.011343443267384512,0.25252527790360607,0.8649274390374537,10.953684155169391,0.037596752549707686,0.325315131860414,0.9017863453202589,9.823490084824831,0.027249489984623586,0.23069022822744661,0.8612904115314636,11.147273984603208,0.0427989367540524,0.25399950613742767,0.8361797395480356,11.353495013371134,0.04150354658068368,0.22831777391788066,0.8565581700363181,11.426413011452889,0.05258661734599419,0.23993007170189565,0.8856444134998824,11.277188478146357,0.07320772994980602,0.43509618927787314,0.8526204942203809,10.767723897284569,0.03704541148727109,0.2919498680555459,0.7875082088174784,10.64814834357405,0.07006734128973639,0.3108803997544963,0.8365513192209192,11.25906947153676,0.02525215817466719,0.3143935099285194,0.8463771416581322,10.261446715265945,0.011479451620790936,0.2713108067653299,0.8476530743075804,10.39113022945354,0
0.014152952408343368,0.46904542203931276,0.8275548659446071,10.743608250355084,0.01069883025003061,0.35323982580130253,0.8707482542950501,10.592207454164981,0.0985813500785984,0.5809318580640856,0.7623791717559419,11.218749446958025,0.015513241912513583,0.3367754569587376,0.855302990164237,11.649063703064755,0.0361878200608961,0.31140852031606153,0.8558012196530412,9.769566092875815,0.04228295240401884,0.21597318544546482,0.8459693778032947,11.307027395663408,0.07462649907275136,0.30225014066159656,0.7941066968310629,11.595708568253924,0.05054526692283047,0.24315587131720412,0.8824713352954313,10.928344405810646,0.05718277082984999,0.2295904742987365,0.8801193151975828,10.184020686490616,0.10565330611352688,0.39268901435221587,0.8506598576884131,10.115379386809403,0.07102946353073372,0.4345304285919409,0.807323639938764,10.034723501408976,0.11497671169042811,0.5008513928372533,0.8092594852073813,10.862437962726524,0.04752628812162236,0.37022858772575057,0.7985046746391636,9.764862791475158,0.023800963042023022,0.3607525641153944,0.8184765504816877,9.82524868160989,1
0.011685604978901134,0.42102684166581483,0.8433083807959462,10.035470731245445,0.014515753144512648,0.41164754528739345,0.8466706343421666,10.525662059976067,0.049857364230503146,0.457022008687729,0.8253637702866818,10.424751285552531,0.012090914439645864,0.3250242794594247,0.9111482455889484,10.2013419476225,0.0391344559465089,0.2839111020140249,0.8899986164139141,10.965933094219835,0.04527848092747647,0.2862843745207306,0.8517337836712018,10.707721288160919,0.05073896938897312,0.29595454895584117,0.845345594418671,10.732148906591142,0.031725987644177146,0.1972464098712728,0.8848207092028796,10.82932423058311,0.056587573269636364,0.26918213568066585,0.8733228331912947,10.289616509232202,0.0978347700838163,0.3978180980544527,0.8490547218994957,10.16782684098208,0.08263657242859612,0.4753750894353331,0.7842796487445101,9.923015803110273,0.06060697254288041,0.37478326673068374,0.8298852656096315,10.029037711898187,0.06415333754964223,0.4828861335971419,0.7954535383855451,9.701429399544862,0.02378645873734967,0.36648018164239426,0.8061070587412685,9.569394744601771,1
0.005291254395732494,0.2919684777863547,0.8884774004497845,9.95647144266861,0.008752823483033474,0.372653211925858,0.8507136780187754,9.636369905339464,0.02619606383332854,0.3100663925020394,0.8892042812423426,9.947896890146163,0.011053252603375672,0.27399496566246195,0.8476313679860363,8.922772238537824,0.028431475152646993,0.2442800907309824,0.8806642739468636,10.035203029662021,0.040712370355028255,0.33074931792048634,0.8319667035680288,10.22414291718422,0.046272613461851395,0.2938448998110851,0.8162263290498396,10.33535837073906,0.017627871820518608,0.15514206040617054,0.839165432718064,10.124706642074814,0.03038228381915205,0.22194000792599827,0.8684366539623399,10.015770465323211,0.05322744784572643,0.3211452749729656,0.8476829075747704,9.895698677454535,0.046533461649958016,0.3721277853774611,0.822456689820803,9.969542156567075,0.04165428647560209,0.32668057135919765,0.8652329161126728,10.451131878422535,0.03886401828450128,0.47532479384370435,0.7855894828783562,9.91248792074156,0.012922602805314551,0.3604731501081959,0.8647690749931982,10.049599926470485,1
0.0018298651934368013,0.10776701457205448,0.8453843736764172,10.769137142321023,0.004915456904044961,0.1713792422484207,0.8599098360336117,9.865060978389566,0.007016101643495675,0.07490475599139439,0.7978493584110282,10.179908821854522,0.008810176288545418,0.15024181847695361,0.812956022702847,10.036956681619253,0.025595703906077613,0.1557180417680886,0.8590358525607188,9.929681316659074,0.049877005606824495,0.3831599385408294,0.8482211787133416,10.066155658948736,0.046193169275173925,0.3389648097810036,0.8297288034911036,10.111980501439486,0.04080910827509891,0.257658260957073,0.8631930136659532,10.117696503404527,0.03206091065149992,0.21350613892023956,0.8843849573029392,10.056468377543098,0.018351979620652832,0.14704043761651645,0.8457035397646654,10.221159321983734,0.01333895238490986,0.1455247176751542,0.8406641398482427,10.335379500044263,0.015056080022503018,0.13121837501467307,0.8207753018529987,10.76463887855502,0.010232003598670469,0.18980036846383658,0.8525129902295748,10.413586206093328,0.0038644033502679568,0.11617080101115337,0.8815133671133178,10.805267061111763,1
0.005855296613166867,0.2803969471175671,0.8595086874005461,10.46271485580088,0.0042079276610138775,0.11422350998393842,0.7419410312340784,10.675230352270216,0.022090769393100958,0.1757218411346277,0.7737470658864813,9.559760780399806,0.010650822837223052,0.16099822357275456,0.7386432428412271,10.851444245253969,0.023072085275267218,0.13560780209101303,0.7958104899924477,10.887768049961553,0.02460760701099775,0.3002028943396684,0.821941191235568,10.203691700142661,0.057779512795896604,0.43258451242369805,0.7865467278597841,10.426837842086611,0.055882366368048254,0.31692157380883634,0.8625917874359346,10.34949933646633,0.03984019971381577,0.20846500356096268,0.8908543482080833,10.247760903201833,0.05508135952704379,0.32445425429609337,0.8391483380001781,10.581514123960002,0.03366204762432774,0.35530746145260955,0.843965209487125,10.419564262879858,0.02469086671069615,0.1872231916816558,0.8077377196101773,10.54516582691657,0.021708938135349083,0.37521132635860055,0.8147470336165487,10.767814395601125,0.013346816954714303,0.28871955661190424,0.8661765553787291,10.48998941397073,1
0.00802601202418124,0.37908712633152075,0.8524896049557348,10.29672487597771,0.009682815418086639,0.2570507988288965,0.8210713860531069,9.666419842091306,0.02707969140047697,0.22419173419371238,0.8168500439791372,9.970403549243148,0.01965068276955584,0.3269769356483681,0.8383605226942396,10.09346571534539,0.03668902631069653,0.2622302102221199,0.87515926905588,10.012622197030948,0.013634863696684634,0.20585096830163707,0.8464916310496423,10.31744620076146,0.04553242541944294,0.42738936483447554,0.8067769780210421,9.98775262623427,0.04467026215988192,0.29158432178026045,0.8215110092133797,10.762538626332246,0.04773129639189012,0.2094065549930532,0.823335728748227,10.825202120205185,0.07718134282446196,0.38810507253899024,0.8281155875223717,10.61175320018374,0.04383126611320855,0.37849631864536204,0.8309036366124948,10.419952996344186,0.03648884322993717,0.24578565583221834,0.8505491290472341,10.402376687579153,0.03059834304058066,0.42380998154139343,0.8084835020444343,10.477885104646607,0.015223063583175085,0.3484603459400912,0.8396607641751829,10.327235282366999,1
0.004854095562160721,0.2243073271158763,0.8811522138797931,10.408746794147337,0.011452105290093589,0.300220800553774,0.8439596908392294,10.34554236865536,0.01758720433694297,0.17168659639774325,0.8639593675457667,10.271040600826675,0.01957161304703927,0.279226481478988,0.8066659661228478,10.440996448694166,0.03431524346738054,0.25376065094885447,0.8660671570658608,10.382690498872892,0.01798823673392692,0.18276763725713258,0.8754819592014801,11.077461922403218,0.05102170916761039,0.35750078388647627,0.844586577710962,9.689219630483107,0.038487746270577834,0.2415307303670366,0.8504934517617997,10.69520299764097,0.04430337838617511,0.2305116695955564,0.8501785467969318,11.054168036026482,0.06794051000223594,0.35019813688660495,0.83828548150637,10.73036915788325,0.030199888720215774,0.25643534093473214,0.8045454411703077,10.451538280942989,0.028449905584153782,0.19898887703314708,0.8622654552429652,9.830073921043253,0.02146225059964756,0.2932922542740321,0.8289882777991816,10.472693208476352,0.007031496635676752,0.17133219734660868,0.8805287809723998,10.342103163465207,1
0.0016443441698867126,0.10193832684924947,0.8447386937186331,10.153428470200405,0.004939906317201143,0.14717148387614704,0.82718392481348,10.795306995533679,0.011993792758113481,0.14178385727100684,0.8678847185751718,10.060697772080514,0.011520621575757384,0.17993809202948494,0.8368971367862189,10.750733954143357,0.014577183862559122,0.1270304917688179,0.8958290303303172,10.271192895802438,0.009322162100995643,0.15424958579572415,0.8604555232577388,11.256279538824437,0.044929591454558986,0.36713644182502625,0.8490856976870945,10.007064202839684,0.032171346300354564,0.2049832054149495,0.8926215652894522,10.718083061923702,0.03037805696827819,0.19410329558342426,0.8699048236854641,11.09514148914266,0.03410408723797155,0.2355473845909588,0.8454121152036096,10.717720972852831,0.008510519567773567,0.08109827823072034,0.7405636643110786,10.394702707804388,0.011331168931858752,0.11859450929939655,0.8579342773255731,10.043998008247444,0.0060961491112231266,0.11698756547979337,0.8159212016542855,10.464073205477378,0.002423041909719349,0.06930498955412567,0.8420094008156631,10.730403665657635,1
0.0030626554289147783,0.2781949705112776,0.8713829357654702,9.538013634303601,0.005570520728448814,0.25137135143647443,0.8594660765488977,11.251244777718558,0.01644016605673378,0.28715350147716356,0.8378569042161673,9.466221508079355,0.013036634159695722,0.2915758181506726,0.8708782507960019,10.958916162726041,0.02064640086366401,0.17863519881559764,0.889367230446584,11.373146955105627,0.02354532737979563,0.29626576382358183,0.8979835277348683,10.963690806100853,0.03702151391932565,0.36641549743067364,0.853700767842779,11.50712762408928,0.025210571880578146,0.19579973661344768,0.8810325425659773,11.317214834228894,0.020207718081197285,0.14841963991090154,0.8974826959556571,11.045920508369868,0.029193771479090296,0.22376403153263322,0.9053125795806926,10.764734499961829,0.012595647218026985,0.18319501830096196,0.851613443851083,10.13049016145595,0.013581974349591526,0.2198527533210873,0.8098253649072118,9.896640688161137,0.008350842141528965,0.21773831045400838,0.8631084822273523,10.32446285572707,0.0034775523110451493,0.15515740802765984,0.8846697484327456,9.956963592113803,0
0.0027920726319671375,0.19372185835405745,0.8737093039588415,9.312373616313385,0.003780484180186583,0.14540919298582144,0.818622263210881,10.834852752200915,0.017888838880883648,0.21838999095054787,0.8060003739871675,9.097739643175322,0.008404032364413498,0.17544695930632137,0.8371864827711863,10.462866836965102,0.016399118223844954,0.10886806003992056,0.8200217369280468,11.209084009742874,0.020649731096339448,0.14467073859792356,0.8535751299453728,11.075104458149278,0.026157989846390308,0.2068694252818631,0.88567034709142,11.400131745875377,0.040826533076149814,0.24156413217092018,0.8779612233991252,11.065747014405195,0.014742969139179142,0.1001407138072593,0.8633310898415182,10.881903795701785,0.0348833989267567,0.23140907362615157,0.8763806036499573,11.15780827766842,0.01207701300272344,0.21799223549419455,0.8686073765466428,10.220282507477332,0.015581400469117504,0.23806158876812578,0.8433096125282897,9.932451075479715,0.009800206533526023,0.2666333594058249,0.8487439471834146,10.511534593531204,0.0037553803567293904,0.16255949790069796,0.8928309836816536,9.404262792712029,0
0.0014116922496920314,0.0810953489413139,0.803092888587877,10.75395989567873,0.0032941925610978882,0.11790040952737064,0.8468800055490869,10.233476761506385,0.010506938102028787,0.104495398242068,0.7583435399677083,10.291894972808304,0.005248592094504978,0.07915651437263611,0.8053028666775225,9.582028235900651,0.016292542980045618,0.11194420017547899,0.814272122146653,10.127622671120232,0.00805476366591099,0.06557858955558064,0.8366592937661657,9.707061078278471,0.021565093547477314,0.20986457164019648,0.9015543774480781,9.837274756305744,0.05339485599285443,0.2532798190317401,0.8425930213925998,10.853309140685843,0.028572127676930147,0.17148212551644593,0.8809642684447089,10.696970111952405,0.02426023037259314,0.18361766737598875,0.9024805487220702,10.835096833047022,0.0066682814713641065,0.099806301265152,0.8416957597482626,10.72174730389031,0.008001562676216285,0.1084859109828161,0.8318280640531573,10.449645558716139,0.005879561554732665,0.12885683401643236,0.7893857979515814,10.567754108996468,0.0020304986290072156,0.07729497908217364,0.8319366915294287,9.538745266943405,0
0.0013067224025347553,0.07898784735483634,0.7935554917254745,10.882011389665896,0.004019895452544661,0.19140032066783128,0.8759182779263742,10.42346116864769,0.0069244797873895085,0.0988041118698543,0.8147121038491603,11.539921370908163,0.00724533282879595,0.16088186880981467,0.8528775970789538,9.754880952618551,0.012142294784104458,0.10977724227734553,0.8500299313070169,10.383068603450688,0.011533692317061446,0.10589970189271612,0.8370964491683682,9.552668825498046,0.03077222616649492,0.27902969711351777,0.8358178856551953,9.987224230912817,0.0452614028815827,0.2177995228376668,0.8726733781180003,10.747111910534965,0.02224666185392044,0.14251288994418487,0.9072166721111056,10.771215116213089,0.019606401337678797,0.16635329742437405,0.8916490588378977,10.759244176588167,0.007672731754220987,0.11063442568894952,0.8217134771060677,10.347784101613847,0.00810827695750415,0.09032044864726997,0.8346531989028677,10.844452140544192,0.005478185037466514,0.09724552449202767,0.79510001708006,9.83419271506863,0.002184807305044336,0.07773509675560071,0.8253100366380315,10.493215352158874,0
0.0009117766206661155,0.05594830835299486,0.8412744709481381,10.794312984078324,0.002210429837432187,0.13413850134313263,0.8855031403874705,10.761296485356471,0.004643507983073114,0.0676416121906728,0.8660485890567765,11.61520430983583,0.005545623797673941,0.16212993740892426,0.8505682842165428,9.88485452498001,0.012601314370219174,0.11604730938679511,0.871534076321447,10.478210221391814,0.01925738097058981,0.17345954808765635,0.8647567626959072,11.355800929284717,0.03943023785264595,0.2946328245166316,0.8419415847895597,10.819313497893488,0.03893468636396925,0.23883732428100923,0.8660260834008672,11.168586940914999,0.01788185209345345,0.1154371681072804,0.9008739290137996,11.008164516165424,0.010817419236319951,0.0961438595066738,0.8730483817586536,11.099717769126809,0.0056647871356771415,0.093133331219559,0.8331574025170945,10.769420049993752,0.009026161169751499,0.10851875412500261,0.8720663601954594,11.359903473087149,0.005724944532490076,0.11406892677135963,0.8556082703752617,10.366719983528833,0.0017042919305642814,0.06207610782409306,0.8832633946681171,11.288989423471495,0
0.002123359412268393,0.18166057680883882,0.8868175235993374,11.587409827478062,0.003100136755524829,0.18910052514938827,0.8582247538899828,10.728025559066966,0.011363070229293983,0.1478246069868735,0.8592567654094402,10.715200113124167,0.007992208638479768,0.1686644432663458,0.8866888342073092,10.434581740191206,0.014654331868723615,0.1526025800495044,0.8802661965998411,10.850690916652203,0.03293629616063717,0.22574732283574347,0.8543321630886124,10.69254574906829,0.02791315241938128,0.21326677780632852,0.8288766653204146,10.209105626138525,0.04615989426785817,0.28737564308901326,0.859095231577405,10.696625023013338,0.03619179261860384,0.19157388356461347,0.8697162439296767,10.082380469654684,0.03097823591905349,0.2259632874466245,0.8737336009271762,9.819142039356423,0.012637530845698177,0.20288027112123264,0.8922868265313478,10.533184698448125,0.015359941835637176,0.2058752365033582,0.9071343241253061,11.553225016539672,0.012988522761398594,0.323912433190024,0.8952200915865304,10.2619327988186,0.0034407250692782385,0.14216657236682523,0.8991572294342595,10.80249972913396,0
0.003967630684219041,0.23638748137436966,0.8350294550232714,11.583915959750446,0.004307744281333827,0.18300777955946085,0.8753089577793959,10.953743580119019,0.01406394873170228,0.1668050840132722,0.8471292311313912,10.687135814079042,0.010518902535546644,0.18493540230227454,0.8774055271333726,10.81534714657963,0.01727444436745207,0.14973992741789724,0.8703902482068914,10.916097613275753,0.03295621393454353,0.2134415519937823,0.8458720999770682,9.796315441267478,0.04737859205999639,0.3573065411515889,0.8358392149548689,9.783543901334532,0.0658151978024076,0.31887492600198947,0.8664052795394283,10.615698463318148,0.062408540353356544,0.2662700735472116,0.8862007226336773,10.419409166995354,0.03861392996949753,0.22989591155264316,0.893527418709472,10.222126569630682,0.02491657632306401,0.2768641495102896,0.8797660653964292,10.774469276748615,0.02416519292541573,0.2166886314386584,0.8693816312954152,11.47798868237882,0.02338053662671809,0.40605228761282813,0.8540137738285318,10.572601152161576,0.00534396839382915,0.162513119589112,0.8726008621593918,10.730040172068906,0
0.0051997527004541515,0.17511028229375453,0.8670541048219358,10.791114970128604,0.009120646877126649,0.23720810783881446,0.8752566366739878,10.602518206959607,0.03106664339404231,0.2320423939619913,0.8429460096468173,10.25615432871541,0.022894068098200875,0.2548609912731151,0.8706866146347555,10.522934813824591,0.0353708520329766,0.22055365312706382,0.8656759589976869,10.375412833248408,0.035332775232534225,0.2538640869423373,0.8739278981052707,9.867267283919258,0.047345990817916635,0.28567758863342885,0.8516505378196887,11.028575930324928,0.05658197515845117,0.25239246403043875,0.8008434278246396,10.580585875814458,0.0970108528094847,0.3761063430477559,0.8357556766907718,10.780278141148584,0.0706887771784797,0.2948559649786777,0.8506812130347579,10.613746131640307,0.03610065588548355,0.2641363728399317,0.8519886314218709,10.427592940686845,0.048730189769579046,0.25658481875913525,0.8735184577563704,10.503134694152044,0.03170254007608915,0.3368620616188212,0.840681819319065,10.468073881145274,0.009979217743771415,0.1942102799723063,0.8844861071083449,10.182378271627192,0
0.0033880758545039072,0.1587971136631189,0.8679053771223998,10.50965950519981,0.007141046622812707,0.2619777117589854,0.8457016415342746,10.805864534371889,0.029284568018642994,0.33068216794802036,0.8688531118033797,10.097639857241093,0.012352595661162483,0.22242919981176673,0.882423234852477,10.58589702489672,0.031691221742065415,0.2390396023044799,0.8679411829685385,10.281095705373057,0.038079658497837315,0.2899801624957335,0.8280051932264115,9.855624972768801,0.046782276053324856,0.25611282211221714,0.8113180189767643,11.146088788436076,0.04899897227700904,0.20656633334729396,0.8228201567714739,10.558373622280257,0.08806884279598438,0.3798289690174805,0.8501636657892601,10.956709931849405,0.05843703212797937,0.2930427183315867,0.8760731464377239,10.762320772656645,0.025881745764274603,0.21808769180053703,0.8539625600844232,10.01174144932825,0.02718991632925584,0.2000979160262213,0.8499423088934388,9.838328069191908,0.01911202601298757,0.23283094750701025,0.8558860374501295,10.222358301224363,0.006504490156904814,0.14577813614334545,0.9034225463238182,10.164452440904338,0
0.007885509614607983,0.46360722531444576,0.8174981224764232,9.997353644696377,0.011770433568491619,0.4624366191642266,0.7889650847365827,9.951871395674475,0.02979325589175909,0.5168054185424411,0.8093610425494399,10.187036677517575,0.016540172951214977,0.3907736719496241,0.8492818976578688,10.384534442740268,0.050126997153711564,0.41803396157802936,0.8377992460784495,10.0559378347501,0.04215967934586453,0.32343999777643023,0.8445673273287663,10.493980920845592,0.07018654099688588,0.3909250163168956,0.776941753739185,11.47415836119867,0.0838075660670779,0.3961705833136034,0.8538008825169067,10.994469624367287,0.10708699066259003,0.43011766037466787,0.8363375607244916,10.92328582598066,0.07148885475312258,0.38598179025278806,0.8436384140547221,10.471624965280718,0.051726946375129916,0.44260827144290005,0.8090864893288132,9.680583366181427,0.03405832585109374,0.35275325428344956,0.8517994377395287,9.716513710580207,0.028289762629751723,0.41477213222750675,0.8076865685945095,9.636595321395255,0.009729819887961734,0.2814734046326127,0.8624663693851964,10.028526471810125,0
0.01306249934518008,0.44792721237201427,0.8260119845943941,10.254686140243125,0.016818147035659738,0.5607523898891582,0.7587843869219949,9.954656285013783,0.05104919238386683,0.4702750158289922,0.7857076497867873,10.218644252328588,0.03442486926674749,0.477091289677721,0.8274550321776895,10.351774271322526,0.06458587366924476,0.4857707883997668,0.8140579064698121,10.134048784253919,0.07811134417070172,0.4036852227652509,0.8152484031734066,11.643900478589094,0.05312407417217346,0.3522642285393263,0.8417350473416491,11.310763625104466,0.09217423828699087,0.3708032844185574,0.8584019319138388,11.020802292116548,0.18947812178689327,0.5096392159957344,0.8263310295207487,11.32925631432925,0.1358652700769211,0.48225852943580666,0.845681474041834,10.536715877129607,0.07601409347319259,0.44396546683712756,0.8263624756637424,10.11018590979254,0.05477014829465452,0.33238020229697113,0.8509256909475728,10.34985956280554,0.04893502999573509,0.41268809299781084,0.8443267599825766,10.358673967965766,0.01825973123280541,0.32873401477488395,0.8302309970704717,10.550372324710334,0
0.007726741550104871,0.31516869731824704,0.8615008632483937,10.47095348516575,0.011108513398456745,0.47603234690879015,0.8141003190362046,10.387424956905235,0.022861710102951786,0.27788839138893223,0.8146093669826927,10.437015182185867,0.023094553523304157,0.3975091003384995,0.8169390401549786,10.18339222849335,0.05670869709321655,0.4536589947434699,0.8280746821264847,10.246173376479465,0.05624930414416507,0.3469192284682356,0.84367455030263,11.719593634879047,0.035567222779920325,0.3048634513584045,0.879288608732952,11.239440480747026,0.05111914486784633,0.2320592294725492,0.868983913631699,11.09763455833492,0.0860715912284998,0.2916538569756536,0.8580206672132543,11.222336233330918,0.07526259117254168,0.3189727086660174,0.8736669020821418,10.555139129900915,0.04108264233411165,0.261148239376256,0.8752522323167895,10.455927076049937,0.02776400075955183,0.2015881394009323,0.8740636711443253,10.68221556801849,0.034793167372076536,0.2583339519152263,0.8910245169419496,10.699509385729355,0.013080635555840443,0.2144122836879784,0.8660571296685227,10.93683639962324,1
0.006487874039949665,0.3115150654054941,0.8210256928213149,9.438050006849428,0.012689073611248004,0.3380099552191752,0.8157785013688352,9.332542615712514,0.020462844523843338,0.26077574752023236,0.8379507111265032,9.404843939092919,0.015760180053411635,0.2691844128979575,0.8400154322769932,9.221488515067147,0.04151310041006516,0.2810586872186577,0.8478324868859146,10.005906426963346,0.04020849000269684,0.2986712808488944,0.8689172873514492,10.415662330004588,0.04195283520591455,0.37020227632579283,0.8501512853847265,10.34799849931983,0.11963640482315631,0.4602331741699304,0.8175293042874104,10.244578139583872,0.11488259238785978,0.3752819515635242,0.840453688589149,9.751093606505766,0.13383323887131993,0.4676743538376927,0.8120039008751804,9.310670452817792,0.09196974289815214,0.44171407462479073,0.7971226311332411,9.319875570547062,0.05680918967352424,0.37175507928318785,0.8391515016096478,9.44391662146808,0.07189505990760463,0.42883740723979985,0.805791326210459,9.484664346498393,0.019481463119510142,0.31505761700449475,0.858728364601102,9.539395973845773,1
0.00927178325528788,0.33638655443120263,0.8472274198950451,9.607792494159183,0.01168761339932507,0.32669819997577226,0.8334240834421561,9.413226946922324,0.03357034342603979,0.28874767200053936,0.8350147223720034,9.768416897018378,0.015257498409282484,0.2287041707993852,0.8693284305851794,9.44492160927961,0.03282867567287285,0.2132000305010473,0.8389262901030787,10.281413905277374,0.05232889844932412,0.3062695647189658,0.8459122535436636,10.102462960547195,0.04970388067814015,0.32051663840885747,0.797375205926477,10.228470732877932,0.1309175228664219,0.4835054597307765,0.8105544430829406,9.915507256799751,0.14071784999112297,0.4595244663381018,0.8208384287154123,9.445540758033538,0.18910432500229596,0.5890269586217776,0.7422861066332915,9.258107188310612,0.1288182891966222,0.5791737533097671,0.7176924277143852,9.166304954445877,0.0764466852259865,0.4368400279222106,0.8102454900225529,9.45703336831885,0.08513706315219156,0.5022295385538702,0.7675759922864309,9.30262682116466,0.02401120125656303,0.40367625304480736,0.8222982211484915,9.219276939778714,1
0.0033295837942755413,0.1279987699721612,0.8463282783677524,11.329385281279706,0.0037225523538569885,0.18984736908527072,0.8998299114468453,10.595047324172224,0.018351208873135603,0.14482166410193606,0.786749253583319,10.570818527532087,0.01146846949561702,0.19197485085333507,0.8404327192133033,10.098578086490523,0.02302118586584986,0.18243861614687906,0.8935816056377387,10.923667472265683,0.02656553532353173,0.16322140689445164,0.7792339357920758,10.5569301688384,0.03265500791631659,0.15367003011675998,0.7811662765772768,10.25912519788944,0.07890652588085013,0.3551949540347574,0.8481127156748585,10.821076659978093,0.07246003440774763,0.35099281141305905,0.8969946888884255,10.530506316239558,0.056004798558413414,0.3340297442389427,0.8636041490847792,10.370100834293336,0.028392777790260778,0.25959578322355986,0.8671311055659447,10.089448406757304,0.027985743272098268,0.16123550078544988,0.8427562981449155,10.817694589471555,0.01388340684177795,0.18746730806965856,0.8560378294536252,9.72952482960399,0.005492982809202971,0.13223998187203523,0.8793812418806729,10.559346566007262,1
0.0023430709076675813,0.13010343283920645,0.8584401543324044,10.682145305880118,0.0083112378161533,0.36900807538321856,0.8310805026153514,10.399157336062487,0.01244244964282914,0.12202548048097835,0.813829917570379,10.144185536109001,0.01829755538492641,0.30540163342577764,0.8356926695310483,10.377426263119908,0.025924148328288238,0.2783273234496905,0.8666445632385851,10.628563294671219,0.02988989301480052,0.22277470438953817,0.8701881559421147,10.212496867181871,0.020723857984667474,0.16391470203309674,0.8590215067344427,10.043855096777788,0.060271742332971126,0.291498565389369,0.8789200491486918,10.49365014941003,0.06466000989168438,0.34007057390910844,0.9011273365125895,10.202771425396943,0.050707884289728986,0.35527090031379566,0.8706934813064982,10.11672656649994,0.028614184413043246,0.29321571760335297,0.865667849288624,10.101562594453046,0.020947280870465042,0.1354707799194428,0.7844986572353206,10.29105424199076,0.018359332046234033,0.2985207734980218,0.8876763703700676,9.867574777549017,0.0056399843566853425,0.17324074044108567,0.8823965694625687,10.503067597152798,1
0.0023080504766088902,0.17841320981670164,0.8855878211270904,10.498704168069924,0.008523148352600414,0.38718460738889166,0.8307648200806116,10.308672152533005,0.00757882800331268,0.15198083438192647,0.8529818171915936,9.515633740684827,0.012865014394858543,0.24790955236299875,0.8769002823666034,10.73951529838387,0.04000772561123757,0.36183839695017633,0.8309469780507446,10.062258766070762,0.033282434820597645,0.23901927600361125,0.8515466310036665,9.957621224418576,0.010186955125352042,0.12466345224003034,0.8775390014738182,10.047251110179255,0.030006713905828184,0.2056815256374753,0.9198884648348686,10.260671706353023,0.042568814203481374,0.26457773780449706,0.896357241819032,9.622970722245258,0.042736413831960446,0.284527695018892,0.8810945461112148,10.052009421648519,0.027069113122914303,0.2755734129935466,0.8777562736917939,10.255352503153338,0.012415885638417792,0.13099551207385954,0.8935911757675171,10.598616137864797,0.0167627032302387,0.26908163945808905,0.8666076161634787,10.432329035252176,0.00574879662147756,0.18337036478719274,0.8908507872990096,10.987348814286435,1
0.004728745833925554,0.2953089716733498,0.8480775693513009,10.194268636042564,0.005777656853697604,0.3371489886498372,0.8685537700381676,10.288941925645574,0.02005647016662764,0.32400538631219367,0.8785747311616655,10.44358440144263,0.011534839202008498,0.21421813243262003,0.8556835783453033,9.884022159833684,0.050754876013324755,0.38750767600490216,0.8518668493938979,9.836528839601218,0.03076532525414829,0.21822217101788896,0.8294460173744972,10.848215006862151,0.012241229303515358,0.15777050411504503,0.8754183807192447,10.826636409015709,0.029159356493496384,0.21047635849830415,0.883999913625574,10.343199441129812,0.050757668113055154,0.28481191864454525,0.8625534389430295,10.271766560521494,0.03511945386197001,0.24609750583526852,0.8504756705232316,9.852158153907627,0.020626182831525924,0.22426651666247352,0.8566772892555014,10.10610895979929,0.012659890952924528,0.12166080966548184,0.8479604296857665,9.777654874133312,0.014282008465812243,0.2539202937482907,0.8653161543430371,10.335926838936329,0.006606406057308337,0.20613073844551438,0.8797808032612138,10.355983732846475,1
0.005489665805582356,0.28067500796532574,0.8582071357536086,10.092209143646352,0.0045332530683695905,0.2127265224623488,0.8835077884976025,10.384142602241187,0.026847317586316626,0.29941100035814616,0.8480209025717309,10.492385989677723,0.01081241534803237,0.18480910640008297,0.8561649007656553,9.941983564018237,0.03266367669349398,0.2634209271261322,0.8668647776640483,9.701021861801499,0.024085045772641034,0.20329614004997124,0.8278182885843538,10.574521970079134,0.03772300631325493,0.30662992934573974,0.8794137422299189,10.233087642994562,0.07019454084163847,0.34620737078123387,0.8744074282496658,11.138557683291628,0.09914087836805138,0.3336231491481084,0.8731190478304272,11.291824010417391,0.04469249698794397,0.2721828292834478,0.8996988223160126,10.221998721726289,0.022324935999240302,0.2211245401507533,0.8657039315284129,10.284091576684318,0.03925362267180683,0.2998189897568973,0.8569142417459757,9.40711539736364,0.011602406389718265,0.210560353121204,0.8675754136389424,10.613355598971745,0.008542240391382842,0.26129952977244764,0.8781602242725147,10.227191895693254,1
0.005583727655802108,0.24229419207683459,0.8748115583623675,9.626082216271485,0.004950622091687217,0.20650608999054187,0.878994147144169,10.203025932264152,0.026620601802588923,0.24231262290833291,0.8287766944045213,9.768786204154367,0.008109571344648911,0.12981450595486513,0.8669703899914305,10.98377293178061,0.02952782080408831,0.22273247757910106,0.8595757449199494,9.374287061064091,0.023002235110641107,0.23339487744716894,0.8722599045169067,9.78357025930717,0.03573202924738632,0.2630787793838817,0.8711117798403142,10.786080648157128,0.0592731773076801,0.3498266517912111,0.8302055164865764,11.128388510872014,0.10383540157463125,0.34242002486330997,0.8845826563142344,11.052088554602625,0.06861086376687602,0.3470838371422271,0.883668576159989,10.683453068208388,0.044246541503611944,0.3528624479957856,0.8514670122836573,10.20167736674664,0.05385116997361575,0.3086012381586145,0.8588782906018657,9.524230186681768,0.0218945384780721,0.2979271230565076,0.8598413808836372,10.198642231661488,0.016202243194891802,0.35460926485015837,0.8505784406707473,9.947449754769318,1
0.0043907945604088824,0.2064760084212577,0.8920180339495001,9.574260110560084,0.004443461545263325,0.22195756754147905,0.8888042147358759,9.873019083205177,0.024981596346607533,0.20282014861967734,0.8414830897410469,9.763939499420125,0.01000360309456598,0.2043042376793833,0.8750765982785627,11.351717126187198,0.01827966062378189,0.1590159152363852,0.8517130890328511,9.806233928857198,0.03328829595455964,0.27974636638423334,0.8625422364199486,10.535938847512245,0.04338592686588861,0.30547542050740023,0.87625369245186,10.9339423816524,0.06187640206190456,0.3444845405633755,0.8374962991358917,11.117155483358328,0.07716239387477793,0.27345771334785507,0.8803761182946512,11.187835711981746,0.05543833037332034,0.28506261293986174,0.855871534922737,10.360474590071622,0.039455118293698924,0.3296140676496042,0.8540629192466558,9.739198440819496,0.03495669971802613,0.19505656329433904,0.8601595690706054,9.47642598876884,0.022485086109778528,0.29403284440107336,0.8583597530322837,9.678053416813485,0.011840894055906818,0.27174016624963737,0.8625549649340066,9.613990541651871,1
0.00292605279314503,0.162825783904121,0.8674456966747477,10.549993883141715,0.005049215422539052,0.21232425320715204,0.8645627085177718,9.910563117533256,0.02170728418801903,0.14126847401131748,0.803677820723286,9.705865237064133,0.007390053308271695,0.15236106914528016,0.8635597339853359,11.341724965795663,0.031716261714183354,0.22797142926307842,0.8261602843289227,9.464666495014788,0.054784212995106406,0.29915297086800763,0.8589053151432905,9.935179926140055,0.038270595861600254,0.2784339503547762,0.8444127548879687,10.782719641268354,0.10084752537376615,0.380894415902093,0.858646938366656,10.900589951895503,0.11283599719516894,0.29925838172553987,0.8525983487795934,10.787148773114705,0.08802192325463791,0.29495704938125067,0.7723290783050594,10.000129379176036,0.06386648805056118,0.4023872195062958,0.8073066877555064,9.896010235000357,0.035339116701416776,0.23217590838999136,0.8487903101180708,10.625465430515932,0.04381774013450878,0.3990281530431844,0.7811386311377254,9.568608800807876,0.011851092961069395,0.2841287159350602,0.857564790828027,9.949196084803875,1
0.005715628543755852,0.29148531243476566,0.8642029845763968,10.408878659723342,0.005848651865091202,0.21267296352560028,0.8608090358222077,11.030849338299978,0.03171593247813424,0.20754945800635086,0.7697145690141681,9.201555947675724,0.0158740123337311,0.2244680191247736,0.854269885350633,10.90562125670557,0.03430128880378214,0.19892117066879933,0.8273688033995984,9.808966636919704,0.03202379151045803,0.18914746325601658,0.8315210555999718,9.066609871618489,0.040640221827687124,0.2976801662276277,0.8522978893966471,10.36154775992121,0.07114097668522149,0.32178118990744337,0.8147682572302173,10.492890295492629,0.07714385533824905,0.27160871750589294,0.8134964093095617,10.67365684657662,0.061633122320561,0.28655262350727523,0.7810202723156934,10.412873338833709,0.03885350844031962,0.35095159501761375,0.8305178788215766,10.529588206354413,0.045438197234936605,0.2879578920075533,0.8409389609886189,9.66505087707448,0.024550421770350755,0.33652053572095164,0.8193137594610678,10.138398623767552,0.01159779407601032,0.298250140816119,0.8434780208967564,10.218379385324477,1
0.004249381251232084,0.2165622757828094,0.8603773407448185,9.974700678202968,0.005864207340695124,0.2063684826060854,0.7780351495718972,10.809894661202119,0.04188195469498408,0.271234449289751,0.768652590691133,9.043037449291143,0.012116782950284571,0.19262811093480633,0.8302599818116516,10.417515309888774,0.028110040784911437,0.22587656130810438,0.8372897044588,10.429364851449582,0.044454390560909246,0.26551931822344,0.8603338322342092,10.233554361706357,0.05001251138075745,0.3630637122027795,0.8198326446793582,10.377103857736694,0.1656739720151124,0.5683221350892769,0.7968723009542937,10.316572315494568,0.19427950348662446,0.5565930817084583,0.806811574860553,10.507517321252733,0.10369731763051962,0.5758331776190494,0.7890595907087179,9.866971776518584,0.020433992885578234,0.25896248885517803,0.8648512932929168,10.207245158596066,0.06455827907839919,0.2868651679315015,0.7865321129120316,8.778353961314421,0.016033879466254366,0.30592296786192985,0.8644456301623419,9.941560368876148,0.009345807345747505,0.26068888295756576,0.8504638520993792,10.287960497133538,1
0.004270112456054408,0.20437770698759605,0.8782143415711594,9.896374463832684,0.005799521150956982,0.1657684180162875,0.8196474696718642,10.429070308429857,0.03346662460051462,0.2209558105577346,0.8041809924744158,8.902223894925664,0.007733299679970155,0.1554621514493447,0.8496591942079414,9.93321026008114,0.03729095463874815,0.22139005364815625,0.8143220437379147,9.961435070670671,0.05200087615296819,0.2384466450153151,0.8850165047562017,10.615141287272456,0.03044656365440863,0.19612001878364785,0.8084446254187648,10.776978846161116,0.18748819499163993,0.5182151324987194,0.8257707604318514,10.0596498041802,0.19384146173280986,0.4672398122333304,0.8572608188757159,10.04124139706485,0.11992301727416774,0.46695137195102854,0.8174174674826072,9.462391267169673,0.03319847506357541,0.3225629414810201,0.8830555694522738,9.544073220583266,0.06648021194360897,0.30841725220005284,0.798276544571436,8.868213679873815,0.02133849568007296,0.2704706577501662,0.8512369624749437,9.310215041483822,0.006549713260060959,0.18682326725304796,0.881680075903804,10.115305380694391,1
0.008749798709788991,0.29126429733080733,0.8055296172141438,10.557062942019218,0.005606218558247468,0.18128726235215276,0.8252995830356717,9.583617195253042,0.028832080027658552,0.22513041753865526,0.8383165442947325,9.748513016441004,0.010600776975679646,0.16280024925851955,0.7980504626353253,10.277973194355017,0.024204553086009453,0.14780523161303188,0.822978648587498,10.593026559018984,0.024546474032228746,0.15585072688468982,0.8550112757333371,11.41199368590414,0.06559647543852452,0.29872014322765295,0.8024421775474445,10.16661594091441,0.08351285542030698,0.33388041239528865,0.8013597715103047,11.743518238375987,0.11012452752544634,0.31514792138976344,0.8231692888596148,11.697166222176545,0.07740098498632814,0.309527633852465,0.8360586970091366,11.005888243589126,0.042330117007036545,0.30301876994757415,0.8046296181661632,10.602191794459351,0.05932532266358879,0.3424654625227586,0.8240029758712958,9.871317026423847,0.02652972994805888,0.19699051136898418,0.7560559771601586,10.704175441515696,0.01374446515015927,0.22822089774728427,0.8074010461678006,10.868925411449563,1
0.014730024899386084,0.33249001927610256,0.7404447634976074,10.88958649450931,0.009030347742595292,0.19519562612057337,0.785727524896001,9.169440279598112,0.031611802881652044,0.278136421228213,0.7982623922166464,10.775678023592853,0.009618188457322593,0.14885686651480912,0.8245033292712954,10.427382633797327,0.031122930830091766,0.20899565677777068,0.8605145087683828,10.615723199674422,0.022944948530685703,0.2128960161753957,0.8651173915486358,11.296967228421208,0.06591611978168369,0.3726377759824146,0.8314340015351991,10.176306659016046,0.0667249919023812,0.3250250351595246,0.8561816827332717,11.138796006607624,0.07507633042346631,0.29282715575470325,0.8579212638726752,11.325911260022378,0.06947297839568581,0.356555153120249,0.785298108212046,11.040538488880035,0.06348786934735391,0.29607592096187624,0.6777261559683962,10.806051592350238,0.06143272460093636,0.27396099787826905,0.7148982721686805,10.891839578825405,0.06648813441479984,0.2599222037036948,0.6581202429269294,10.895537508729962,0.03645970492579812,0.2911122836100087,0.7047871363827916,11.202383689746448,0
0.007540827360782948,0.24296284834083282,0.7835123991302719,9.933425057465913,0.005796891474130916,0.16371871468245755,0.7582278742260105,9.994985611915999,0.029005780241567962,0.3385804724170464,0.7944068517829395,10.265903577029517,0.007412010241296495,0.14413788358959545,0.8366782331980519,10.16206636264485,0.030535014310043837,0.21636946987537983,0.882900541251678,10.859022758109857,0.01973090382978671,0.18145589405058146,0.8987210093852264,10.746032078498295,0.04933069041452671,0.2782812423589386,0.8425527331311389,10.828155475888266,0.07328889295714573,0.38316558699697373,0.8055082476125747,10.545364212000154,0.06681270600614626,0.31614813608916187,0.8435608560613492,10.527848857892739,0.07063543069690695,0.3740712038859212,0.8160894700576682,10.92207738240047,0.06394558942831276,0.3084101415575616,0.7837000873342349,10.36797585904605,0.0576064328767801,0.2902506787757433,0.7806084586442904,10.561737908750539,0.06800270373097621,0.2704063861037015,0.7674287821002194,10.337133271372823,0.029330028262205855,0.24892379339137682,0.7935396596264408,10.755542931381608,0
0.0028797122578415853,0.17152525218202705,0.8285844695300713,9.565071023645883,0.003822498805952811,0.1909582861304979,0.8435237579914516,10.022349473661057,0.009707597594839142,0.16741234899836535,0.7808520317129255,9.751615902655693,0.00831198472003675,0.1816727439215883,0.8044690451704857,10.449663057725596,0.031480442095409136,0.2539355488136312,0.8911248061175626,10.247849306579731,0.01665133914618997,0.18648087171330038,0.8667789213622904,9.990813456621892,0.07033715766822138,0.38169080975642034,0.8308669393873654,10.516935161100326,0.03997026817284032,0.2781704948441981,0.8716069334230725,11.059803802575441,0.0419397974740265,0.22760735710227634,0.8903625111013113,11.001418130770944,0.038835798191108474,0.241504691934976,0.8759289475516038,10.95132939285596,0.03558800138556639,0.30924951976933507,0.8696215816870615,10.261487223145865,0.023972267111948203,0.2250714962008507,0.8352533874827545,10.08487058456328,0.02657167795941841,0.2513640129368009,0.8310878647200393,9.998452913164135,0.01158818856675915,0.21893873745812942,0.875791072683691,10.472407741375237,0
0.0020631094389491227,0.13997420575211167,0.86008844732723,10.801666242554822,0.004354036990184157,0.20003385351583358,0.8797824256385824,9.801043704055813,0.005924460782445428,0.09576751318109995,0.8477892772095265,10.859039869100577,0.010520200451361126,0.176006130224859,0.8474514619278165,9.879624667254186,0.03239354077562234,0.2629394058116569,0.8607515287322597,9.888290452564748,0.026531610617014686,0.24734319508127747,0.8287242506273669,10.01533462075109,0.054388544896143934,0.43265493435538266,0.8512196417179694,10.736677415121044,0.06119852674049976,0.3215997505499804,0.8204634488891829,10.326337033495093,0.04218978940822751,0.2242573028873879,0.8419682860262822,10.47782383272088,0.02287604830549968,0.1584755199771998,0.8748828252614295,10.186580836733153,0.018781872306419787,0.24423404238792085,0.8396917268214793,10.181263239404347,0.015447177142833925,0.12877622011536494,0.7946748847797211,10.563602846720457,0.012128424532614038,0.24862515861690127,0.8882332467731369,10.321918228055546,0.00595321285689532,0.2008278917625902,0.8765446117713103,10.69126606520054,0
0.005833683133509489,0.33922350210041385,0.8214064835628849,10.91142263124011,0.009409784349536142,0.3981270206629782,0.8268365221582747,11.142989042567095,0.014819590368005587,0.21359082157459588,0.8408017615596252,10.4151837679176,0.014556179983327365,0.25665005333359503,0.8745076556544316,10.504555653830058,0.02989631817888733,0.25565337269398736,0.8237865354981391,10.84930961365421,0.03461847133295712,0.2666569175511465,0.8412704015239646,10.270824649848137,0.045369412736292115,0.41068023468090226,0.8429008103386747,10.544975734904467,0.0647787327361068,0.35874192902837915,0.7993734786282685,11.251667089834969,0.058808638312327466,0.2962619429168807,0.8343940339287129,11.302802184749213,0.06890428519640684,0.3922531335593048,0.845144252073061,10.495346067682615,0.050000348170560864,0.5334656649821363,0.7987723366306639,10.661162537772187,0.04286994479670348,0.263368630610047,0.774501229002164,10.469156705321863,0.030178981380924078,0.4983168044920817,0.8170367950758436,10.739842224455943,0.018688629608566446,0.43338733887059216,0.8483503252187,10.603134599485378,0
0.005712697558412432,0.33090886412613263,0.8690995302398621,10.884478252223538,0.008697565432923816,0.31230551580459937,0.8770965366799495,11.03413479777633,0.014628755194410209,0.17385283892549336,0.8532842552066676,9.795626801640438,0.011957363813180613,0.22288235661684097,0.8998649760839307,10.198905011320933,0.018973879631142682,0.14745767215426628,0.8179952755926568,11.642197151056395,0.024712051547802382,0.18590050926696136,0.8735962100199667,10.746940010381834,0.05145225824697085,0.34814196210411386,0.8470439302532199,10.701108178353591,0.07037868191951233,0.3101396761026846,0.8163873925537062,11.668358535015281,0.07835142324444305,0.28453236532885656,0.8569683858605764,11.235754964010331,0.09600837329842027,0.35902774262220355,0.8470651841496927,10.705808417344315,0.05045574464560442,0.45219109690351883,0.8380959157280855,10.835937886473289,0.03943618903690048,0.2748502844487103,0.7635778083866835,10.258265060383433,0.035142934303090435,0.40217587153396833,0.8358190303983346,10.79829307140792,0.01848993616793291,0.39661950055034706,0.8461191452298134,10.783375297375102,0
0.006843572910984287,0.2685367358200349,0.8865341617999164,9.99145533050058,0.003914395921407086,0.14826114693511364,0.8892075298370598,10.28766737599215,0.01654281401393583,0.19220066468322147,0.8394216778439673,9.687158733340363,0.006899959273521216,0.12789020814759103,0.8644094009669807,9.640096724951082,0.018583359896865263,0.13695259238928942,0.8687758982806425,9.865209015803796,0.014928571698107502,0.1487936859863486,0.8922481572763428,11.28559307434948,0.05480856545665282,0.2674625577408762,0.8420932007402643,11.249496728317693,0.07262709306822582,0.2715577255143989,0.8497160208285299,11.483966232488195,0.06593923121024901,0.25018391552178126,0.8562920352435134,11.534576381715633,0.08932093603532339,0.32778521712389386,0.8282927028967606,10.915619363668638,0.06658714529389662,0.4190206896229174,0.8245336592569535,10.579352540021846,0.045635955224591206,0.2777306462455833,0.8144752367042861,9.921563240326625,0.0630153977817658,0.42046160928970433,0.8042569059368135,10.388168397123144,0.02547990941303726,0.36280924044657825,0.8470716676250347,10.399661575912074,0
0.010670878556405987,0.3342306583082843,0.8472016601860258,10.253870831177023,0.01172758141991443,0.3878161745299992,0.8486920458956374,10.424829655863487,0.018871295828495064,0.2952445634479434,0.8398059749388074,10.110583598697197,0.017290658826114375,0.3221984158655337,0.8657626566091288,10.35141400437433,0.05008073519354663,0.3385007508331058,0.8552525113080427,10.149676143486774,0.016603645000215307,0.17091108429968419,0.9030522335256955,10.491961899470654,0.02108131391836612,0.11267213185160292,0.8129068181879061,11.283221233419855,0.049147374176429094,0.27901408316276094,0.8594002229224009,10.614209292502448,0.06033255127725528,0.2725800765406871,0.8511309954043588,10.61013804745222,0.12677816124525954,0.4268529943405321,0.8243326465765065,10.471583202501169,0.07035623233077272,0.3833248527715111,0.7990038109052287,10.50264817617533,0.0573614928219571,0.3301473927514499,0.8349810266278253,10.14735193596575,0.06065511288429044,0.40014807974110655,0.7759986329121483,10.412542984238861,0.026045345130793207,0.34438885111812906,0.8118206289457734,10.467303335416032,0
0.006183743062118536,0.26821750910038966,0.8613949093112516,10.859818737539685,0.009905642300192755,0.356169650501832,0.8424048796257415,10.716139415409755,0.023714802874484023,0.27237609330444645,0.8363615560527522,11.302744523719468,0.01882036816030007,0.33130105443367625,0.8608447705692842,10.74348194311227,0.046480310156067725,0.3630676777834367,0.8378585461008566,10.350438596322547,0.026700315917246482,0.2139514622216445,0.8519347170700179,11.510189269857054,0.036890041139408775,0.20940197736925376,0.8380251785484225,11.527413270308106,0.071971968136159,0.34146418209088186,0.8541415032472549,11.338156289196323,0.06988008057957278,0.2506415531736363,0.880112367905769,11.030002511831013,0.05811156166270355,0.24445233871024624,0.8388036681136545,10.514499474105154,0.024009332060544793,0.21313814038272175,0.8574968032330689,10.681704277909297,0.025025677766509487,0.1771430347327867,0.8282313633230801,10.886385862744199,0.01833772849291637,0.26750689936890704,0.854780716689323,10.542947067906272,0.009401026824614089,0.23930213872306924,0.8696468773895949,10.6017232270254,0
0.008874110163828077,0.33680032793487796,0.8717754053280545,10.125494678364547,0.005863794119778557,0.21094658547527312,0.8690019821784912,11.004881951185688,0.042907431253745895,0.3022051917374522,0.8070087915344294,10.418330843212063,0.021747770419883166,0.28952439271427777,0.8617246519587038,10.440668920775556,0.03074727532707356,0.22865396262113385,0.8755322387034878,10.03705614429456,0.05546240923065183,0.32107394082529034,0.8341991397518967,11.16331748656024,0.09959882201001506,0.4269789159074617,0.7748345343258596,11.260949081727247,0.13125635286728074,0.46939949370369916,0.7958142538924943,11.40558669001707,0.09282955136111107,0.38438728793445964,0.8463781937592026,9.97581171069578,0.05297710506722578,0.2910067366354075,0.8645419963507197,9.344785234856925,0.03568601471202053,0.34765409835601435,0.8639220463070408,9.783420488174833,0.07454389862924116,0.36328721187273116,0.7839627470544518,9.786582932260472,0.01719913312994438,0.3100248316063533,0.8656662978026868,9.784018831105541,0.010492518526355256,0.24403643928466207,0.8979139359292568,9.862125685297721,0
0.010263602395386403,0.3488251220955842,0.8576782752966366,9.735032598716483,0.0041226617285284066,0.1215028270159697,0.8281939940718511,9.760718496127105,0.034893243529877466,0.2771944247894627,0.8617302608219259,10.151842465200572,0.007520512730090696,0.11409354655316402,0.8036752125644732,9.736150699905785,0.03955165638975179,0.17555749435544482,0.8277711367856606,9.604254139734834,0.060178358727378665,0.3522757169848734,0.8448226473485562,10.451395607292838,0.06145136650279204,0.32090227306965907,0.8076062924039724,10.575574091182915,0.16461898223551044,0.44518069995757864,0.7359277096211027,9.605372617407868,0.20820760625985743,0.4753205020090897,0.697527140568192,9.031560634469496,0.20242493918202836,0.49546892013527194,0.7407130323782753,9.124551741688691,0.09907173097633282,0.5746270120586279,0.7432356699014163,9.284763955654679,0.16476855965973342,0.6253038370250971,0.7354473484105655,9.344347205144627,0.05129045172738305,0.4734182128957799,0.7931442017959963,9.345254622662464,0.013708014041746796,0.26768577027245266,0.8935578267360447,9.98960344423293,0
0.005306043459247859,0.15319675976181005,0.8462092264690961,10.749189499260172,0.006855172108902301,0.14705143579547506,0.7981749407505957,10.6881224645135,0.024219165367648156,0.17249602851998813,0.8436485720344683,11.319826844888302,0.012081046230661485,0.15304407117710164,0.8207142014998086,10.779609909163367,0.038065170520481424,0.17022274173806587,0.7824446605539382,9.752270738590944,0.03134691526825792,0.2026690510423737,0.8452003906474127,10.676128714292728,0.033925673191925694,0.25747574456681344,0.860271232240722,10.92725309335225,0.07251537519559684,0.2732422061918731,0.8128797436807151,9.764287438927331,0.1126575309371593,0.3136925713614036,0.8027717112047603,9.804040014969566,0.11057195920683194,0.33405240321131313,0.811052014039121,9.783983735832704,0.06474768907001652,0.409160750436086,0.806668521424089,10.011420270215108,0.0578271916602124,0.33546908590313923,0.8476668687649574,9.92446335753583,0.04412243934629234,0.35677355184889736,0.8006877236171038,10.050626009666995,0.008567984188372771,0.1547802230967377,0.8746289926711687,11.034761996711595,0
0.007105933015064612,0.23443871244802128,0.8574523992964376,10.7454369391199,0.010453674678035638,0.24715069639254036,0.8224360469574625,10.458025488008937,0.03200869031277656,0.30443842584614356,0.8597570723478892,10.644382417162918,0.015016302689815098,0.20635990389056458,0.8155475408643731,10.57672723042119,0.041513876208371395,0.24452541372247025,0.8051806492980085,10.050674995749159,0.01637511334719245,0.12985803441105437,0.8608693679195375,10.314521650373493,0.025031227577237077,0.18115439737883982,0.880381243995276,11.185477616329598,0.03491796840785563,0.193641559032831,0.8608701729380637,10.505245014835069,0.07843753248290106,0.29397977880175513,0.8731958760893576,10.986860806770775,0.09607203530347265,0.41350036206774443,0.8214742353797292,10.990847718462184,0.05824257749043627,0.39618199299283563,0.807359122586855,10.822211759328981,0.032699953828706704,0.26454174549084,0.8582700337419217,11.222609225834505,0.043893328181400224,0.3602175950328277,0.8021370296107792,10.72296707973884,0.010079186278389196,0.19023050893970558,0.9132328783005607,11.361484990585229,0
0.004778972177162612,0.23448305884040538,0.8100664746547152,9.967160017685057,0.005281697930093285,0.30263282694119736,0.880241548045092,10.730878209786963,0.03570415600826873,0.3632832603988389,0.8003729630806999,9.804425134738652,0.009200863781520657,0.2773630091427459,0.8680291531447083,10.33477287877574,0.021388514371339547,0.20824494684078115,0.867230754058064,10.403078916366411,0.05705884004842833,0.3475244318311794,0.8707795069742871,10.347457723564641,0.03543124863779406,0.21653031208820525,0.8481355784535628,11.065936556766548,0.07173197651035108,0.3748037284039382,0.8519160810010497,10.825688967737973,0.056974936626267354,0.24952584422288704,0.8887345876748571,10.949031719602251,0.04580136465287028,0.2881563558843519,0.8315755097243618,10.843981238786963,0.027151815473322682,0.2773320409356908,0.8332002447114384,10.663659533168639,0.023088447997263367,0.23690532101528322,0.8845242822226056,10.372486057052939,0.020435462101987708,0.21752560426436024,0.8299651533539177,10.375582508654094,0.006575819269567133,0.15897455528719934,0.8846960127061203,10.815771933552893,0
0.00425980205936997,0.1495113114925605,0.7878988077344312,10.262731272278371,0.010444614580135684,0.32100198763880555,0.8184734861442186,12.032754177642246,0.04082002947412555,0.31136262045628643,0.771898236646163,9.8911143237764,0.018283696945067637,0.3003255722541438,0.8209057012071478,11.298966087639768,0.036562408938857684,0.24983083579835375,0.8667507206935252,11.508673061488958,0.07256518659133745,0.34833642337277876,0.8583893964631226,10.816021662583589,0.0562586542946298,0.24529673450666137,0.7937287175785901,11.552655238199407,0.12397387146607028,0.40295987426350177,0.829632854683885,11.088333087591568,0.0683087455078052,0.22430178149946547,0.8655622857523737,11.310968464413339,0.05014229346118071,0.23326371569525,0.816364427068329,11.507444143531973,0.02241253469264986,0.18218657083813883,0.8366045718496027,11.41857748785659,0.023957661131115224,0.18001577346235226,0.8195257067543139,9.871096639413468,0.014233840614135526,0.1703391358564641,0.8593906340722717,11.10528298674235,0.005776225655891951,0.13677049911642936,0.8658412434363069,10.607603187684953,1
0.00416110547354042,0.1802430342923016,0.8679760268701616,10.328315684541693,0.009132681870394486,0.3539315961327427,0.8281466970207614,11.518138468324716,0.023584481480471015,0.18155843422145326,0.8179764938128479,10.367834298155373,0.021099241112925413,0.32223750419355135,0.8120942281296957,10.911890719824461,0.03193140457980836,0.24511831495044778,0.877744125149812,10.99951509434296,0.035692529373328605,0.18542939012030124,0.807618470981467,11.252185107477931,0.04199156084400004,0.2592190143193248,0.8134251480536966,11.585499330193741,0.06774815870838677,0.32182767320079797,0.8247778150539467,10.684656219793242,0.05579749647295376,0.23330443867611367,0.8499625523639285,11.301601500009168,0.05688641114456956,0.34786252601773177,0.7934279649744677,11.50797689901736,0.01924044887656986,0.2101573313757274,0.8325408062103702,10.816761715910209,0.015715150557004346,0.11792569504021311,0.8133885356924517,10.044228836184718,0.013457510989539423,0.24603335680911315,0.8818496507219792,10.382717153363235,0.007472104636916051,0.21431443586701043,0.8644290981055132,10.44806366021601,1
0.010428241989700254,0.3935005838977394,0.8226690482779361,10.228556373817286,0.006054557672396931,0.25180734860581255,0.8084257874460187,11.377399881808651,0.06628770646125487,0.42254181866159096,0.8198547569749469,10.005600485331554,0.033677074803893474,0.410625012250392,0.8285548186103815,10.425293006197421,0.03829663475978587,0.23326620636803197,0.8457463411749938,10.957829744067602,0.030155969983377804,0.1878876445341313,0.852377392151895,11.002830938436114,0.041270223523256794,0.2934070238652758,0.8499187376371465,10.57759122160649,0.06745004561813993,0.45763670165046244,0.8312001848609762,10.393501115372219,0.07493013524144065,0.3756900662211364,0.8203249210497473,10.722317328433324,0.06389713146961222,0.3950944625963477,0.7713692328784515,11.061074455151662,0.02943873641485408,0.3746011221664485,0.843398890869638,10.80192810539044,0.044200882810927794,0.2884865685715868,0.848002269714903,10.30063302981164,0.02037149339783884,0.33475165247342786,0.828610207942811,11.193831452957864,0.01352034438148215,0.40136347448292914,0.8491877470398045,10.84852268224749,1
0.017473633649015517,0.5501774346655274,0.7361764879823716,10.656641554644331,0.008008110855376647,0.26076155116748684,0.7790546293927363,11.177777610914845,0.1207027585471952,0.5366277216622808,0.7532540244189715,10.15496830859046,0.04285454395731536,0.4408821890646252,0.7950822156055485,10.98530208744119,0.04684959951377296,0.26833603278209167,0.8074817822426387,10.739086672607401,0.03340270904629961,0.22730541224408127,0.866482969892539,10.714179033397109,0.04120959763557963,0.2548109952951263,0.8643489044670303,10.241465928555128,0.10967127954000999,0.4549233636956126,0.8207465121443733,10.622969519813385,0.1530139807695325,0.43430450846168717,0.796928016935487,10.670742510637707,0.17010076368390506,0.4915762058480083,0.7493297214745939,10.531382286362092,0.08095142934208205,0.5519593181751313,0.7687207687276659,10.76411565943046,0.1262447935893326,0.531108163138644,0.7558901992729238,10.36190793587072,0.04374029101201832,0.41515753891496215,0.7648922668378187,11.277339981956747,0.025525865813030922,0.542662806242988,0.7424915001466389,10.730230284677864,1
0.02197270258019448,0.6595596171522906,0.7147159055303903,10.267170122438625,0.014774407709934085,0.4046352583776055,0.7921081851200521,10.357376388999318,0.11936241758048542,0.6010843963709561,0.7299699254937854,10.358461551095301,0.05814674762331052,0.5835559319421274,0.7691263970516699,11.036715141214744,0.07675613811395822,0.40401222590366287,0.8241953447470367,10.479109163493819,0.08283552437979949,0.4431384101956732,0.8236622582113342,10.889762812944275,0.07317639762153004,0.4069530538458925,0.8488076193785719,10.178218108792823,0.13898830197915546,0.4231992904715856,0.8160138173500963,10.917727668749539,0.21541512312309008,0.4431368118326126,0.7971011528117224,10.323830885716065,0.23187738374210223,0.5292614190935293,0.7274327453456445,9.925009768535254,0.1273809732640129,0.5936116647712368,0.7379663228827136,10.167488291589219,0.17158544513519527,0.6101405482379304,0.7299900025504631,9.923979266808592,0.0669756102817511,0.5005398930097469,0.7714985700305085,10.31166861741961,0.03464015603328332,0.5673154442829792,0.730771903629665,9.985491429084377,1
0.02123830177994429,0.5961971680561146,0.7545982208242579,10.2941984975051,0.015575140477227498,0.3866206930235645,0.8291228497319556,10.234492141367932,0.12741007908919247,0.622934127030616,0.7669001916426024,10.737368500712648,0.05415164566749118,0.5117153231318637,0.794922846369588,10.728651275321186,0.084170527512498,0.3967103308631713,0.8559765757730395,10.249668940602062,0.0988068725398981,0.46732834493662073,0.7948210784295879,11.056648817335267,0.05038924898062789,0.3114253973935852,0.8590757987526492,10.182374708337218,0.08624687820187718,0.38083474688695856,0.8356197377614183,10.691088926012881,0.0942596655289691,0.34782277841011255,0.8531340355690683,10.403549209951171,0.10521371548122428,0.43121685784499847,0.7983045800667429,10.136497569237681,0.09844508559613742,0.5472342744493008,0.7957309544691762,10.28901525875386,0.17326310761745098,0.5791963093800684,0.7955688302488351,10.255807423748896,0.06359817923654026,0.5393155609421376,0.8025476153560447,10.380011083739621,0.03581043576893586,0.541355336377364,0.8032909333687754,10.350145398988595,1
0.009423003052556042,0.41809772157800085,0.8331653067707102,10.366921964409467,0.007997199726310507,0.273959382379907,0.8918566457098442,10.090242559236392,0.038669929526858764,0.373455339962238,0.8381402856773026,10.493071781115887,0.014679256151908486,0.25496961766024767,0.8855375129256946,10.409578957925152,0.04714487183592185,0.33100586016199995,0.8634515905530351,9.476708729267733,0.0459510946021881,0.28566113782201247,0.8130514350401651,10.88270563515133,0.06048535748028489,0.4155373680968032,0.8053438000355758,11.290588980249606,0.10467142110407084,0.48809300532256444,0.8364077011608828,10.439365228402906,0.0781098842636313,0.38872792522728183,0.8796756690481639,10.792935415553718,0.14633445399794473,0.5943928959720379,0.7386903283307326,10.265990888065543,0.05426217599214782,0.4164796270891883,0.8216549860815757,10.534886390442505,0.07806692519448445,0.44481787905375303,0.8334747718690835,10.663909022864138,0.03523564224373262,0.4314616848330466,0.832355565350924,10.550334080322337,0.014547326253405927,0.32986808038864557,0.8714418740361524,10.750070314865505,1
0.0047998331308979824,0.2535233259879091,0.8256914446879284,9.898631260125333,0.003684632235927219,0.14832407249066257,0.8746937240570839,9.649447872376639,0.015554751974375886,0.1695689804844038,0.8151317557669014,10.023841763495438,0.006847609277025912,0.15233902405387406,0.8764421773474979,9.567939202897586,0.021312524514567985,0.1752653347866767,0.8711474812754003,9.221167703998521,0.022413665271347385,0.20967274229771365,0.8702849897470306,9.940443583221242,0.059171202531006745,0.37972091093043603,0.8427549446062242,11.090189876742688,0.06949301779586264,0.40597173004948983,0.8294753609751453,10.753514693739856,0.05126738329909272,0.2732753082834211,0.8751796742538887,10.596927604727327,0.08684626611803299,0.43929504363389155,0.7979242434248707,10.094878907711761,0.03499290076789098,0.34775210789660377,0.8175895210514222,9.925530039090605,0.035970738397770166,0.2693784473594453,0.8252033561473177,10.262075499408803,0.020499482515575408,0.3303089042572198,0.8143235766207907,9.72603111685695,0.007400292965491645,0.20895340679353208,0.8788453039438177,9.788401566793876,1
0.003839156471489739,0.18821121905746996,0.8621677011258506,10.141028229821307,0.0052423271841949455,0.15297465356097004,0.8858651451512478,9.7613445646408,0.01918821813638931,0.17262162684830606,0.838497590628026,10.394678733356788,0.005557655765423676,0.08867338260018093,0.8749902431311545,9.875635149912565,0.023711630227368573,0.1742742507101284,0.9044312864906324,9.679396511045143,0.047852315195322855,0.3972485890273831,0.8060673968857189,9.704884123550118,0.05579815196902797,0.39047003450231504,0.8232945375663563,9.691574448292245,0.04298540079005974,0.2770726208541563,0.8692002827368104,10.64803829662602,0.04558800460204938,0.20838030024923976,0.8856073215744322,10.77569376944907,0.0509146928715309,0.2581850536662725,0.8512749818446409,10.184478982847523,0.03868871909070029,0.30744033249333064,0.8601511158358819,9.937657597178008,0.037022318906057054,0.29833861263393613,0.8568286998108616,10.578455088360196,0.024259313081967642,0.27354114687092695,0.8392269808788779,9.884042947194752,0.009428588727129284,0.2554954122380604,0.8846729179872904,10.196251863473913,1
0.0035360002480010694,0.18127469723984463,0.8263070208414056,10.98158921241806,0.00596301068455184,0.1983882809901696,0.8676172177748094,10.846685066904168,0.020655588201186716,0.17185782559573612,0.7807780594955667,10.873371625493597,0.006006905706937274,0.11198572628203689,0.8591756814969351,11.70840069228786,0.01994182617556822,0.18091674933470964,0.865854136092038,10.912371602865706,0.06410208085528159,0.4865715027928217,0.794418629838305,10.609695092462758,0.05343742112998693,0.43242535967814216,0.8420379789040248,10.387041462021843,0.03319199320642998,0.2891404141903255,0.8711774680948318,11.365342115800555,0.06082595572340292,0.31670325869656385,0.867684423367925,11.693047057025282,0.046636340100546084,0.3406477689102193,0.7948335927103914,11.757096610500522,0.01885555423861811,0.2656136538359017,0.8512284246973415,10.642051722065546,0.028669196967073304,0.24773828560271635,0.8561103987504315,10.672319395586415,0.015774279485509867,0.2762505492548977,0.8387182671078885,10.30290955121688,0.00832988020479697,0.2797611735364928,0.858072542893577,10.423419060945113,1
0.00696009887840462,0.23863233176512758,0.8045832293002528,10.293168837829887,0.005664791723170091,0.15570250494385854,0.8157660978481278,10.154428963108396,0.018633212686294653,0.1724331058309273,0.7111209734457898,10.858363736820461,0.008396406274099124,0.190452626654639,0.8794801229578624,10.857786743084676,0.019971670642684382,0.18351130422994125,0.8537176872396987,11.116777570111168,0.05337856264509585,0.37423219389642803,0.8029400563501669,10.835993597013134,0.024679365799817565,0.15205453138734787,0.713244137882706,11.098021597497466,0.039514877612118575,0.21123340924082842,0.8252227427704283,10.470560316554298,0.03596232005835848,0.17518081343605596,0.8821206299801355,10.990056188056512,0.03952713936121196,0.2552228971636065,0.8179971247440001,10.45569225270137,0.02018119384438575,0.17062150011785548,0.7934067958753843,9.553767170710195,0.02468978316907829,0.19445226605907964,0.8236317921859709,10.077312596396471,0.024635078229000334,0.2013180891562611,0.7373213611854085,9.251286901011484,0.012230223489191182,0.23294378629544057,0.8257704785476544,9.655504819956692,1
0.012748582426701672,0.3133311036499143,0.8118777645591531,9.861647847776696,0.009210445306521585,0.17968078164151374,0.778911191284091,9.385680461409383,0.03434938217658716,0.28531150787621634,0.7908583611874347,9.93737977995416,0.007407452765277881,0.14665406057213032,0.8780058232579808,9.866731973822668,0.030846142458872204,0.20908230841227737,0.8905230356976352,9.845920890239967,0.029701446795654868,0.2223892265102669,0.8608902473361641,9.838698588469239,0.03341739032179038,0.17640792158418658,0.7728787120466506,10.372776556734552,0.04006672718245092,0.15417858009271304,0.8032030161134848,9.733243885082544,0.03871590568086857,0.16518007135396193,0.8753766880390264,10.292951241336558,0.05582664150845676,0.2496507645394437,0.8265480481347244,9.936500713915729,0.06043392061947503,0.27011076046687316,0.8152123025484596,9.893245972519479,0.046786550161146315,0.28817078393349776,0.8012281757047863,9.528280380920082,0.054026713927133256,0.23391456931308668,0.7563302015965069,9.643972787067659,0.02262634395414311,0.26211812014915853,0.80404848319695,9.596215620586873,0
0.012518170275696877,0.3432985769373021,0.8560037800575943,10.272893029813758,0.007048688772165031,0.15734606070981041,0.8210097829761903,9.551173429953433,0.029729931997720872,0.25971944232913047,0.8545497401430174,9.634576627454372,0.007246926325083775,0.13611114676525257,0.8871987437193124,10.007670438298302,0.03881607110938006,0.181468793179542,0.8939875771844136,10.49729643396959,0.021021773362043247,0.14134185465668184,0.8576969881228915,9.304900108188168,0.07085053966803084,0.43326717592858405,0.8395352180544907,10.434066639193217,0.04496634058447639,0.2673291968734188,0.8711425657545699,10.345341990067448,0.0322544284728464,0.20532673968686882,0.8756736377397263,10.468889103603763,0.043520147402041576,0.27123752697081405,0.838183721583814,10.048232228751527,0.06523963437048824,0.32825131675697594,0.8371627729959374,10.17760112443468,0.04831764536647329,0.34478197925407145,0.8272226545303958,9.747144159190992,0.06759873302769112,0.320707016402564,0.8256214852763947,9.877868706448144,0.030243523355671372,0.3209220474222395,0.8491682147138789,10.173171915512402,0
0.006673773409613637,0.2753252029036809,0.848312186390527,10.160441234295497,0.006913458245671035,0.2380242640337989,0.8339486250232686,10.832812515628127,0.01747232128858959,0.1927964903314672,0.8767153972255625,9.535558554163936,0.011388885388852254,0.21538299253870097,0.8818226099332556,10.416856379747687,0.030834568459514714,0.1751934277336359,0.840298397785452,10.259502745019216,0.03218981147847112,0.20625624742936882,0.8232219186102336,9.734240878059502,0.09062712247333848,0.551989859024951,0.8200342166221765,10.5883102726406,0.08751203935517615,0.4753160004849144,0.8546048428038053,10.498894680228126,0.06140635191358605,0.3453056102811817,0.882336770681795,10.235381899123885,0.05449824746649486,0.3743045321910646,0.8448497637503223,10.113675631876367,0.03640144919436728,0.3563855084482856,0.8404600708351152,10.272450810691055,0.03890755845274567,0.3528855237319421,0.8591143366761393,9.841558119710987,0.026779079788486728,0.2825722505826563,0.8080037518210705,9.901121521459636,0.016644103851998052,0.3067366612404923,0.8528615217233552,10.127447293184543,0
0.003074024148128,0.19542897350428595,0.883666265646099,10.169918913966624,0.004643114983572466,0.24876325696925228,0.8737783092096072,11.111484949305392,0.016548380280880064,0.23953692508375587,0.9010947557424338,10.2416320923012,0.012916795161020391,0.24692192526991177,0.8822801048530106,10.477133460965002,0.024501200870512378,0.24117168713982506,0.8700901877487844,9.95524282628579,0.022055449035566225,0.21175285179662787,0.8596620010770983,10.662941640676841,0.05612050338550909,0.4021223649787567,0.8655531820081694,10.632898159964933,0.05000877848071046,0.3864251920271723,0.8839393145099499,10.419990680031555,0.03796862702280423,0.2927739098821871,0.8742009899730301,10.44978018459934,0.04515230044374455,0.33342683763043135,0.8249761180400308,10.516640104082406,0.022095950549582962,0.3341830556802708,0.8222459905832186,10.089562222965958,0.035396035400983974,0.3260239618815665,0.8679049357505426,10.283904073863354,0.013749093475565449,0.227377645221639,0.8045011586269688,9.482177956117066,0.009802031098012995,0.24639142618345783,0.8403906106768054,9.724914539992291,0
0.00694811090603157,0.3520839435047455,0.8883899056722595,10.551486851170209,0.007333346263850227,0.30622560030820756,0.8708359629150524,11.12161136809766,0.023427305336452747,0.2724995510744455,0.8954885601911374,10.405222495588188,0.028610601815269476,0.30869898920099514,0.8440503218445575,10.50021348969988,0.04025902859167251,0.3349572531114213,0.8754068273398337,10.60369904642637,0.010575745291767465,0.14088016063671363,0.8511889481061817,10.57756804091334,0.025725039800283688,0.19836805514535608,0.8568845726316832,10.624159217546316,0.0637250731762048,0.4041467071921343,0.8440945000836086,11.77393580756731,0.0677647961032527,0.38430545900125546,0.863232204433156,11.3914464481311,0.06052122265841737,0.39324987051370813,0.8595640971900077,10.935185627596114,0.040371679330488346,0.3906205192535537,0.8602883658148726,10.195817106451946,0.02848990143607811,0.22642930455306046,0.8814613981344682,10.392092812749873,0.03425691881681041,0.42306497816582683,0.812340910755567,9.831998981018218,0.014289349198779297,0.3090885390302724,0.8639882317744147,10.004437474682536,0
0.009104293245138043,0.3401884378862771,0.8595994465591782,10.67279658078589,0.008325935827852678,0.301467631645314,0.8381799236556332,11.53900966377361,0.02954691894454074,0.2664083892361542,0.875235375085836,10.375726727691923,0.020632801373933328,0.2663989301035647,0.8691669344073062,10.844863239403432,0.0627874296203874,0.4061547557628548,0.8368015522094778,10.372472498261462,0.020001417643331628,0.14718480972171263,0.8627837607922365,11.127786314203936,0.02760853681315299,0.17492248775463806,0.8783354977444382,11.016655840061148,0.08717946899513265,0.3986022782001512,0.7672798194450128,12.096550092362154,0.09303110466784209,0.331061737011352,0.8487573913471521,11.590178341571702,0.06307074845314668,0.3541647555021066,0.8346355955497483,10.923596844869522,0.0401344376049822,0.31669401032619654,0.8621123711124775,10.54410173700591,0.030121557078249022,0.21629963336440952,0.8664961802113729,10.613152653081839,0.028664059554809485,0.30054962210602343,0.8411811271726749,10.226850229232628,0.009869440380807906,0.2516699728498822,0.8625228909665753,10.395793596898995,0
0.007627283049770284,0.28372107840977195,0.806043146352464,10.538580201244152,0.00709398236569793,0.2933965839813455,0.8327501688716494,10.686326186411279,0.023375108992592427,0.20133406883276592,0.7954113164263921,10.603886379871971,0.011352681083781315,0.20540205146729473,0.8306751689001982,10.233213261335129,0.059641352515045855,0.3449417657601686,0.8276115895359804,9.500291751324694,0.022191769360450173,0.11854291309456069,0.8336063966762299,10.254942713287726,0.02769972309465256,0.13943886535695424,0.8692210457046142,11.115151359943603,0.07345697631569816,0.3143137727146772,0.842441605550505,11.60745370407376,0.0953654403765305,0.34981508178795995,0.8659134629475,10.630782497502171,0.0910787252814617,0.48923670563982463,0.7891258475655016,10.345000500447473,0.05007509080296552,0.4194771871299299,0.7872574976000053,10.48392795704338,0.042802183753998864,0.2769268583980037,0.7979383676654179,10.363387012514556,0.01893556736104091,0.2736176558695117,0.7689166103683663,10.57755980801505,0.00997281597875006,0.24089518968938337,0.7903594417664279,10.672335940436993,0
0.0059853568489367645,0.34994219852854924,0.801120930220462,10.835938178497184,0.009655646695757107,0.3418261888931854,0.873660129131109,11.270744830373003,0.01965962488287543,0.24483299908948042,0.7744910195042684,10.968915356507331,0.014530940412450729,0.3023796584936593,0.8289109570096502,11.25324921992783,0.027244422030940223,0.25242357279215677,0.9039662580767824,10.37525803587231,0.010486562847577183,0.09693971021608981,0.8679572649712188,9.803214483653491,0.024944606152055744,0.19196790189115345,0.8620089617833122,10.05460685389835,0.036696335167037956,0.18499772473468584,0.8645510594284768,11.576446573968777,0.03734737609429654,0.21732329919541415,0.8762138495669505,10.704168768270177,0.06630528001440246,0.4716605705452404,0.8268116139643091,10.522274279291805,0.05792934825462949,0.5444094668372217,0.7721832605010861,10.260685471956172,0.04654051352937055,0.37122223984381475,0.7994624954968071,10.214367961520166,0.024693769763002502,0.4319776639307698,0.7910969928518954,10.431055661711214,0.01339770637854273,0.3149821899385946,0.8366889411813039,10.473253500862281,0
0.0026385727311332677,0.19423269940540283,0.8347613185887236,11.058916775160045,0.008142411253306165,0.30616730769096395,0.8122968306919875,10.91658991368314,0.01723306618623959,0.22123440414738904,0.8410879470600855,10.865772760269005,0.020538336547150992,0.31973946028812383,0.8225505349570413,10.632932479785675,0.025750554980995634,0.2271852149637469,0.8591602364379399,10.372910857968572,0.01442007259228251,0.16668518109142846,0.893880784236328,10.422244319342138,0.0459868341031045,0.34744649853545195,0.8831847892309587,10.682978118007522,0.03229253028335071,0.20550385335233506,0.8505689366904099,11.797224249530988,0.014355050338940582,0.10505466255911515,0.82912605623527,11.557514305010791,0.026783332215112934,0.2084478868504657,0.8719932834343516,11.070749545600862,0.028753208034986363,0.33324413821877946,0.8362325268309977,10.705421297448092,0.02947002720564356,0.3445236399865312,0.8346262161386155,10.878555545260518,0.01369977988511814,0.26730727056913967,0.8135313411183579,10.893926871486752,0.008112675125927818,0.2677101793436523,0.8443946896970649,10.684347677109718,0
0.001136653733129073,0.08717259156545122,0.8219109308769772,10.187285524727049,0.0027272771921981764,0.12385373268384225,0.8517743490847332,9.850969003927347,0.014359431368991546,0.22236129672358415,0.8579435984226012,9.690968734841784,0.010744576595207583,0.19393406509314318,0.8518315481502459,9.617599540158402,0.00945374300744564,0.0874568701291223,0.8415476858575995,10.42679331487924,0.01232842590587036,0.13324786932386037,0.9123906293961418,10.199250222896568,0.02916855779855499,0.24087231074796625,0.8786941105098869,10.704710931494533,0.02151388504126466,0.18085922649231514,0.8761505825267067,10.87067293601693,0.011588861998266082,0.1038066331472997,0.8725115941661749,10.416854263654711,0.01502531186044926,0.12115960554529409,0.8722575149254782,11.25840232645137,0.01316156697828271,0.1918806728294091,0.8018712510971437,11.108679994342996,0.012870431648551093,0.20928313817733565,0.8633969717865676,11.43723432025254,0.008514761847250503,0.17987479502397663,0.8187940512485289,10.812870247932405,0.002186498012325084,0.11472923157738998,0.8750712647038122,10.971966931689844,0
0.0013314110100262984,0.10045814655113645,0.8733281478937827,9.740141076492375,0.0030097503359430068,0.1577660840149025,0.8626437190740746,9.22285973248913,0.012083264061806953,0.1742743623338045,0.8532033962464743,9.294086008058134,0.007148219153617836,0.15477214919877164,0.8412686480930804,9.375378687258648,0.010678483904703523,0.11875248109134942,0.8629493025857496,9.628546849903147,0.01474106783752262,0.1632746283895282,0.9097332091944953,10.716242507773185,0.020406907326606806,0.1458001271971977,0.8680772455426765,10.332127230826202,0.07324387709105483,0.5166393362072764,0.810866449794157,10.767838829622555,0.06526134752899568,0.4038005492942269,0.871488888276012,10.790595773859545,0.03361607351345077,0.24671251047879467,0.8574248413833749,10.80910329253594,0.02224486449112358,0.2681166865307835,0.8431782598249421,10.650941996757593,0.012227553260284693,0.17256007685894753,0.8707378222851363,10.176552008439224,0.013681434641751013,0.2533413476454061,0.866297503083022,10.623150105243091,0.003570114952443981,0.1636448232311944,0.8605893516589616,10.671450199578677,0
0.003952671480885667,0.26521958036380444,0.8647531435314405,9.689542567165295,0.006283105245255644,0.28564395173944424,0.8141814433536786,9.720434463623562,0.016697226560628334,0.2175204423647403,0.8758736649383579,9.31500219925019,0.02278877514736944,0.35112492516604266,0.814057558573417,9.68061541031209,0.033178022189823686,0.3317987481013497,0.853462043004939,9.644483375658012,0.01809972993470321,0.1727866875312561,0.8876228705314222,10.76967948905508,0.020761809832531744,0.20886496925604645,0.8808157149755063,10.963978189121885,0.1606877249283518,0.6751508023360847,0.7436221122277411,10.90469152419384,0.12998016104892607,0.5287650264639905,0.8246684418702024,10.74801022875105,0.07490579285543951,0.4452258428622371,0.8471852524534338,10.558809650016554,0.03379843542333127,0.342402413744893,0.8563611776432323,10.350686035724031,0.019347957337754244,0.21886837003413667,0.8572447302034233,9.389423897526937,0.025097791312932695,0.32784988794600084,0.8581382242764044,10.489975569044343,0.007182521779613919,0.2247780954402808,0.8824475085202118,9.912645116161807,1
0.0036117706875491173,0.20668954831725006,0.8270687169946018,10.052167394193543,0.008705380557054512,0.32764427641744714,0.8370437769513912,10.11874785339973,0.01526142358843961,0.13504368441640693,0.8071380968474501,9.580656919597788,0.014386217499109503,0.20251834830901547,0.8089017282011476,10.001242902522913,0.028372515646790355,0.2520060322790373,0.8552747772574201,9.75144719484086,0.03154195059496783,0.31780072207569415,0.8675221484085426,10.377955486044534,0.04919000698378582,0.34928209463781285,0.8520023392745518,10.735127305255947,0.20673759132835348,0.6889450903191604,0.7093833361532226,10.313231773770427,0.20630718959504807,0.6195275257300634,0.7495151121931436,10.060146993048246,0.16051474538231864,0.6298636940214188,0.7390872659188201,10.230792673309073,0.0577283428031127,0.4403570384693448,0.8138140933872292,10.073559352665669,0.03140434280391866,0.22475688300028884,0.8444307062004351,9.567130940768704,0.03759003801117141,0.41822445994857155,0.8188945096053081,10.294066894000457,0.01237666170025921,0.2708976020950774,0.8592731632941149,10.178659455291852,1
0.006021547823326162,0.2643347188132637,0.8607102752162863,9.946748306407368,0.008351280463255936,0.27900028613485317,0.8385429428977362,10.050336202458684,0.06310602126741051,0.37650474545082113,0.809625460893503,9.935772141653048,0.015156433097172347,0.1685653570326347,0.7969420470950247,10.10147013516247,0.023698021995199457,0.17122834677825627,0.8521637492657183,10.911224315588134,0.02413836084550397,0.22732620500357467,0.8114259090140169,10.540938587636013,0.07190077434531623,0.393893887893437,0.8046863019827647,10.681087073056933,0.10396711246271052,0.5670397263096397,0.7517150068916225,10.144351495010106,0.10985669758230446,0.4369115617214357,0.8161129239636128,9.842568098591611,0.08719831021779964,0.38327042090964836,0.7954401748357341,10.066446803352964,0.04885308127951172,0.37629762230543,0.8143874208178609,9.805717179708704,0.034390577403029934,0.25459225813363523,0.8581387748051347,10.232601975437598,0.04172812743642523,0.38696588976098784,0.8134105213999553,9.97265678902173,0.018350740804235634,0.3369118445354768,0.8471038593391497,10.139560823124171,1
0.007506758778090846,0.3509763986938223,0.8594435978717965,10.757792067022574,0.014692038215151563,0.3762438627601983,0.8407668861524551,10.315072379043901,0.06080175052123089,0.3313358350607678,0.811200098553451,10.815327525478045,0.03372587044614981,0.34455959839539174,0.8144939967270631,10.318088536046968,0.08174362247705043,0.4191087034797727,0.8272840374926483,10.493388753129672,0.020293139246658435,0.20469718250209015,0.8601072449716968,10.679577592847558,0.08762967222360964,0.43146445661059585,0.7970022823129587,10.299106647603804,0.08138755112287029,0.4251268381086291,0.8437956011676586,10.163471566664041,0.06324253276431842,0.23681351994052668,0.8746915374027131,10.310603072385067,0.06179324822719047,0.33733152073769257,0.8354761298925784,10.78739617765099,0.04278463130602876,0.4142377847467101,0.8216427385462439,10.171743017826719,0.03697738847233903,0.28426453625854725,0.8363948053872671,10.351457553121811,0.031368153645731124,0.3805511494756198,0.7897167368993886,9.77831063936372,0.013962561829517495,0.3500226102171322,0.8438387048838482,10.019910697379492,1
0.007669498055895173,0.2692129453328334,0.8342018095050343,10.214163397597433,0.020227332239001347,0.36805071367044845,0.8136008112085886,10.36394238357484,0.05005065208057077,0.24193446332340482,0.7628722508506502,10.520973487795361,0.03629854494002324,0.35571959238713663,0.8172011723107773,10.642723104453855,0.15467500897857536,0.5050693265616187,0.8189850851900219,10.177649374334907,0.025150285627133652,0.22891209415837493,0.8743165230664655,10.752314650337508,0.14193262835496992,0.5530905757755824,0.7949718700686541,10.373605372306818,0.13098696518984743,0.5307520894903024,0.7930853594237139,10.270396084083789,0.12728495183278957,0.3788187955281366,0.8430626347893131,10.658745749461213,0.13070177486620305,0.5311019613125405,0.8092387824986539,10.549617503128388,0.06340999605057746,0.5132922354636545,0.83470161766952,10.199767797063993,0.09386611805251878,0.4660927774782426,0.7912884616830742,9.68970316977407,0.03384077622027727,0.421223814876012,0.8413583863387974,9.95120037139624,0.01046375599569523,0.27947876610403544,0.8562483252193991,9.756257533312109,1
0.012753688186299832,0.4092742072362586,0.8126846619230843,10.465767959371341,0.017494533592512906,0.3610925304246809,0.7626213812366827,10.37451050621666,0.05764666965422717,0.36492403264916035,0.8041686659126921,11.068783503359871,0.028220536060436365,0.2930255980650135,0.7712072532188083,10.341462908023686,0.08636130102170218,0.42258113560835386,0.8114117296206147,10.28999554125781,0.0244932399975649,0.24809117376632123,0.8750336296784547,10.542223311911558,0.11363895911159336,0.5954044962887957,0.7434073505580285,9.649566822372309,0.09456435041238957,0.44164504600153237,0.8109353634929075,9.941812357119916,0.06447160982224114,0.3127447789498719,0.8594499366899632,9.98174111703499,0.12725389688046423,0.49109812411684334,0.7597451037120071,10.17599707125682,0.05670521368417914,0.45175176472925144,0.8217279866353017,10.29119328086864,0.11726517113376589,0.5197765972704642,0.7934617364327042,10.671469030999463,0.036428477401194814,0.4059029187451711,0.8253561114875382,10.269930791992348,0.016939945842478963,0.37743309771206524,0.8583462816985182,10.780948260042585,1
0.021989803871599593,0.5266045644933568,0.7843132362291538,10.82674976600094,0.019135802718667178,0.4360677878335742,0.8152279275647042,10.722035839731978,0.07026409596813582,0.4282058819792671,0.7904531821536862,10.869108928813517,0.0326359518766275,0.36747867610187,0.8471697790142785,10.61106369435157,0.06476190680344997,0.3571998058604178,0.8487377954973687,10.83445913332855,0.02310081562901215,0.20818000864491654,0.889908836078894,10.7183529358079,0.06170512171583553,0.423643292411256,0.827006260250791,9.703955953468963,0.10519429763351476,0.44358529221129483,0.8404761073490121,10.40610972279511,0.07140525807262624,0.34737250571248823,0.8400887321963565,9.88853040693521,0.1731864308829122,0.5177131528736173,0.732638479444077,10.14930924942776,0.08292110675034184,0.4794894824173032,0.8235770405445643,10.818178984290984,0.11368732479241044,0.4939659950378207,0.7856357587180468,10.854334689626153,0.058222647229614545,0.46476750762834834,0.809129991766161,10.747406155193039,0.03359942605937295,0.5117889834945797,0.8034141583442918,11.138847097446327,1
0.009427737054915498,0.37243519786266355,0.8544832318646001,11.175194344538276,0.00810652542243493,0.30341759575985733,0.8268803985678163,10.574709934437855,0.03252577304707695,0.2640650804329683,0.8182845209540447,11.043271548025997,0.021037648293775097,0.2675383083028383,0.7867502333119243,10.730450965641763,0.04921038036693698,0.3298738886007177,0.8308162205074436,10.317423536998005,0.03178034643499669,0.21227155518251145,0.8986560865671568,10.24504764772371,0.0602797887274333,0.313335664441537,0.8320249627942601,9.736576330179224,0.09955962786645453,0.455881878237893,0.8393690956997316,10.213102422519132,0.08681042211342417,0.3947236537623862,0.840108097098078,10.034274107411223,0.10075089501819541,0.43942507940875153,0.7823541958017138,9.476785497291123,0.03128839312843196,0.30398696787380697,0.8683854581369117,10.559460536906784,0.051324933383405415,0.29175617206415094,0.8330545640303377,10.542614264856487,0.02414222948153788,0.3017546241770649,0.8661744148167837,10.30021814621521,0.012848893769267,0.32800253850009764,0.8742784581044788,11.35446872018568,1
0.004694204606706544,0.24983962960429443,0.8682910783621683,9.686290776782158,0.005610306513915973,0.25540056216190915,0.8533331468692117,10.1651181241658,0.01434006717200815,0.17668623414217258,0.8386548488115741,9.82805171581616,0.016139444620580323,0.21071076269446204,0.7092811633421229,9.574618508574178,0.02910201629443233,0.25352082337203824,0.8565973659522964,10.147708111788033,0.024066858833522695,0.2202019458133228,0.8653677054994942,9.629126981021571,0.08322687308077058,0.34871926203692727,0.7399636119402621,9.124157022157277,0.07014533841258527,0.4126598892466348,0.8031744456383634,10.050449684853467,0.04410955342657533,0.2765573486851449,0.8801040091352846,10.038148157774778,0.04374604286727632,0.3049828738307987,0.8216190749260011,9.541761853507964,0.02222747404674486,0.27026820141972147,0.8749279824517944,9.438052062649245,0.019427073972171097,0.15932746707888687,0.8654663229211111,9.519294027742237,0.012583806936314933,0.21637455320541454,0.8563541925370104,9.19534324869401,0.006825386701777334,0.192753019115347,0.8734832514883117,9.219509363988177,1
0.005205004679231756,0.23247590019830486,0.8587855645908745,9.974245412593241,0.0076375007922257435,0.30806207083591763,0.8563648700822813,10.176787129138507,0.014843064635438294,0.11115008785911946,0.8139629240943471,9.81110037912584,0.01507966458177189,0.20205390329494144,0.718445002534744,10.141959137348168,0.023508925456141097,0.17724874757390896,0.8433698827561031,11.115336413770267,0.013266389941223599,0.10716172907551189,0.8284475122256205,11.728057762755572,0.038258155566841076,0.22883948467516288,0.8212305718442006,10.519026417624927,0.0494393752291727,0.37570996433401427,0.8284454680043846,11.279931247231183,0.046164459902047233,0.30517050130467405,0.8694708180399314,10.760856622521523,0.06444585880652008,0.4298021139137407,0.8475851902800553,10.204477658949191,0.03927776361719351,0.3974496662775243,0.8136551910294133,9.416689076649496,0.025375600598853888,0.1885346021881354,0.8213142205192026,9.393511609591094,0.022616129870331656,0.3521978971101012,0.8032822467860978,9.309152184340219,0.010397026730429406,0.2534325040308464,0.7933096429596077,9.273413797134458,1
0.012914291742568841,0.378638488547988,0.8167931466070002,9.839975889314989,0.009597855528003008,0.28379889199544656,0.8082328000853299,10.240761605955013,0.024611100952988258,0.17072168839343324,0.7887820866386596,10.55399660084844,0.023615282921365374,0.23755171981879014,0.7375606086486459,10.231181790189055,0.03662148233561828,0.2110939499883928,0.8124283019297861,10.565743426781918,0.020033188622314773,0.12707029124949437,0.8619483202029171,10.335171945442003,0.03359952076133509,0.19480574227924438,0.8434224653061676,11.198166203300325,0.02277783936297338,0.19251349467293621,0.8713614714718708,11.127069509050257,0.07931111104864297,0.36792212486993287,0.8550553223530032,10.716648102458743,0.14557365414848988,0.5886156462125787,0.7808742208785441,10.17022120460468,0.08395278882823656,0.4982365422728089,0.7702105875905217,9.558719119133587,0.04316997562560118,0.2911820899762316,0.8496731580527139,9.51713670276035,0.04387223792993171,0.4316714926019851,0.7812443834604667,9.47034521922565,0.018492669119081685,0.35742707379168565,0.8168396483312366,9.484247870877878,1
0.011847065625568294,0.44683790224433273,0.816752346652452,9.966369110204827,0.009482179925615366,0.28287545844053025,0.8079225518525621,10.290268055024129,0.03700517540397505,0.30747248173396324,0.8302967161375345,10.547738246446286,0.023389164315068343,0.2306566574368712,0.7609568546645467,10.411150867461744,0.0400530809557338,0.27234338205699116,0.8141770332677003,10.508278835836435,0.024124570023951186,0.1596982704127296,0.8827218647572744,10.437411064617907,0.048047557170711234,0.2988913664327539,0.83950186463244,10.092308957341414,0.02352032944085009,0.1909793375004539,0.8578467252937481,10.136386281542595,0.061066228028551675,0.2877599598159311,0.8592054445197136,10.590416496242344,0.09176663143461684,0.4839782853580154,0.8160418444786725,10.120370098784656,0.05998240032144855,0.45418295587108715,0.7499649855135918,9.44891955812791,0.04754526471913464,0.3460151600994847,0.8199567048536721,9.775430503579374,0.03616160947376429,0.4221465680092364,0.7740668191320177,9.237522934061408,0.0164055749692109,0.39770561526834813,0.7893983365661756,9.535338622294777,1
0.005069431544844903,0.20972749424841378,0.8261978137340998,10.57335592858465,0.008342623416682666,0.3341492445679342,0.8452772277776761,10.293550913805753,0.018164648258293833,0.1671258415321796,0.8634295414282175,10.77826793694395,0.013978312907692506,0.157586918480957,0.8681787408066234,10.498727921008468,0.04634264749357564,0.36774859412936567,0.8076851517003251,10.707335391408817,0.026349678969548613,0.1965351271152824,0.8845160655670348,9.733343304417431,0.04279122588472267,0.24373169289987867,0.8300077957583644,10.251804246771897,0.03261217933805512,0.21231427010106516,0.9011500917719798,10.601733976532426,0.05779401905037165,0.24753519193304413,0.8876939366618845,10.95031348121483,0.056010837566096816,0.31241960168430466,0.8090168389163727,10.653882565077922,0.029663306950624323,0.29244587448210396,0.8549817957436882,10.064271157521501,0.0240420889890373,0.1592074026770398,0.8203124438189267,10.792888283998444,0.020866708430422605,0.30445623274545414,0.8294610884061024,9.792462385862217,0.00965464278810749,0.23124445520684858,0.8482173232341763,10.524960996485243,1
0.0029348422306969125,0.11566751463473032,0.7679913324176271,10.920989356482272,0.004160332212733288,0.19865740547244368,0.8513931162036334,10.130108254073914,0.010955282674843863,0.0953564154873477,0.7803231554976161,10.414731522853499,0.0060777439616859176,0.08569090731040367,0.8265634302797465,9.696020902978754,0.021415391021033257,0.22021134561592456,0.8817950617553121,10.546030857065087,0.02964021734707449,0.20375011425917808,0.8940473180699772,9.897711346174694,0.041311573479956704,0.2431442791242949,0.8446289160121724,11.463932713284692,0.044506773346739636,0.24105156454323973,0.8746721597480536,11.793552451780426,0.05172742355964805,0.228782915681217,0.9022319786945696,11.400651491746512,0.04944422824217641,0.2928628339261063,0.8007278287203297,10.887336560843167,0.026366187236857644,0.24580924717710614,0.8046652986220497,10.381020499704888,0.019398852515167438,0.11402005063976678,0.7679817615490597,10.308638850524748,0.0189407638789601,0.28368289502030264,0.8028184545472415,10.344030291554306,0.005973136884559058,0.1426783453739596,0.7857272990379044,10.834551237362382,1
0.005514448530435047,0.2353871255573574,0.8193780550822738,10.570161519922106,0.00602081796469837,0.2365972963626412,0.8478290128523058,10.93810121380851,0.02540951285585465,0.19403486739681622,0.7974676958190395,10.404750093077233,0.011338556362973429,0.2126714620671254,0.8180915638172853,11.119850975297247,0.02212099927805078,0.23002060219611387,0.9073995116153019,11.07848465200403,0.03043298576637438,0.1901348778225948,0.8742433963223382,9.929776675279177,0.03815855247728102,0.21728905198617995,0.8310322662296805,10.979210719333857,0.08936229354174699,0.4317747867856188,0.8662337592194745,11.193823741622104,0.07235891893141529,0.3136006721334561,0.8991327003898896,11.208962591596892,0.06435706446727571,0.3814981145392549,0.8745681744931243,10.734996640478139,0.037941853181412605,0.36362203104176355,0.8702761147802495,10.360572951939783,0.03964400452289895,0.2665716474565595,0.8515903339279393,10.139729066772718,0.026493017573741458,0.42864462834571865,0.8559023867415663,10.335516021095975,0.007461510781861608,0.21665195079837266,0.8846383029079966,10.892901618319096,1
0.0068208584386970205,0.2951989070071761,0.8629806320496354,11.601654562701874,0.008763839765818298,0.2975781660657362,0.8541219205509826,11.076756946207205,0.028633640771200345,0.24822050545735003,0.831931160913985,10.882244019303947,0.01811823778066915,0.2659770417915511,0.8651155102119205,11.2495074091267,0.034446170500617865,0.2821822505965085,0.8922548690772272,11.376944642602984,0.009926920349902462,0.10179732456629068,0.8888443055355376,9.778551601239396,0.027701041678878772,0.20003961402002338,0.8370954949195992,9.482637041545187,0.05020162675404713,0.3290521443828406,0.8701298903483276,11.148316964185444,0.045188797108907316,0.2739468120097847,0.8937186889952147,11.006380537902151,0.03959110096275228,0.27918268376376815,0.8857798307994331,11.197080985593152,0.03154431289586078,0.3240157301160487,0.8349268139965176,11.478071881197117,0.03447389652166223,0.2523587006284639,0.8790425314945778,11.184099244678864,0.021331119384890566,0.31964577016881324,0.8655256694102581,11.093851195248089,0.009235202551515151,0.25286086820585846,0.8799477308236021,11.66233502058514,1
0.007275208263277922,0.3565759685657241,0.850373728119393,10.595907561571192,0.006315975138755503,0.32599495542807627,0.8433130118994812,10.1571688011764,0.03091307841789822,0.262947083272927,0.8317750443857626,10.602152307914707,0.014522830865095787,0.24798921482571126,0.8622148487835037,10.379925008119764,0.020539652111104072,0.21030545077826934,0.8710625725668388,9.822464028213592,0.018335207285897735,0.21744204433455003,0.8800883631213987,10.07892963393865,0.030698088475896963,0.27563298294900207,0.8171485497910098,9.964427451829232,0.02956999662780914,0.21768286436694764,0.8877081635214834,10.736959343904141,0.03441032113440454,0.2283841847116444,0.8925936009054642,10.618367525995565,0.05208401208834582,0.4314839462722892,0.8716020814650502,10.712687017221661,0.04899475831067288,0.465827211663424,0.8301686703627246,10.535027188111219,0.060254093913867664,0.3620413967653329,0.8470567698304264,9.945093561544471,0.028158337727753863,0.46480129236951756,0.825038522038072,10.111556947001755,0.014147286774856027,0.3572589144548201,0.86386881241854,10.23664414730956,1
0.014042695797465017,0.4900579970363162,0.8077066426650302,9.756294538805568,0.010127290347521859,0.3791063206816107,0.8041732586359103,9.130865308407303,0.06281521035574654,0.39496262455657366,0.8006749738711415,9.712605790445748,0.02088792432988094,0.369353794502216,0.8053772380836789,9.108940999632892,0.03782658250669405,0.27464114697840786,0.8194802021376755,8.745500470170187,0.036554981417660996,0.29467295673539684,0.8281982363567703,10.900331767392546,0.05255051997830034,0.31253486613598214,0.8024629076310633,11.369779696423302,0.03342371136023128,0.2573161519737734,0.9075645121304193,11.187042874377363,0.04595642926978291,0.26535761214485426,0.9115259868866212,10.772656715759762,0.07475607577901548,0.4785558106562923,0.8339736646592137,10.239263048103012,0.05953429494512329,0.5064018631894557,0.7999312183186444,10.127795399047628,0.07118402098967648,0.46236361245818114,0.7928511926624086,9.789001704041597,0.03628064447706447,0.5324808776954909,0.7708543368224974,9.865423705858763,0.018973128790756185,0.443370300889035,0.8271456681610344,9.760833858191164,1
0.005831116277691639,0.29992449341949373,0.8372769475314982,9.60358061339577,0.009321190994423996,0.26209386394432455,0.8248468036217252,9.25384747819578,0.025638519974061136,0.33682130510578817,0.7941667606951395,9.390353850675593,0.010098278693114008,0.19107063650567718,0.7851969367144527,9.230493508922276,0.04833209333069437,0.27637412263261635,0.8118527654596406,9.063872597517275,0.04504103205712544,0.3027056477276823,0.8536799335928774,10.400982502022739,0.05072009946231695,0.2703594751033839,0.8321735684603757,10.80161003039838,0.05642149498979406,0.33177488660358534,0.8515592556957691,11.055097376797251,0.049848212738698924,0.25699291566983645,0.8835750058630986,10.933700361720327,0.042726781034552234,0.2626031741616791,0.8718711466039799,10.453149227316693,0.01907376981515349,0.20218929547857012,0.8657002354622668,10.316064752847842,0.027576425007196655,0.25050222407210787,0.8920123727204269,9.919440011987415,0.016337674754559932,0.23111298955015974,0.8320392223270052,10.36439833326655,0.005278241242250667,0.16327522625507554,0.8911525753980897,9.812412977353342,1
0.0027582356434852104,0.1779395296844321,0.8920795341103093,9.462443227068738,0.005404701815676483,0.1735114135233058,0.8218053693620841,8.95478499789047,0.014236953559276245,0.2088555062538535,0.8847333145864845,9.317064718373441,0.006986203620339949,0.12613348521483597,0.8320126572192486,9.66851649843428,0.035651490992531655,0.24228986580030004,0.7951967698996102,8.894734943427403,0.038617283119591485,0.32065036285584814,0.8717600792197312,9.884187842368672,0.024337542982640497,0.18292206962406177,0.8468188850821456,9.884760463610622,0.042378948614385833,0.27830999503509546,0.9053344766937017,10.687867386151035,0.03682002990954404,0.19475157887101358,0.9229629556451462,10.127368937089214,0.028379892108993356,0.16448214714366918,0.8722734294055109,10.066543396729127,0.013407202777233061,0.13556841587828108,0.8623566891241156,10.191869048729352,0.02633969656119411,0.21303304564404166,0.8885153816445533,9.63296262149942,0.012233086318940005,0.16638657475950772,0.8611751780743858,10.096732852995396,0.0036436587884045584,0.10536716514709926,0.8910196570214132,10.091722988359235,1
0.0034653119529949473,0.23382245732197926,0.8778512454882403,9.871249593083705,0.002013974056713109,0.11696964026151828,0.8017451665036507,10.1674812033804,0.02807222153484302,0.2740124483691182,0.8490463687859072,9.126967359959378,0.007403487659890172,0.15533057584833934,0.8537538156932611,10.189012067048614,0.012001194654272705,0.13467698354824928,0.848466526372518,9.900377544173006,0.0361519849181593,0.2910797918175425,0.875002140025513,10.91012515450981,0.026023536170571064,0.16094592509858438,0.7868526059914823,9.090057970264558,0.021319230835815002,0.18213618768911807,0.8644692741130247,11.149949960717521,0.027138040163513986,0.18713459234839455,0.882171055555971,11.010628475462964,0.023869050233601294,0.2045520246045857,0.888398428391826,10.249433955132336,0.019125926229441106,0.24165436077530114,0.8812657429807713,10.286928186349744,0.045471295045112416,0.3011735583743906,0.8697829726860241,9.48703483939899,0.01331023213581821,0.25716784908768225,0.8675729572059985,10.039132937316756,0.006885499099808618,0.22416566229556886,0.8910552266148852,9.915658415073812,1
0.00527962010133646,0.2571838345286887,0.8391869073368109,10.232486196177652,0.004994586713261698,0.18097175180001546,0.807492110966907,9.366976555402378,0.024361430835109867,0.18432854823251527,0.7404532206535801,9.41512954624751,0.011790595501061539,0.18735074459029297,0.8373889285776381,9.335109448432139,0.024121608938314467,0.16783675725517794,0.8118856671472541,9.03793421338905,0.018327298826948835,0.18820099698066325,0.8882319626675551,10.9486461268181,0.023140661399235915,0.19354635815027962,0.8411684366234932,8.7913158886573,0.01476795515018747,0.11888632381890607,0.8769396865351736,11.463025414155819,0.019293196272986177,0.11349124909078499,0.8625574901593405,10.623891116135077,0.03452260978583035,0.21485993829600766,0.8287931918262613,9.827588823287742,0.02005642580187472,0.2419743726475882,0.8755857595677478,10.325479416785935,0.021970637736255516,0.14872128215340713,0.7761801786301706,9.36152177526354,0.01707309606365216,0.294436965062949,0.8413068660692169,10.015569097085818,0.005527769381039992,0.18888600892254134,0.8576887994597323,10.013453808742728,1
0.005059694197713806,0.20569608548112767,0.8371057770161437,10.206897184294549,0.006035909990393749,0.24241373978439038,0.7773513707784928,9.731180670951467,0.02525399537344791,0.1756166188635986,0.7221688557103071,9.485458201302759,0.015424877844562505,0.20848709595199472,0.8139669543001807,9.494987418067165,0.03205787463499699,0.183730433130479,0.7769651600116998,9.579255843224026,0.024717285981038842,0.20311656259237823,0.8532595884087268,10.05150442885797,0.02833386044730958,0.34786214206174276,0.8560214641318473,9.17501916335201,0.020583292104919475,0.15691621058147198,0.8806346901064579,10.623813237777414,0.01939165149681975,0.09466555440859171,0.8474312362219412,10.490266953667774,0.03225713356164961,0.19453925284359216,0.7734511997500593,9.832289685924435,0.018370370566441342,0.2314011687549747,0.840911891140466,10.57077808757957,0.027017250411197527,0.16504393588655716,0.7577486465509052,9.491619532401927,0.014882539291626013,0.26762661367740515,0.798431889809099,9.990819664864924,0.007593682520315511,0.2169086263431686,0.8368271463095129,10.002587634391364,1
0.0049425824701390345,0.24791948102200734,0.866057553651484,10.784705355920254,0.008586528044703595,0.3445661042665593,0.837909387882274,10.771298798023079,0.026772428265208214,0.22358830445704314,0.7515960313131517,9.40025223416712,0.012974717251544476,0.2535863305120744,0.8222903871939938,10.341762924659012,0.0411816381877094,0.2807061168062663,0.8395326265393005,10.758650930899211,0.02210489656503718,0.1672064879901322,0.8622136073773816,9.808283812385177,0.0290000283116893,0.258589480102593,0.8513849845942092,9.441190931788887,0.036240098243440655,0.28177905297052,0.8916198631041133,10.540909714755404,0.040476714453154455,0.24460179028624762,0.8878504583001592,10.766257093577707,0.0420044735425581,0.3021364273367423,0.8330234390915707,10.276042262925186,0.02633932966707949,0.2958974242832796,0.8609633964292974,11.157693463749341,0.03839779110661024,0.21789287451528946,0.8317220516198356,9.88391227005499,0.016228009470504144,0.28734580567915935,0.8570945628381157,10.757692639871786,0.012170787971692089,0.2939360107540917,0.8533843055545243,10.900759159856154,1
0.005493914391294056,0.2180620465794332,0.8323510822381591,11.310325643334068,0.005969605539713158,0.2250678461151855,0.8598000588120507,11.476017527336303,0.02175880969116545,0.19252210673723663,0.7767150399829924,9.853086185401137,0.008865867079716667,0.1506072872851135,0.7870071402221459,10.56906977370247,0.032724912298134505,0.23526008384490613,0.8274600109382829,11.609441078147999,0.022936024709095455,0.18736751544014832,0.867917764932392,10.209822985271275,0.028264056868582903,0.19024823084070905,0.8212059994665554,9.739230522861432,0.037317592543836486,0.248386582130343,0.9018179522480045,10.880450442936773,0.037674527062233724,0.228292028871481,0.8979027263231504,10.851442077972843,0.026586722462892003,0.1892247313384123,0.8500174778463552,11.010586570515427,0.022980302525668725,0.20289132708799487,0.8359387468395785,11.321658083843316,0.02424078721081347,0.15404043336369558,0.8594733262364006,10.518817992019235,0.013047693705021781,0.19283117135512334,0.8484146467883037,11.374817344070735,0.008087013580938357,0.1830149999884406,0.8410007282137663,11.526840299346269,1
0.0034624264882848004,0.18629050735047364,0.8842544805238157,11.034600260122076,0.006141738292322178,0.19124615611263934,0.8365370039835383,10.795233046501691,0.012038738373187672,0.15744626181958835,0.8460553120898576,9.904218663084517,0.007549508269706959,0.12291907693334976,0.7937381568001624,11.369888633548202,0.027533586660892825,0.19679339898749998,0.8715201904745355,11.181994712554076,0.035196764689993436,0.2418360437550913,0.9129794185975622,10.267941856764253,0.040093665337698044,0.2651187744833038,0.8532049965438615,10.03930716316289,0.051834766851829014,0.34054430507458433,0.8296776924280806,11.235037221164829,0.06932871820276221,0.36031842885760756,0.8559415022742871,10.99510429255367,0.02914663258417976,0.2063583456031357,0.8516080058918983,11.1471494433588,0.011570734629478288,0.12682334221113864,0.8454599033564435,11.170562420486542,0.019703319589116905,0.15734407915198115,0.8681210885427973,9.920454733694525,0.006031477104374341,0.11833863774925713,0.8430560296852967,11.791839922031405,0.006297448602322285,0.16569339367484243,0.8629682845874472,10.513709643758368,1
0.003911156330738012,0.22799924895238485,0.8874067701875581,10.20265109970868,0.004676713679267861,0.1744315272324391,0.8341380572689555,10.539670180971935,0.018284274200092158,0.21199642550081824,0.8478446813422973,9.742853342246828,0.0084777157330894,0.13958875146790573,0.813152447995014,10.999966760956623,0.0239315416083816,0.18038027263739476,0.8839363277265695,10.250496373213698,0.04521414427577607,0.3000122435478717,0.8694056450069247,11.233427899117721,0.05586511644246149,0.3706287584396004,0.8307033996695742,10.864998932713672,0.07404552421147535,0.3967687661024949,0.7743683351508874,11.976761676842232,0.06955601865115557,0.3352112526582149,0.8515770248694453,11.632505778310685,0.0276440470577369,0.22327515911890386,0.8941219693408864,10.838241744948041,0.021414468862581706,0.22103727830118347,0.8621649093287023,10.617975869381993,0.03535223647075861,0.2365351828403898,0.8186249894580642,10.00698687592138,0.010398372479677105,0.20954554059948155,0.9042413537478954,10.904949959700135,0.006446005595234391,0.1770099076506938,0.8898459085022601,10.467382342776915,1
0.00759543683300888,0.345062440860138,0.8566490282055265,9.881804391347265,0.0059589622538928294,0.29472161914498934,0.8638669169079872,9.893667602094567,0.04260911895970776,0.3501775332420579,0.8533803380814493,10.179364441981674,0.01114684835943006,0.20895207185323553,0.8418839069123958,10.239954352833072,0.04713148654434338,0.3815071431695816,0.8434813077137352,10.008179574758136,0.0413114304992198,0.2918480969457791,0.8504528881983677,10.814120914959453,0.08648952249228375,0.3586079392281172,0.7818065020613422,10.480719181429173,0.0905862513220533,0.32669983424263543,0.7758505456451609,11.074734640479736,0.09362393266003223,0.30738452310725123,0.8314504890587981,10.972301779744111,0.11646582380756144,0.4717253055088124,0.7705316621858571,10.201414254835248,0.0850678709532576,0.4728224533221895,0.7978066885840913,10.155569107774978,0.08955015324524083,0.4124013234435546,0.8307610070407474,10.362840560488765,0.042035925282756834,0.4821792734118106,0.8187922134818311,10.049305225556182,0.0129642425793907,0.3023101128582145,0.877977527536766,10.265941917400614,1
0.011170109887694575,0.4546400320529246,0.8240096723014001,10.138831504996364,0.014297974381099384,0.5121985264004126,0.8180198038014932,10.102636462792209,0.0333147315145208,0.3342702678474494,0.8370524421601367,10.219435160588732,0.023677869554120594,0.34700765434259795,0.8317959281574818,10.285207159809719,0.05573506871546742,0.43093072190906906,0.8436619209214671,10.06571945778579,0.03744173708867074,0.2932212048206032,0.8409270391256329,10.299880133403349,0.06492036485167006,0.3119013587840828,0.8126529524203692,10.10635912750157,0.08624880928207995,0.3477844249809872,0.8407920801975876,10.681603426098196,0.09235035939663913,0.3087345709278964,0.8604659851382138,10.649222790721792,0.15571748379655553,0.5171172615479819,0.7741082544306198,9.891052645168092,0.11173274833763108,0.6254555870740554,0.7418484367610654,9.999952064807113,0.09447907019520534,0.47525823649556587,0.7933255761488641,9.973489176023284,0.06180802557270071,0.6094849840945586,0.7396865866422286,9.772793514523809,0.018218225075228023,0.4239152062536182,0.8207633451814592,9.88251908541214,1
0.006849990251573546,0.3551633666723997,0.8343078923158261,10.347747365182252,0.006806924015946755,0.27558532170436945,0.8410408420709455,11.079397202183047,0.015392153932834093,0.20585609222259063,0.865955005665714,10.10178242547056,0.012904238405507676,0.27351644073166587,0.8460712824566012,10.642613215536358,0.035469412957472135,0.30142833412385645,0.8427004461962604,11.301353303847106,0.041389955116276765,0.3094068494221259,0.8834308139534728,11.389004679541975,0.03366426935076678,0.28833268670776013,0.8637187853176497,10.124841543544001,0.0710804162536356,0.3336906749123776,0.8491600926345156,11.313663397413235,0.06750897274204587,0.2743979159824999,0.859076949782796,11.580867394768863,0.06532788141039544,0.3774811661944456,0.8575352570324083,10.760140007964187,0.051144149178672556,0.4964412929552335,0.8071105779326756,10.576308290200425,0.04347111589035465,0.30181165751336625,0.8680638501300508,9.908317105087228,0.026848137780729604,0.40456566571620484,0.8056193976709869,10.256219495553466,0.012527606666618969,0.3905947646988664,0.8157004794536309,10.033279867105072,1
0.004822819557808495,0.32992631640024694,0.8734440895340516,10.290353056504504,0.004952502736577685,0.26573820780109375,0.864430231930044,10.855554386942591,0.012483666177131394,0.2100905435296314,0.8560988656694842,9.17531866562126,0.011485261622540393,0.26438286113455156,0.8736580862424944,9.913336661190275,0.028191555037478756,0.2815828101860967,0.8561267800722892,10.844519466498053,0.03147724960919423,0.22040090109052343,0.9010842041315781,10.337299297868542,0.04210868446882211,0.3477814301574223,0.8504701174961344,9.69603590424297,0.07519141138597964,0.39721190735345246,0.8610470966222026,10.654539602466722,0.0724476876092679,0.3300640349902952,0.8805527599637265,10.590798189810961,0.05747633976676852,0.4175075105173736,0.8356182450553881,10.707288907455592,0.0423903513734639,0.43905099384787805,0.8158525730276122,10.676829261645096,0.04394182355107309,0.3257658586718746,0.8527900552663809,9.783559933838296,0.027009424899947832,0.40062177447161923,0.7991395843846003,10.566543128016267,0.016606684928455726,0.4289019250389291,0.8124190066870376,10.12465873897153,1
0.0034246787246848837,0.18451184910040414,0.8068410607396755,9.533951115374798,0.003920239994229239,0.19777299665260484,0.8503412161266437,10.306235463828479,0.011658809450195508,0.14419719110057572,0.8276707193485571,9.749602057755657,0.007084833094407114,0.12707561840909506,0.786803102344727,9.319710069739466,0.017359113282252953,0.16773613025316184,0.8537515467826308,10.082917171808727,0.020477902242168514,0.22765652001279793,0.860650692135391,9.961067219706257,0.04754792165385949,0.269482463772911,0.8798983277020167,9.633960881733993,0.08105606056925016,0.4148766081978907,0.878852090502395,10.57468006250565,0.057211849341070736,0.26153381897291883,0.9077851073558373,10.310516077632219,0.029196349931379883,0.20019143628588504,0.8636933469013631,10.286978541207064,0.018214105425730577,0.20324106258528143,0.8432299279977289,9.661650284118993,0.02660141322731211,0.2086212803080382,0.7985822950724385,9.464210515011851,0.016975181442202898,0.2381441871726354,0.8402861449980784,9.680947108937245,0.007433063043214071,0.20143014711267096,0.8412314741955055,9.587263735902633,1
0.0018984018404044059,0.11010064533608527,0.8455950213394945,10.013160600412693,0.0043578604373531995,0.16988929391910979,0.82464155908338,9.110193113899943,0.018548603175263394,0.15917531379462407,0.7827889574802341,10.418768093608213,0.0043998031812622716,0.08739393756007331,0.8019080301656876,9.900022342636422,0.02121486110784633,0.16967198679663922,0.8117499056135227,8.860413239405426,0.023060590849172866,0.19815456462251632,0.8702928832688124,9.784046510502725,0.04212108529642556,0.25359924674220785,0.8588078600382302,10.000415371890982,0.05890568126820913,0.2897175517978006,0.8461858215962503,11.317965784558215,0.047323525484278275,0.2299322079941905,0.8610982407759069,10.349735764607999,0.027290744432652777,0.17813126090482434,0.7958096551628536,9.271266678743784,0.015743584414728947,0.18604097251486382,0.792333528377805,8.961560286758436,0.010658198079016364,0.08805328270121553,0.8502131918212693,10.362580205655986,0.013812401015592191,0.22014425264138676,0.7354434686554369,8.76222322337517,0.0023172106556295638,0.08253097358101841,0.8261724627073417,9.141392836629084,1
0.00327932565256328,0.17108397175013507,0.894135416402278,11.068000959326875,0.009704431186886124,0.29134066419022436,0.8217487320939906,8.995713856975653,0.028073431560887593,0.22036446728541678,0.7753143279094442,9.604124031996138,0.01151166446397416,0.23635650210266557,0.8664480046609908,10.076109216071488,0.061123250899843454,0.3251649077020984,0.7897211084482052,8.85345053605473,0.028195967296351487,0.20420050886332275,0.8248349009480865,10.388791867946155,0.061934234580064924,0.27283507503070525,0.8247842385206429,9.563433568030687,0.04603843083872716,0.19624928737765873,0.8436816250555104,10.353875184204073,0.05744538637336638,0.20414997974248972,0.8112626355864762,9.506985875622133,0.051365379082238184,0.2596335052852582,0.7352952906558317,9.089597558226222,0.025684131120652688,0.2662064681803119,0.808507946104993,9.796773014267815,0.019266445993302964,0.14486467953130483,0.870600949345394,10.89463526887732,0.017587629720788454,0.26126062957205143,0.7676589242422868,8.859760031398284,0.004055644108117119,0.12007252753384548,0.8865090505139948,10.643083453829862,1
0.006796952802418749,0.3081903551317377,0.8417524370179744,10.34761611537271,0.011100231557103605,0.36419556442609674,0.7947215143884101,9.37073042527589,0.02571710791185908,0.2373815173548407,0.7999307072896481,9.566983024250824,0.0173219596603665,0.32361877097224623,0.7812976180606723,9.388349127565094,0.06332557487697343,0.40322162930411254,0.7770220898052781,9.246951839117594,0.024917522554890822,0.24242549943369054,0.8718636521815926,10.665106198698913,0.043052930983436696,0.22507594320155241,0.8204640076945227,9.728745766520731,0.04874598859415501,0.24417054964982457,0.8516049821104303,9.772318360956085,0.06401584026677863,0.23175035767625282,0.8798615878714706,9.598933625189673,0.05755417512446688,0.28063699935787123,0.7981544261023755,9.299326775435373,0.02456995461220085,0.2642708911367321,0.8246332706760501,9.788282329709714,0.027274814622049982,0.20134247765339547,0.8544009691966218,10.2904978064842,0.021020839629584967,0.30209624883596364,0.8299377578229356,9.62480077824369,0.008319823065800223,0.19016882488654432,0.8520638898767665,10.486526897458226,1
0.008046267309256725,0.4323532699379928,0.8091668295782621,10.600282018042234,0.009973692193535428,0.40795014447596234,0.7987900409177402,10.705440304171175,0.03243664632429564,0.41365558709536937,0.8181439520941318,9.93880123380311,0.013153315034706143,0.27442138271255756,0.7603872203321232,10.22396007437073,0.044789016003595,0.37170532071850326,0.8479470503989275,10.641713890576026,0.015839982210679025,0.18831507543228074,0.8634842902986714,10.570790994833661,0.018675375014959417,0.17828204443222725,0.876594010183511,10.977237571230036,0.023653852511794696,0.15403492822683948,0.8475642104853012,10.409917432361025,0.04382187423844144,0.19007439065224155,0.9181955719066175,9.826171748492532,0.062021638909713184,0.33118956798564175,0.8599719681993383,10.265057863656313,0.030487347942186518,0.35887638043855213,0.8274392981795489,10.766868589189038,0.027107410128299394,0.27397726508122044,0.8311827309883316,10.182109464026015,0.023694675468866576,0.4215752074297435,0.8371772519758659,10.888589468059568,0.012241569059203579,0.3354395704592232,0.8327061624182206,10.751766758524512,1
0.006871610201980838,0.39059578854066246,0.826685508585354,10.5640595030908,0.008094068608093488,0.3113503845955982,0.7869673966147025,10.536854965908505,0.02521083630241778,0.28889134387294124,0.8239839644832657,10.77828807819441,0.008896361167439542,0.20236552003161495,0.7126076751660649,11.164031350949358,0.044968236900615806,0.3725055487433699,0.8162099071149819,10.995509695622351,0.030604858543216623,0.2823319354357673,0.8624216829552813,10.6651446000321,0.023116027718400826,0.2220069704573921,0.8927519815139122,10.992669028638982,0.044860971811211625,0.30092294221014454,0.872011802839331,10.877483154480856,0.041426152470037676,0.25220758600631255,0.868871478733705,10.43023535259883,0.05888139107175427,0.41619049764411536,0.8382873426690886,10.591901191141911,0.032534346176950585,0.3580432396280357,0.8405977765593468,10.918018443311443,0.02145426385560826,0.22035614287454647,0.8568828590626535,10.522565292980282,0.021133558449696405,0.352520407068052,0.8609043767603253,11.089636471738576,0.01186380198928303,0.33757220554821105,0.8528423036998323,11.110367366809376,1
0.00510875120299214,0.28535064597972654,0.8870568913066068,10.984036002764887,0.0072262929825895345,0.28895336984678904,0.8842485927847866,10.437889949295567,0.01577910011323822,0.19331993392500924,0.8548088646651633,11.11170651965339,0.009867366522359717,0.21212671691721696,0.834136802545225,11.0358864658363,0.03918156460211861,0.3287194328359688,0.8770710881630238,11.092747957438853,0.04551172033313491,0.34217267739214147,0.8389570787361713,10.385579066421688,0.02370220238921562,0.16121302272784813,0.8606087916667652,10.825251142754533,0.04484290697398314,0.3045971841823674,0.85834213107663,10.600602138645675,0.01920930082746586,0.14424933549663221,0.87279098009657,10.815827808755007,0.035539149094721875,0.286369118484378,0.8461421409003383,10.95112974112379,0.024925414160837052,0.2967068434070508,0.8737036273343302,11.063794444090197,0.015825900866204126,0.1824690590404473,0.8573493075728162,11.007199137202035,0.013706868122711517,0.24947518678302816,0.8862998317976595,10.87273486522575,0.008536004887866069,0.1831935423025675,0.8741812126920633,11.255933346571528,1
0.0049594713572914725,0.2863462589547813,0.8897065316515269,11.254078708375102,0.006195981482173793,0.2969710163464679,0.8825827123862598,10.968319992022655,0.013414301162175925,0.18021396795326283,0.8647199418289022,11.700018378619227,0.012401599638007818,0.2551248719690969,0.8519575961907114,10.818792707126521,0.02215913055621272,0.22466536948638996,0.8795221882685768,11.798954599767567,0.04345130573322864,0.2627596517217567,0.8326419277853505,9.896248065917293,0.020325692434896344,0.13400838904739307,0.8365985994763486,10.240398065719893,0.014015303396936738,0.11078731655053013,0.8658352705854214,9.94798514636809,0.014524975112134861,0.10078112275250267,0.8979518553063606,10.001378937082213,0.037501538468403706,0.26854742033192563,0.827761745646272,10.121600138029992,0.040213106863979345,0.4012750308375783,0.8589392554147971,10.447747466829487,0.022023215610788564,0.21472347904213102,0.9011493422401354,11.00976884253141,0.020371889065634946,0.36435646918589515,0.834771450451905,10.036282080020834,0.0052694926568626925,0.12412009174892254,0.8818520038495561,10.712705377963186,0
0.005055858903783105,0.3208471532408,0.8503469787682477,10.239572986092927,0.005836308463190955,0.2605192509946142,0.8688065437215795,10.343687003763845,0.01856599899164933,0.22151159568251444,0.7919452959431259,9.922724821051402,0.01362314805609056,0.26371551734625676,0.78988054117256,9.666340672237505,0.023674219160512506,0.21008586233833237,0.8884670874996515,10.871671792190334,0.03385787311834177,0.24091434826887537,0.8958712039621636,10.044741127721407,0.022825124676916535,0.21317326670024583,0.858012357076707,9.584297968636518,0.029844478397037077,0.19969611462294842,0.8400886153950224,10.280373728502026,0.029099732677470548,0.15764770159790378,0.8390773017397749,10.438270180019385,0.045100935080522604,0.31124167300358235,0.8634474548860793,10.530567997389216,0.03591457114456757,0.4046941755691484,0.8433918330047898,10.547266336251091,0.023572142970072502,0.21643744557196382,0.8374318752023648,10.258383799716402,0.023325980314622654,0.40500612844962713,0.8063294807534976,10.043264745651905,0.0072969166328477435,0.19033911283243074,0.8785046550237016,10.494468408992695,0
0.007591963609522157,0.3380403716741288,0.8348195285517623,10.191314523304417,0.0067405961286097485,0.2660139241823229,0.8802896899314948,9.882664984554696,0.03077948277078401,0.24282598419991652,0.7876177811069017,9.403292870572063,0.01655642717690711,0.24763543922559286,0.8519911705330021,10.1285605061823,0.05260930495237959,0.3304034633279648,0.8828510973682787,11.005573282875485,0.02878261761628159,0.23019894138897498,0.8810398960904431,11.449566794159168,0.026455510735341886,0.2498167099558914,0.8484625456666073,10.782431882120886,0.030323577637239932,0.2032666056922405,0.8283865913486981,10.24374404795836,0.03324039774843021,0.17891518201134474,0.8320108423845076,10.37942518750041,0.05035794492194108,0.3322720733517719,0.8643384317344345,10.646634851700393,0.03414113697431277,0.30969385060602467,0.8484657823044047,10.22617032369945,0.027182960544332634,0.2248391456765905,0.8205110023054215,9.73108934891989,0.03147877301346876,0.3092516349705429,0.8215189416191423,9.80910345229689,0.011741044893338356,0.20194639987078888,0.8411026317123047,10.05316980717797,0
0.0029791116553580564,0.1773013064376384,0.8789941446140848,10.366744831169244,0.00483704043220597,0.23346755483302412,0.8858899745370282,9.63397800912254,0.014328892024528604,0.14804524761490218,0.8049141911330648,10.263740713500312,0.012738834504706814,0.24037547495275732,0.8738023020808002,9.911450767744892,0.03420413065107442,0.26301857775561555,0.8883283439363912,10.35602313882569,0.033107117779219944,0.28273868665383767,0.8826405483638984,10.78235215013959,0.030189112473928394,0.270859308493698,0.8358774873296709,10.383994493650906,0.023094481505383603,0.18529556181798082,0.8697023823615956,10.036895709122115,0.020832445581120143,0.1281190725465657,0.8912313730275071,10.868014328728686,0.031023476591586403,0.2367954972373011,0.873959595018858,11.137038046806484,0.016833634414575995,0.17409036912994408,0.8044346949661332,10.59149515358517,0.01012066395492748,0.11343959931136666,0.8122403113411542,10.328539039743646,0.016076625641099563,0.20395861393702924,0.8590789118474087,10.519618349333154,0.005847586308652175,0.1340047584184993,0.8774406324356449,10.583905949745319,0
0.001567629548953222,0.13497485911379106,0.8870775960869832,10.294029273131157,0.0033840020580356528,0.18800776387008522,0.9072449041567809,10.079516839691006,0.011603119524298124,0.1397043719217551,0.8585592952402605,10.902575798415043,0.00710809265023101,0.19551146606216943,0.8665269573492997,9.596709255029833,0.02164369467957319,0.17773008046074965,0.8994786789973459,10.019961277205455,0.036173033744955965,0.25715436577501316,0.8996931289760841,10.582287409225222,0.056369958027579686,0.287311353958831,0.8017956264521692,10.46067236422465,0.04223733993685544,0.30751185717047214,0.8326657822432076,11.174492274905704,0.029478367837976055,0.1710903664097396,0.881319400396581,11.823880316701565,0.014159880238484052,0.12631302832542157,0.8748048947990745,10.13146041755443,0.009023621467798728,0.1537618458123293,0.8619764071071978,10.485414177295109,0.006257862387370894,0.08156221966029481,0.8311607172493928,10.509279717971413,0.009416478194533262,0.23859150299836318,0.905048184219058,10.77597077672831,0.003182282812088702,0.1336720059458445,0.888293990211652,10.731486363881077,0
0.0022145969132118465,0.13831772920755797,0.893922783797296,10.15971797623176,0.004889071448206767,0.20351368805205103,0.891277352333537,9.719209316088323,0.016195554928247095,0.16819452950668548,0.894288328534754,10.36827531644765,0.008159629004431245,0.17377756491785593,0.8557353315345821,9.324927725064681,0.020514612478888392,0.14894253001058402,0.8843311272749543,10.052456546979032,0.019231789073045336,0.1750923706572175,0.9171185018173854,10.909457931566063,0.03228251248506521,0.1877028882336791,0.82511647481611,11.264098380061778,0.03273124269301926,0.21152592899968156,0.811602512749407,12.152780579293058,0.027906832911936037,0.15818418775591853,0.8337660879628825,12.130439772189142,0.02423461260329414,0.15797343291666036,0.8200370082019166,10.449325587306436,0.0141758334311561,0.17229520405078394,0.8741728891917119,10.231891372794907,0.01493227922013672,0.17013102299999633,0.8856830894600358,10.755115033908671,0.01388588540150119,0.2305744497531801,0.8919129535784889,10.266617215338792,0.007054062335491149,0.19673973893572952,0.8873408504767104,10.18335581766693,0
0.005998730774949176,0.243910232367663,0.8493409754993512,9.099675406017115,0.007550648801918425,0.30556143067262675,0.8959159632882342,9.480337870520856,0.029571663727264524,0.22448418463268402,0.8519534744774846,9.373095294290252,0.02122908216216888,0.3073451454652845,0.8068753124047474,8.981644858421893,0.04355201957482684,0.3391486009852467,0.8805300022279287,9.868826212639858,0.026074550083262597,0.3152321231445711,0.8591235987284102,10.55290861240846,0.02367115937577798,0.21063963145522696,0.8398029727246302,11.587791248470761,0.09500007210680791,0.41883094268373333,0.819399217074072,11.650022655485921,0.08034359702355834,0.31389009851365857,0.8569001467385275,11.534531888393909,0.06365149525565518,0.34843904985677415,0.8674988111506036,10.874524147459564,0.032168768820416006,0.3409638094857947,0.8647036213641756,10.430625302721689,0.027021809899069008,0.22463161276057503,0.8878702309600544,10.430575733356106,0.027210085108487037,0.3678777428019883,0.8579968418303229,10.069271959039247,0.014168262082809288,0.3206484884666849,0.8948511804396101,9.874970307703686,0
0.004953829335076541,0.2768248367824976,0.8127944927855458,9.423951012616604,0.0028008407005351977,0.13601713865321952,0.8791520182366643,9.445536262104474,0.023966263413693532,0.24154312183256715,0.8329272934362046,9.750323237409608,0.012730682238983266,0.20580595505144134,0.8270906483468602,9.412938360401686,0.029632376486432844,0.2489019394331034,0.9027586059954943,10.215259273776164,0.03295789835701558,0.3137420016502793,0.8748913396574364,10.101822991590097,0.03225168455384976,0.2763190560760518,0.8577734167838794,9.742479944094388,0.1173254231870273,0.3870358754839033,0.7903202848875072,11.460301205733083,0.1127120641049753,0.37194598636246207,0.7907157283690742,11.576211817226199,0.0842130802036193,0.44017879741013516,0.7914736691953905,11.581992702613315,0.028809608255178382,0.3781049712322309,0.8298097425820712,11.167463905671697,0.035000788727584047,0.3348404040681276,0.8299248940165194,10.729597474397982,0.023019178551579707,0.3734921129121103,0.8425941746823882,10.852037344863676,0.009413753929743519,0.26233579808539714,0.8686149414620362,10.340327194194273,0
0.002235686301415726,0.13364943115901465,0.8184531493491505,10.424595548454858,0.002234477517131158,0.08915043662450772,0.8368955567103057,9.678376490766404,0.013443083985810494,0.17651080918258916,0.8683893347145285,10.602840196147431,0.008122892966218376,0.13995268193967683,0.8934103265068135,10.22273768004215,0.021791513110943732,0.14513671693156757,0.8325389306378216,10.238264661817505,0.023740119878219584,0.22836573292218504,0.8255852928944905,9.296323605750658,0.037360588063417986,0.27535262980886327,0.8598821914825151,9.253926890605591,0.059853081684396,0.24732121381987032,0.8640302582140771,11.154043772180964,0.047977234704284166,0.23734613284040135,0.8636100710271843,11.61541283328138,0.031342262414978575,0.22243885538568167,0.8457092626126276,11.237342150628766,0.013836015612144368,0.18566579089715493,0.7950557793118033,10.531032505349197,0.029775833426742476,0.24579723722828853,0.8239795467034531,10.592209666838151,0.012202908219300476,0.20985323424032662,0.8348131024987088,10.379163177313801,0.007540639644357405,0.21906483983230912,0.8567895310743389,9.956097170701845,0
0.0019283714207718045,0.10144866232215963,0.8243000087906585,10.082011630155376,0.0037716281509362925,0.17900076884313226,0.8402606634561522,9.608611582547548,0.008731117479246132,0.11220994418072688,0.8779673867479056,9.268008029398457,0.007618745397394634,0.13999555674848763,0.8873515481992437,10.332708698832228,0.038905251840607405,0.26802844450991065,0.8413064397177024,9.860432385919314,0.019421498741446268,0.16278564551585178,0.8604277305992657,9.623091417903058,0.016369586933433603,0.14503821228528022,0.8913526375342977,10.230909331525828,0.015321360174161108,0.0834282403972286,0.8608171138238274,10.936824474060302,0.013383811449860894,0.07261144016216577,0.8754799316342711,10.816970128682454,0.014039317871710167,0.10052010788105728,0.8392754607245838,10.757801072237601,0.01161486573665307,0.11430461602382411,0.8306898159245832,9.891491980414818,0.015324098180771701,0.12952489417276872,0.8091282289942071,9.087214553845824,0.014107593216680814,0.1900472613895024,0.827072088254014,10.48525001079167,0.0074792809378054674,0.1902635171113266,0.8504943196851531,9.555530130563994,0
0.00289302604156791,0.19702210737564893,0.8879568746369737,10.015782442584243,0.005278680549056449,0.26564184971033633,0.9005429346566964,10.100486281437739,0.01509446234601159,0.25505150378456176,0.8613215022571378,9.340852444491404,0.007240054050419843,0.21177395790793568,0.9035424298528048,10.679929907821563,0.04028117670333933,0.3289129880467738,0.8533090405243918,9.923440106820168,0.03597665869480068,0.2320434494045223,0.8480763407899234,11.000959571277896,0.017799733494929547,0.11969624335644719,0.8602872580227902,9.905279858522038,0.032821690431445026,0.181548352117819,0.8397332097019817,11.334048574932387,0.04449043464158589,0.24239038313224556,0.8989134494091879,11.003619165675433,0.03791192469778231,0.22579577431706468,0.8669917686712101,10.531773240602599,0.02006986517423146,0.204120506092011,0.8714936548792876,9.996017733242697,0.023208299884191014,0.21350454473764247,0.8468792750144745,9.316461510374367,0.01514272795269721,0.2608774164492011,0.8660399712210047,10.112613310406726,0.007928431769544976,0.25873028067036813,0.8773119049233294,9.827567649980587,0
0.0033959763126990747,0.23763154205639098,0.8545216917890288,9.62582962308157,0.005612053338529704,0.20341442093720985,0.8554544184784801,10.459053399850424,0.025983925405628088,0.34660866668024665,0.8108613954495099,9.660135785756847,0.00946553413144889,0.223211710032306,0.8333754153218251,10.913714965545742,0.03577368574696077,0.28420672311166206,0.8499578983078183,10.365067028450722,0.046916917720500856,0.3000416091720336,0.8558272755428605,11.328111293934056,0.024306431873685076,0.16313699021301778,0.8788839988009212,10.506232648555537,0.03170869428912878,0.16819756800110575,0.7852548253220546,11.020143525855868,0.04521943588310054,0.27385372112234185,0.8664515529087942,11.16811697319092,0.02919730991209267,0.22331628725430497,0.8781813908261417,10.9879540812797,0.013042200798931146,0.1800683754809872,0.8708471867150993,10.148715005541957,0.02569830032643264,0.20739916224379057,0.8342408693812337,9.482254586075433,0.0069134911248149925,0.18608842272812717,0.8622978940244428,10.33698492014262,0.005751701564728064,0.20469611841196855,0.8726592067890554,10.252554254003696,0
0.0033276720150028846,0.2206744697487206,0.8342023496801825,9.712488163986757,0.003781696183876054,0.099740732997671,0.8041416810137562,10.185815176082395,0.020887703679832278,0.26931613616219396,0.7937487298076406,9.882396659968485,0.010694318970097066,0.1946816565175285,0.7878068520983433,10.270181090520074,0.036392890725266865,0.18902208833585446,0.876652668726214,10.51032705731149,0.03867807911234057,0.2815132515993618,0.8527540895735667,10.904061330958218,0.01979868684287948,0.17621650727497695,0.8356164506138158,9.598793179461238,0.03879877818073585,0.21559925716141942,0.8315118691541484,10.789258343158702,0.0651528915020318,0.3074905814637581,0.8676360407126318,11.393867532512425,0.034340933067302196,0.2672749412816304,0.8739275295338109,11.470528349368802,0.011386729334046719,0.14554127133487876,0.7970760745557333,10.234519807321783,0.0198404407283694,0.20173578968091677,0.8084000502901114,9.761834067738985,0.0059339177544672096,0.14870613845371633,0.8453250720698354,10.311544329258544,0.0058664885172423934,0.21714054728871812,0.8332878603145758,9.803116797663728,0
0.0037120226863155796,0.28604601129704055,0.8921669636361117,9.460932095132376,0.004463080158159538,0.1940983247003657,0.8584237403059458,9.630574948138584,0.01872574386439457,0.301751107334668,0.8061211053005065,9.398747110564116,0.02146908103280632,0.4161001518638378,0.7585437383129091,9.584582924673972,0.03404397755241617,0.2754554484667825,0.8901012244600727,10.474796509239878,0.024077743927685805,0.23456237171426264,0.8454821667976848,11.164472325454193,0.021976399166037344,0.18535549743102905,0.8006475167741973,9.15247214377411,0.05350785863398698,0.3687895347448191,0.8631967235839496,10.96414610342355,0.047804270144462035,0.2833828539000779,0.894943296511039,10.890277917830012,0.0444160351823955,0.34503336339429336,0.8527923739168225,10.438143207176486,0.027986811709470493,0.2796820405411263,0.8348322422687638,9.630572307059817,0.02875767047424186,0.3255676484703501,0.8749118779627357,9.802635420482817,0.014184301848016978,0.2883578140078243,0.8277193715546999,9.233637443991565,0.008742791222393688,0.3187593782008194,0.8348468061063383,9.528189851895501,0
0.0020687065736672136,0.15095199908442505,0.8649441821334778,9.121476635707298,0.002853747128477174,0.21362916451079178,0.904710877665308,10.611682101156656,0.010829132754354317,0.16008196805986166,0.8285194320889147,9.843304699266243,0.014060397409583382,0.3746937353243108,0.8256199009724178,10.341180956509751,0.022092639043051938,0.23545387652419483,0.9039254862208687,10.174102067638463,0.024142379493075284,0.24202395952368902,0.8884291578977406,9.743012310078011,0.028646414661120487,0.2059131527636105,0.8257434050856749,9.278857131660452,0.04815067291656863,0.3370854734761642,0.8702775514790967,10.440908954924845,0.01984767508021779,0.1415196818711525,0.9222543345265917,10.318306340883517,0.019894663897270983,0.2081757816520162,0.8936906388034023,10.393553252878734,0.014972738768596238,0.1896750846001909,0.8523368832509627,9.382449596763685,0.018154138473693245,0.18738229944591214,0.8788421617484671,9.66081434693954,0.008910194500324443,0.2328277487277176,0.8290485484048117,8.97124184826481,0.003939422210745657,0.141743169529708,0.8883619014435733,9.691696893138776,0
0.0016149486272147241,0.09547576512238924,0.8008185185569859,9.629900054039933,0.004054502891617083,0.2511052935958032,0.9133293953538565,10.53648677693655,0.009100450121261766,0.08916905503636252,0.7555069180175619,10.118205382887204,0.01453790303892542,0.3220924060198466,0.8739589425956914,10.448206330641455,0.021265962954607955,0.23401063378364756,0.8800369989194973,10.352164411035126,0.014668846024661775,0.126056128982987,0.8459159986076162,9.289760093728693,0.021609795872455116,0.15901116721981481,0.8147538845765726,9.694795902549867,0.05853856976851737,0.3693472879779113,0.8312162933493028,10.082715324971188,0.017657909613637068,0.12583626058142286,0.9001861185972835,9.648314297134972,0.010749944983098779,0.10466815337270867,0.8764976915865854,9.806155401925714,0.006603460019569333,0.10423058334147829,0.8428215367174832,9.282298935208702,0.01534036138882417,0.15312330755749642,0.8170450553938516,9.742281659596015,0.007526557029353618,0.21251626240690222,0.8344869629201807,9.256701395472284,0.0029807606897323774,0.10491740669160929,0.8603549396018771,9.755430302289328,0
0.003893443249121086,0.1901142227844618,0.8161387399634501,9.478746589432959,0.006464099967965551,0.28706607063209405,0.8345352552475517,9.728209983803897,0.023766909895826877,0.16211556150958573,0.7858281447970586,9.216692074919015,0.023261127390940342,0.30166658880985303,0.8042225706417078,9.291272612677986,0.024741793306573445,0.23063110313748214,0.8326012193383949,9.59487215791018,0.020237704096120763,0.16929603475628158,0.8545203228557509,10.761935934025187,0.04848229676246421,0.2927670237501049,0.8318312501764409,10.073074417258383,0.036254070603917755,0.2393910477105389,0.8417042448963886,10.269009866332661,0.01859215216932983,0.10761921678297118,0.8811601477080684,10.35776530551465,0.01898328437366708,0.11667807529150331,0.7985566577736267,10.10138258506644,0.016434599476901603,0.1835284060140217,0.8248495281992768,10.032727610491387,0.03287545926208528,0.24620728810939024,0.8234135929056334,9.592779537454025,0.016981112595036325,0.2566932369795588,0.788172034381066,9.613218468351477,0.007639447726642738,0.2032714948769059,0.8658454773384667,9.795282851875525,0
0.004950172247491604,0.21624681260665193,0.8305107446462865,9.474257155315485,0.005908346536579324,0.20487733410755218,0.8466604445563427,10.526722465954919,0.024017461049418043,0.1507797352942433,0.790604328033107,9.372269707082761,0.020982662017722205,0.22006048645175108,0.8122427626257941,9.508347236917215,0.02535580823925549,0.1668429216163559,0.8578185495694153,10.31840334898949,0.044303702287286174,0.2824204451295714,0.8300505281549222,10.321879654966043,0.07130791249138119,0.3342072101430275,0.8089458907344497,9.641190225711718,0.05425955398679362,0.28822671389153687,0.8372944721697684,11.14745983095782,0.04400496033375895,0.20538944795685954,0.8511947729608389,10.671647261577464,0.047089182016350546,0.2277860675283825,0.785716651280089,10.550201030865447,0.020947365308745653,0.23319496831205436,0.8385825635939276,10.40954679830537,0.02887127920898234,0.25774527896181687,0.8220709603658254,9.532780566034754,0.020989499732759154,0.2770292990485556,0.7736729310398054,9.880724235859953,0.008134530881759708,0.22437382563773092,0.8446945127724984,9.521897406223628,0
0.002869542772650491,0.18772279861701402,0.8653512873890904,9.755597540327008,0.00528991700046009,0.19935348918139761,0.8486576893135966,10.571767711061616,0.015147003421189728,0.125334447278177,0.8197084827906274,9.385540180959406,0.013061869318134228,0.24870380363079628,0.8411832101853746,10.011314643305347,0.02055590561404539,0.17686868555297788,0.8916547488272629,10.309221659677448,0.034988328388905365,0.30009369554159254,0.7926497488112062,10.318162706023685,0.03819188465176801,0.25525118129758134,0.8081602647383759,9.802280538635175,0.03328682457497941,0.24480566886478156,0.8458174856925258,11.02506794135877,0.04107622716284871,0.26019854997859104,0.8913528796898642,10.347229581865085,0.04839542900372547,0.35768317198688526,0.876839719835241,10.580971254012427,0.018717470829018805,0.24837417350468502,0.8860227310480288,10.946464912779696,0.017112108112021397,0.1750757842422207,0.8590847399850835,9.992739604092996,0.01650694411731686,0.3041937991161314,0.8391390649774786,10.796592835524919,0.006600542005646803,0.19131443812914542,0.8912927164765345,10.37674699163236,0
0.0032642785881535647,0.11228403918296488,0.8666831790886552,9.48137661858976,0.011016490106368567,0.1520742098445567,0.7500917090382077,10.411984574115458,0.01948737757660983,0.1804599532619796,0.8034050714450554,9.351177198320416,0.011553271421458388,0.18046433186500904,0.8365070994844557,9.576053061471024,0.023766284927418172,0.11501483140959712,0.861689024702994,10.009907314441019,0.041229488444123635,0.2189782528930202,0.8693557848829826,10.891933344379416,0.025312181923465477,0.14370064759662854,0.7940473306790075,11.239982723077697,0.03484792976026544,0.19554217687460018,0.8771639375040956,10.976837178647392,0.03997485963009637,0.22258648588226,0.8777380081572487,11.0521782250006,0.03239881488748587,0.24291739463177436,0.883872814461486,10.761753767217487,0.03225389503350536,0.3079178711237729,0.8803133755137493,11.46472358570932,0.02087673863062449,0.17874048736375472,0.8976751531883516,10.519186326367834,0.021161775509063157,0.2956877630392792,0.8714064755606573,11.204223157196735,0.010439306333190977,0.20172913893929786,0.9054650068221338,10.728009535291276,0
0.013576364744000726,0.12956975813552207,0.9594272585288668,10.877904936419949,0.010202248018206466,0.11348534522879761,0.8438839672208306,10.362079370456252,0.03701845361957066,0.21634300331778572,0.8147721650391401,10.474519609492498,0.030848355747115464,0.18376433377654386,0.942596364920926,10.819123648590164,0.12225103674457503,0.16603652933203633,0.9625150394472871,10.465463170792503,0.1554695717548932,0.2040508766795181,0.951538856972795,11.04663201709288,0.0689449771193758,0.12818260715934823,0.9421751376649213,11.122650762294453,0.07827149610008328,0.17721279491125094,0.9481468000308141,10.61163701575718,0.08438708857104475,0.2219724737785334,0.9181790236196273,10.79480120882081,0.058134809559113855,0.285343172414302,0.8799298994461037,10.759618674756933,0.047260193066687856,0.19820014315554282,0.933807742306941,11.242602547364303,0.032680558021317224,0.11141672683571785,0.9353328395141057,11.430373168695798,0.04632788312870734,0.18778207948502026,0.9461673161740893,10.147410221380877,0.020686643543650896,0.14243496586589696,0.947848520379546,10.997548824005465,0
0.01352286344497094,0.2088152074122696,0.9397050273873078,11.238778880054534,0.00874751580022463,0.1832166564912874,0.8919606895776603,11.02403287377314,0.037989726472485774,0.25916518454983595,0.7630029902791653,10.998758022152707,0.029298482073511357,0.23010860348296377,0.903440058190136,11.530201587467221,0.08921699285550685,0.20053333957078653,0.9525317723796862,10.934832156329962,0.11034880115750248,0.2264256305582192,0.9386026952890757,11.235531773094003,0.09165205791256091,0.2299770623160315,0.9266018046743089,11.174101415858692,0.06735998403211046,0.21187661942513272,0.9252909542020125,10.220260354011499,0.08280824309615696,0.2697083699208681,0.8916651722681783,10.881660473186917,0.08611163090798504,0.4338787967413589,0.8075373363926889,11.157243483675225,0.04410065652123049,0.2594219289711144,0.8914753343693282,11.631606941080674,0.04012055845766109,0.17319341549153464,0.9119775345775101,11.381201066507012,0.04351323862091525,0.2595313928466076,0.9282634089423313,10.609379472241168,0.017029921146404205,0.17961549651050407,0.9322543264613458,11.263789089971565,0
0.005422330481027164,0.33438699083609313,0.8830518232006814,10.784092479447832,0.004315282627881773,0.20227054787102017,0.7918007637556226,11.432919046819315,0.023625688880746086,0.24451717367501996,0.8168377361088641,10.11148864650651,0.010456233037497265,0.1617922438880411,0.8006075665454068,11.328642562249273,0.016879668153927156,0.18606308856756046,0.8835181921694099,11.396946949598608,0.02251047357962377,0.20333403447288895,0.8770963951733306,10.64234524358518,0.06787892857759238,0.37578765627020505,0.823603965740549,10.289728427876101,0.028725096782934514,0.21163772498104097,0.8547699103350815,10.828278898953116,0.032045927221190325,0.19056286550064092,0.8792149571448169,11.193664779991481,0.03528826305903772,0.2698136275232928,0.8875292947021051,11.176489882575453,0.02300823437124537,0.29418474259759686,0.8571401126587377,11.230505593422375,0.03516627415447557,0.27254899029859136,0.8456695359713685,10.383428771972941,0.020515906361712393,0.34039001370258776,0.8280655204879301,11.183860789311003,0.0102865428458054,0.3207381305667328,0.8728420213601392,10.66910337106831,0
0.0033718609852989596,0.21797382210271712,0.8604484213245456,9.548338808829236,0.003506900037694063,0.16503429565130584,0.8137248285037805,10.270293874518345,0.023370196411396683,0.24647632266792113,0.8200046803052434,9.2358731275978,0.007596012376721294,0.1518314142918531,0.8441345434315426,9.363346567814474,0.015062941438588509,0.14544527690526174,0.8582727552163739,9.626002793670908,0.01879033570200246,0.17419818589844074,0.8937159255032749,10.190488433709794,0.043652371565092475,0.3146976122425064,0.8448521831363079,9.666498886784227,0.032266192262704635,0.2218695559160622,0.8965572759576557,10.870837989302307,0.02912089975618126,0.16218757529860445,0.888203945610143,10.706574910056563,0.010181078274393754,0.08172875973403207,0.8559648893278492,10.272023774669815,0.016804482000930904,0.1994712056234053,0.8352963971754391,9.623447316337744,0.025725309447226723,0.22072135179883276,0.8479116777182941,9.788956048423413,0.012825589132835848,0.20187323247079328,0.8191348439603374,9.537094419179315,0.008976405965169581,0.25755435514707675,0.846176503183773,9.695180299217851,0
0.004479054702225934,0.11022231251583244,0.7931961684777381,9.174324650553487,0.009515213967634864,0.17115384006633896,0.7268373982466267,9.168849805557999,0.020859565092605226,0.1210287037443261,0.7512778865947353,9.639853628355594,0.01671736843724757,0.13474852394270115,0.7165632253931286,8.920319572262217,0.05420972850386766,0.15517852314134836,0.7291496327255773,8.862785801036662,0.05770763005600791,0.16521965718928064,0.7275111081300668,9.939686515846129,0.08572752690140811,0.32157727019355004,0.7096740345433774,9.859667859630669,0.06611157776080212,0.27185613472920306,0.7770009310451468,10.31497679249311,0.0820690386619119,0.29634406497120125,0.8282717634609156,10.186433210895483,0.0563513731087512,0.22193020839603803,0.7994309774345723,9.783832904475313,0.023272818012234603,0.16799221524641614,0.8330980637344946,9.51495218930531,0.031135594943471172,0.15166440621468505,0.7973696244046757,9.615277471576793,0.018829317423077755,0.2214361973712262,0.8301156521055492,9.438231300386292,0.007084603992434686,0.1140383262742244,0.8290745329297597,9.425019446068797,0
0.004613319693906627,0.11074647036371771,0.7068180338224982,9.222652179035052,0.0065732875582825544,0.13445813510639615,0.6637783857816487,9.228665945581364,0.01712619629417174,0.09627477128593552,0.6952094382688182,9.675996330152422,0.015007911237497092,0.1266904552480087,0.640694093520806,8.847069309097593,0.04027159275447009,0.11552726737238797,0.667029085945088,9.12505726626072,0.06647389489979677,0.16629416111200399,0.6958763065718919,9.952373473420458,0.0674252076154117,0.21947763966597691,0.712874976040706,9.661506593787463,0.08496854241404658,0.32168195224605967,0.7878532103692664,10.404000577804382,0.08695066696450757,0.3007620274199998,0.8608132103212994,10.502711225705887,0.06462930382999554,0.26921985654496466,0.7977440294557596,10.010356956941775,0.024119036597153462,0.18946690315624132,0.7868982579963132,9.670004552172578,0.037567301486298645,0.17028246766688537,0.7566843094068295,9.404273191114514,0.01980418356239112,0.2594358809648429,0.8594465724953921,9.908588238682222,0.007937478157972211,0.1361415117131087,0.7953828325953903,9.747121289036933,0
0.003134204262161437,0.18886182257161935,0.7978963743249854,10.360632996293988,0.0015701699994954763,0.08578252676334655,0.7793483416350078,9.897316520150255,0.021309887511639404,0.15729551153055676,0.8006995584915062,10.292062088169237,0.003826143658126238,0.07391106751688904,0.8124524347818423,9.788172271081262,0.012658045656559735,0.1167352981088801,0.7900907999941014,9.54838224219379,0.037666949206144086,0.28077701583745035,0.8257607211249326,9.842315767143091,0.032404761179740726,0.20506451911302923,0.8138854985738362,9.863492543491377,0.07284871492737421,0.4869518086567029,0.8235069155521442,10.586364610874293,0.07939325974769218,0.3938209949752099,0.8522648476187699,11.27519728725071,0.048434332657642194,0.4082460533283849,0.850757544892936,10.95711463525016,0.027626826449085626,0.36362804579887464,0.8608524727589132,10.492480047078221,0.03945664903664876,0.2787003207305552,0.8203462551954632,9.604795964840385,0.01860358543126847,0.3852759511082997,0.8499059039479352,11.066293300679085,0.009991117959697439,0.310055152729971,0.876995472643451,10.864905494017163,0
0.004650427576855928,0.285985615539352,0.8373034874002531,10.096632753678767,0.00262498214082747,0.12263796379415234,0.8009576347046791,9.785167673620526,0.04033222742906343,0.20584981346001766,0.7932614486918401,10.195282593654735,0.005900628658814667,0.12014550846034419,0.8444591456079745,9.526551013647213,0.029047138033308106,0.28761378977652596,0.8543327529166145,9.493536718937893,0.04894434023799547,0.4061539922971205,0.825006734695892,9.365511896790405,0.030981352658432392,0.2877751032246682,0.8761201865503113,10.202442508788367,0.0850738093681289,0.5352333994587863,0.7990923299578776,10.299394038604973,0.08537375029497825,0.46768912879964103,0.8444089802262732,10.434170452297757,0.056145085283334666,0.4263724756399881,0.8620956765247567,10.44774171484001,0.04278578852281329,0.4485284885925755,0.8090359633013735,9.810646694635704,0.04329212159421593,0.3361501015663862,0.8279485931649707,9.462528794571297,0.02363309778841229,0.36826333511143233,0.8377788028976707,10.167387614857423,0.013135613487253514,0.3646400055550761,0.852572642061537,10.552200383270117,0
0.00661651475410733,0.39060750878063194,0.8113096871001463,9.240894654203068,0.006667505628756899,0.29032372657039335,0.8487779141119868,9.734378911819892,0.04477542790989242,0.288866195646505,0.72152729088568,8.83442066596448,0.018228076371617243,0.27759913923547896,0.7952726541215818,9.040703859644758,0.04163616422365688,0.4094978603233289,0.8377717510061659,9.803723520038321,0.03703855237011513,0.3328253199844727,0.8577329764941843,9.932973362106384,0.03321914185934535,0.25459400073382593,0.8526187841376608,10.032281406279436,0.10373082359618355,0.5149399150884397,0.8067033066950692,10.206873231637958,0.08710585407878557,0.44982331423420213,0.8702045938101145,10.136956809032373,0.053437253116303755,0.4401311320008689,0.84179016534611,9.931147676697945,0.04241487725086231,0.4412867402764893,0.7769272086117892,9.532835034778742,0.04921003831941601,0.3043859509378396,0.7331685136328993,8.929960106188576,0.024360448335271914,0.3888573531732578,0.8235844088441433,9.971932620648555,0.010873314320020547,0.3650077754585724,0.8138612728113086,9.408133387392063,0
0.004923625281610833,0.3715347454672098,0.792619276386917,9.109064891035668,0.004547901426077474,0.21916621151329987,0.7930416324181212,9.655214793007254,0.03202899416736184,0.3495796298952339,0.7026019715576632,8.861131712670756,0.014360629233103113,0.2554303781996057,0.7540981642568655,9.310187281726916,0.025749026485468573,0.21072572337533393,0.7934523035342391,9.804726408385465,0.024699695126038437,0.24864939574495362,0.9013118698034017,11.528559841634552,0.026853051564795862,0.22846512605782873,0.8217492040483537,10.937504592455817,0.050516361295057426,0.3610633693078223,0.8591585956908099,10.626127052619344,0.04645826972755049,0.3161116680384814,0.8756873044360334,10.867170839298097,0.032194645269602376,0.3098512551354678,0.8595712958285618,10.446296901402462,0.02433263841390784,0.3295811333929453,0.8255893575308704,9.551138496856009,0.029933876133052505,0.2992911437550945,0.7881067251482381,8.877804023300357,0.014253771904925196,0.2700132381794112,0.8130161570185419,9.824630457284684,0.005921822833184239,0.26138655045231274,0.8529424484379702,9.254123094719882,0
0.004927729308000343,0.3328804067201344,0.8316665944809009,10.415608951276289,0.0025809497166332887,0.12412395025164574,0.8096103172817527,10.347929187372525,0.0244175259446177,0.3616073141518564,0.8005074072792234,10.48942426799943,0.008748553419239287,0.17113879537750915,0.8448883404571658,9.755148276734143,0.018817754927107848,0.1445595817547675,0.8214706672010343,9.457509271972556,0.014279423695745285,0.13822595864561807,0.8317697977157518,11.48923863049285,0.020018792093128394,0.2134188301129499,0.8578330294659718,11.651520070573648,0.03414163566502241,0.23176505726135027,0.8634937318815818,11.213042704208881,0.04023356121612847,0.22426028125518233,0.8780799318266304,11.773358563517728,0.0313283682875209,0.24979848727368587,0.8269706144695199,11.252324200967028,0.019270610611670822,0.2324725689372413,0.86009664854825,10.704060081573564,0.022170151790126724,0.2523850431695114,0.838125716488259,10.626162017256595,0.008986617502929967,0.16715347088302002,0.837658141626934,10.246764613141721,0.0072105241660757645,0.24443383450595615,0.8648608099086047,10.146174778451638,0
0.010421180058462716,0.4437834007490708,0.7830951463387272,10.872136995635833,0.008411830308422304,0.3170540764332174,0.8113042347691187,11.11607360062444,0.044060853541578016,0.3695715078617026,0.7647624610868013,10.624476449975505,0.01758499634105836,0.24169501105622768,0.785188916850653,10.633176000812327,0.024134190946493113,0.23478575207229424,0.9042517695832928,10.239818520192149,0.024041343808827907,0.23460641896944745,0.8819433295446577,11.111126298550767,0.061601532173715084,0.3664091614900362,0.8334471094012232,11.373178612278737,0.06083360096724019,0.2547966710379623,0.8635436806606842,11.141747993987838,0.06861068258702267,0.2853934396165947,0.8783866672327681,11.38605722188948,0.08648065554506476,0.42501578418889846,0.7651781208005127,11.131811983381413,0.06463111546799992,0.4184839497050107,0.770519266273744,10.958375782310751,0.07138501465626347,0.3984512050468247,0.7667770795000112,10.889942092910616,0.03375887580716206,0.36113942995853365,0.7711697684180562,11.052490724118018,0.01917981915163006,0.3655568300931981,0.805177691913294,10.491531891755796,0
0.009387007582323652,0.46869097349229355,0.7772254337836155,11.315999515197413,0.010967935153638834,0.4524545483103698,0.744578362525806,11.145851291974788,0.03093369643577245,0.33391617005924107,0.8082422856472172,10.953538978250089,0.01627251605663345,0.28660530692633285,0.8013576930393752,11.087456288042503,0.019339490574943424,0.2515698009858136,0.9061122276204041,10.62482232886661,0.030874501396782758,0.3626934928243104,0.891195177415181,10.466872958591264,0.048963042375421845,0.35496987094029064,0.8465978379968128,10.656146623468588,0.05992654164906974,0.30969172870012884,0.8644492190411104,10.843937911563746,0.037982711322547456,0.19357643609605102,0.9110337754934693,10.720342398168414,0.07610158496416129,0.47618454085069173,0.8105651807607812,11.15294493006155,0.06622145310732454,0.49646152661281534,0.7640128124432293,11.093101308081797,0.06399555038970403,0.4214487275831845,0.8143589120531557,11.305848845482062,0.040319286526950285,0.468724648426223,0.733465596133387,11.29976598696111,0.01600543378202579,0.37304910365541266,0.8186533718676325,11.07628047225892,1
0.003772820556029668,0.2855722438579925,0.8316104520213202,11.10396040509229,0.008319882497136756,0.3361639638792484,0.7360889187281157,10.247739527595003,0.010513028294216027,0.1840849823268037,0.778022056582735,10.312874114374887,0.016668587011343546,0.31383146211421165,0.7350942790326677,10.631675105048311,0.025112566261772155,0.20451990715951004,0.7962359299423574,10.302018335642654,0.01926983389368973,0.25175530286029246,0.855698433293385,9.491728778860548,0.033193706987159934,0.31083766605581953,0.8316699594119907,9.121658219006108,0.041033837168005356,0.2826392626792583,0.8841777360454467,11.002363222951825,0.0199418627174537,0.1133846946746494,0.8765548622919519,11.210554147960536,0.03951274452013536,0.33613772013031773,0.845404307946079,10.821116112077435,0.035607824381042236,0.3962041833433377,0.8115485854624684,10.771722778483168,0.024607745189368424,0.2366055298700046,0.8789952159189942,11.189806228250447,0.02701133457976239,0.41619311847262863,0.7849232120910352,10.72790163342807,0.007592887550823142,0.26191364257362293,0.8299898863711992,10.880587815505063,1
0.005793824303384573,0.3414608335711403,0.8253784818213071,10.467510258912007,0.009614777014532219,0.3236742541872413,0.8135379964461682,9.885846930426613,0.010196342007103818,0.14372026539558533,0.7777310219856355,10.050164119216978,0.022317931997043912,0.3533024548087018,0.8154499820152967,10.250387075231599,0.04989818560731413,0.31631106430248157,0.8016662406900458,10.295199569252553,0.014454327793702265,0.22067813431773284,0.8679280799758861,9.739836392742458,0.019037846326877335,0.18546287414695337,0.8044006876546347,9.810985762504462,0.01645682425158035,0.15111501020916768,0.9026335583639574,10.999632358250949,0.023041633716267104,0.14417854408703643,0.9095825850152371,11.728859594088023,0.051622794980557565,0.35153790107345223,0.8380684669767827,10.477352809854594,0.04020738026317973,0.37219314354430444,0.8357758551837405,10.511832850840268,0.02552827047264164,0.2261358546756891,0.8893436768689136,10.49632225738887,0.034940979473238126,0.4178273527240612,0.8114400403723322,10.498767244250937,0.01108683389374562,0.32224672971153073,0.8391563647851612,10.366607249118626,1
0.008410900224118976,0.4633339647692565,0.799684524390062,10.355448038981606,0.012224160138734893,0.4369879960276969,0.8244175459640943,9.913716863958568,0.026436696093811912,0.3261547642475894,0.7831529774486587,10.232876638602471,0.026673721939261305,0.38162986697150975,0.8371490563576253,10.050509797429505,0.07441983433699297,0.5235268867155128,0.803547892282207,10.135964059129867,0.029791973707376795,0.29232762671840046,0.86805133400338,10.480187079202262,0.026637105821125072,0.24692214710002133,0.8628257107564344,10.609224173518223,0.021175464654369685,0.14052097803859945,0.8858579747450759,11.446892411621134,0.029638986861629614,0.13959770040103137,0.9002129245879816,11.341155333080613,0.0448282225886691,0.3234213514952976,0.8625600286159986,10.723393692584434,0.031242884180260812,0.3561314717193723,0.8688287295689516,10.542479259380004,0.03698684180982751,0.3739416915380262,0.8730232892609189,10.395436952555807,0.031592286664128465,0.4155341251946646,0.846169641213651,10.847480118731387,0.011943304071455343,0.3813213784013518,0.8488420437589939,10.470885763156728,1
0.006646347270031639,0.4380927799879431,0.8270885944652825,10.2786992955077,0.006523817205258679,0.28170170521896665,0.8186149490169653,9.717342510907297,0.022676405567511892,0.3443298533715401,0.7871347332208001,10.176433008492774,0.013769716732847605,0.30365815346256425,0.8027737327845736,9.90612958661605,0.042742211050847696,0.34453557125778583,0.8252098682930005,10.154485013200139,0.03947534945285124,0.30441400740014124,0.8462475432698126,10.817197388675329,0.022757909711319056,0.2300701544808957,0.8584313783067106,10.262852068634617,0.03930377763612064,0.2612554080692867,0.8639386328483027,10.804156222344709,0.03287431383200646,0.17366058134669962,0.9051703104915825,10.435496464112616,0.029623592847905,0.2794365213138508,0.8509507071901006,10.426152997939985,0.021808687049224375,0.32851959634185296,0.8522203549502797,10.146869138770569,0.030154415091996567,0.3497783541808526,0.8455696736347885,10.279284983022228,0.018498449508528716,0.313113190974168,0.8452591470356667,10.58145521870732,0.01045487756749779,0.38772246135976257,0.8562835330477672,10.245909957930316,1
0.005022395145104351,0.25649605284361987,0.8565842972269215,10.14909922204581,0.008110582902727703,0.27216722122524156,0.8413576035065183,10.185458171757656,0.013442087038782958,0.1594990133339852,0.8361277066099337,10.229127195823898,0.01418174800061113,0.17869398645437456,0.7919225546620752,10.138098096931081,0.08334994223708729,0.21762650599950728,0.9187809896723219,10.330686040369828,0.030263396745138327,0.19330891080107945,0.8638755012701194,10.479388878580298,0.02096823277456419,0.149386413597273,0.8810684168920259,9.467056930304494,0.051755482159842346,0.16604999316120925,0.8836705007351094,10.20365591140196,0.06055193448987502,0.18810533515283007,0.8721301991880038,10.231542396485096,0.048628123720210414,0.3133201142453819,0.8206473066020337,9.377682509926563,0.030188175896351258,0.24846705156568957,0.8731903247838899,10.34784222632039,0.02750236385412955,0.17772464851558775,0.8996355195735538,10.279851533894359,0.029702663435296994,0.2226699217233622,0.9222843569743984,10.762572804041183,0.009161418379357326,0.2809287104950732,0.8502221643030092,10.421193971413002,1
0.006752500663349424,0.22951657365473832,0.9244550948007146,10.545395950791402,0.016899330872129793,0.4241640978710302,0.8205596118264548,10.233051502434522,0.02829983236468829,0.19570648102085259,0.9066671201060306,10.385018376111173,0.033046410635517054,0.2397989228366976,0.8768257608603807,10.197418779217806,0.16602621206785298,0.2197213823070447,0.9443553159084044,10.343508468090752,0.04731685962650006,0.2236487706541559,0.8768235114859758,11.397025435228374,0.0332168170816759,0.1603198703853106,0.9000474339066934,11.137395573413565,0.06281301410857905,0.14069953370466046,0.9473021920528515,10.895750927601043,0.07455351269291775,0.16158174455466387,0.9217888093370085,10.77209657613154,0.0574304863231528,0.32077492765882104,0.8624401161619792,9.68245980920669,0.04380908427852008,0.22072641519034222,0.9231570531733849,10.824126682004973,0.04023106449801635,0.17199924277282358,0.930927444741504,10.42672139170294,0.04174273123783985,0.17268749480674364,0.9614963476571303,11.049400005184404,0.007299638253797597,0.1639856334698511,0.9245241115987075,11.071715705346334,1
0.004317218816945548,0.2325864478843472,0.8880177980175548,11.230322638674409,0.010366139855361159,0.39933630494334016,0.8376445342631694,10.586974285929113,0.021150033393884955,0.21386097467291587,0.8709057906725987,10.265951859413631,0.0240166754731207,0.29713949631509357,0.8346619041604332,10.816727400039587,0.06088959603812274,0.3042202336241003,0.873952487617929,10.50396369973233,0.023254930068060377,0.19420740551995272,0.8699855751094011,11.661683353008877,0.042829716615506656,0.24203465267161295,0.8779845695172414,11.112009470940043,0.03242857875522098,0.17358917785637787,0.8797400328948234,11.188492211352774,0.038151493454001,0.20481351975676765,0.8874617038140971,11.497503749661252,0.028040218568230177,0.22667579023083076,0.9039732050896799,10.902107783837799,0.01893695662023106,0.19303247874707802,0.889775837574454,10.956835943316063,0.02509524178211895,0.18256937586243052,0.8829209816364828,10.553818179455234,0.011757414414782596,0.17571245442709016,0.9000456884267666,11.349731303600054,0.004829891558023495,0.1514412082727707,0.8822716837495372,11.4825586177628,1
0.0041785214694222556,0.19443614291565484,0.8754931912911623,11.152372945495705,0.005159821562828219,0.16140703387703312,0.8229151546793773,10.517769276970526,0.016407538117348984,0.17089270023287087,0.8212979325790181,10.557067704776662,0.010966787601844783,0.12717614336342867,0.7728726693879135,10.84798641486165,0.03433377860772263,0.21622900850414575,0.8288004273180161,10.545387618709407,0.021317564456399297,0.177290116412445,0.8215268080034437,10.626302246707066,0.054962027621181936,0.30811933445869777,0.8286273670837114,10.599872175874806,0.04276028426873256,0.22977550641734906,0.8493273763562625,11.467199017409378,0.051655789972380926,0.23852933061537915,0.8856605378986793,11.586634506853661,0.03840766293762147,0.24095090630640023,0.8885528430375075,11.254182774124521,0.018353615971236532,0.1375943447088779,0.8641669165548664,11.010849192096801,0.024214161533850285,0.12809193282895384,0.8445574632773297,10.829792530338391,0.014703171426217134,0.16931315862592405,0.8629877260573231,10.605476086084822,0.007659045270405508,0.16040048201188672,0.8681788091753638,10.942317494715631,1
0.00516984531146782,0.18890345537177428,0.8327400685749352,11.164991183073973,0.00820412742760977,0.21632380970880338,0.822889838315071,10.184304130640243,0.023123182778222097,0.22463370116047446,0.8310066966562077,11.056018964558572,0.013078756547140465,0.13656639829193473,0.7357468263406272,10.853551715778417,0.03826823536013409,0.19233717062275382,0.8266364940076695,10.410564696413319,0.01593755883010141,0.1237011054642245,0.8140886712740232,10.142916022184762,0.03885592840805074,0.2895266403521147,0.8561439263672272,11.01420732586364,0.04410560788863335,0.2503304079045422,0.8704038192178318,10.778720275879206,0.07604074540828931,0.2886714004515589,0.8494367600221377,10.714401389422607,0.06401166092401463,0.33102386724858923,0.8639094266443601,10.559756036800644,0.019040199722064964,0.14253205269802294,0.8454221055095327,10.885527343496515,0.03574797471507596,0.19758215613925845,0.8698465238275637,11.389618707735282,0.014733916379966027,0.16892294148136652,0.8438072307022645,10.58355807529523,0.007780890025050436,0.16502857654553996,0.8664699486613128,11.097469172494469,1
0.006273739715482973,0.26695639550022937,0.8995413770367484,10.412490517895856,0.007140547005268234,0.2872804618048121,0.89367004740087,10.59005598499053,0.03362958189983154,0.3529053291248717,0.8673330104217521,10.223023684337253,0.019884798882870112,0.29970477780043064,0.8235395511260333,10.476794869187513,0.03685026163826241,0.2778137281765424,0.8907471510628654,10.48763937177866,0.019022769848178182,0.18968804218765034,0.9265385969366335,10.192962442353316,0.03096162421075182,0.26133441021091836,0.8749460717490875,11.50945552910685,0.03941943849790752,0.21207989214886722,0.8772248080417253,10.446821318411917,0.03627434755551393,0.1651905940751003,0.8389020753119086,10.106632542037019,0.025457540097519764,0.19180981111491752,0.8581275212660054,10.13924025474332,0.019762008283508128,0.207517098248945,0.8517854627842733,10.110737854887525,0.04002251173918289,0.2663160387457828,0.8642921221068994,10.424262977879005,0.016985064896579225,0.27522525088037025,0.8796978483661708,10.625413874945217,0.008427511675057266,0.23642907964042095,0.884675448804825,10.317294187348294,1
0.008344331420821409,0.33218555132285743,0.8683516876926161,10.348499196083935,0.011357993409262744,0.35760675776266404,0.8635020469010458,10.806514946481938,0.045674847061787135,0.37088511580908085,0.8356005272269288,10.205891274270638,0.024127637268746997,0.2973049337509879,0.8016949529529029,10.717180834864351,0.024570968754361884,0.2043709866376918,0.8879006920042873,10.402617172444968,0.04682468020054581,0.30498298022952713,0.8642563903338765,10.176633084877283,0.0928079909435747,0.46514526510976584,0.8375876759036198,10.779628905914118,0.054988244256223964,0.2574760865317366,0.856021065343885,10.127357115976224,0.052863295530085695,0.21543349883208326,0.857553028077476,10.308412867861016,0.077448359217136,0.3968878342933458,0.8122181982001796,10.446268663330406,0.052567758097452254,0.35487878679271534,0.8333983631946279,10.067704640269707,0.06738215702877057,0.3681221205851917,0.8497821649663236,10.115652970553281,0.03832790494495562,0.36965099743908447,0.8374435638608453,10.202080679282838,0.012368172379120057,0.2971964575409793,0.881669563445839,10.131329697357724,1
0.006963391467811636,0.2981947894823768,0.8182532984644967,10.651165962271547,0.00959755583966914,0.32042821184900366,0.8045541527676264,10.694386348285214,0.058247942740795776,0.32796218375903097,0.7651357440103463,10.418447834251674,0.025933618206005715,0.24656999226557383,0.7729073088208976,10.45558835163726,0.01588778290209102,0.13181041371115734,0.8218162282904241,11.254213354722491,0.03721749425876012,0.24990547170535302,0.8358689756551306,11.215510933754578,0.08457157117951072,0.4431985267397348,0.8057233697504016,10.642948172217082,0.048322203087757074,0.27550681733842436,0.8535135519578071,10.370567465317139,0.04957661496767448,0.24657941063367025,0.8434810903148123,10.252301852992485,0.07498459297342776,0.3912747373423238,0.7981100959733709,10.443578232071653,0.04464160513325986,0.3246617565038712,0.8329608859609028,10.380829968662653,0.058446948497446874,0.3562903368586855,0.824755240709499,10.494024458373877,0.02502830704562407,0.26001213021400055,0.8444044979902736,10.414859859837998,0.007944171827286243,0.20014521616946668,0.8646592154685064,10.84418024888512,1
0.005604759751070605,0.3181019812192919,0.8308669256101152,10.862871316790129,0.0052307819137890465,0.24885468475351444,0.8468394354021784,10.325824440426471,0.0458231250787039,0.33019662394356514,0.7916162747648141,11.184035928487686,0.014050894122355353,0.20745807406355793,0.7758628144880487,10.367266903493359,0.025076710961544714,0.22048902236182702,0.8799711939979081,9.997892803805053,0.020643169204913124,0.18747067283276764,0.8800327529859996,11.189762863835748,0.03816200906452788,0.2888228971010193,0.8496024892657703,10.999059654316033,0.0478698094505945,0.3173333332744967,0.880985337708863,10.677716074663019,0.04018398922077157,0.23931732111055423,0.8691310172212907,10.33246827109326,0.04290852695352454,0.3105291062278545,0.8416133347338223,10.190543276314433,0.03368544760557174,0.3264589081364876,0.8548811647080595,10.291732094884384,0.06085480378412436,0.3580167779117508,0.8343211964789747,10.798298950170627,0.020390247973742875,0.3034631004499482,0.838746123645334,9.867777094053341,0.006826963687625916,0.18837671980798784,0.8517865282586112,10.41188795873862,1
0.011604378514272982,0.4971200848791216,0.8202114289080438,10.766887512755844,0.007235264714754268,0.24812226915047506,0.8297540009369522,10.112188983449162,0.0711870272214124,0.5606324500064406,0.7515055363039215,11.399070092836519,0.01627717159918532,0.263781833778305,0.7626612148109561,10.680067884769274,0.055568413921576826,0.31774262092513816,0.8250407723599582,9.657417432361871,0.02844358104610413,0.23513549729824484,0.8719559557868645,9.711183667842525,0.045287340141951384,0.3841511596432466,0.840195650058449,10.471123001606612,0.07721212505931462,0.4253425142946047,0.846027954717769,10.03492785634712,0.09598887306189165,0.3993537976021963,0.8575415226870693,9.8578841108188,0.0929377367849103,0.5343866372355407,0.8130459469440895,9.921683624872358,0.054591611092640234,0.49737444724737623,0.8582321427163012,10.144600702743594,0.09867836166927459,0.5552083953937695,0.8287973418144383,10.927022917023471,0.038548793854591444,0.4408528847832796,0.844804809151893,9.779491933529503,0.01705312993732702,0.3782387220094179,0.8694629075679988,9.915433273457126,1
0.007123071310108158,0.35866388899613394,0.8322097754925445,10.933455646983838,0.005044994094646963,0.20745756225544365,0.8508331903105172,10.66647231519056,0.03948124338760069,0.360850215003364,0.788681338852208,10.966776928775564,0.010972600167976486,0.18769448706633687,0.7817443696080648,11.141305450689078,0.033583081957514825,0.27818372742342096,0.8836880514223918,10.431197894005585,0.025960400749870743,0.22195587852912801,0.8778846947678087,9.976720201515326,0.051376673931120324,0.3889139650398579,0.8501255927766839,10.449775675285386,0.04654250442508385,0.28878831444436204,0.8437869702697833,10.20102603423587,0.06225916888535171,0.3664791944669807,0.8350465894693204,9.845987709729883,0.04391824310777215,0.3952356582570251,0.8084648818676182,10.021667932932107,0.022631402471642942,0.3277854226514703,0.8424944541380955,10.81398975316452,0.03716441416692286,0.3436056070891777,0.8276115898387303,10.99177026502772,0.02182257349701106,0.2681607955177537,0.8219609980805621,10.615259415464081,0.012623884490450342,0.30212345572201604,0.8466949298702239,10.679831572895232,0
0.007469466808964765,0.30905106030094,0.8569532314906267,10.252032744726485,0.006003194168283188,0.17996901424502235,0.8455097929926404,10.393775868761848,0.03053470036537541,0.26936169750979166,0.8355317105906426,10.157865081178313,0.012968631301917532,0.17477818096087203,0.8702525853118577,10.14576285965747,0.022075107298767757,0.19206333637997647,0.8727462320855984,10.921321423583706,0.03996878004607026,0.36699258780600924,0.8391411608894539,11.472736879634333,0.036508324116297904,0.2935764262022602,0.8368053410148467,11.578950247726635,0.05911664220126378,0.2884397768916494,0.8692909794433138,10.735195470551771,0.06641309508914348,0.38244618149959425,0.8802060862214263,10.337651740951047,0.06789535080362764,0.4116360618601617,0.8153264848556641,10.142919734026648,0.04078397127977448,0.3224009888501844,0.7743109147276866,10.451954615917986,0.046135790479573294,0.3603594136414864,0.8114089105042767,10.614148758681717,0.03413657689005495,0.28870518669904677,0.7459263538391022,10.307646906675648,0.01605385693039558,0.31110047973115645,0.8138259170844487,10.403615889040601,0
0.016137470054669,0.41788988303656405,0.7634621125924016,10.406703413252172,0.006263258792509939,0.10349524899894419,0.7424928738090422,9.910883999965533,0.0406860928185416,0.3485991168636512,0.8055324169564173,10.001019500866068,0.010283739198973876,0.1610184625097015,0.8312859208334791,10.090414507976588,0.023197100063734565,0.14816214279620007,0.8630639213818495,10.361309538122285,0.05634651524433977,0.4003364243855374,0.8536367009452243,10.957209505101083,0.020625249896685564,0.21796340142682652,0.8542166388367616,11.73366868482788,0.06941421286673381,0.3388223483344548,0.8371747629408142,10.635319582229915,0.07736942198892464,0.39917595515061094,0.8404258577492434,11.003168326332156,0.11987475588405755,0.5634771702096065,0.768110060433966,11.262535397786559,0.08567866928801407,0.4513251965071225,0.75451113052065,11.07994135531841,0.0773927874707773,0.449241327527038,0.7682434554485664,10.855736338419065,0.07811071829377872,0.4672831261261322,0.7446200020356796,10.94019265140075,0.03583292115679499,0.4085956731938888,0.7495389919543325,10.581413520974992,0
0.015192284751595243,0.40933953505709036,0.8238392552880118,10.319098798106852,0.005617002173253138,0.1513910189079737,0.7482007801307016,10.144051885154388,0.024906302663338736,0.24641085410846905,0.8589844276009178,10.291983479274032,0.010597870316598807,0.19983754639022178,0.8371311457013748,9.850106046041017,0.029687275884476835,0.22341076910483834,0.8850115496186587,9.872475137726136,0.04245139454000819,0.3819461182043704,0.8302529799857622,9.338282101453405,0.025844946434029868,0.24592187496922177,0.8637984378471029,9.77289244946277,0.05668940392277983,0.3376891269730099,0.8250655141662941,10.305193307025137,0.0671825738363836,0.3195285309504886,0.8527672506387863,10.882259094686441,0.09291015943967604,0.43859938163967194,0.8307733388254063,11.122984122551033,0.08066039059761697,0.4456850034421715,0.8285439975029905,10.743978727711244,0.056334893232207424,0.34014478390031727,0.8320828856889516,10.379846013628379,0.08046046799869053,0.4400807032322235,0.8084823622990821,10.564817337448995,0.027834434622499262,0.3315977299914339,0.796133769528484,10.0853604191713,0
0.003999443616386128,0.18257549794800537,0.8626879295857466,10.36392922729391,0.0032079969497830997,0.1731095883107033,0.8813386603463734,10.953945228028111,0.010370336246768702,0.11928961828632971,0.8544642378813385,10.418810531437835,0.006504202199950439,0.12177090788339444,0.8256796066819697,10.207586701722036,0.01671043522819203,0.159629656318504,0.8901596580556115,10.272975462118259,0.013802356614300145,0.16041323258026186,0.8989297596146407,9.779721004751282,0.029033680096367115,0.25992890512941097,0.8901866200145729,10.20172649092895,0.018928475428734465,0.15093416032927018,0.8263101685827328,11.182128922005163,0.022272193940935985,0.15140398400300525,0.8817549111500996,11.162892449041168,0.02752775713834405,0.2168762356715775,0.9054549780469434,10.686167044578973,0.033672775146827254,0.3353641094007979,0.8659932078036674,10.268110982532601,0.022316756178844512,0.19114785471250068,0.8219036351569281,10.394575396305267,0.022062466544379624,0.3028397406279548,0.8677008117493694,10.213667633119556,0.007941884936973028,0.18005825022425045,0.8454965812448131,9.88099494365419,0
0.00312571691872894,0.16586235257719464,0.8811595630296488,10.141237478310096,0.0029346826297023255,0.1809780418947884,0.8968343659663301,10.476557912368007,0.013233642981737393,0.1489835845708736,0.8462675916559225,10.140400338941856,0.006225099965660291,0.1346191710560901,0.7835909032887585,10.626752124275791,0.0188166300092136,0.1690991320434578,0.8763454770469444,10.231009711897654,0.034325423254423525,0.2550463693952583,0.8545601235711122,10.651724844216183,0.041148875324010445,0.2587202253926704,0.876542721551889,11.025328900444505,0.03360412118309179,0.19091249946704475,0.8666105267394735,11.192320149309058,0.051523119024610015,0.24619739155426068,0.8617733474600004,11.577337582772186,0.021757303541109923,0.18688352564308347,0.8713038339450041,10.258218222447635,0.02021844845422331,0.23197398251231532,0.862846601317783,10.016049504382575,0.022087925014704815,0.17564634618491518,0.8657266676851504,10.387178574661943,0.012028570666991957,0.20718100646230325,0.8711920616919238,10.345045278344084,0.00641331981867538,0.16113631445002774,0.8764070447599315,10.318799961975987,0
0.004522387511135632,0.21907642567038293,0.8792988950074617,10.362185208868672,0.003965495849497035,0.16123358597246953,0.8870182231375188,10.761165444629107,0.024608635353366503,0.21128961041105784,0.8458380105695581,10.04088574209879,0.008707250940257504,0.1435630192696241,0.8137790492401578,11.120779133995875,0.014756184153970495,0.11872440134447526,0.8585058752067842,10.724063865723686,0.08070292670629699,0.43185674066618734,0.8139284958451303,10.98326130770146,0.06455236421020367,0.3996505035624367,0.8364099343075205,10.571908621243223,0.060094197059718774,0.3164987828949685,0.8443139237444349,11.119059031826641,0.1072580663216814,0.36441526359697374,0.8358176531577592,11.356827357333556,0.03749274797779567,0.23692596327761783,0.8483965698006415,10.711848630523704,0.015270546695140812,0.15926652048939005,0.8713666643746326,10.690050384443689,0.03599250828597721,0.24398138970125705,0.8582360643714879,9.93557402933959,0.012439906153880654,0.16873092105637122,0.863123622085793,10.921289470772393,0.005269371862295432,0.14103263468308835,0.8741763337945746,10.40208489607958,0
0.009929226501492005,0.40226165023732413,0.8468662458824966,10.476809757548953,0.0054505316369934265,0.1813986130613503,0.8952626042214711,10.459144822548646,0.03488655889552757,0.2972299082758541,0.8364930351953251,10.356918670020928,0.007849873284138446,0.14516314141077852,0.8754784682940647,11.033162398120725,0.0283193060983772,0.18683038321227363,0.8761404840629047,11.101172327028799,0.07277018323597925,0.4134973701819812,0.8316440191586268,10.654747053569144,0.08262417644002776,0.45618446152608844,0.8340726779524928,10.275458697712581,0.08456933039464334,0.4549614861751579,0.8210782931870182,10.67416256725766,0.10826583992307828,0.4405041895261229,0.8466047178403999,10.773135973520905,0.10222230044117385,0.5208778697314993,0.8056026320696941,10.75727598245432,0.0525840099626107,0.4840582221056153,0.8096408334533955,10.788951732623735,0.05119741974833987,0.36789723122672874,0.8448137211370588,10.438293699179326,0.02822542367538475,0.38206252374960553,0.8563458281268229,10.964343618241966,0.010396637811479625,0.3082959146591614,0.8814448180279751,10.324813932644842,0
0.010684806527628293,0.4037072623153236,0.8500622336351006,9.688855832309612,0.004352751522549766,0.1723416751842993,0.8482899159473805,10.173723665062102,0.03226484630954871,0.3039823345663003,0.8722654773554,9.90183712187498,0.015922363655863785,0.21603293129815004,0.8457918185460546,9.70583800909181,0.05560896511712225,0.2918340498631848,0.8731593587089145,10.383679720278701,0.05332848579713978,0.30675723510971953,0.8332619463853951,11.417659558453346,0.06839835722438274,0.3713119260439176,0.8563756763273568,10.368859414527344,0.08787035316375841,0.4344831532813547,0.8247993297607881,10.501402782924586,0.09257586948945819,0.42417905311778364,0.8734027088431173,10.443513824457645,0.08293315797814074,0.4932711273532783,0.8246367081464187,10.322497491122204,0.039799705322537834,0.41943963870820816,0.8384576903598254,10.266260812516842,0.03588267399318814,0.29231199116713064,0.8817083560315794,10.036945202575078,0.019865108652621147,0.35161612252340085,0.8645478397570103,10.517348094945115,0.012507933419226711,0.36052287867944266,0.8885587161854196,9.97654275508053,0
0.005651056697114253,0.2647527247641318,0.8391956651809508,9.988161929415456,0.004400453579382266,0.17267903824201172,0.8133633958926404,9.940250336246772,0.02793679238287741,0.27692972536698823,0.8350491413357488,9.9063135753934,0.0185692609916273,0.21896062831044896,0.749311282273184,9.995791290972258,0.029214086788185722,0.1833077780214563,0.8539611184425226,9.853196789098853,0.02561357654106865,0.17869382812325618,0.791886510410884,10.657331006808295,0.035509375352315964,0.20584341916432541,0.783806043908438,10.573177438385425,0.03547973852482855,0.23492405870096267,0.8353964699330313,10.747698107456246,0.047054050250317,0.24968533662351555,0.8561997558543848,10.96224277475577,0.04257381549614327,0.33275208022802744,0.781139557194087,9.974271829148208,0.03515754130649979,0.36842084325629304,0.7797649971367363,10.184751946934552,0.020387474949461058,0.18598147882592378,0.8205879922434088,10.453469834377943,0.02112165080652843,0.35983386502089976,0.7906856335930563,10.151007997051295,0.008491549581156266,0.24207312726244004,0.7858545714312952,10.3033578426568,0
0.003599951780313116,0.24226436734155313,0.8530963473139187,11.426211945711396,0.00520857439114208,0.2156201919990301,0.8952381326381573,10.604498329026038,0.015111421814995984,0.20011123986443202,0.855459265287243,11.415756774840627,0.014669677085178918,0.24237404007360502,0.8437338342125471,10.823091643866915,0.029010726207123715,0.224713346924399,0.901610816126334,11.010545764189299,0.06501680733642216,0.4079886998233109,0.7948550216484995,10.359926396342951,0.05825137100776618,0.3303350286466158,0.7488701936188158,10.541727839442641,0.143791024933212,0.4698103695577257,0.8050282921978803,11.036415662393495,0.17689559380770717,0.45089184058760196,0.8096117220122361,10.948157515543196,0.09026019027108069,0.4994346852840516,0.7759752093774386,9.834457436612187,0.04409934253769481,0.4417649846937259,0.7800097357305775,9.780316455622822,0.01617411034540974,0.18500877567836718,0.8389003357589526,10.83092550385921,0.02865908596299597,0.45441826702679583,0.7943297668067849,9.862837602375016,0.006584282193131232,0.22167625801445362,0.825934107150517,10.580946326533935,1
0.004133518005018782,0.259233118507534,0.8309033540622114,12.039234188518511,0.002720040688038401,0.16112908115822694,0.829683223712027,11.368209658274743,0.021094492966519673,0.25683386086963306,0.83528295891188,11.66368881681508,0.009405023065240855,0.1853689583528197,0.837921797622514,11.819233059105189,0.03496368364160368,0.2686665608352672,0.8592108511960657,11.06501339872842,0.06816072002191308,0.4549964020030764,0.814802773495277,10.397749914234643,0.05654086072009925,0.4796603590046983,0.792286936551528,10.509910183243987,0.11006411458019368,0.5941691897604822,0.7999157439376321,10.91690999051178,0.13567194489381637,0.5717998243299578,0.7949829164635158,10.70087363438326,0.07010769678745624,0.5430441351025594,0.8015713824121071,10.384847804431121,0.0353711535315928,0.4313231348277383,0.8454354530498122,10.816149795824048,0.028146341176233665,0.2774450003738734,0.8815512110005401,11.15368162270816,0.018694133262456822,0.43046237653548,0.843297448372721,10.558872114479401,0.009029494612546072,0.2981308372684037,0.8820527190137832,11.387751171652157,0
0.003056053588152952,0.24446334870772313,0.8506231958225577,11.867044019926675,0.0024452590437581707,0.13213205186246635,0.8268862759452933,9.984060857423675,0.0119521452611441,0.1762176993284588,0.872582890586056,11.287636813227047,0.006757599105798379,0.16645819622790012,0.8623097278812246,10.694110075258687,0.02731999964182272,0.25077200714815917,0.8435577821331744,10.746706156724306,0.02400246091377159,0.2611581900253166,0.8505372536361941,10.794695411299056,0.05640623635194499,0.3527621253460454,0.842782505533382,9.44897665899197,0.046527617795311484,0.3990171835088921,0.86482115418261,10.582522500347295,0.0743705185244427,0.47098200081609476,0.8330925974202945,10.882916348260952,0.07420927631588091,0.5211601529072715,0.8013984836759881,10.834974438402957,0.040826293463244574,0.43838072990129046,0.8463053340124337,10.792212565630823,0.023891917988947686,0.22384426317405645,0.8704543190981195,10.64901717866516,0.01919309728332241,0.36775342956799306,0.8734918245916631,10.272331563379533,0.007257843344941438,0.23232668060325265,0.8927881184596776,10.677852783974075,0
0.002574965090170455,0.19436604596062426,0.8573186659456504,11.549232003055824,0.00850387999130786,0.34386968633718695,0.8547121807131907,10.040544384559816,0.005314005918113978,0.09525771888790649,0.8657654932587279,10.988583858574701,0.014280044889930139,0.25635796603701905,0.7675671098995214,10.300302884575755,0.020400537179540813,0.1916031854754997,0.8693025837764146,10.47914486164358,0.011817515550942678,0.13585026912264458,0.8886682562491809,10.833679688345416,0.035589967032818394,0.21410212050040697,0.8542134050076637,10.510304973833502,0.045800505414432736,0.28861209356785344,0.8579186664309966,11.105541703465848,0.05652359979079886,0.3564955285263749,0.8734396866072798,11.325210227984192,0.04342871381053997,0.40039166300716733,0.8125826574036815,11.301212877775516,0.028920120808470513,0.30665012815205533,0.852808288372794,10.842098756314344,0.011513067616633788,0.1257497302486674,0.8734358994840679,11.180428870755286,0.019419647441110653,0.24806519607249755,0.835544946599065,10.88776749947016,0.006278101084274088,0.21428031062649688,0.8774617075913248,10.98302291565824,0
0.005522272018428416,0.2948144153464511,0.8524727117354014,10.681994401620127,0.010658182058918365,0.3689359483145301,0.8252376514239893,10.270292468895061,0.009921325001618431,0.14692641694349412,0.8096580572091189,10.671387851050453,0.02105654937446405,0.2604072978341103,0.7296586493490321,10.67841631513982,0.03857209994926631,0.2672813329798399,0.9067761390899367,10.781015230743412,0.02041019677031235,0.18903905822022363,0.8622640595943561,10.711085134283936,0.028120406049993774,0.19174213395447967,0.8751164112496049,10.996744506967305,0.1080665617176921,0.4517829563941647,0.866314090791113,10.837202005558423,0.08162552351587213,0.41128440128518806,0.8393594948916657,10.995625022668326,0.03811221140499896,0.3407154353307269,0.8820179598243685,10.528812790887324,0.01927624150323579,0.21681413915282344,0.8630404610407417,10.293750950128661,0.007273511357577704,0.09317492143426927,0.8880750657179619,10.290788191030945,0.014970395537916624,0.22713081879057379,0.8524888909954116,10.6591163166454,0.009033588854569325,0.2576466468066675,0.8963314748601511,10.416211348012451,1
0.00468044878190755,0.2505570454104231,0.8173063955768811,9.953304112269516,0.005551536233225097,0.2562247978802048,0.8570568171255186,9.976458085941735,0.01150747234357377,0.1445244932404382,0.8289982659496548,9.943960102753387,0.010709760819606534,0.18726745092767197,0.7812479835557935,10.50825879964407,0.031224409928346096,0.2724939236980924,0.8825087962164985,10.270261901737218,0.03049167902321534,0.24985178640069633,0.8887361618055593,11.023131776284062,0.03318644730574919,0.2892749963685941,0.8290611045786204,9.334740100589258,0.07355038358498356,0.43786973543517327,0.8241206630157062,9.87014704603306,0.05060982147530778,0.33003413855179253,0.8496152127201673,9.994263702567919,0.048655651785528616,0.42272039413552315,0.8436735542871239,9.614502426117461,0.02543208078072893,0.3078729332897109,0.8536195085107058,9.498533402645931,0.013759006539038167,0.13860852520657063,0.8271412466875723,9.917139194311344,0.013233490693701102,0.31404944242071614,0.841481567878989,9.448016352555241,0.007379850299796273,0.23811020632015897,0.8780446342009196,10.07453442198755,0
0.0038223260719382813,0.25339315747084024,0.8644757176802086,9.996151187491558,0.011294525176616655,0.13148702135972676,0.9505966307746903,9.700404814276887,0.026315474328921513,0.13036424573726016,0.9079257226717624,9.578776478610564,0.0056261642818698394,0.12912239657010077,0.8363311173482738,11.022355305502334,0.02248377497035854,0.2175137609509501,0.9147824087918212,10.669303612206768,0.030069753132996275,0.19563044373988653,0.9248513564212852,10.302576947415492,0.03381736702804173,0.2577800584241895,0.852717683540953,9.24538227807667,0.08113337543599901,0.3605081036116881,0.8622657918783846,10.096051681224601,0.0715513376198276,0.31785126309583706,0.8900154793902877,9.894764894866064,0.04986987463213295,0.23079779630564468,0.874599079687497,9.450627390553363,0.03351841365349207,0.18179804651159057,0.88300643085936,9.426665636369524,0.04619496184338476,0.17948220863401101,0.8869276246501578,9.64588271053691,0.017557739317224423,0.24076898217866868,0.9199022486687622,10.689917088404481,0.0058529487488626014,0.19335474845730785,0.9060803419985312,10.930342043244341,0
0.005121744132826918,0.35071234088272585,0.859712176550153,11.051914581821837,0.031397600329698065,0.13133520552922393,0.9719587832218675,9.736513998938598,0.04202322378032962,0.09347255302191936,0.9529277389500413,10.062535595306269,0.008808875904031567,0.18150642089852442,0.8416177519451112,10.809064651317808,0.06139050482911882,0.34974371815851674,0.8954284780606068,10.566318788321349,0.09893788966401877,0.3627718285278886,0.91395809656663,10.221440879890048,0.05262028508008192,0.17989870129238386,0.9174926030545113,10.416486823292539,0.1717097230185278,0.3336495808604328,0.8965745255243025,10.191346217031708,0.1565815263532793,0.3178512549415454,0.9076172204245803,9.893643653027462,0.1274975593101589,0.24210241425400347,0.9001692545129529,9.618206278653712,0.07645474906226335,0.1728863695674052,0.9277672274873862,9.760748629469193,0.09018070060644552,0.15618687712552892,0.9352385440740728,10.16785674635335,0.05057571921060279,0.33225008207036727,0.8992768983836564,11.44079045125158,0.015058500891454272,0.363815906318971,0.8612708364756176,11.339528127565,0
0.01028838095659233,0.3599358925022005,0.8232172784641234,10.297205300779138,0.009694737992405547,0.14671980152862388,0.9279016246204009,9.808331235298219,0.06730484397799587,0.2743067402385679,0.8594576308220906,9.68853388893962,0.012718762228071945,0.16854444947350639,0.8413815929563269,10.177661289492933,0.041736316496752024,0.26419260438894165,0.8783975032413595,9.547311972224744,0.09047826909526585,0.43229566684355575,0.82517905303815,10.037055250463153,0.17916741282988982,0.48089700964775883,0.7781556364771103,9.988115525967732,0.27887497113995385,0.5756698127911297,0.7830327907065622,10.364244046470231,0.2520501061589216,0.5495206514304246,0.8268492913300568,10.356777135556774,0.24768026434991053,0.5943762112266952,0.7638717807579378,10.259694031267678,0.1533231387382765,0.5217436495483293,0.8036116825041657,10.074429341637439,0.183111257634472,0.4770868555748467,0.8183224790676998,9.993494416216794,0.07066551726233186,0.5878615642244219,0.78539865884363,10.270945896452343,0.02985959090459475,0.4848966666123113,0.8175486970686504,10.087642665771883,0
0.006606053336173724,0.27936096952689343,0.8254050229077333,10.021462628248537,0.0033716354999065116,0.14755068420653553,0.8741725822375007,10.369599006474449,0.04503410385127434,0.3177940664210617,0.8170804713707058,9.533109050580954,0.010452301917663904,0.14422375152883976,0.814299470438173,9.853393824817905,0.019013308971061155,0.14555923799040346,0.8620852899303981,9.418982384940064,0.058331802678758704,0.3673660859868416,0.8298923696667178,9.750020368642398,0.1514110770734136,0.5051116111356977,0.7655322188299659,10.081982754617615,0.11488527941257333,0.3977151071257626,0.8410833824905051,10.202598034219282,0.09456838274490678,0.3420292662742121,0.8796996129175224,10.107408263991731,0.11601003813025577,0.5133164985686876,0.8013763078827367,10.087578278332279,0.07170876107978993,0.5029227432741058,0.801448456097016,9.727568528116517,0.09578125861587918,0.5028668587035554,0.7890699890568711,9.640210527902193,0.03378863583594923,0.5188040840637108,0.8008123137981074,9.805632283305288,0.01594954106526971,0.3661072110449661,0.8589644454228175,9.956281756605042,0
0.004101800100603148,0.2677505610986242,0.8281908767993224,10.235868659860376,0.0058440312229473155,0.2870329521941889,0.8734693521320374,9.9463794923956,0.028656114211577516,0.2733831265569682,0.7935858875948271,9.224598009019154,0.011261817858315898,0.19572448755156743,0.8079228236982441,10.127753050242765,0.021618521894603837,0.2004148670400997,0.9027547911310787,10.707890425655554,0.02961876669827771,0.2517057325092026,0.8777939006287067,10.524540973341688,0.040062465094558866,0.28248214500878244,0.8545312307642559,11.202522974640006,0.04271536081879244,0.2479349131674317,0.8624568213188073,11.477141676389287,0.0334961441316237,0.1820279020566415,0.8998887389293072,10.787711819185612,0.027111916501859464,0.2192674715729834,0.8641146577702524,10.143231280627695,0.02550491802881666,0.2596098411987696,0.8381943063593335,9.439070771129888,0.040417708146231426,0.3154213002951597,0.7878511842940392,9.28359001866513,0.012638243013972253,0.22412926965092272,0.8678222654429932,10.028018417983638,0.006399021718443903,0.22547366016230208,0.8455242784553125,9.940544787046893,0
0.009699355237162064,0.43118671559520294,0.8078782531228601,9.914122628269478,0.007827902165384473,0.3295350625433711,0.8500654317833762,9.937382441764314,0.05689101054528258,0.4166601821518137,0.7800218994672468,9.536909046520167,0.013942661842153682,0.224225766640591,0.8122351041065049,10.291066585121781,0.02976719324427878,0.24430927443582284,0.8894304132640745,10.703021830955205,0.045817967671771646,0.28661507247715373,0.8742129679606107,10.186415567173889,0.05848182441708089,0.32961944742862004,0.8606098833480107,10.753803670236925,0.05562111041123092,0.3232786238009494,0.8529822478342083,11.06057044838937,0.05461856390248948,0.31267429888538495,0.8797707374379606,10.546683266282313,0.07228226333661264,0.4240982613406047,0.8250163017731084,10.164516711438285,0.06695240537291249,0.476125836762752,0.7822062384134181,9.967531490663696,0.08120710572974645,0.44987231406310596,0.7754440045940094,9.611745482077362,0.03506096090841693,0.3828765902037315,0.8507848061999678,10.17257341149666,0.01937968742024774,0.40868546769919045,0.8191268745950813,9.772982187081354,0
0.016132925103721208,0.5501975781715712,0.7647354052709161,10.184558873841457,0.008224945174011438,0.4329998029693736,0.8147914938019372,10.053687817138732,0.10059858234601157,0.5989490818584045,0.7336321929246987,10.208934934312063,0.018794483671136952,0.38209897392633485,0.8141191215668655,10.445228478498445,0.0182152429717663,0.22932506833999197,0.8871801187267955,10.403879758976089,0.03965535656767763,0.3634365392190554,0.8675872953195036,9.807975518963335,0.09829717299265663,0.47640787667119816,0.7857593479818604,10.596410932105899,0.1114857434199939,0.48091972802293487,0.8226857404398803,10.849016614105377,0.1451267177339446,0.5798199174811499,0.8097158299053059,10.70080030953213,0.18212781045517265,0.7024004223699265,0.711104339941074,10.317770673994692,0.14779289645537552,0.7066549639879004,0.671788496559322,10.272668838578683,0.1538472096237876,0.6115199252993071,0.7157933957426322,10.290667261156521,0.08058904888518546,0.6832096916965965,0.7084708124528651,10.305917595053447,0.04134813154389323,0.5978578136406197,0.7617377546357958,10.289645837527958,0
0.01083624776890341,0.4501670418372214,0.802243083203621,10.71912736201874,0.007565698572194335,0.3637691238282184,0.8003102493157221,10.598649844346495,0.06404006275017958,0.5275509320010163,0.749742727436828,10.704575422414074,0.02336346163436513,0.3169568504503536,0.8052557384331017,10.47674610050338,0.021293180436138086,0.2228351782112106,0.8613851279516436,10.55244858034787,0.047770262959972366,0.456486477824319,0.8061779536311223,10.921964306754733,0.11506848862007686,0.49053529333676515,0.7834072181531369,11.130792405669478,0.10366777184711455,0.5121705588807511,0.784433482363109,11.160592918273789,0.13692316679162542,0.5604281198131443,0.7687898489395093,11.121366295111223,0.12584311473401716,0.6747757112928918,0.7161778744156937,10.748034517135322,0.096492628778821,0.7064230648856846,0.6837178785790701,10.54816710623073,0.11193430191011126,0.579353289030096,0.7158277827797861,10.708006570736764,0.054773686164104385,0.6764250287021011,0.689765736264562,10.494630244180481,0.02535279645373261,0.5755033713274792,0.7749675384211406,10.543684880614988,0
0.0070511814814790625,0.33301437095347153,0.8095435416251562,10.813131018374058,0.00953947494087093,0.3682422958153485,0.8076552774179233,10.884158724965705,0.0344001274242811,0.2926136043947768,0.7960467582609697,11.002792976346342,0.0276869269202831,0.35303996645032537,0.7447568402393746,10.571482634345204,0.02686792861284297,0.24197016990247003,0.8586098682273322,10.86906232173126,0.044472808732856396,0.3880805310554242,0.8148153532804727,11.05647721953559,0.08496887627080314,0.4187377605107768,0.7962421854331186,11.486951963900886,0.10521433481455277,0.4774752759737801,0.803012204624406,11.034702106342737,0.1453977887915752,0.5327870592932499,0.7992220498064184,10.84985697209661,0.10763904226693026,0.5423930406218423,0.7806599217562276,10.729920650550152,0.05468914914721734,0.5295858561869957,0.7761816524395384,10.617945304470377,0.050959213642445565,0.34737568151404236,0.7999195566016252,10.87104267290097,0.02907094494957504,0.4580271929654644,0.7971729550921642,10.696737564863199,0.013742211719261302,0.37208289369931924,0.8396623795965691,10.380283150609799,0
0.005499671739089211,0.2776525284495671,0.8870472534757147,10.371232601618756,0.008979330315829608,0.32430225711316457,0.8503221015969543,10.331492173983492,0.03281607844499961,0.3135994896379435,0.8538554228767224,10.677758931910814,0.01607298315661075,0.2945842856202311,0.8285740826604665,10.398534269580013,0.04446340340050729,0.26276271159576603,0.8598864668668487,10.456464712815604,0.04311079924857108,0.33368259183836185,0.8203832250180835,10.081191828642273,0.09906389736959106,0.44124004252889676,0.7728485612541882,11.34180394855014,0.08335245633162487,0.3584226723637361,0.8459493200773733,10.639767131290323,0.09373385701153898,0.4177818450414617,0.845524202542081,10.440966206388094,0.09498179649134729,0.45031746823289404,0.8215108546607564,10.449140826440399,0.04390406038920334,0.38080305955773536,0.8319653952779779,10.167051239132652,0.03674431084843337,0.30994630685799196,0.8309280330230139,10.44773493892466,0.029339914666090497,0.36025508992395766,0.8513120544146886,10.467088219188941,0.014169972166808372,0.3515359699647801,0.8583267140931727,10.209452324235052,0
0.004782593755500496,0.27737568715116445,0.8634599869558605,9.965776029721143,0.009435481854447574,0.384481334750388,0.8385401121587468,10.024807622141525,0.030121865079600758,0.3001537090109342,0.8511430153257923,10.744474004904493,0.016125571349609007,0.3570594132961503,0.8079368726991071,10.17626975331203,0.057283350769980375,0.3604885517653333,0.8232405734806801,9.817453264939806,0.032335304167304894,0.28430682512170524,0.833451411892054,9.89581003998291,0.0913256847026609,0.5202466611619027,0.7902518694488636,11.30096007165245,0.05906694713212133,0.33863745815038604,0.8653434007674659,10.476885916849467,0.04965478294647005,0.29070639785045116,0.9015269378509195,10.29814677719229,0.0649261929404754,0.4056972187838828,0.8251605430411295,10.15342847657444,0.035412457811371395,0.3414611954204325,0.8124377002621268,10.218747238693128,0.04294163958716732,0.3253144258907838,0.8317921310075487,10.12046208231158,0.026392717557824987,0.3708224654809012,0.8105507527457418,10.36504967171279,0.01261669354861029,0.3362805073638711,0.8397296189986603,9.943895613241182,0
0.004311636110348457,0.24235052125162282,0.8305964023211302,10.09934724076328,0.007319173155303065,0.3572464898634644,0.8365232118373923,10.330999883930987,0.022616863686962755,0.24510442318043554,0.8553126420313938,10.052669477473017,0.011209373090542827,0.23047206599800435,0.7881491355634868,10.397978699518706,0.049703757748103844,0.3748629956555796,0.8551551014736819,9.822892630198684,0.019667523820767325,0.24817536082687486,0.8804655229231364,9.736037353088873,0.033629375097653874,0.34103236686463845,0.8790535240549088,10.809062499660127,0.02865971377864725,0.21435355476470183,0.8919941405889262,10.91890015637691,0.03243542223457301,0.17492617001340144,0.8763405947871461,10.462605300207183,0.038565594983542076,0.2584516630432927,0.8537890795373332,9.886159609984169,0.020990448814803393,0.2268069725390388,0.865080369822615,10.535307103496207,0.032145834519239615,0.2519327077881268,0.8561756266501817,10.128882440563192,0.01518081712180054,0.24384855442113196,0.8315511168476066,10.486475015765413,0.007896963445803389,0.2146127765087641,0.8609135135816913,10.041568755641032,0
0.004564862303461281,0.25374094007378445,0.8655881362428309,10.958088718380122,0.005887969307009043,0.2622895912057487,0.8493299941941206,10.444174837643175,0.01379483251398164,0.17141055506085892,0.8827831327345469,10.308940650411696,0.007998321405809255,0.13642321157411852,0.7894141155267242,10.347968340101499,0.04368154189607672,0.3597563683680997,0.8393084328657566,10.360136076070457,0.03158162775795386,0.3235462077821635,0.8774367481728614,10.498251393971811,0.029471092652581746,0.22780972414631873,0.8667161952979731,10.48167283871667,0.0229514566142255,0.16102615142803955,0.911093562242541,10.376397560736565,0.02719587492898586,0.13854138251853365,0.8782612797425702,9.901064958299694,0.03083393618257234,0.20053424068886586,0.8667971567228534,10.30521072453554,0.024872627404196563,0.2407980407602941,0.8462894249537358,10.764831284033088,0.022277329482125862,0.1953525023030241,0.8787555720817029,10.168494459680593,0.012721617829257126,0.20288375907921985,0.8550796613660145,10.705580200440936,0.007336945574189202,0.1883446394672599,0.8575105951852618,10.841652442902124,0
0.004799589673092299,0.29384096948187793,0.8242042775619114,10.922450828398322,0.005595096490829775,0.24602717571838287,0.8672789537212647,10.390692738121398,0.011709038240531372,0.1847636180955868,0.8443893468320722,11.079147029924965,0.008450382224297733,0.17646811721566724,0.809574252036534,10.568983887885565,0.026624496539638984,0.24833164004835326,0.8777011638635273,10.337090613159418,0.025857763865492496,0.17322783150439097,0.8670255798604146,11.050995453760617,0.03176909880681724,0.2189676913271956,0.8685382612344759,10.593395968324785,0.020696010766926586,0.13094194511342053,0.8642621674243348,10.386979435882592,0.026271619506899345,0.10542902107212723,0.862169255646435,10.389974882040026,0.0406687938353295,0.1890610093555097,0.8598473088297337,10.525824301582604,0.03984365830916302,0.30921866399118725,0.8755305883516992,10.422176515481725,0.04203243772239941,0.2488578957136218,0.8590314776656084,10.28072824518185,0.016729184764139156,0.2474402280150959,0.8551325009485378,10.012530262626582,0.007805516799031699,0.1978131053372705,0.8635986160012847,10.719912135418959,0
0.0037506210954767714,0.25870884140877415,0.8410064649126027,9.80565593239292,0.0034115054966738175,0.20398646491547529,0.8299410865321818,9.357713683257817,0.007840525892394982,0.12244239493407076,0.8549556194905557,9.947875209407378,0.004521470231960151,0.10680383944273492,0.7792838607421569,9.26401978747391,0.021129091012888738,0.19267011159239616,0.836187737149788,9.156142801917118,0.01996904410680056,0.14310545558142376,0.8776868155108897,10.468264291519741,0.03931680240955491,0.3247407499771587,0.8564974141297684,10.487443087854807,0.01881351176930759,0.15149460671894088,0.8618969209311255,11.418338331136864,0.018318265644046615,0.11124266555057588,0.8685576527476673,10.485125704833658,0.040027004911002674,0.28509740602746264,0.8697402082440819,10.193725715334402,0.03092401471314005,0.34100676797497925,0.8699931569384189,9.9814714443655,0.03650673789719371,0.24492478013461752,0.8555184951557244,10.133685301064608,0.01798950119414609,0.39331082060014755,0.814321707137383,9.460118515679133,0.00882416024243754,0.2893400475760077,0.8742395535546034,9.515326750856705,0
0.0027775243219569984,0.18759455339517608,0.8661379206259769,9.675574535098105,0.0031435016782035592,0.17112787852684633,0.7700762079878098,8.898549079442136,0.012255550370086394,0.20320979345245943,0.8776693028982451,10.011339817112132,0.006031248425842757,0.13523731896437569,0.8006828728318666,9.447702472157472,0.026010495462734286,0.22010979791047977,0.7852155530736143,9.072938377118174,0.026418448229806192,0.20154926034868445,0.8742531765255771,9.746678915147116,0.026788717692247895,0.2726346618190831,0.8812035714699579,10.838946065410955,0.024740423553973177,0.2003682241705702,0.8721788018762421,10.842792994815555,0.01925463430863163,0.15054707062944714,0.8942469069104331,10.19217643973957,0.02138541801453417,0.18314932160978514,0.906646889678357,9.52610913764959,0.012248386412107503,0.16870750057786865,0.8549702922010466,9.245482081707317,0.0163987733261329,0.16886723819415136,0.8408298233290542,9.741352878972576,0.010226171048783702,0.22758938707155574,0.7917221799346337,9.06872494020182,0.004945670451933542,0.18133313559732023,0.8592954756204169,9.154548309146229,0
0.004463300768273794,0.29453169680906544,0.8787098180024064,10.66173747937358,0.0038208514778711906,0.19339463336510954,0.8651015210950481,10.311170816125964,0.023985254592745486,0.341852799066557,0.8651158043071362,10.00850568120087,0.012613627625870564,0.2688375192058386,0.8565042209838561,10.400117734186372,0.029218921156226627,0.26067625922750615,0.8906749810436073,10.895029084278491,0.03484708584008464,0.2902689804444099,0.8917446239479114,10.9335769433576,0.02259435032606407,0.2545373699104692,0.8643605588962998,11.154053405347998,0.024209592094582847,0.23838337346094216,0.8729148282231739,11.113860107191096,0.024237807006891515,0.24211399719889246,0.891944927553762,11.161044524035345,0.028255229819719358,0.26825427126005097,0.8608822902337298,10.905054463072755,0.016555253061956206,0.2519677811063439,0.8418173415735356,10.279155853060738,0.023351283130408258,0.2362899858719817,0.8364224301669487,10.204444998748723,0.010518607489550405,0.23329505971534403,0.7902183705838961,9.771199702233913,0.005448263720494269,0.2311048861500503,0.876499882289255,9.809853319473707,0
0.00524960387311596,0.22930333919396215,0.8825599371055898,10.692194192510227,0.004870545862965603,0.17345270887601102,0.8541665214039528,11.201053624719776,0.023117917487322868,0.24104308532524282,0.855391442289916,10.064911263840047,0.020071314637256796,0.29450852406103306,0.8135139157377903,10.92402639415288,0.025628558088304037,0.1636126081993408,0.8454733031026802,10.994181644753418,0.02225079556746388,0.1774233096824422,0.8808032245246362,10.938403862376346,0.03812952627254881,0.29253952758431007,0.8936045114011257,10.559995436908293,0.031155440645781924,0.2537375494506518,0.8843713498489083,10.89196838056676,0.03883547253009412,0.26651653489203003,0.920155603178425,11.097586682353553,0.03817829163891803,0.2796863302517931,0.8490187767404043,11.184929429456856,0.018038480504182837,0.23268974321495436,0.8653811562264921,11.016195273584167,0.021203030103594176,0.16005947100109696,0.8505463381752112,10.520565809082647,0.015107363921243903,0.25717236933868687,0.8651522326377239,10.356650301098346,0.005232624294569565,0.16706100117180558,0.9115798876793088,10.06261295212529,0
0.003432414788786502,0.172745391944023,0.8332978344326994,11.105487405176575,0.007087174271486025,0.2330659098713289,0.8232301711154284,10.646847699811033,0.013905838401645039,0.11997483511016238,0.7769652963773307,10.611732581243535,0.012741528612433281,0.16120679945007743,0.7393328569657373,10.949360346052288,0.031639941380188275,0.2729283925784661,0.8582391108033044,10.49770744559399,0.05549971558486821,0.3381900214659622,0.8226621195218508,10.104774665705449,0.11591535859008456,0.5701882879190042,0.8198042035283877,10.516362196551379,0.10528754439477389,0.32276102462115275,0.8301871137445388,11.730518685465702,0.09333875564815909,0.2780004613930519,0.849537999218566,11.843002077166073,0.0459330362133732,0.3096548511058233,0.8691378124899762,11.307667476440265,0.028950926432084412,0.3160623195991363,0.8383966438601407,11.33562225636229,0.014923710649257911,0.10704631921845384,0.8300492869036821,11.574675850579803,0.021314904640793914,0.29982783867481216,0.8536246363712758,11.037171841879035,0.0058252202781098085,0.17294838997057815,0.8805227574396144,11.374933639852777,1
0.0036894126784734024,0.22142321481864582,0.8342435873295095,11.311201023360402,0.010751103506802672,0.328436379758958,0.8124606871582255,10.405619160331407,0.012790992020643745,0.09553335450506073,0.7869781454210932,10.486004887433829,0.01230780280439231,0.16852829984247464,0.7936811163529317,11.019813620787277,0.05267797262247464,0.3664147224711582,0.8417332561201037,10.907544211058436,0.07959516893039119,0.38429764109439507,0.8131440838027674,10.16622480344002,0.100601750446099,0.5468466828792303,0.7996841261221059,10.949466837627144,0.15307396505965243,0.3871589917254904,0.7872639143733737,12.067221943339002,0.18213293603151415,0.39003733481404473,0.798890765618848,12.106116923496991,0.10432038821571994,0.45387704787322136,0.79294811483229,11.712914491454832,0.043370669953656085,0.3617459273656702,0.8181047671687569,11.55959769835648,0.01713573618814521,0.12659410549348368,0.8487294325320213,11.172815282940611,0.02596075996624784,0.3318853847706103,0.8186600072654047,11.523283072496522,0.007498304260053351,0.20831028038316493,0.8656011483325714,11.320785031251445,0
0.003253981612513528,0.2127098478640529,0.8647934977995945,11.103406756132928,0.010874283195998792,0.22220356459248244,0.7738823050146181,10.879808675672724,0.01740271143558708,0.17766181228081424,0.8141781535509097,10.289737260790249,0.014067050592301667,0.19285864282740975,0.7895609479641006,10.07065359651227,0.042059514225412875,0.2634180882460353,0.8113675812582831,11.045164399697876,0.06419558485852575,0.29960599518962927,0.8175422218666801,10.73573352545276,0.05979642728098273,0.3730123191454295,0.8131754325368294,10.252282863049128,0.08009568084832949,0.3496740078176449,0.7698249195875303,11.966458286378458,0.1084097685185199,0.3386602282642278,0.8217480618003074,11.72980314698389,0.08138427568253062,0.3628370324897551,0.7890952932409538,11.510125772919693,0.0546425578650207,0.38667855278467106,0.8025931253857354,11.395025390136468,0.02136478578318945,0.20923381271759098,0.8607276331696074,10.760013887699618,0.02806936565345712,0.3280262272549972,0.8048109961363255,11.405609422579674,0.00832442110095703,0.24779640507304074,0.8377787894905838,10.929204905562273,0
0.004142581251731247,0.1633029493158583,0.7921913909089091,10.25936864095232,0.006646751167203507,0.12151880790014828,0.717409383044867,10.647984068301515,0.02212579405682094,0.2038842615902814,0.7678687307043021,9.820862431270248,0.012063173591241287,0.1605847087348195,0.7695386391127377,10.407795997681283,0.037349086888606456,0.1886714826137419,0.8201320522552581,10.785330238060835,0.04411897982738589,0.2575761819474258,0.8111974135805693,10.247828848303469,0.08553432210609188,0.3784670728766439,0.793613735068367,9.864588189717294,0.1160156852582458,0.49630845168809035,0.8109100076062156,11.249990249916655,0.12752887954325076,0.4097151566005046,0.8454773339917494,11.063922977277834,0.08783667419564312,0.4037598140457071,0.8358914650092022,10.83559858035193,0.04930299713282489,0.44750883601202046,0.8184726393147751,10.56390382398075,0.041183366312081734,0.3061361071125988,0.8624538439504934,10.341784289701886,0.02557351622735775,0.341842230228604,0.8301543004368931,10.364312413799858,0.010443396525909874,0.3115098749865365,0.8372261891334205,10.017509635159216,0
0.01018883687913016,0.2991020289499471,0.718029316094484,10.300162850872741,0.007114016514062605,0.21192330418086117,0.8157360590596753,10.342088447290333,0.03107199673583781,0.25123196681138243,0.6442230831246158,10.07645082225363,0.01941491164073036,0.257303431712162,0.771607812542564,10.059381453309818,0.05640130651640512,0.31421208548645607,0.8073605308340526,10.284006826424644,0.0498999989120114,0.42916807648096184,0.8051333196067167,9.680554405647129,0.05611801825110869,0.3338883098792155,0.8460340763287952,9.906420684410321,0.11115027636564534,0.4968384912348534,0.8172233932091273,10.495627962775034,0.1299176356895058,0.45434436847875775,0.8349853013409997,10.736592108109443,0.12342375442042523,0.5080955218255241,0.7835192011259442,10.47862462864048,0.07865027728935968,0.5764070099400973,0.7689491073358358,10.28771839778242,0.059502668732702095,0.32838650024068483,0.7852795969327422,10.267809638057647,0.03731291097527142,0.49624543057516646,0.8060919771333841,10.263666794066367,0.020669288755125102,0.45187028243763416,0.8284025222033736,10.374651462329808,0
0.005892066260395959,0.30915168611815663,0.7583865049157668,10.26205429492414,0.004328962652244812,0.28752780516516235,0.8613779673997233,9.927073791870992,0.020300982179799,0.20544594541521424,0.7034623092571838,9.906225146989653,0.011245735842031042,0.22089829625159166,0.8547317545860008,10.085423643531657,0.029893582540387462,0.33704355917085455,0.8440170391233697,9.415988861246825,0.038032910030909965,0.3470812628972832,0.8790935649988056,9.73954120417994,0.05231672031606116,0.3768023025441724,0.8527037355665161,9.68537712606635,0.050749804613768316,0.32459152910356887,0.9010782157767144,10.140754765303736,0.052413436555191886,0.29693328616925,0.8884180468156145,10.85534477644761,0.05672275809502547,0.38672194258027864,0.8226750929235023,10.794801344708972,0.04428167765815754,0.469110404491137,0.8161652887321553,10.644659372013987,0.03663513783167001,0.28757869248978674,0.8183254211110115,10.320108310771714,0.0210244493624294,0.42370189591736185,0.8145517900961348,10.6853129644745,0.012857878674808514,0.43491032550449005,0.8333258102225914,10.660564690572537,0
0.006727647331215459,0.44161337200281825,0.8329942656265925,9.934369494381246,0.005607518428302179,0.28559908959036784,0.8787529900476148,9.22484978178055,0.04529506249912416,0.4246541161135955,0.743069472517403,9.183649356429285,0.0135510508806758,0.21535264350174932,0.8354917732036028,9.391156216106978,0.016952818047415028,0.1985828739355205,0.8740823542465995,9.126054126786492,0.02585413114015233,0.2190615512805171,0.8710712457328114,10.366162791907467,0.04308002445279166,0.3587181047560067,0.8751171007257807,10.665588264566024,0.019932836206772133,0.17906083874582446,0.8962066031294814,10.358181558390898,0.03160520237803685,0.21963572897790026,0.9167369674126102,10.327005654219276,0.03421734687934031,0.32651216528496124,0.887739160282862,10.327952621864915,0.03842040059781781,0.4396692555906111,0.8524830250085825,10.795050857693482,0.04815351647304346,0.37247056786275184,0.8412678516595375,9.88337645426091,0.021769179945757874,0.40870429281319814,0.8565798308599525,10.683475502127642,0.013428883789384451,0.4494014513301036,0.8514642407015831,10.533009864146255,0
0.007943387907849445,0.4282656859022871,0.8017813746215416,9.572253421684792,0.006649976143084158,0.2929419398971441,0.8441529064898966,9.165850466643215,0.046615162431523124,0.36545732635597644,0.765495362945842,9.021823229956214,0.011851742318170875,0.2032982211741468,0.7960925125912282,9.104221961591586,0.030011458276921362,0.23921009818019565,0.8392394417215232,9.61827120251657,0.0344072747866263,0.27858635504175855,0.889485926574194,10.97274375479022,0.037016969904290986,0.3214813834416652,0.8610775487997657,10.931881391687286,0.03013685463865065,0.2642948298979105,0.8981168657641578,10.919556208036619,0.03912728958544645,0.24597590972624125,0.9055580845717872,11.036244659960765,0.03529679374741293,0.32025586368863723,0.8809290963954727,10.146357361147977,0.03423270905130821,0.40359231896918124,0.8340266357413233,10.289659168732479,0.05293418505984915,0.3845257592591896,0.7591154764854018,9.256059243624602,0.01904636000478712,0.33199439674536774,0.8487011334702318,10.358178913169846,0.014585198120755951,0.3932522580798444,0.8267770774932561,9.851493819575968,0
0.0052415696461219725,0.26006859042668323,0.8588107699849095,10.816993952970172,0.004835124904982552,0.21730571313003968,0.8546995153929865,10.607807685629504,0.020590433421374767,0.19509583820861093,0.8282423014463512,10.38248540226406,0.008844777796400027,0.14635478106374458,0.8125691910885194,10.980853566282702,0.02417080295426259,0.2207236512934017,0.8884439776426879,10.609646555244236,0.022960084795761976,0.22292112928746155,0.8755126531320188,11.362818563606135,0.07415785234416994,0.507268652406329,0.7900712301866827,11.238948452214817,0.06858121442404483,0.45334110830073765,0.8353619836020351,11.222470999103425,0.0762759762698599,0.3907064438942378,0.8526318594266031,11.545280742093395,0.043326289735578824,0.3192717480348969,0.8609412730503195,11.057166564668794,0.031009198998750244,0.35453020756324477,0.8202756375536483,10.945716556241432,0.04517049581637206,0.3789446450706728,0.833861769947351,10.81196902718016,0.01351589280323083,0.2237288150173674,0.8380746472784519,10.974785982446011,0.008616253729752018,0.24548485309896148,0.8616832903427258,10.563615108710707,0
0.0051888440223149795,0.2335816308890707,0.8578138985036153,11.565051420321485,0.004950611328492812,0.20414740958767508,0.8905916728707006,11.431569013079377,0.02917159119267263,0.2355207791492721,0.8733262749253596,10.828748309292363,0.01298885771871406,0.22734854121435702,0.811053001123804,11.374821763745773,0.02579250751788712,0.20194631313713238,0.8806892981404023,11.492933354833278,0.017740335480678365,0.2412678277160062,0.9014567866576239,11.101165997237201,0.08157405026829846,0.5074394776908406,0.822897577910852,11.054752769299231,0.056793589424177025,0.3326881306652356,0.8574934762849432,11.196116400571793,0.06510686630748787,0.28164077981408464,0.8595418851279463,11.357839117165863,0.038210741130099625,0.2271864165015816,0.8492609672837153,11.259141260125926,0.025667734932137077,0.2637095570995415,0.8543843024684704,11.216142950607486,0.031051722117911414,0.18903770479962098,0.8526801216626887,11.481537788189529,0.012645237670777831,0.17573353943644154,0.8737339228013035,11.183042457206282,0.007152541325171565,0.17996998227351607,0.8712334620966785,10.833723378225923,0
